date,open,high,low,close,volume,parkinson_vol,returns,realized_vol,beta,gamma,cs_spread,parkinson_norm,realized_norm,cs_norm,regime,fear_greed_value,is_extreme,sentiment_uncertainty,total_uncertainty,vol_uncertainty,volatility
2024-01-01,2282.870361328125,2352.327880859375,2267.01806640625,2352.327880859375,6906765990,0.022184781729381504,,,0.0013645698541447432,,,-0.4870937811578019,,,greed,65.0,0,0.0,,0.011092390864690752,0.011092390864690752
2024-01-02,2352.593505859375,2431.21240234375,2348.892333984375,2355.83642578125,12910543630,0.020687047837726954,0.0014904091458289848,,0.0011865402905293296,0.004889466905981756,0.0,-0.5636073265177723,,-0.1448678288176486,greed,71.0,0,0.0,,0.010343523918863477,0.010343523918863477
2024-01-03,2355.9814453125,2385.11767578125,2113.92529296875,2210.761962890625,19332933581,0.07248888770439557,-0.06355859889814774,,0.014568952388947435,0.019556209048927912,0.0,2.0827522480724374,,-0.1448678288176486,greed,70.0,0,0.0,,0.036244443852197786,0.036244443852197786
2024-01-04,2210.529052734375,2294.608154296875,2204.86572265625,2269.0380859375,11044564896,0.02395967738442814,0.026018755301935443,,0.0015916493065981504,0.014568952388947435,0.0,-0.3964210922587059,,-0.1448678288176486,greed,68.0,0,0.0,,0.01197983869221407,0.01197983869221407
2024-01-05,2269.409423828125,2276.7646484375,2209.537109375,2268.647216796875,10860953290,0.018000248961444223,-0.00017227688370381207,,0.0008983435958144702,0.0015916493065981504,0.0,-0.7008656932003047,,-0.1448678288176486,greed,72.0,0,0.0,,0.009000124480722111,0.009000124480722111
2024-01-06,2269.5400390625,2271.359375,2219.781982421875,2241.624755859375,5970741680,0.01379459714543125,-0.011982773739482165,0.5263646969092054,0.0005275984321329228,0.0008983435958144702,0.0,-0.9157164973289802,0.06711965234099035,-0.1448678288176486,greed,70.0,0,0.0,1.0,0.27007964702731835,0.27007964702731835
2024-01-07,2242.0126953125,2257.1279296875,2211.5625,2222.865966796875,6490053615,0.01224778408819636,-0.008403601048354675,0.5177998959815834,0.00041591108534938466,0.0007117805974503718,0.0,-0.9947373111581929,0.036102008688859266,-0.1448678288176486,greed,71.0,0,0.0,1.0,0.2650238400348899,0.2650238400348899
2024-01-08,2222.857666015625,2358.815673828125,2171.99365234375,2333.03271484375,13830287095,0.04955481554835801,0.04837167626578345,0.40870766756386534,0.006808589963735199,0.006808589963735199,0.0,0.9111374639125358,-0.35897826169603103,-0.1448678288176486,greed,71.0,0,0.0,1.0,0.22913124155611167,0.22913124155611167
2024-01-09,2332.8681640625,2369.6416015625,2243.21923828125,2344.8271484375,14891130716,0.03292680499245702,0.005042672902309552,0.3858832386516945,0.0030059699556276107,0.007585232657240649,0.0,0.06167545533802202,-0.4416375095342263,-0.1448678288176486,extreme_greed,76.0,1,0.5,1.0,0.20940502182207577,0.20940502182207577
2024-01-10,2344.923583984375,2626.976806640625,2341.943115234375,2582.103515625,29042100476,0.06897607939167663,0.09639269438375238,0.7326848375453479,0.01319114405582282,0.02493925945793082,0.0,1.9032961913765563,0.8143132712691828,-0.1448678288176486,greed,73.0,0,0.0,1.0,0.40083045846851223,0.40083045846851223
2024-01-11,2584.171630859375,2687.779052734375,2567.99365234375,2619.619140625,22575246883,0.02737977006681459,0.01442455815505959,0.6678157722675787,0.002078476150995054,0.018970722446146275,0.0,-0.221701525553838,0.5793883071239485,-0.1448678288176486,extreme_greed,76.0,1,0.5,1.0,0.34759777116719665,0.34759777116719665
2024-01-12,2619.177001953125,2710.421875,2460.925537109375,2524.460205078125,23623839263,0.05799426315717796,-0.0370016813266483,0.7935865155902008,0.009325143467801986,0.009325143467801986,2.220446049250313e-16,1.342276841226885,1.0348702419887048,6.15262190625543,greed,71.0,0,0.0,1.0,0.42579038937368935,0.42579038937368935
2024-01-13,2522.933837890625,2589.079833984375,2498.594482421875,2576.597900390625,12250316867,0.021364466012124574,0.020442625792997573,0.7670829608886371,0.001265521527548817,0.009325143467801986,0.0,-0.5290006006479436,0.9388869468491048,-0.1448678288176486,greed,64.0,0,0.0,1.0,0.3942237134503809,0.3942237134503809
2024-01-14,2578.003662109375,2578.332275390625,2470.42431640625,2472.2412109375,9405587417,0.025675709772521392,-0.04134477342382033,0.8851397326552883,0.0018278071349480402,0.0022007931859765817,0.0,-0.3087555044682712,1.36643253819721,-0.1448678288176486,greed,60.0,0,0.0,1.0,0.4554077212139049,0.4554077212139049
2024-01-15,2471.6669921875,2550.76904296875,2470.82080078125,2511.36376953125,9700630000,0.01912456871136922,0.015700827990378897,0.489070836484913,0.0010140719085594537,0.0018278071349480402,0.0,-0.643428460415271,-0.06794100847628182,-0.1448678288176486,neutral,52.0,0,0.0,1.0,0.25409770259814113,0.25409770259814113
2024-01-16,2510.627197265625,2613.56689453125,2500.00390625,2587.691162109375,11063317095,0.026679102871909843,0.029940094873086853,0.538872624590845,0.0019734580347940058,0.0031545646440483935,0.0,-0.25749595572485057,0.11241742947956991,-0.1448678288176486,greed,64.0,0,0.0,1.0,0.2827758637313774,0.2827758637313774
2024-01-17,2587.044677734375,2592.737060546875,2508.432861328125,2528.369384765625,10441017520,0.01985208975416543,-0.023191451936679628,0.48977301945587337,0.0010926923748614237,0.0019734580347940058,0.0,-0.6062621689809311,-0.06539803504865653,-0.1448678288176486,greed,60.0,0,0.0,1.0,0.2548125546050194,0.2548125546050194
2024-01-18,2528.59326171875,2546.263916015625,2426.135498046875,2467.018798828125,11900028080,0.02902361705828423,-0.02456412536699194,0.4772798825855964,0.0023355465244460074,0.0044108773666942805,0.0,-0.13772361596155552,-0.11064224688898255,-0.1448678288176486,greed,63.0,0,0.0,1.0,0.25315174982194033,0.25315174982194033
2024-01-19,2468.68896484375,2501.30517578125,2414.7109375,2489.49853515625,11405278376,0.021159621338702916,0.009070841056131802,0.38532628779262523,0.0012413699708052192,0.002814044525734504,0.0,-0.5394653382751879,-0.4436545211874271,-0.1448678288176486,neutral,51.0,0,0.0,1.0,0.20324295456566407,0.20324295456566407
2024-01-20,2489.84765625,2489.84765625,2456.095703125,2469.589111328125,5297826161,0.008196789494009125,-0.008029513578219509,0.3661585032501516,0.00018628291109311275,0.0012413699708052192,0.0,-1.2016872642589609,-0.5130711387554837,-0.1448678288176486,neutral,52.0,0,0.0,1.0,0.18717764637208037,0.18717764637208037
2024-01-21,2469.798583984375,2479.760498046875,2452.377685546875,2453.9130859375,4578471955,0.006668598166471112,-0.006367856754760762,0.21953367336723142,0.00012329757917088318,0.00022993138463329324,0.0,-1.279756764528547,-1.0440766766886906,-0.1448678288176486,greed,56.0,0,0.0,1.0,0.11310113576685127,0.11310113576685127
2024-01-22,2454.9873046875,2463.447265625,2303.502685546875,2310.826416015625,13923771728,0.04031616925981471,-0.060078711952873384,0.41859163960671103,0.004506547697798947,0.005436276714117998,0.0,0.4391700564832451,-0.3231832064129733,-0.1448678288176486,neutral,55.0,0,0.0,1.0,0.22945390443326286,0.22945390443326286
2024-01-23,2310.95166015625,2348.03125,2167.282470703125,2240.68603515625,16182147521,0.04810684182399054,-0.03082313173331791,0.42705376508270887,0.006416513995507835,0.016406441315623813,0.0,0.8371659768167566,-0.29253740451142274,-0.1448678288176486,neutral,50.0,0,0.0,1.0,0.2375803034533497,0.2375803034533497
2024-01-24,2241.749755859375,2261.384521484375,2197.65673828125,2233.561767578125,10134722960,0.017167385594247925,-0.003184568183573405,0.38238580994586807,0.0008171349309137167,0.006416513995507835,0.0,-0.7434135245471897,-0.45430353624200376,-0.1448678288176486,neutral,48.0,0,0.0,1.0,0.199776597770058,0.199776597770058
2024-01-25,2233.969970703125,2240.380859375,2173.6865234375,2217.710205078125,9302247037,0.018149736164227173,-0.007122292057593543,0.3844771654286898,0.0009133265548014283,0.001564412990898511,0.0,-0.6932289588414173,-0.446729639351197,-0.1448678288176486,neutral,52.0,0,0.0,1.0,0.2013134507964585,0.2013134507964585
2024-01-26,2217.44189453125,2280.3837890625,2196.14013671875,2267.19970703125,9975117607,0.02260657780656502,0.022070236302984544,0.4928070571644015,0.0014169518730982077,0.0022962470917185416,0.0,-0.46554581895699576,-0.05441019058320644,-0.1448678288176486,neutral,49.0,0,0.0,1.0,0.25770681748548324,0.25770681748548324
2024-01-27,2267.3193359375,2282.54443359375,2252.38525390625,2267.885986328125,5144367230,0.007988084295817889,0.0003026532897133695,0.2999142753574079,0.00017691747433407428,0.001489146749108425,0.0,-1.2123492214581975,-0.7529762891672138,-0.1448678288176486,neutral,55.0,0,0.0,1.0,0.15395117982661288,0.15395117982661288
2024-01-28,2268.19287109375,2306.898681640625,2242.683837890625,2257.208740234375,7296214994,0.01695430513982485,-0.004719134760411953,0.18775092401325114,0.0007969763661131616,0.0007969763661131616,0.0,-0.754298996997047,-1.1591787090742198,-0.1448678288176486,neutral,54.0,0,0.0,1.0,0.10235261457653799,0.10235261457653799
2024-01-29,2256.995361328125,2320.02734375,2237.711669921875,2317.064208984375,8948195551,0.02169539598296872,0.02617197792421556,0.24793320019553844,0.0013050303592026884,0.0013050303592026884,0.0,-0.5120946432704382,-0.9412270704347203,-0.1448678288176486,neutral,55.0,0,0.0,1.0,0.13481429808925358,0.13481429808925358
2024-01-30,2317.435791015625,2388.87060546875,2298.281982421875,2344.49365234375,10173440062,0.023216990255855618,0.01176849488962161,0.21220592898695742,0.0014945047186364618,0.00427283638328014,0.0,-0.4343621615080133,-1.0706142886988217,-0.1448678288176486,greed,61.0,0,0.0,1.0,0.11771145962140651,0.11771145962140651
2024-01-31,2343.558837890625,2349.611328125,2264.443603515625,2282.54443359375,10807883277,0.02217322599563753,-0.02677865170655261,0.31287563645332683,0.0013631486547584402,0.002861353960888424,0.0,-0.48768411977730836,-0.7060363914256056,-0.1448678288176486,greed,60.0,0,0.0,1.0,0.16752443122448218,0.16752443122448218
2024-02-01,2282.17529296875,2309.842529296875,2243.57177734375,2303.82470703125,8895583113,0.017482464990909562,0.009279857551232404,0.3174417760177789,0.0008474045407962325,0.002132664700081848,0.0,-0.7273173129018551,-0.689500001254609,-0.1448678288176486,greed,63.0,0,0.0,1.0,0.16746212050434423,0.16746212050434423
2024-02-02,2303.7060546875,2323.053466796875,2282.230224609375,2308.0380859375,7186143091,0.01064755152219895,0.0018271922941494475,0.3105525994523332,0.0003143293633227556,0.001211967973870916,0.0,-1.0764871251319459,-0.7144493288069232,-0.1448678288176486,greed,63.0,0,0.0,1.0,0.16060007548726607,0.16060007548726607
2024-02-03,2307.980224609375,2327.346923828125,2293.5380859375,2296.038330078125,4647754021,0.00878820341913096,-0.005212677612854426,0.24536265934457946,0.000214134012101229,0.00038321296169978303,0.0,-1.17147416937043,-0.9505363492821889,-0.1448678288176486,greed,60.0,0,0.0,1.0,0.1270754313818552,0.1270754313818552
2024-02-04,2296.116943359375,2309.01123046875,2272.304931640625,2289.546142578125,5438100035,0.009623806776714957,-0.002831565693074856,0.2143429059827891,0.00025679067093340905,0.0005728485522658963,0.0,-1.1287863623042378,-1.0628751723422771,-0.1448678288176486,greed,60.0,0,0.0,1.0,0.11198335637975203,0.11198335637975203
2024-02-05,2289.20556640625,2334.6767578125,2270.06787109375,2298.888916015625,7277068110,0.01685398018962651,0.0040723193113711,0.0908619515860365,0.000787572259366171,0.000787572259366171,0.0,-0.7594242182866965,-1.5100645785725195,-0.1448678288176486,greed,60.0,0,0.0,1.0,0.0538579658878315,0.0538579658878315
2024-02-06,2298.955078125,2389.826171875,2296.78857421875,2372.201904296875,9520885493,0.023847538751830023,0.03139267114716761,0.23405124793831028,0.0015767853590724441,0.002643080809362916,0.0,-0.4021498297865872,-0.9915009124013134,-0.1448678288176486,greed,64.0,0,0.0,1.0,0.12894939334507016,0.12894939334507016
2024-02-07,2372.2626953125,2442.63623046875,2353.7060546875,2423.7451171875,9660628536,0.022272861996168247,0.021495315634996227,0.25359069367804477,0.0013754268710722947,0.003790372753977034,0.0,-0.48259409431379197,-0.9207383143868483,-0.1448678288176486,greed,62.0,0,0.0,1.0,0.1379317778371065,0.1379317778371065
2024-02-08,2424.080078125,2459.556640625,2414.74951171875,2419.906494140625,9941841732,0.011041645915650287,-0.0015850123660973584,0.24107486988023652,0.0003380283180330972,0.0019351179742369503,0.0,-1.0563543369127126,-0.9660646875102763,-0.1448678288176486,greed,66.0,0,0.0,1.0,0.1260582578979434,0.1260582578979434
2024-02-09,2419.773681640625,2522.724609375,2419.36279296875,2487.515625,13634203177,0.025124667068940156,0.027555570800685655,0.2314697408411634,0.001750193568104653,0.0019135333174018336,0.0,-0.3369061867294351,-1.000849905787314,-0.1448678288176486,greed,72.0,0,0.0,1.0,0.1282972039550518,0.1282972039550518
2024-02-10,2487.650390625,2516.7197265625,2475.857666015625,2501.228271484375,6474444159,0.009830880663935723,0.005497448377436639,0.22678963170253502,0.00026796020472627,0.001750193568104653,0.0,-1.118207742596815,-1.0177990396599867,-0.1448678288176486,greed,74.0,0,0.0,1.0,0.11831025618323537,0.11831025618323537
2024-02-11,2501.1298828125,2537.67919921875,2495.21435546875,2507.570556640625,7347245813,0.010134664141788916,0.00253245888425133,0.2015108049793668,0.0002847765171593661,0.0006082682323032457,0.0,-1.1026885966111069,-1.109346951382542,-0.1448678288176486,greed,71.0,0,0.0,1.0,0.10582273456057786,0.10582273456057786
2024-02-12,2507.578857421875,2663.8427734375,2473.81201171875,2658.115966796875,13022696866,0.044447202287862635,0.05830320998391219,0.39636452915669973,0.005477398161709573,0.005477398161709573,2.220446049250313e-16,0.6502088696771607,-0.40367925030017526,6.15262190625543,greed,70.0,0,0.0,1.0,0.22040586572228119,0.22040586572228119
2024-02-13,2659.586181640625,2686.455078125,2599.16943359375,2642.185302734375,18271237044,0.019836875498031425,-0.006011247747516866,0.41142664155596365,0.0010910181802023266,0.006800018418009708,0.0,-0.6070394076368191,-0.34913142846557865,-0.1448678288176486,extreme_greed,79.0,1,0.5,1.0,0.21563175852699754,0.21563175852699754
2024-02-14,2641.685302734375,2786.8935546875,2621.025390625,2777.90234375,21448973822,0.03685160214290943,0.050089749340529226,0.47244150002241636,0.0037652879978362893,0.0048630551466041635,0.0,0.2621784595586722,-0.12816457198043926,-0.1448678288176486,greed,74.0,0,0.0,1.0,0.2546465510826629,0.2546465510826629
2024-02-15,2777.601318359375,2865.845458984375,2764.010498046875,2824.37890625,23734481937,0.02172872580173347,0.016592393955267293,0.45411458511643416,0.0013090431770694793,0.007974096027616484,0.0,-0.5103919492110288,-0.1945359588463469,-0.1448678288176486,greed,72.0,0,0.0,1.0,0.2379216554590838,0.2379216554590838
2024-02-16,2825.480712890625,2858.450439453125,2760.3310546875,2803.69140625,17057114638,0.02097703457593229,-0.0073515759483139004,0.4881132238651174,0.0012200387944183027,0.001407209103651443,0.0,-0.548793003645668,-0.07140902685156127,-0.1448678288176486,greed,72.0,0,0.0,1.0,0.25454512922052486,0.25454512922052486
2024-02-17,2803.73583984375,2805.128662109375,2724.386962890625,2786.672607421875,17932379943,0.017539973544313796,-0.006088638007300581,0.39410646669213906,0.0008529887833971034,0.0023074802146184703,0.0,-0.7243794189715654,-0.4118568807508858,-0.1448678288176486,extreme_greed,76.0,1,0.5,1.0,0.20582322011822643,0.20582322011822643
2024-02-18,2786.709716796875,2892.843505859375,2767.9130859375,2878.998046875,23355830478,0.02651255076674475,0.032594062949665735,0.3940122832813656,0.0019488951669954964,0.0035995794605936716,0.0,-0.26600447123909193,-0.41219796836027683,-0.1448678288176486,greed,72.0,0,0.0,1.0,0.21026241702405518,0.21026241702405518
2024-02-19,2881.296875,2983.37060546875,2860.263671875,2943.57470703125,15163110589,0.025307603179141037,0.02218239627841091,0.2805918523691059,0.0017757731482274178,0.005619016490128987,0.0,-0.32756067452341225,-0.8229529337864718,-0.1448678288176486,greed,75.0,0,0.0,1.0,0.15294972777412347,0.15294972777412347
2024-02-20,2944.1064453125,3031.5244140625,2879.9033203125,3013.503662109375,20341598470,0.030814120191423135,0.02347867967053285,0.29234559434561846,0.002632600726447079,0.003381630262812656,0.0,-0.04625360018775803,-0.7803864592954197,-0.1448678288176486,greed,72.0,0,0.0,1.0,0.1615798572685208,0.1615798572685208
2024-02-21,3015.6533203125,3017.1904296875,2875.41845703125,2970.35546875,18897136867,0.02890372745473373,-0.014421777074224512,0.3257030254873215,0.0023162912108237476,0.0027949605053371462,0.0,-0.14384832120496588,-0.6595816769020575,-0.1448678288176486,extreme_greed,78.0,1,0.5,1.0,0.17730337647102762,0.17730337647102762
2024-02-22,2969.599853515625,3030.666015625,2907.109375,2971.00732421875,18058908246,0.024997253260277786,0.0002194296137367094,0.3067072238969325,0.0017324871933390412,0.0027650968880440895,0.0,-0.34341527508144215,-0.7283754538498729,-0.1448678288176486,greed,74.0,0,0.0,1.0,0.16585223857860515,0.16585223857860515
2024-02-23,2970.1396484375,2991.32958984375,2906.583740234375,2921.658203125,12822717059,0.017259857758682443,-0.01674972883315023,0.30624075414421015,0.0008259616382028681,0.001747573027628768,0.0,-0.7386894723057205,-0.7300647858830059,-0.1448678288176486,extreme_greed,76.0,1,0.5,1.0,0.1617503059514463,0.1617503059514463
2024-02-24,2921.962890625,3003.195068359375,2907.70068359375,2992.385986328125,10701688842,0.019406606201086928,0.023919725036211665,0.31328478225764667,0.001044202284114046,0.001069180497713071,0.0,-0.629020234506135,-0.7045546595246073,-0.1448678288176486,greed,72.0,0,0.0,1.0,0.1663456942293668,0.1663456942293668
2024-02-25,2992.36669921875,3117.428955078125,2984.39306640625,3112.697265625,14620450464,0.026191801910396138,0.03941858037918275,0.38923255612052543,0.0019020249404634348,0.004850563015277132,0.0,-0.28239031408216003,-0.42950787142541624,-0.1448678288176486,greed,74.0,0,0.0,1.0,0.2077121790154608,0.2077121790154608
2024-02-26,3112.529052734375,3197.375,3037.95458984375,3178.99365234375,17504464351,0.030716125586936302,0.021075046883897868,0.3486176301861303,0.002615883036490059,0.004751863589205094,0.0,-0.0512597729513006,-0.5765958551668595,-0.1448678288176486,greed,72.0,0,0.0,1.0,0.1896668778865333,0.1896668778865333
2024-02-27,3178.405029296875,3287.9580078125,3167.83056640625,3244.519287109375,21090315368,0.022352717510295432,0.02040251443617926,0.3287807958617695,0.0013853072643465834,0.006254002120998711,0.0,-0.4785145788962271,-0.6484354534784829,-0.1448678288176486,extreme_greed,79.0,1,0.5,1.0,0.17556675668603247,0.17556675668603247
2024-02-28,3243.893310546875,3485.450927734375,3201.575927734375,3385.703857421875,32885894265,0.05102023322956785,0.04259461937803647,0.16925702939900372,0.007217226440857623,0.009129886044351389,0.0,0.986000096618729,-1.2261548171860588,-0.1448678288176486,extreme_greed,82.0,1,0.5,1.0,0.11013863131428578,0.11013863131428578
2024-02-29,3386.802734375,3518.96923828125,3303.9052734375,3341.919677734375,28469171094,0.03787315022185826,-0.01301642330107799,0.3511333570737752,0.0039769333561820676,0.00893496630440533,0.0,0.31436547736708675,-0.5674850864769071,-0.1448678288176486,extreme_greed,80.0,1,0.5,1.0,0.19450325364781673,0.19450325364781673
2024-03-01,3341.9658203125,3452.626220703125,3341.85107421875,3435.053955078125,16880101987,0.019584479569314438,0.027487237303691882,0.32314986355664854,0.0010634315059807975,0.0039769333561820676,0.0,-0.6199333585904331,-0.6688280175492054,-0.1448678288176486,extreme_greed,80.0,1,0.5,1.0,0.17136717156298148,0.17136717156298148
2024-03-02,3436.1591796875,3459.747314453125,3398.89892578125,3422.0498046875,12024340617,0.01065637127322919,-0.0037929033703291183,0.3623704900970639,0.0003148503196986986,0.0012020566473817478,0.0,-1.0760365574948803,-0.5267895244044869,-0.1448678288176486,extreme_greed,80.0,1,0.5,1.0,0.18651343068514656,0.18651343068514656
2024-03-03,3422.875244140625,3491.16845703125,3372.214111328125,3490.99365234375,13643324467,0.020819623240890272,0.01994668020261981,0.3619355337979518,0.0012017971909726115,0.0012017971909726115,0.0,-0.5568345518746433,-0.5283647296665962,-0.1448678288176486,extreme_greed,83.0,1,0.5,1.0,0.19137757851942103,0.19137757851942103
2024-03-04,3489.340087890625,3641.459228515625,3446.017578125,3630.433837890625,26772963830,0.033130108472658036,0.03916574587631505,0.34570810305810407,0.0030432047142374963,0.0059005370521503855,0.0,0.07206145924757892,-0.5871327814090416,-0.1448678288176486,extreme_greed,82.0,1,0.5,1.0,0.18941910576538104,0.18941910576538104
2024-03-05,3631.928955078125,3828.15966796875,3224.119384765625,3554.964599609375,47706899137,0.10313097002415807,-0.02100705041604603,0.387157033764016,0.029489245271322406,0.029489245271322406,2.220446049250313e-16,3.6481400439692666,-0.43702442824795934,6.15262190625543,extreme_greed,90.0,1,0.5,1.0,0.24514400189408703,0.24514400189408703
2024-03-06,3554.06787109375,3901.434326171875,3502.802490234375,3819.226318359375,34938642613,0.06472902823861933,0.07170276235487734,0.5768012928593628,0.011616722808263811,0.036360543260259774,0.0,1.6863304520978755,0.24977706299523367,-0.1448678288176486,greed,75.0,0,0.0,1.0,0.32076516054899107,0.32076516054899107
2024-03-07,3818.31103515625,3939.593994140625,3738.685302734375,3874.34765625,22457177587,0.03143556220313633,0.014329434214494483,0.5405330136273205,0.002739857123008741,0.013809613345086664,0.0,-0.014506484216921937,0.11843057046119039,-0.1448678288176486,extreme_greed,82.0,1,0.5,1.0,0.28598428791522845,0.28598428791522845
2024-03-08,3874.830810546875,3998.826416015625,3828.36328125,3892.06103515625,26135487051,0.026162579214061007,0.004561544550283379,0.5599708645517802,0.0018977830566611004,0.004524835267903646,0.0,-0.2838831908301841,0.1888252402770054,-0.1448678288176486,extreme_greed,81.0,1,0.5,1.0,0.2930667218829206,0.2930667218829206
2024-03-09,3892.119140625,3950.396484375,3880.658935546875,3915.4189453125,11926623780,0.01069658462222859,0.005983487605016488,0.5442869911341985,0.0003172310691800686,0.0018977830566611004,0.0,-1.0739822099770158,0.13202569515474077,-0.1448678288176486,extreme_greed,84.0,1,0.5,1.0,0.27749178787821355,0.27749178787821355
2024-03-10,3915.590576171875,3968.7236328125,3800.564453125,3881.193115234375,15783924355,0.02600126367592234,-0.008779723722582707,0.49813030755931,0.0018744521706493384,0.0018744521706493384,0.0,-0.2921241899912606,-0.035131904349158354,-0.1448678288176486,extreme_greed,79.0,1,0.5,1.0,0.2620657856176162,0.2620657856176162
2024-03-11,3881.23779296875,4087.050048828125,3745.125244140625,4066.445068359375,28806262507,0.05247006608195664,0.04662655990742743,0.3297802236277815,0.007633235733446425,0.007633235733446425,2.220446049250313e-16,1.0600665595156047,-0.6448160004912887,6.15262190625543,extreme_greed,82.0,1,0.5,1.0,0.19112514485486906,0.19112514485486906
2024-03-12,4066.6904296875,4092.2841796875,3831.889892578125,3980.273193359375,26917010932,0.03948399684367116,-0.02141871171114795,0.4063517771827957,0.004322427020447549,0.007858509367612466,0.0,0.3966575232056703,-0.36751017842603145,-0.1448678288176486,extreme_greed,81.0,1,0.5,1.0,0.22291788701323342,0.22291788701323342
2024-03-13,3980.26513671875,4083.00732421875,3936.627197265625,4006.45703125,22028114691,0.02192618375124675,0.0065568589305074676,0.40634096185627766,0.001332942916604753,0.004322427020447549,0.0,-0.5003045712990012,-0.3675493464051535,-0.1448678288176486,extreme_greed,81.0,1,0.5,1.0,0.21413357280376222,0.21413357280376222
2024-03-14,4005.7451171875,4011.102783203125,3721.78857421875,3883.140380859375,25434810823,0.044959128523380125,-0.031263114641918506,0.48388289481743607,0.005604298012520535,0.008580215731538797,0.0,0.6763612399082677,-0.08672927072425453,-0.1448678288176486,extreme_greed,88.0,1,0.5,1.0,0.2644210116704081,0.2644210116704081
2024-03-15,3882.85693359375,3928.775634765625,3571.774658203125,3735.22021484375,33505075433,0.057212618447647516,-0.038837426132550194,0.5537672796647203,0.009075469498028236,0.01345684365242483,0.0,1.302345576887283,0.16635880036571646,-0.1448678288176486,extreme_greed,83.0,1,0.5,1.0,0.3054899490561839,0.3054899490561839
2024-03-16,3736.10498046875,3780.89453125,3468.079345703125,3522.860107421875,20199855932,0.05186428068244948,-0.058533586440877035,0.380280048744241,0.007457996414960795,0.0155567985819126,0.0,1.0291192804950338,-0.4619296038086071,-0.1448678288176486,extreme_greed,81.0,1,0.5,1.0,0.21607216471334523,0.21607216471334523
2024-03-17,3523.02978515625,3676.263427734375,3414.17236328125,3642.4130859375,19938757095,0.04441855955092693,0.033373207497597146,0.5883743475346832,0.005470340929053194,0.010409206694829113,0.0,0.6487456208557413,0.29168917384512183,-0.1448678288176486,extreme_greed,79.0,1,0.5,1.0,0.31639645354280505,0.31639645354280505
2024-03-18,3642.298828125,3642.4970703125,3456.09130859375,3517.985107421875,21162220224,0.03154819105714128,-0.0347579846458721,0.5529261160678481,0.0027595252794786343,0.005470340929053194,0.0,-0.008752703136205664,0.16331250507859774,-0.1448678288176486,extreme_greed,77.0,1,0.5,1.0,0.2922371535624947,0.2922371535624947
2024-03-19,3518.34765625,3546.582275390625,3149.286865234375,3157.6181640625,34166976701,0.07135169490350234,-0.10807041521511272,0.8086738924920507,0.014115427644266267,0.021168335135898022,0.0,2.0246573799259635,1.089509559859798,-0.1448678288176486,extreme_greed,79.0,1,0.5,1.0,0.4400127936977765,0.4400127936977765
2024-03-20,3158.396728515625,3534.826416015625,3059.65478515625,3513.39306640625,36605316331,0.0866982763269324,0.1067642582840092,1.3299626861465645,0.02084041576362399,0.02181006354618685,0.0,2.8086560330945387,2.977370139231641,-0.1448678288176486,greed,74.0,0,0.0,1.0,0.7083304812367485,0.7083304812367485
2024-03-21,3514.017578125,3586.905029296875,3412.22265625,3492.9912109375,22213647922,0.02998352111448072,-0.005823806495559265,1.2654663058515607,0.00249258925259369,0.02527706571332441,0.0,-0.08868575753139467,2.74379486319797,-0.1448678288176486,extreme_greed,78.0,1,0.5,1.0,0.6477249134830207,0.6477249134830207
2024-03-22,3492.89794921875,3541.898193359375,3254.96923828125,3333.68798828125,20574952329,0.050735393273383514,-0.04667925447782236,1.253231285133859,0.007136865540256618,0.009429749411691689,0.0,0.9714487033243127,2.699485425546687,-0.1448678288176486,greed,75.0,0,0.0,1.0,0.6519833392036213,0.6519833392036213
2024-03-23,3335.592529296875,3433.758056640625,3273.115478515625,3336.593994140625,13242137554,0.028774705607071554,0.0008713292933912685,1.2482190799985315,0.0022956582210567414,0.007136865540256618,0.0,-0.15043955817204926,2.681333597604303,-0.1448678288176486,greed,73.0,0,0.0,1.0,0.6384968928028015,0.6384968928028015
2024-03-24,3336.666015625,3470.344482421875,3301.27734375,3454.636474609375,12156660941,0.029994666651829635,0.03476671005015742,0.9120794181828842,0.0024944426980216517,0.0034236057484379355,0.0,-0.0881163742903134,1.4639952921779313,-0.1448678288176486,greed,74.0,0,0.0,1.0,0.4710370424173569,0.4710370424173569
2024-03-25,3454.8857421875,3657.118896484375,3421.79052734375,3590.8837890625,18603921705,0.03994434100523243,0.03868111850586601,0.5512474785905886,0.004423804984757257,0.010478835467824623,0.0,0.42017476086923483,0.15723327690613353,-0.1448678288176486,greed,75.0,0,0.0,1.0,0.29559590979791056,0.29559590979791056
2024-03-26,3591.085205078125,3678.789794921875,3545.4287109375,3587.5048828125,18505553577,0.022175573156402176,-0.0009414108524901415,0.5466336375457569,0.0013634372639471563,0.005244638720825041,0.0,-0.48756421223389645,0.14052413461484836,-0.1448678288176486,extreme_greed,81.0,1,0.5,1.0,0.28440460535107953,0.28440460535107953
2024-03-27,3587.313720703125,3664.383056640625,3460.3935546875,3500.115234375,18753082145,0.034398740860649625,-0.024661050087006715,0.4229970025294858,0.003280730408746712,0.0037456249839760854,0.0,0.13687107750125369,-0.3072290729250305,-0.1448678288176486,extreme_greed,83.0,1,0.5,1.0,0.22869787169506772,0.22869787169506772
2024-03-28,3500.216064453125,3609.705322265625,3465.332275390625,3561.2939453125,16419674157,0.024513477834875463,0.017328054549411047,0.4173481169053302,0.0016660779403266264,0.003280730408746712,0.0,-0.3681295271670838,-0.32768665539570124,-0.1448678288176486,extreme_greed,80.0,1,0.5,1.0,0.22093079737010282,0.22093079737010282
2024-03-29,3561.01171875,3583.701416015625,3475.7255859375,3511.80615234375,12712701619,0.018372922352088972,-0.013993468162303119,0.400613759061696,0.0009359269039918217,0.0016660779403266264,0.0,-0.6818272227894823,-0.3882905564936343,-0.1448678288176486,extreme_greed,79.0,1,0.5,1.0,0.2094933407068925,0.2094933407068925
2024-03-30,3511.82763671875,3566.08447265625,3489.902099609375,3507.9443359375,9389066783,0.01296883296783177,-0.0011002718123070431,0.25063741829001507,0.00046632343989727457,0.0009359269039918217,0.0,-0.9579016579983425,-0.9314336760615238,-0.1448678288176486,greed,75.0,0,0.0,1.0,0.1318031256289234,0.1318031256289234
2024-03-31,3507.95166015625,3655.218994140625,3507.24267578125,3647.8564453125,10499881424,0.024818697094532712,0.03910951318856647,0.4031115233220729,0.0017078251689022733,0.0021420534770147824,0.0,-0.3525370325332587,-0.37924483991363317,-0.1448678288176486,greed,75.0,0,0.0,1.0,0.2139651102083028,0.2139651102083028
2024-04-01,3647.819580078125,3648.129150390625,3418.6953125,3505.030029296875,16002098681,0.03900974366484806,-0.03994063181430367,0.4776686319853523,0.00421921489342466,0.004475210884549488,0.0,0.3724297265909422,-0.10923438108410194,-0.1448678288176486,extreme_greed,79.0,1,0.5,1.0,0.2583391878251002,0.2583391878251002
2024-04-02,3504.818359375,3506.962890625,3215.985107421875,3277.234619140625,22076539151,0.052018611089580474,-0.06719912514607995,0.6377344685426367,0.007502447358581546,0.015896356560425835,0.0,1.0370034357994153,0.4704481032106706,-0.1448678288176486,extreme_greed,79.0,1,0.5,1.0,0.3448765398161086,0.3448765398161086
2024-04-03,3277.32421875,3368.111572265625,3205.649169921875,3311.44189453125,16010734587,0.029690307005792352,0.010383749354783272,0.6668864908584331,0.002444076690123032,0.008070465680480926,0.0,-0.10366495452381022,0.5760228909461517,-0.1448678288176486,greed,71.0,0,0.0,1.0,0.3482883989321127,0.3482883989321127
2024-04-04,3311.495361328125,3443.20751953125,3253.3193359375,3330.04052734375,14476330517,0.03406842349556545,0.0056007620735010885,0.6752718621313826,0.0032180258379706328,0.005110653735788258,0.0,0.11999641582912317,0.6063907255558671,-0.1448678288176486,greed,70.0,0,0.0,1.0,0.35467014281347403,0.35467014281347403
2024-04-05,3330.005859375,3345.66650390625,3214.244140625,3318.88525390625,15214447092,0.02406671042039113,-0.003355514641428632,0.5309643206800426,0.0016059015496499276,0.004734985288509359,0.0,-0.3909531803033167,0.08377730641413786,-0.1448678288176486,extreme_greed,79.0,1,0.5,1.0,0.27751551555021686,0.27751551555021686
2024-04-06,3318.86474609375,3397.592529296875,3308.9833984375,3354.183837890625,8956926798,0.015870484055497687,0.010579513784222233,0.5259629546634403,0.0006983381990433875,0.00307746177325615,0.0,-0.8096673065210767,0.06566473261495684,-0.1448678288176486,greed,75.0,0,0.0,1.0,0.27091671935946904,0.27091671935946904
2024-04-07,3354.2138671875,3458.50830078125,3346.11474609375,3453.49462890625,9931108526,0.019841024981243176,0.029178180850127813,0.18864458699047915,0.0010914746669226658,0.0019533180014621268,0.0,-0.6068274262736999,-1.1559422859504358,-0.1448678288176486,extreme_greed,78.0,1,0.5,1.0,0.10424280598586116,0.10424280598586116
2024-04-08,3453.498779296875,3727.616455078125,3409.51171875,3695.292724609375,19055143129,0.053570010935873554,0.06767311879336713,0.44757975097122604,0.007956625594003081,0.011657329539005563,0.0,1.1162585712892485,-0.21820202634222285,-0.1448678288176486,extreme_greed,76.0,1,0.5,1.0,0.2505748809535498,0.2505748809535498
2024-04-09,3695.341796875,3724.92236328125,3455.107666015625,3505.163330078125,18279773833,0.045157632557957746,-0.05282265451086566,0.7018556434347873,0.005653895578605437,0.007956625594003081,0.0,0.6865020583396471,0.7026645633675455,-0.1448678288176486,extreme_greed,80.0,1,0.5,1.0,0.37350663799637257,0.37350663799637257
2024-04-10,3505.156005859375,3561.516357421875,3415.180419921875,3543.737060546875,16872482726,0.02519719035854059,0.010944718575246242,0.691659025389059,0.0017603121490549177,0.007536963389937607,0.0,-0.3332012468603325,0.665737252660383,-0.1448678288176486,extreme_greed,78.0,1,0.5,1.0,0.3584281078737998,0.3584281078737998
2024-04-11,3543.4521484375,3616.1943359375,3477.171142578125,3505.247802734375,14076734489,0.023543867728090296,-0.010920619373458104,0.713124522528808,0.0015368839342686125,0.003270908987730103,0.0,-0.4176632309180463,0.7434750946397917,-0.1448678288176486,extreme_greed,76.0,1,0.5,1.0,0.3683341951284491,0.3683341951284491
2024-04-12,3505.329833984375,3552.589111328125,3103.43017578125,3243.034912109375,22104869556,0.081177051272192,-0.0777516251273086,0.9002239023450737,0.018270565757785164,0.02338274532966633,0.0,2.526597580640208,1.4210602410685178,-0.1448678288176486,extreme_greed,79.0,1,0.5,1.0,0.4907004768086328,0.4907004768086328
2024-04-13,3242.94091796875,3299.663818359375,2862.3935546875,3004.900390625,29930408174,0.08537722697092863,-0.07626517308246297,0.6318200393362626,0.020210150249782358,0.04666398488470883,0.0,2.741168630701786,0.4490288479262396,-0.1448678288176486,greed,72.0,0,0.0,1.0,0.35859863315359564,0.35859863315359564
2024-04-14,3005.547607421875,3174.66650390625,2914.4228515625,3156.94189453125,25486284994,0.05136646890505414,0.04935938456730982,0.8819807631517266,0.007315514514136231,0.020210150249782358,0.0,1.0036879644096455,1.3549922500693885,-0.1448678288176486,greed,72.0,0,0.0,1.0,0.46667361602839036,0.46667361602839036
2024-04-15,3156.830078125,3277.5615234375,3026.538818359375,3101.600341796875,21925843181,0.04785274409750628,-0.017685586551786654,0.8391836828198106,0.006348909652452774,0.013789311777370571,0.0,0.8241850874681549,1.2000015388660679,-0.1448678288176486,greed,74.0,0,0.0,1.0,0.44351821345865844,0.44351821345865844
2024-04-16,3101.140625,3127.160888671875,2997.754638671875,3084.920166015625,19441391169,0.025380901967936142,-0.0053924386671186314,0.8465977359025068,0.0017860744410933746,0.007963091050769698,0.0,-0.32381611734102145,1.2268517200296951,-0.1448678288176486,greed,65.0,0,0.0,1.0,0.43598931893522147,0.43598931893522147
2024-04-17,3084.923583984375,3123.669677734375,2918.5537109375,2984.7275390625,17711869375,0.040790297364798604,-0.033017312925022226,0.7234182961445558,0.004613167195981937,0.004766154244581932,0.0,0.4633914635497878,0.7807542567063901,-0.1448678288176486,greed,67.0,0,0.0,1.0,0.38210429675467716,0.38210429675467716
2024-04-18,2984.705322265625,3094.842041015625,2956.12744140625,3066.027587890625,15183777035,0.027539786846850683,0.02687431243390542,0.5330070284762488,0.002102841801140822,0.004613167195981937,0.0,-0.21352687501954137,0.0911750244747893,-0.1448678288176486,greed,57.0,0,0.0,1.0,0.28027340766154973,0.28027340766154973
2024-04-19,3065.953125,3127.114990234375,2868.7958984375,3059.278564453125,20399982867,0.051779460368184156,-0.0022036534993674084,0.35153917420208036,0.0074336223249739574,0.0074336223249739574,0.0,1.0247861322641305,-0.5660154094604681,-0.1448678288176486,greed,66.0,0,0.0,1.0,0.20165931728513226,0.20165931728513226
2024-04-20,3059.47802734375,3170.6728515625,3021.784912109375,3157.627197265625,9918642130,0.02888467221132931,0.03164173368360715,0.4187534880829954,0.002313238113695445,0.010010288089841434,0.0,-0.14482178133609697,-0.32259706805372224,-0.1448678288176486,greed,66.0,0,0.0,1.0,0.22381908014716234,0.22381908014716234
2024-04-21,3157.571044921875,3197.50634765625,3119.552001953125,3147.28857421875,9394387894,0.01482295391660921,-0.0032795465278029896,0.4161618223228107,0.0006091930909488196,0.0031949119720229586,0.0,-0.8631816492520389,-0.3319828512954068,-0.1448678288176486,greed,72.0,0,0.0,1.0,0.21549238811970994,0.21549238811970994
2024-04-22,3147.66357421875,3236.6591796875,3131.367431640625,3201.652099609375,12063858733,0.01986169540520303,0.01712564563340568,0.2569371901799006,0.0010937500530284962,0.0013580903984105781,0.0,-0.6057714526924952,-0.9086188924814419,-0.1448678288176486,greed,73.0,0,0.0,1.0,0.1383994427925518,0.1383994427925518
2024-04-23,3201.588623046875,3264.41943359375,3154.58984375,3219.91162109375,11054442653,0.020553274082846008,0.005686954607987599,0.23314535027822636,0.0011712442714554314,0.0017315704882251196,0.0,-0.5704413204061991,-0.9947816437391734,-0.1448678288176486,greed,71.0,0,0.0,1.0,0.1268493121805362,0.1268493121805362
2024-04-24,3219.95703125,3292.921630859375,3105.982177734375,3139.80517578125,14000234760,0.035099930336886485,-0.02519316024865432,0.34021761625351155,0.003415843472769254,0.003415843472769254,0.0,0.17269218904511754,-0.6070167185397161,-0.1448678288176486,greed,72.0,0,0.0,1.0,0.187658773295199,0.187658773295199
2024-04-25,3139.624267578125,3190.976318359375,3074.8046875,3156.509521484375,13989030260,0.022272138310892295,0.0053060832242908225,0.2508987678874285,0.0013753374923472675,0.004696884678897409,0.0,-0.4826310646504428,-0.9304871918700404,-0.1448678288176486,greed,72.0,0,0.0,1.0,0.1365854530991604,0.1365854530991604
2024-04-26,3156.384033203125,3166.188720703125,3103.10400390625,3130.164794921875,10622333862,0.0120866942886056,-0.008381181989109839,0.2575355031106766,0.0004050424370661017,0.0013753374923472675,0.0,-1.0029667781928207,-0.9064520870371472,-0.1448678288176486,greed,70.0,0,0.0,1.0,0.13481109869964109,0.13481109869964109
2024-04-27,3129.72705078125,3279.451171875,3071.340087890625,3252.168212890625,11820785577,0.03937405714860174,0.03823626302807226,0.3704607962871992,0.004298389700947687,0.004298389700947687,0.0,0.3910411210581146,-0.49749027547122304,-0.1448678288176486,greed,67.0,0,0.0,1.0,0.20491742671790047,0.20491742671790047
2024-04-28,3252.24560546875,3351.176513671875,3249.149169921875,3262.774658203125,11379192678,0.018568339950643876,0.0032560391987989765,0.3698055614611095,0.0009559421464711709,0.007603404917077227,0.0,-0.6718440786712374,-0.49986322500220054,-0.1448678288176486,greed,65.0,0,0.0,1.0,0.1941869507058767,0.1941869507058767
2024-04-29,3262.3408203125,3285.46875,3116.199951171875,3215.428955078125,15032246816,0.03176670934242133,-0.014617183696819814,0.32449550199332183,0.0027978853294569426,0.005284881021029629,0.0,0.0024105674727593986,-0.6639547538427795,-0.1448678288176486,greed,67.0,0,0.0,1.0,0.17813110566787158,0.17813110566787158
2024-04-30,3215.381103515625,3249.37841796875,2918.228759765625,3012.286865234375,18266894653,0.06455244946730132,-0.06526122564673097,0.5928077508699422,0.011553429142338622,0.014049951828391187,0.0,1.677309712229378,0.307744856397619,-0.1448678288176486,greed,67.0,0,0.0,1.0,0.32868010016862176,0.32868010016862176
2024-05-01,3011.015625,3020.17333984375,2815.92333984375,2969.78466796875,20005057445,0.04205370509155482,-0.014210098365436501,0.5936491823245044,0.0049033622818519884,0.02049865315875883,0.0,0.5279341736720178,0.31079212173815157,-0.1448678288176486,neutral,54.0,0,0.0,1.0,0.3178514437080296,0.3178514437080296
2024-05-02,2969.79443359375,3015.05029296875,2894.329833984375,2988.16845703125,13163903903,0.024540682998797934,0.0061711957178097335,0.4552550191519767,0.0016697780334127914,0.0049033622818519884,0.0,-0.3667397184998659,-0.1904058480799497,-0.1448678288176486,fear,43.0,0,0.0,1.0,0.2398978510753873,0.2398978510753873
2024-05-03,2988.134521484375,3127.1552734375,2960.18212890625,3103.5419921875,12862183229,0.03295455682358584,0.03788339383392521,0.5964661822130702,0.003011039158406679,0.005986138499883159,0.0,0.06309319115993851,0.32099395823733207,-0.1448678288176486,neutral,48.0,0,0.0,1.0,0.31471036951832804,0.31471036951832804
2024-05-04,3103.61962890625,3167.541259765625,3096.267578125,3117.576416015625,8283229638,0.013667740085313877,0.004511872854835109,0.6025794943597708,0.0005179393114835648,0.004583948422546682,0.0,-0.9221971435089237,0.34313347313125836,-0.1448678288176486,greed,67.0,0,0.0,1.0,0.30812361722254233,0.30812361722254233
2024-05-05,3117.636962890625,3170.05517578125,3075.586181640625,3137.2490234375,8783447639,0.018169067634986606,0.006290398503118544,0.29747831644457334,0.0009152731779581268,0.0009152731779581268,0.0,-0.6922413873021281,-0.7617981761145048,-0.1448678288176486,greed,69.0,0,0.0,1.0,0.15782369203977997,0.15782369203977997
2024-05-06,3137.51025390625,3220.15234375,3048.238525390625,3062.728759765625,13008587255,0.03294965777691125,-0.024040038580963836,0.34789713258502414,0.0030101439787208,0.0030101439787208,0.0,0.06284291744172626,-0.5792051554917803,-0.1448678288176486,greed,71.0,0,0.0,1.0,0.19042339518096768,0.19042339518096768
2024-05-07,3062.7509765625,3129.081298828125,3003.013671875,3006.5771484375,11743187337,0.024696941459394637,-0.018503998431245543,0.3894802604911726,0.0016911097637735885,0.0048737612009575,0.0,-0.35875706625478837,-0.4286108037685334,-0.1448678288176486,greed,68.0,0,0.0,1.0,0.20708860097528364,0.20708860097528364
2024-05-08,3006.315673828125,3037.196044921875,2938.47265625,2973.6572265625,11791662158,0.019845421559665528,-0.011009687024774535,0.21532109412085687,0.001091958440886189,0.003950060282813593,0.0,-0.6066028217532162,-1.0593326392060456,-0.1448678288176486,greed,64.0,0,0.0,1.0,0.1175832578402612,0.1175832578402612
2024-05-09,2973.9716796875,3057.958251953125,2951.223876953125,3036.0205078125,10861947179,0.02133643667521803,0.020755029698057075,0.2939289602857888,0.0012622030771383976,0.0015886213946604924,0.0,-0.5304325131877871,-0.7746522594093799,-0.1448678288176486,neutral,55.0,0,0.0,1.0,0.1576326984805034,0.1576326984805034
2024-05-10,3036.231201171875,3052.7294921875,2881.000732421875,2909.791259765625,12278653601,0.03477153017312481,-0.04246626781829076,0.36741229317212765,0.00335222420903458,0.00355332170026973,0.0,0.1559154699188361,-0.5085305067731261,-0.1448678288176486,greed,66.0,0,0.0,1.0,0.20109191167262622,0.20109191167262622
2024-05-11,2909.845458984375,2942.1787109375,2888.083251953125,2911.60205078125,6795916454,0.011144804993703628,0.0006221160390406102,0.37110584111673917,0.00034437403561364527,0.00335222420903458,0.0,-1.0510843307775057,-0.4951542292710371,-0.1448678288176486,neutral,53.0,0,0.0,1.0,0.1911253230552214,0.1911253230552214
2024-05-12,2911.658203125,2953.04736328125,2902.201904296875,2928.701904296875,5908941395,0.010430496214980425,0.005855826173073679,0.376690002239012,0.000301644486761896,0.0004948219712642328,0.0,-1.0875756577391238,-0.4749310482245123,-0.1448678288176486,greed,56.0,0,0.0,1.0,0.19356024922699622,0.19356024922699622
2024-05-13,2928.81396484375,2994.869140625,2865.134521484375,2949.359619140625,13352264795,0.02659599439157536,0.007028779746072382,0.38105216234757605,0.0019611820866615114,0.0019611820866615114,0.0,-0.2617416528512245,-0.4591333748232991,-0.1448678288176486,greed,57.0,0,0.0,1.0,0.2038240783695757,0.2038240783695757
2024-05-14,2949.213134765625,2959.546630859375,2863.5458984375,2881.157958984375,12444516140,0.019803751850299044,-0.023395786097884168,0.3447557941978608,0.001087377654272834,0.002010612729845627,0.0,-0.608731569199952,-0.5905815920846674,-0.1448678288176486,greed,66.0,0,0.0,1.0,0.1822797730240799,0.1822797730240799
2024-05-15,2881.224609375,3041.602294921875,2864.7353515625,3037.056640625,14666902956,0.03597870547335698,0.05269655364749688,0.43776490648837896,0.0035890252918342027,0.0036389567143524024,0.0,0.21758547859421834,-0.25374673441456336,-0.1448678288176486,greed,64.0,0,0.0,1.0,0.23687180598086796,0.23687180598086796
2024-05-16,3036.01416015625,3041.80712890625,2925.08740234375,2945.131103515625,13035465176,0.02349841511639217,-0.03073550264355441,0.5220779823563497,0.0015309555999916576,0.0035970985202391833,0.0,-0.419985232500752,0.051595206932099964,-0.1448678288176486,greed,70.0,0,0.0,1.0,0.27278819873637095,0.27278819873637095
2024-05-17,2945.136962890625,3120.3017578125,2934.112548828125,3094.11865234375,14449438097,0.03694933304201842,0.04934976715389136,0.6224547907109274,0.003785285659285967,0.004173851637756808,0.0,0.2671711606143887,0.4151123626478231,-0.1448678288176486,greed,74.0,0,0.0,1.0,0.3297020618764729,0.3297020618764729
2024-05-18,3094.553466796875,3146.79052734375,3087.704345703125,3122.948974609375,9407051320,0.011383738890399207,0.009274638996405352,0.6217584653296665,0.00035929841706515203,0.004896922447921456,0.0,-1.0388781039940176,0.4125906026297674,-0.1448678288176486,greed,73.0,0,0.0,1.0,0.31657110211003286,0.31657110211003286
2024-05-19,3122.82470703125,3137.1484375,3056.75439453125,3071.843017578125,8747800800,0.015590898392441118,-0.01650002665483795,0.598927675347946,0.000673950088671945,0.0008427034824035673,0.0,-0.823950277903025,0.32990831801696346,-0.1448678288176486,greed,72.0,0,0.0,1.0,0.30725928687019355,0.30725928687019355
2024-05-20,3071.85888671875,3690.805908203125,3050.2978515625,3663.85546875,31228143948,0.11447032594455413,0.1762382868010669,1.3223923289087332,0.03633049300225872,0.03633049300225872,2.220446049250313e-16,4.227424740938778,2.9499538986083365,6.15262190625543,greed,70.0,0,0.0,1.0,0.7184313274266436,0.7184313274266436
2024-05-21,3663.01123046875,3837.372802734375,3628.096435546875,3789.312744140625,37643853967,0.03367938447162226,0.03366866891950015,1.1848388426762615,0.0031449499893987693,0.05269261687158108,0.0,0.10012188726891787,2.451800461637359,-0.1448678288176486,extreme_greed,76.0,1,0.5,1.0,0.6092591135739419,0.6092591135739419
2024-05-22,3789.372802734375,3810.948486328125,3655.0751953125,3737.2177734375,25155809461,0.025080299764526134,-0.013843244909627229,1.2702442498190858,0.0017440177402728097,0.0031449499893987693,0.0,-0.3391727440783055,2.7610983083833194,-0.1448678288176486,extreme_greed,76.0,1,0.5,1.0,0.6476622747918059,0.6476622747918059
2024-05-23,3737.178466796875,3943.553955078125,3552.642578125,3776.92724609375,45623656317,0.06269295708618149,0.010569357450196248,1.2684465866968297,0.01089740175661225,0.01089740175661225,0.0,1.5823152973723043,2.754588025820547,-0.1448678288176486,extreme_greed,76.0,1,0.5,1.0,0.6655697718915056,0.6655697718915056
2024-05-24,3776.992431640625,3825.12255859375,3631.990234375,3726.9345703125,22257061429,0.031114917610947108,-0.01332471644000898,1.2600196008318048,0.0026842487719080997,0.01089740175661225,0.0,-0.03088700059943946,2.724069482910821,-0.1448678288176486,greed,74.0,0,0.0,1.0,0.6455672592213759,0.6455672592213759
2024-05-25,3726.9755859375,3776.006591796875,3710.5283203125,3749.236572265625,10000027764,0.0105054508608294,0.005966173775721023,0.31187809484620715,0.00030599536190627376,0.0026842487719080997,0.0,-1.083746509098593,-0.7096490136405627,-0.1448678288176486,extreme_greed,76.0,1,0.5,1.0,0.16119177285351827,0.16119177285351827
2024-05-26,3749.179931640625,3879.470703125,3732.02294921875,3825.8974609375,14650794791,0.023270722914377984,0.02024083153978704,0.23913630610691117,0.0015014303913433494,0.0019824272472364333,0.0,-0.4316171637296556,-0.9730852453523172,-0.1448678288176486,greed,75.0,0,0.0,1.0,0.13120351451064458,0.13120351451064458
2024-05-27,3826.127197265625,3973.556396484375,3821.930419921875,3892.0068359375,18949181813,0.02336535671232,0.017131850662020106,0.20979622177203078,0.0015136667939402038,0.003932679451111916,0.0,-0.42678268182885293,-1.0793411044567351,-0.1448678288176486,greed,74.0,0,0.0,1.0,0.11658078924217538,0.11658078924217538
2024-05-28,3892.096923828125,3924.895751953125,3771.2138671875,3840.25634765625,19846044324,0.023988132437679912,-0.01338579915596923,0.2559950997685064,0.0015954321087652756,0.0027315864403275225,0.0,-0.39496743148503227,-0.9120306967855529,-0.1448678288176486,greed,72.0,0,0.0,1.0,0.13999161610309313,0.13999161610309313
2024-05-29,3840.235107421875,3880.6484375,3742.041259765625,3763.196533203125,17411416736,0.021843016862540983,-0.020270383528343885,0.287291757770285,0.001322850282657819,0.002276104498102755,0.0,-0.5045532522875891,-0.7986890565530216,-0.1448678288176486,greed,72.0,0,0.0,1.0,0.15456738731641298,0.15456738731641298
2024-05-30,3763.357666015625,3823.643310546875,3702.263671875,3746.849609375,15065849797,0.019373671163017855,-0.004353355314895978,0.287513832619998,0.0010406610508662238,0.0022144390776641753,0.0,-0.6307027607167468,-0.7978848068558354,-0.1448678288176486,greed,73.0,0,0.0,1.0,0.15344375189150794,0.15344375189150794
2024-05-31,3746.861572265625,3843.857666015625,3723.835205078125,3760.026611328125,15290700646,0.01905121665148343,0.0035106521272609877,0.2320234563545812,0.0010063079046230498,0.0014086530557413629,0.0,-0.6471757390156895,-0.9988446110203965,-0.1448678288176486,greed,73.0,0,0.0,1.0,0.1255373365030323,0.1255373365030323
2024-06-01,3759.88427734375,3829.294677734375,3749.840087890625,3813.198974609375,8661024535,0.012592226899659728,0.014042427874062515,0.21516267410871867,0.00043963325248504235,0.0010063079046230498,0.0,-0.9771410339919573,-1.0599063612954895,-0.1448678288176486,greed,72.0,0,0.0,1.0,0.1138774505041892,0.1138774505041892
2024-06-02,3813.275634765625,3834.911865234375,3752.41455078125,3780.89599609375,11126903059,0.01306036840647373,-0.00850744518516571,0.20440482726547873,0.0004729293941641691,0.0005032510207622892,0.0,-0.9532254595257023,-1.0988661763183551,-0.1448678288176486,greed,73.0,0,0.0,1.0,0.10873259783597623,0.10873259783597623
2024-06-03,3780.854248046875,3848.60302734375,3758.919921875,3766.38916015625,14082454300,0.014160375056094647,-0.0038442575052388345,0.14097896357235443,0.0005559490149926983,0.0006406325177794386,0.0,-0.8970302908438604,-1.3285645493438432,-0.1448678288176486,greed,73.0,0,0.0,1.0,0.07756966931422454,0.07756966931422454
2024-06-04,3766.476318359375,3831.364990234375,3738.13427734375,3812.515869140625,13331489271,0.014794527022661434,0.012172544281108134,0.1556328530345277,0.0006068587570368041,0.0008481841807610119,0.0,-0.8646338714736471,-1.2754951172231823,-0.1448678288176486,greed,73.0,0,0.0,1.0,0.08521369002859457,0.08521369002859457
2024-06-05,3812.560791015625,3887.48583984375,3778.65576171875,3864.260986328125,15480034434,0.017052519344062208,0.0134811527925156,0.17110509517365166,0.000806236682703053,0.0015347593194771126,0.0,-0.7492816057149367,-1.2194620001400887,-0.1448678288176486,greed,75.0,0,0.0,1.0,0.09407880725885694,0.09407880725885694
2024-06-06,3864.263427734375,3878.05224609375,3761.775390625,3811.60595703125,13606583873,0.018282287093224974,-0.013719845755309394,0.19527362754705427,0.00092671565891887,0.001080542789775814,0.0,-0.6864574344906025,-1.1319350475479364,-0.1448678288176486,extreme_greed,78.0,1,0.5,1.0,0.10677795732013962,0.10677795732013962
2024-06-07,3811.666015625,3838.4521484375,3615.2802734375,3678.629150390625,18220286186,0.035973505460091613,-0.035510442059965494,0.32178059251058433,0.003587987920967258,0.004922937201610216,0.0,0.21731982963410004,-0.6737868673495582,-0.1448678288176486,extreme_greed,77.0,1,0.5,1.0,0.17887704898533796,0.17887704898533796
2024-06-08,3677.400390625,3707.497314453125,3669.637939453125,3680.949951171875,9096091805,0.006164200784586311,0.0006306884744769404,0.3247717200580422,0.00010535108317633412,0.003587987920967258,0.0,-1.3055245141757552,-0.6629544231200715,-0.1448678288176486,greed,72.0,0,0.0,1.0,0.16546796042131426,0.16546796042131426
2024-06-09,3680.93603515625,3719.36767578125,3668.12353515625,3705.90380859375,7910768788,0.008331850569250884,0.006756314164966851,0.30905699580491475,0.00019247237133511195,0.00019247237133511195,0.0,-1.1947875060546107,-0.7198656953252439,-0.1448678288176486,greed,75.0,0,0.0,1.0,0.15869442318708282,0.15869442318708282
2024-06-10,3705.877197265625,3711.4287109375,3648.16455078125,3666.717529296875,10377300126,0.010325281506399086,-0.010630316278621378,0.2581229962009182,0.0002955896711773401,0.00037362941141340735,0.0,-1.0929506782433878,-0.904324465919599,-0.1448678288176486,greed,72.0,0,0.0,1.0,0.13422413885365866,0.13422413885365866
2024-06-11,3666.35888671875,3669.890869140625,3434.7490234375,3498.33056640625,19184721538,0.03976800218533262,-0.047010981983524644,0.3688009871548417,0.004384832422625175,0.006002072124031245,0.0,0.41116627920883625,-0.5035013163153809,-0.1448678288176486,greed,74.0,0,0.0,1.0,0.20428449467008716,0.20428449467008716
2024-06-12,3497.89697265625,3652.4921875,3463.784912109375,3559.61767578125,17142905351,0.031858468236417886,0.01736727097632723,0.393226045266965,0.002814072190184963,0.004384832422625175,0.0,0.007098181432159231,-0.4150453492582715,-0.1448678288176486,greed,72.0,0,0.0,1.0,0.21254225675169142,0.21254225675169142
2024-06-13,3559.725341796875,3559.725341796875,3431.33349609375,3469.28125,14472382154,0.022061273950468096,-0.025705704714259914,0.40701991633523876,0.001349418399657647,0.0039013472516395,0.0,-0.4934033252609675,-0.36509049555007816,-0.1448678288176486,greed,70.0,0,0.0,1.0,0.21454059514285342,0.21454059514285342
2024-06-14,3467.969970703125,3528.602294921875,3366.223876953125,3480.27197265625,15793876596,0.02829258082618982,0.0031630038557184355,0.39735907844551405,0.002219374454391271,0.003123891728263862,0.0,-0.17506948508811107,-0.40007746484180756,-0.1448678288176486,greed,74.0,0,0.0,1.0,0.21282582963585192,0.21282582963585192
2024-06-15,3479.78564453125,3589.887451171875,3473.45263671875,3565.549560546875,12733651076,0.019801557439972778,0.024207752622054518,0.4770214723662294,0.0010871366877560902,0.004138251958855988,0.0,-0.6088436733026719,-0.11157808604836632,-0.1448678288176486,greed,74.0,0,0.0,1.0,0.2484115149031011,0.2484115149031011
2024-06-16,3566.761962890625,3648.093017578125,3541.534423828125,3620.5634765625,9878388158,0.017803326916039038,0.015311473816653392,0.3131915280657852,0.0008787954218905634,0.002406439595677054,0.0,-0.7109256938035112,-0.7048923819441556,-0.1448678288176486,greed,71.0,0,0.0,1.0,0.16549742749091212,0.16549742749091212
2024-06-17,3622.383544921875,3634.285400390625,3468.14892578125,3511.37890625,17838856988,0.028101160920398535,-0.030620859117855167,0.38816724760121524,0.002189444678724479,0.00255869748179779,0.0,-0.18484840224166696,-0.43336591323056506,-0.1448678288176486,greed,71.0,0,0.0,1.0,0.2081342042608069,0.2081342042608069
2024-06-18,3510.565185546875,3514.17724609375,3371.59033203125,3483.681396484375,21022514455,0.024875777669028227,-0.00791920392908301,0.339300700721723,0.0017156898640411963,0.005629194988998925,0.0,-0.34962100242258864,-0.6103373513792253,-0.1448678288176486,greed,74.0,0,0.0,1.0,0.18208823919537562,0.18208823919537562
2024-06-19,3482.350830078125,3583.320068359375,3466.48095703125,3559.347412109375,15275373778,0.019908494676563606,0.021487609668652857,0.37072783990214087,0.0010989104392915598,0.003709446113215668,0.0,-0.6033806553739507,-0.49652317025093423,-0.1448678288176486,greed,64.0,0,0.0,1.0,0.19531816728935222,0.19531816728935222
2024-06-20,3559.347412109375,3623.886474609375,3485.4599609375,3511.0869140625,16115123753,0.023390083137764524,-0.013651565186732603,0.3400526114965273,0.0015168721696150707,0.00197199192853438,0.0,-0.4255195025114979,-0.6076142874495242,-0.1448678288176486,greed,60.0,0,0.0,1.0,0.18172134731714593,0.18172134731714593
2024-06-21,3511.268310546875,3542.957275390625,3447.935546875,3516.07568359375,15933353456,0.01632692128656183,0.0014198534045649273,0.3052425693764696,0.000739084425030895,0.0024771924544796983,0.0,-0.7863496591221616,-0.7336797373204538,-0.1448678288176486,greed,63.0,0,0.0,1.0,0.1607847453315157,0.1607847453315157
2024-06-22,3516.55126953125,3519.49755859375,3477.169921875,3494.8134765625,7423703673,0.007266501282712598,-0.006065499463015878,0.21666382110732418,0.0001463983430874709,0.000739084425030895,0.0,-1.2492121614716762,-1.0544699193903373,-0.1448678288176486,neutral,53.0,0,0.0,1.0,0.1119651611950184,0.1119651611950184
2024-06-23,3494.953857421875,3519.324951171875,3408.5830078125,3418.61181640625,9418141333,0.019201461892897276,-0.022045438571424145,0.26346276118962453,0.0010222427564378462,0.0010253813091730005,0.0,-0.6395002793375094,-0.8849863716655153,-0.1448678288176486,neutral,55.0,0,0.0,1.0,0.1413321115412609,0.1413321115412609
2024-06-24,3418.783203125,3430.698974609375,3244.241455078125,3350.25634765625,23137744903,0.03356083648322752,-0.020197702440774193,0.15596112104380222,0.003122849149768784,0.0066239465153480805,0.0,0.09406572005662737,-1.2743062863069572,-0.1448678288176486,neutral,51.0,0,0.0,1.0,0.09476097876351487,0.09476097876351487
2024-06-25,3350.5556640625,3422.21337890625,3335.556884765625,3395.029052734375,13235546063,0.015403122416256392,0.013275453882714556,0.23586084686642114,0.000657813809421531,0.003122849149768784,0.0,-0.8335430405101736,-0.9849474040150997,-0.1448678288176486,fear,30.0,0,0.0,1.0,0.12563198464133876,0.12563198464133876
2024-06-26,3394.373291015625,3421.509521484375,3328.390625,3369.477294921875,11694054195,0.01657125100531732,-0.0075546915107269795,0.22468239138139656,0.0007613704964620181,0.0007727642292116802,0.0,-0.773867780249717,-1.0254304638953917,-0.1448678288176486,neutral,46.0,0,0.0,1.0,0.12062682119335694,0.12062682119335694
2024-06-27,3368.88623046875,3470.923095703125,3362.2646484375,3444.800537109375,11771834016,0.019101348141524567,0.022108376577073693,0.31494871673396846,0.0010116108823633378,0.0017582665445899143,0.0,-0.6446147112799893,-0.6985286786427173,-0.1448678288176486,fear,40.0,0,0.0,1.0,0.16702503243774652,0.16702503243774652
2024-06-28,3445.498779296875,3482.95751953125,3363.4375,3373.635986328125,12861158844,0.02097056328079146,-0.020874913112926562,0.3105406960187983,0.0012192861605532486,0.001243764487287532,0.0,-0.5491235975763085,-0.7144924373931872,-0.1448678288176486,neutral,47.0,0,0.0,1.0,0.16575562964979487,0.16575562964979487
2024-06-29,3373.68994140625,3401.730224609375,3369.552734375,3372.9677734375,6584792001,0.005707839377229458,-0.00019808867293944407,0.2690206336550574,9.032936118273836e-05,0.0012192861605532486,0.0,-1.328838288028976,-0.8648583956560774,-0.1448678288176486,fear,30.0,0,0.0,1.0,0.13736423651614343,0.13736423651614343
2024-06-30,3373.07568359375,3453.21142578125,3352.284423828125,3432.88916015625,8396416013,0.01781421586669215,0.017609225609107902,0.2825419953536962,0.0008798707362286713,0.0008798707362286713,0.0,-0.7103694186037833,-0.8158904415373357,-0.1448678288176486,neutral,47.0,0,0.0,1.0,0.15017810561019415,0.15017810561019415
2024-07-01,3432.607421875,3513.310791015625,3425.3232421875,3440.341552734375,12281551839,0.015232030021332561,0.0021685276720193785,0.2694848654488781,0.0006432814475547459,0.0022011867985537565,0.0,-0.8422835022121445,-0.8631771684478323,-0.1448678288176486,neutral,53.0,0,0.0,1.0,0.14235844773510534,0.14235844773510534
2024-07-02,3439.38134765625,3459.761474609375,3399.026123046875,3416.354736328125,9421757718,0.010636354833549378,-0.006996638978035451,0.22249673823694546,0.00031366862972082916,0.0010936170962274525,0.0,-1.0770591214990204,-1.03334586215796,-0.1448678288176486,neutral,51.0,0,0.0,1.0,0.11656654653524742,0.11656654653524742
2024-07-03,3416.2548828125,3426.332275390625,3254.521240234375,3292.916748046875,16121324440,0.030895991972078426,-0.03680039448140592,0.3175647962546815,0.002646608722937177,0.0037398689918296223,0.0,-0.04207108135862879,-0.6890544803484617,-0.1448678288176486,neutral,50.0,0,0.0,1.0,0.17423039411337995,0.17423039411337995
2024-07-04,3291.81787109375,3309.20361328125,3054.52197265625,3054.52197265625,20252514386,0.048095615910170135,-0.07515061496466699,0.5831959449842467,0.006413519709205529,0.013194490860517678,0.0,0.8365924874465216,0.2729354577512997,-0.1448678288176486,fear,44.0,0,0.0,1.0,0.31564578044720837,0.31564578044720837
2024-07-05,3057.833251953125,3106.152587890625,2826.014404296875,2981.5986328125,31131942647,0.056763525033629796,-0.02416349597673571,0.4806103753549008,0.008933551950821475,0.024913522078885156,0.0,1.2794030972547032,-0.09858078290665909,-0.1448678288176486,fear,29.0,0,0.0,1.0,0.2686869501942653,0.2686869501942653
2024-07-06,2981.988037109375,3080.107421875,2957.395751953125,3069.3779296875,11586293705,0.024416059632030276,0.029015301659585418,0.6082768252393016,0.0016528620423829138,0.008933551950821475,0.0,-0.37310625375637646,0.36376650132221655,-0.1448678288176486,fear,26.0,0,0.0,1.0,0.31634644243566595,0.31634644243566595
2024-07-07,3067.405029296875,3072.814453125,2923.959228515625,2929.38720703125,10857947538,0.029821048906115918,-0.046681655503527444,0.608488370791238,0.0024656491709099918,0.0027066917272870828,0.0,-0.09698584658841793,0.36453261890061744,-0.1448678288176486,fear,29.0,0,0.0,1.0,0.31915470984867694,0.31915470984867694
2024-07-08,2929.861572265625,3090.66455078125,2826.481689453125,3018.73193359375,22627377457,0.05366219382146641,0.0300435968726786,0.737932780452188,0.007984032561609832,0.007984032561609832,2.220446049250313e-16,1.120967845371596,0.8333188295263662,6.15262190625543,fear,28.0,0,0.0,1.0,0.3957974871368272,0.3957974871368272
2024-07-09,3018.80322265625,3105.800537109375,3005.522216796875,3064.032958984375,15269945822,0.019710519967090407,0.014895154999188484,0.5457397185305306,0.0010771634652148798,0.0088809486261741,0.0,-0.6134944325928603,0.13728678424296398,-0.1448678288176486,fear,27.0,0,0.0,1.0,0.2827251192488105,0.2827251192488105
2024-07-10,3066.13720703125,3148.407470703125,3026.6083984375,3102.21875,14578679176,0.023694606617646018,0.012385572618808289,0.5010161377518181,0.0015566266379318764,0.0021571774684812093,0.0,-0.40996255262813186,-0.024680797159603446,-0.1448678288176486,fear,28.0,0,0.0,1.0,0.26235537218473204,0.26235537218473204
2024-07-11,3101.335205078125,3208.9384765625,3057.21923828125,3100.330810546875,15230095766,0.02908784120427592,-0.0006087624106830084,0.46534905180573227,0.0023458942657869496,0.003421961911017315,0.0,-0.13444264787041355,-0.15385005297005744,-0.1448678288176486,fear,29.0,0,0.0,1.0,0.2472184465050041,0.2472184465050041
2024-07-12,3099.989990234375,3154.6015625,3048.508056640625,3134.15869140625,12751638331,0.020545133458858753,0.010851959194587995,0.17442960032206492,0.001170316655645327,0.002630446697248767,0.0,-0.5708571940177785,-1.2074222204785914,-0.1448678288176486,extreme_fear,25.0,1,0.5,1.0,0.09748736689046184,0.09748736689046184
2024-07-13,3134.550537109375,3199.989501953125,3115.080322265625,3177.19873046875,8565105946,0.01615064720933943,0.013639128129379254,0.09910381928687967,0.0007232114837514553,0.0023517863606316892,0.0,-0.7953548333246654,-1.4802164457865845,-0.1448678288176486,extreme_fear,25.0,1,0.5,1.0,0.05762723324810955,0.05762723324810955
2024-07-14,3176.741455078125,3266.487548828125,3166.43115234375,3244.0791015625,10517709666,0.018683536712346002,0.02083161371346049,0.12282220923346948,0.0009678401441415845,0.0022524825409584474,0.0,-0.6659591129233632,-1.3943196954029335,-0.1448678288176486,fear,33.0,0,0.0,1.0,0.07075287297290775,0.07075287297290775
2024-07-15,3246.131591796875,3494.098388671875,3235.776123046875,3489.552734375,18305490390,0.04612703841991461,0.07294205174733921,0.45527427498709,0.005899247209115587,0.00969638745846946,0.0,0.736025327996795,-0.19033611258500754,-0.1448678288176486,neutral,52.0,0,0.0,1.0,0.2507006567035023,0.2507006567035023
2024-07-16,3486.14404296875,3498.218994140625,3351.77978515625,3443.513427734375,20446664416,0.025681496254680046,-0.013281276223357542,0.5038984963691635,0.001828631086089403,0.00608168620951827,0.0,-0.30845989503619,-0.014242262367494466,-0.1448678288176486,greed,65.0,0,0.0,1.0,0.2647899963119218,0.2647899963119218
2024-07-17,3446.73681640625,3516.104248046875,3379.099609375,3388.75244140625,16739123962,0.023868910349764006,-0.016030453163747214,0.5698228254627392,0.0015796127806303871,0.0022907849325443604,0.0,-0.4010580358857826,0.22450436643454635,-0.1448678288176486,greed,69.0,0,0.0,1.0,0.2968458679062516,0.2968458679062516
2024-07-18,3388.030029296875,3488.715576171875,3374.990478515625,3426.258544921875,15035622003,0.019903280301664314,0.011007020314281727,0.5707050386932613,0.0010983348678388022,0.0016778138316027216,0.0,-0.6036470380154892,0.2276993240104169,-0.1448678288176486,greed,61.0,0,0.0,1.0,0.2953041594974628,0.2953041594974628
2024-07-19,3425.90869140625,3540.58837890625,3377.877685546875,3505.73486328125,17705629736,0.02825359011777574,0.02293129734260735,0.5722276097120943,0.0022132615193614243,0.0022944501332061483,0.0,-0.17706137253452683,0.23321335354785963,-0.1448678288176486,greed,60.0,0,0.0,1.0,0.300240599914935,0.300240599914935
2024-07-20,3505.721435546875,3539.904296875,3482.489013671875,3519.29541015625,10360198325,0.009820629084074432,0.003860642072703653,0.2609491663504821,0.0002674016417150531,0.0022132615193614243,0.0,-1.1187314569395959,-0.8940894190877748,-0.1448678288176486,greed,74.0,0,0.0,1.0,0.13538489771727827,0.13538489771727827
2024-07-21,3519.426513671875,3546.619140625,3415.44384765625,3536.60546875,13845913681,0.022633554509408207,0.004906557962795613,0.2245894182172504,0.0014203356224602973,0.0014203356224602973,0.0,-0.464167681500031,-1.0257671685659457,-0.1448678288176486,greed,74.0,0,0.0,1.0,0.1236114863633293,0.1236114863633293
2024-07-22,3536.627197265625,3560.075439453125,3425.795654296875,3440.419921875,18723199034,0.023090366939871203,-0.02757382571951999,0.2970378770819359,0.001478247392018122,0.0017201159752216904,0.0,-0.44083086658652404,-0.7633932384301508,-0.1448678288176486,greed,70.0,0,0.0,1.0,0.16006412201090356,0.16006412201090356
2024-07-23,3440.768310546875,3539.53173828125,3395.4208984375,3481.995849609375,24468405650,0.02496335448482644,0.01201211514150231,0.29881951809526663,0.001727791527587475,0.0022424019027220228,0.0,-0.345147034980578,-0.7569409803409651,-0.1448678288176486,greed,71.0,0,0.0,1.0,0.16189143629004654,0.16189143629004654
2024-07-24,3482.15185546875,3487.653076171875,3304.039306640625,3336.33935546875,16040945448,0.03248032381154749,-0.04273144480608137,0.3789153889358394,0.002925001902697119,0.004740141949977881,0.0,0.03886642478977405,-0.4668717538948832,-0.1448678288176486,greed,69.0,0,0.0,1.0,0.20569785637369345,0.20569785637369345
2024-07-25,3336.3623046875,3341.4384765625,3088.764404296875,3174.42724609375,25293745810,0.04722228010186116,-0.04974698344282357,0.44207816222854857,0.006182716859259681,0.014752020795230518,0.0,0.7919770725481401,-0.2381261694230738,-0.1448678288176486,greed,68.0,0,0.0,1.0,0.24465022116520485,0.24465022116520485
2024-07-26,3174.051025390625,3285.760986328125,3172.777099609375,3275.951416015625,15993893521,0.021014248494665523,0.03148111446436277,0.5626023479892278,0.0012243714084535754,0.006182716859259681,0.0,-0.5468918856467476,0.19835522424615945,-0.1448678288176486,greed,68.0,0,0.0,1.0,0.29180829824194665,0.29180829824194665
2024-07-27,3275.8916015625,3327.426513671875,3195.356689453125,3247.60791015625,15198233287,0.024323008043214293,-0.00868963790870826,0.5525561763883504,0.001640287665800052,0.002264991369202979,0.0,-0.3778599065924112,0.16197275915240378,-0.1448678288176486,greed,72.0,0,0.0,1.0,0.28843959221578236,0.28843959221578236
2024-07-28,3247.50732421875,3283.152099609375,3201.76318359375,3271.464599609375,8959236446,0.015075475909146012,0.007319076729185486,0.5408367967489753,0.0006301261665034962,0.001640287665800052,0.0,-0.8502812581758843,0.11953072873628023,-0.1448678288176486,greed,71.0,0,0.0,1.0,0.2779561363290607,0.2779561363290607
2024-07-29,3271.453369140625,3396.625732421875,3257.715576171875,3320.539306640625,18334852719,0.025077214394088707,0.014889437070117674,0.4900629353503579,0.0017435886696597865,0.003490547339897062,0.0,-0.339330363954728,-0.06434809728825767,-0.1448678288176486,greed,74.0,0,0.0,1.0,0.2575700748722233,0.2575700748722233
2024-07-30,3320.63525390625,3365.322509765625,3235.760009765625,3278.667724609375,14045773047,0.023578013128087747,-0.012690053134925989,0.28553002472949257,0.0015413450169641629,0.0023540616653774595,0.0,-0.41591887190601035,-0.8050692174150507,-0.1448678288176486,greed,67.0,0,0.0,1.0,0.15455401892879017,0.15455401892879017
2024-07-31,3278.6865234375,3347.636474609375,3216.07177734375,3231.295654296875,16135380637,0.024078839054790014,-0.014553970196310946,0.20788236137387936,0.001607520574463815,0.0020578136575056184,0.0,-0.3903335743616976,-1.086272198399425,-0.1448678288176486,greed,61.0,0,0.0,1.0,0.11598060021433469,0.11598060021433469
2024-08-01,3231.248779296875,3241.77734375,3078.5439453125,3201.564453125,20217639556,0.03102799589006401,-0.009243606225469832,0.20891499870121175,0.0026692724426656596,0.0070220757576852765,0.0,-0.03532750172625076,-1.0825324761441435,-0.1448678288176486,neutral,52.0,0,0.0,1.0,0.11997149729563789,0.11997149729563789
2024-08-02,3201.599365234375,3214.527099609375,2965.73388671875,2986.01318359375,21400241741,0.048378650174781414,-0.06970046769621462,0.49383889743547005,0.006489226694206162,0.007920505855142628,0.0,0.851051634805361,-0.05067335488738728,-0.1448678288176486,greed,57.0,0,0.0,1.0,0.2711087738051257,0.2711087738051257
2024-08-03,2985.950927734375,3015.296142578125,2861.177490234375,2903.3857421875,17844091431,0.03150832255032476,-0.028061560938994944,0.3968080851958816,0.0027525550772631033,0.013559904977419279,0.0,-0.010789433974532392,-0.40207290086142483,-0.1448678288176486,fear,37.0,0,0.0,1.0,0.2141582038731032,0.2141582038731032
2024-08-04,2903.088623046875,2931.4716796875,2639.566650390625,2686.39892578125,21139601426,0.06299275697630645,-0.07767594583538323,0.5043411543795469,0.01100187446137179,0.017711162696772635,0.0,1.5976309369660977,-0.012639165162800406,-0.1448678288176486,fear,34.0,0,0.0,1.0,0.28366695567792666,0.28366695567792666
2024-08-05,2686.027587890625,2695.88671875,2122.546142578125,2417.206298828125,67668132244,0.14360066714983763,-0.10558915612966015,0.6179983313793063,0.05717397238205537,0.10425678839988745,0.0,5.715583415574659,0.3989731822200982,-0.1448678288176486,fear,26.0,0,0.0,1.0,0.38079949926457196,0.38079949926457196
2024-08-06,2417.269775390625,2553.5810546875,2416.527099609375,2458.723876953125,26041995921,0.03313012852321015,0.01703001480287719,0.7604599622077943,0.0030432083977722617,0.05717397238205537,0.0,0.07206248355425801,0.9149015892527136,-0.1448678288176486,extreme_fear,17.0,1,0.5,1.0,0.39679504536550225,0.39679504536550225
2024-08-07,2458.989013671875,2551.560791015625,2312.168701171875,2336.58935546875,24264218606,0.05916688811378085,-0.050950140414945395,0.7457139585754189,0.009706058591319696,0.00986263368622777,0.0,1.4021818038555616,0.8614985633298399,-0.1448678288176486,fear,29.0,0,0.0,1.0,0.40244042334459984,0.40244042334459984
2024-08-08,2336.9150390625,2721.95458984375,2322.529541015625,2683.352783203125,23468291180,0.09530504558175759,0.13837472540841295,1.5467243107916275,0.025183566743929683,0.02662259064260787,0.0,3.2483432388466777,3.762377857159335,-0.1448678288176486,extreme_fear,20.0,1,0.5,1.0,0.8210146781866926,0.8210146781866926
2024-08-09,2683.719970703125,2706.451171875,2555.2294921875,2599.5986328125,17907141655,0.03452999047990095,-0.031709990019111754,1.462961937845983,0.003305813657770289,0.025183566743929683,0.0,0.14357612287147709,3.459030300404591,-0.1448678288176486,neutral,48.0,0,0.0,1.0,0.748745964162942,0.748745964162942
2024-08-10,2599.582275390625,2642.92578125,2580.661865234375,2610.02294921875,9361014219,0.014317770095731569,0.004001952984403117,1.1739902906215334,0.0005683766415053556,0.003305813657770289,0.0,-0.8889895750853418,2.4125121553919766,-0.1448678288176486,fear,40.0,0,0.0,1.0,0.5941540303586325,0.5941540303586325
2024-08-11,2609.9697265625,2718.797607421875,2544.1748046875,2553.252197265625,13595441987,0.039867277134785516,-0.021991096048381804,1.2028013861156008,0.004406751922187053,0.004406751922187053,0.0,0.41623785994183393,2.5168522680010645,-0.1448678288176486,fear,39.0,0,0.0,1.0,0.6213343316251931,0.6213343316251931
2024-08-12,2553.49658203125,2749.135009765625,2513.39404296875,2724.431884765625,21653090666,0.05384167657443203,0.06489200567317864,1.1266171617184433,0.008037529912238349,0.008037529912238349,2.220446049250313e-16,1.1301369386510411,2.2409491682986507,6.15262190625543,extreme_fear,25.0,1,0.5,1.0,0.5902294191464377,0.5902294191464377
2024-08-13,2724.303466796875,2737.990478515625,2613.80126953125,2703.671875,16383053029,0.027877247823451627,-0.00764912091036673,0.6025649960234906,0.0021546922230529825,0.008037529912238349,0.0,-0.19628727332243853,0.34308096703892904,-0.1448678288176486,fear,31.0,0,0.0,1.0,0.31522112192347107,0.31522112192347107
2024-08-14,2703.5869140625,2775.281005859375,2636.705322265625,2662.914794921875,15825365408,0.030761856922348268,-0.015189492393236552,0.5547003984065502,0.002623678087166467,0.0035935730982174065,0.0,-0.048923532430930165,0.1697381135410946,-0.1448678288176486,fear,30.0,0,0.0,1.0,0.2927311276644492,0.2927311276644492
2024-08-15,2662.885498046875,2675.314453125,2518.670654296875,2570.087646484375,16345801912,0.036235269734963264,-0.0354813084052289,0.6247372433141327,0.003640394499329534,0.009413028112331941,0.0,0.23069237386950245,0.42337832260385433,-0.1448678288176486,fear,29.0,0,0.0,1.0,0.330486256524548,0.330486256524548
2024-08-16,2570.085205078125,2629.383544921875,2553.071533203125,2593.1865234375,13275561555,0.01768788954813594,0.008947435404047986,0.604014640104413,0.0008674360909268169,0.003640394499329534,0.0,-0.7168229512098533,0.3483308898222431,-0.1448678288176486,fear,27.0,0,0.0,1.0,0.31085126482627445,0.31085126482627445
2024-08-17,2593.1669921875,2626.6728515625,2588.78515625,2614.546875,6676568717,0.008725707376173392,0.008203365923541336,0.29233731567299387,0.0002110992747786583,0.0008674360909268169,0.0,-1.174666855230246,-0.78041644071817,-0.1448678288176486,extreme_fear,25.0,1,0.5,1.0,0.15053151152458363,0.15053151152458363
2024-08-18,2614.109619140625,2684.031005859375,2596.735107421875,2613.357177734375,9207267415,0.01985746201049336,-0.00045513355798471977,0.29765664777143064,0.0010932838509106252,0.0013054532886001829,0.0,-0.6059877207758643,-0.7611523446941116,-0.1448678288176486,fear,31.0,0,0.0,1.0,0.158757054890962,0.158757054890962
2024-08-19,2612.718505859375,2648.284423828125,2566.401123046875,2637.306396484375,11968963282,0.018862106107386947,0.00912242214579242,0.304425014868307,0.000986428972784433,0.0020084016907980216,0.0,-0.656836679636984,-0.7366405316943893,-0.1448678288176486,fear,28.0,0,0.0,1.0,0.16164356048784695,0.16164356048784695
2024-08-20,2637.306396484375,2695.913818359375,2556.74755859375,2573.10693359375,13249483464,0.03183050068304572,-0.02464399960665874,0.2297459456473522,0.0028091335868433284,0.0028091335868433284,0.0,0.005669425178814026,-1.0070926737748866,-0.1448678288176486,fear,30.0,0,0.0,1.0,0.13078822316519897,0.13078822316519897
2024-08-21,2573.10888671875,2662.953369140625,2538.65771484375,2631.3955078125,12766015263,0.028707013788931892,0.02240022447604025,0.2768985403905869,0.0022848699616244174,0.0036122195634724994,0.0,-0.15389767648437927,-0.8363283567313756,-0.1448678288176486,fear,26.0,0,0.0,1.0,0.1528027770897594,0.1528027770897594
2024-08-22,2630.8642578125,2644.82373046875,2587.110595703125,2622.951416015625,10723280428,0.013250042337858694,-0.0032141383843607603,0.27504539611913326,0.00048676571826813416,0.0022848699616244174,0.0,-0.9435357375841127,-0.8430395656822528,-0.1448678288176486,fear,39.0,0,0.0,1.0,0.14414771922849598,0.14414771922849598
2024-08-23,2622.916015625,2799.329833984375,2622.5810546875,2764.447021484375,16857181970,0.039169247537279704,0.052540444326856055,0.45812087290885123,0.004253788664002967,0.0062154918444092344,0.0,0.3805781746205903,-0.1800270860583862,-0.1448678288176486,fear,34.0,0,0.0,1.0,0.24864506022306546,0.24864506022306546
2024-08-24,2765.4814453125,2820.0205078125,2737.776611328125,2769.3896484375,11765811307,0.01777542369529776,0.0017863296523750458,0.463190530907764,0.0008760429019085295,0.005268609658537025,0.0,-0.7123511635466835,-0.16166719111426486,-0.1448678288176486,greed,56.0,0,0.0,1.0,0.2404829773015309,0.2404829773015309
2024-08-25,2769.09814453125,2793.012939453125,2736.0888671875,2749.15771484375,9375535539,0.012366419909060936,-0.0073323731435487914,0.3931611462240148,0.0004240073945855859,0.000912926722379922,0.0,-0.9886766569180652,-0.41528038278731716,-0.1448678288176486,neutral,54.0,0,0.0,1.0,0.2027637830665379,0.2027637830665379
2024-08-26,2749.24755859375,2763.004150390625,2668.88671875,2681.340576171875,12282035835,0.020813722857842526,-0.024977694805671382,0.46151985774825305,0.0012011160970959998,0.0020665655562588947,0.0,-0.5571359800712545,-0.16771757630813056,-0.1448678288176486,neutral,55.0,0,0.0,1.0,0.24116679030304777,0.24116679030304777
2024-08-27,2681.622802734375,2700.15283203125,2401.175048828125,2458.7265625,18028996056,0.07047595021162578,-0.08667332605342254,0.7983752253622847,0.013771058796101677,0.019701021355293558,0.0,1.9799189043002114,1.0522126758081463,-0.1448678288176486,neutral,48.0,0,0.0,1.0,0.4344255877869552,0.4344255877869552
2024-08-28,2458.90478515625,2553.820068359375,2422.293701171875,2528.41552734375,20359545410,0.031754915426538396,0.02794927437788038,0.6819220795527368,0.0027958081927702844,0.013771058796101677,0.0,0.0018080610309216263,0.630474656510936,-0.1448678288176486,fear,30.0,0,0.0,1.0,0.3568384974896376,0.3568384974896376
2024-08-29,2528.3623046875,2595.97705078125,2507.50244140625,2528.792724609375,13946434277,0.020824906630783537,0.00014917213115699394,0.6790451249721121,0.0012024072278327873,0.004795293384189267,0.0,-0.5565646435187562,0.6200556925747879,-0.1448678288176486,fear,29.0,0,0.0,1.0,0.3499350158014478,0.3499350158014478
2024-08-30,2528.732177734375,2539.915283203125,2432.83447265625,2525.822021484375,15526218255,0.02586839325367854,-0.001175442092530881,0.6866045432551355,0.0018553436466091358,0.004212779924206792,0.0,-0.2989120360405468,0.6474323174959845,-0.1448678288176486,fear,34.0,0,0.0,1.0,0.356236468254407,0.356236468254407
2024-08-31,2525.859130859375,2532.389892578125,2493.70556640625,2513.393798828125,6646876013,0.00924485596288703,-0.004932611857998876,0.6865786859121924,0.00023696584337564334,0.0018553436466091358,0.0,-1.1481455224625152,0.6473386744731077,-0.1448678288176486,fear,29.0,0,0.0,1.0,0.3479117709375397,0.3479117709375397
2024-09-01,2513.42431640625,2515.46728515625,2401.88916015625,2427.90234375,11800443265,0.027747733999658117,-0.03460629942396255,0.3525302766312269,0.002134717928028259,0.0027992459521160758,0.0,-0.20290364348457784,-0.5624261068917552,-0.1448678288176486,fear,26.0,0,0.0,1.0,0.1901390053154425,0.1901390053154425
2024-09-02,2427.973388671875,2563.0859375,2426.095947265625,2538.187255859375,12520444224,0.03298799671106786,0.0444224959173987,0.44855759158290015,0.0030171530258782603,0.00421933378194213,0.0,0.06480150821275053,-0.21466075178163474,-0.1448678288176486,fear,26.0,0,0.0,1.0,0.240772794146984,0.240772794146984
2024-09-03,2538.16064453125,2552.802734375,2419.875244140625,2420.603759765625,11406800197,0.03211553906536278,-0.04743315088676016,0.5648400503125584,0.0028596697714391747,0.0033057888696442425,0.0,0.020230955311951553,0.2064591199293348,-0.1448678288176486,fear,26.0,0,0.0,1.0,0.2984777946889606,0.2984777946889606
2024-09-04,2420.1923828125,2488.91650390625,2313.26513671875,2448.97705078125,16709600747,0.04395355583307451,0.011653410515005637,0.5827304621003004,0.005356405936436257,0.009708527730184956,0.0,0.6249903441295453,0.27124969968845364,-0.1448678288176486,fear,27.0,0,0.0,1.0,0.31334200896668746,0.31334200896668746
2024-09-05,2448.98681640625,2465.38525390625,2348.86328125,2367.737548828125,13632325040,0.029077121924954912,-0.033735528614387535,0.6138915581153626,0.0023441655941860706,0.005356405936436257,0.0,-0.13499025520515043,0.38410039874998986,-0.1448678288176486,fear,29.0,0,0.0,1.0,0.32148434002015874,0.32148434002015874
2024-09-06,2367.700927734375,2406.511962890625,2150.86328125,2223.87646484375,25825618367,0.06744848422293336,-0.06268304999646478,0.7048261626275858,0.01261333239537052,0.018626462081757455,0.0,1.8252571465992555,0.7134223739182712,-0.1448678288176486,extreme_fear,22.0,1,0.5,1.0,0.3861373234252596,0.3861373234252596
2024-09-07,2223.92919921875,2310.19482421875,2222.100830078125,2274.107177734375,11124608320,0.023349094272058165,0.022335697564614777,0.5906661356960387,0.0015115604833285598,0.01261333239537052,0.0,-0.42761346823728696,0.2999889427616228,-0.1448678288176486,extreme_fear,23.0,1,0.5,1.0,0.3070076149840484,0.3070076149840484
2024-09-08,2274.437744140625,2332.359375,2243.911376953125,2297.29296875,10718443487,0.02321761748150529,0.010143933626153243,0.5755510709858196,0.001494585470219242,0.002345202830503768,0.0,-0.4343301189279098,0.24524935279071536,-0.1448678288176486,fear,29.0,0,0.0,1.0,0.29938434423366245,0.29938434423366245
2024-09-09,2297.896240234375,2379.78662109375,2274.115478515625,2358.482177734375,15887712451,0.027277281216711403,0.026286807450088948,0.6187237309289653,0.0020629448344595016,0.0034563035032087784,0.0,-0.2269372922844677,0.4016002350759532,-0.1448678288176486,fear,26.0,0,0.0,1.0,0.3230005060728383,0.3230005060728383
2024-09-10,2358.497802734375,2398.50390625,2323.07177734375,2389.5810546875,12795818970,0.019190824413395667,0.013099792549207671,0.582005994212435,0.0010211104390817083,0.002835987923052966,0.0,-0.640043707829645,0.2686260208693991,-0.1448678288176486,fear,33.0,0,0.0,1.0,0.30059840931291537,0.30059840931291537
2024-09-11,2389.603759765625,2389.71826171875,2279.0537109375,2339.841552734375,15355180967,0.028475705066060338,-0.02103484508209975,0.29593105081701904,0.0022481973141312336,0.002609662188602661,0.0,-0.16571436205062373,-0.7674016378033681,-0.1448678288176486,fear,37.0,0,0.0,1.0,0.1622033779415397,0.1622033779415397
2024-09-12,2339.8408203125,2390.186767578125,2316.15771484375,2361.78173828125,12162634681,0.018894768319229413,0.00933309346577322,0.27596865054140807,0.0009898481930522775,0.0022668254674074457,0.0,-0.6551680910837766,-0.839695976390175,-0.1448678288176486,fear,31.0,0,0.0,1.0,0.14743170943031875,0.14743170943031875
2024-09-13,2361.740966796875,2462.802978515625,2338.14404296875,2441.607177734375,13759640866,0.031194742138352414,0.03324019383426923,0.3324857297876683,0.0026980391822202013,0.0037687895757226543,0.0,-0.026809068175998773,-0.6350179413565605,-0.1448678288176486,fear,32.0,0,0.0,1.0,0.18184023596301038,0.18184023596301038
2024-09-14,2441.580810546875,2442.632080078125,2386.979736328125,2418.595703125,8170291680,0.01384132692135068,-0.009469418098884515,0.33384267478439433,0.0005311790101549318,0.0026980391822202013,0.0,-0.9133292502690082,-0.6301037306563154,-0.1448678288176486,neutral,50.0,0,0.0,1.0,0.17384200085287252,0.17384200085287252
2024-09-15,2418.26611328125,2430.38330078125,2286.628173828125,2320.897216796875,10155470375,0.036616614524776145,-0.04123324147661824,0.45278688192877425,0.003717421689977902,0.004355717514241081,0.0,0.25017383318328157,-0.19934426959386445,-0.1448678288176486,neutral,51.0,0,0.0,1.0,0.2447017482267752,0.2447017482267752
2024-09-16,2320.89453125,2334.789794921875,2253.715087890625,2295.28369140625,16819033263,0.021224949250562217,-0.01109739360862194,0.4369878664178902,0.0012490469792184283,0.005695566507563931,0.0,-0.5361279829711714,-0.25656080472554,-0.1448678288176486,fear,39.0,0,0.0,1.0,0.22910640783422623,0.22910640783422623
2024-09-17,2295.284423828125,2392.149169921875,2263.79296875,2341.707763671875,15356783863,0.033121241628554156,0.020024028033948524,0.46311018848953983,0.0030415759836288233,0.0035536133648555977,0.0,0.07160848580395032,-0.16195815321830997,-0.1448678288176486,fear,33.0,0,0.0,1.0,0.248115715059047,0.248115715059047
2024-09-18,2341.73291015625,2369.72900390625,2278.66455078125,2369.72900390625,18159056422,0.023533625133321946,0.011895127545669125,0.3787396410644788,0.0015355470039585387,0.0030415759836288233,0.0,-0.4181864862464986,-0.4675082292657121,-0.1448678288176486,fear,45.0,0,0.0,1.0,0.2011366330989004,0.2011366330989004
2024-09-19,2369.374755859375,2492.20458984375,2369.374755859375,2464.752197265625,18437147349,0.030353319339523576,0.039315669682806115,0.49185596198341347,0.0025544525178637675,0.008024244632544437,0.0,-0.06979416842901005,-0.05785460588864613,-0.1448678288176486,neutral,49.0,0,0.0,1.0,0.26110464066146855,0.26110464066146855
2024-09-20,2464.7822265625,2571.99267578125,2439.3779296875,2561.072021484375,19112788620,0.031792448228698554,0.038334655280300785,0.33123418845018643,0.002802421123598416,0.00673299913856143,0.0,0.003725469574969171,-0.6395504300331775,-0.1448678288176486,neutral,54.0,0,0.0,1.0,0.18151331833944248,0.18151331833944248
2024-09-21,2560.879638671875,2621.62255859375,2530.837890625,2615.857177734375,10797825021,0.02116557449357959,0.021165907208287316,0.19236516509999482,0.0012420685756768903,0.005191254853042701,0.0,-0.539161214165939,-1.1424681180210106,-0.1448678288176486,neutral,54.0,0,0.0,1.0,0.1067653697967872,0.1067653697967872
2024-09-22,2615.84814453125,2632.039306640625,2528.522216796875,2582.862548828125,13180663011,0.024096869380366693,-0.012693537511001317,0.34087567770477123,0.001609928910760411,0.001609928910760411,0.0,-0.3894124733960633,-0.6046335323140387,-0.1448678288176486,neutral,52.0,0,0.0,1.0,0.18248627354256897,0.18248627354256897
2024-09-23,2582.77490234375,2701.677734375,2541.910400390625,2648.54638671875,19912841456,0.03660843256003575,0.025112657258749498,0.3349082938148029,0.0037157605634435165,0.004387464043958808,0.0,0.2497558476293817,-0.6262445643273532,-0.1448678288176486,neutral,50.0,0,0.0,1.0,0.18575836318741934,0.18575836318741934
2024-09-24,2648.482177734375,2671.27587890625,2593.152099609375,2654.35498046875,16658812503,0.017825889457841766,0.00219072378340883,0.31903828342556634,0.0008810242662715317,0.0037157605634435165,0.0,-0.7097730590963189,-0.6837182092104959,-0.1448678288176486,neutral,54.0,0,0.0,1.0,0.16843208644170404,0.16843208644170404
2024-09-25,2654.361572265625,2672.4619140625,2557.724365234375,2579.388671875,14119729962,0.02635392852156912,-0.028649257997379086,0.35982899266857166,0.0019256447934887678,0.0019256447934887678,0.0,-0.27410788027521815,-0.5359936217613261,-0.1448678288176486,greed,59.0,0,0.0,1.0,0.19309146059507037,0.19309146059507037
2024-09-26,2579.217529296875,2665.99267578125,2559.954345703125,2632.199951171875,17336033595,0.024375007547387875,0.02026755789673181,0.3567675701554753,0.001647308616432525,0.0019256447934887678,0.0,-0.3752034490978919,-0.5470806409906451,-0.1448678288176486,neutral,50.0,0,0.0,1.0,0.19057128885143157,0.19057128885143157
2024-09-27,2632.241943359375,2728.067626953125,2616.950927734375,2695.900634765625,17023020294,0.024973531481697637,0.023912355962124945,0.36128445550616445,0.0017292005780599176,0.004045482171584953,0.0,-0.34462713079995455,-0.5307226262032417,-0.1448678288176486,greed,61.0,0,0.0,1.0,0.19312899349393103,0.19312899349393103
2024-09-28,2695.81591796875,2704.9287109375,2652.25048828125,2677.5390625,10252590559,0.011811259392379847,-0.00683422342755452,0.3396508995477942,0.0003867923420548256,0.0017292005780599176,0.0,-1.0170377026364192,-0.6090690974540887,-0.1448678288176486,greed,64.0,0,0.0,1.0,0.17573107947008704,0.17573107947008704
2024-09-29,2677.628662109375,2683.44580078125,2635.5849609375,2659.346923828125,11126215671,0.010808036530582104,-0.0068175371109074024,0.34559737225596593,0.0003238762187036249,0.0006744618570669679,0.0,-1.068288554586844,-0.587533795815688,-0.1448678288176486,greed,63.0,0,0.0,1.0,0.17820270439327401,0.17820270439327401
2024-09-30,2659.292724609375,2662.489013671875,2576.97607421875,2603.062744140625,17826446789,0.019605174841606288,-0.02139184502068316,0.30911265280594497,0.001065680187915845,0.0016390407265847165,0.0,-0.6188761156021675,-0.7196641320852701,-0.1448678288176486,greed,61.0,0,0.0,1.0,0.16435891382377563,0.16435891382377563
2024-10-01,2603.26416015625,2657.615478515625,2415.07861328125,2448.921142578125,25482371785,0.0574721730954051,-0.06104115266475197,0.48972589268490546,0.009158001065208969,0.009512016253617687,0.0,1.3156052396519764,-0.06556870584424314,-0.1448678288176486,neutral,50.0,0,0.0,1.0,0.2735990328901553,0.2735990328901553
2024-10-02,2448.877197265625,2498.121337890625,2354.539306640625,2365.231689453125,20148256472,0.03554955970540862,-0.034771594518332734,0.360355310187523,0.0035039177634372362,0.014661383315590217,0.0,0.19566204856107505,-0.5340875495258284,-0.1448678288176486,fear,42.0,0,0.0,1.0,0.1979524349464658,0.1979524349464658
2024-10-03,2365.213623046875,2402.862548828125,2311.02783203125,2349.791259765625,18051447791,0.023402897701676393,-0.006549484508482835,0.36132228421486645,0.0015185347015475973,0.006060094693880896,0.0,-0.42486485503199417,-0.5305856285758299,-0.1448678288176486,fear,37.0,0,0.0,1.0,0.19236259095827143,0.19236259095827143
2024-10-04,2349.73291015625,2440.242431640625,2339.870849609375,2414.7939453125,14879264082,0.02522456525046692,0.027287462033179014,0.5216314081048916,0.0017641391258487985,0.0029599058850762307,0.0,-0.3318027674329787,0.04997792696108835,-0.1448678288176486,fear,41.0,0,0.0,1.0,0.27342798667767926,0.27342798667767926
2024-10-05,2414.84716796875,2427.517578125,2390.844482421875,2415.6318359375,8152969183,0.009142054311041791,0.00034692206084847404,0.5386733941780643,0.00023172508300725567,0.0017641391258487985,0.0,-1.1533972690480527,0.11169591148977417,-0.1448678288176486,neutral,49.0,0,0.0,1.0,0.273907724244553,0.273907724244553
2024-10-06,2415.53173828125,2456.630615234375,2407.099365234375,2439.957763671875,8458690205,0.012232412438351044,0.010019846511531982,0.3632448201258375,0.0004148677574152463,0.00073680211203647,0.0,-0.9955225904619801,-0.5236231160435647,-0.1448678288176486,neutral,50.0,0,0.0,1.0,0.18773861628209426,0.18773861628209426
2024-10-07,2439.94482421875,2520.40625,2405.13427734375,2421.796630859375,17414044416,0.028114890990874546,-0.00747105501970075,0.22896266154554729,0.0021915847023129685,0.0021915847023129685,0.0,-0.184146985003254,-1.0099293570035428,-0.1448678288176486,neutral,50.0,0,0.0,1.0,0.12853877626821092,0.12853877626821092
2024-10-08,2421.98095703125,2464.12744140625,2400.5107421875,2439.8408203125,14067361080,0.015708424033182664,0.0074231254351555245,0.20594014752747267,0.0006841489812128969,0.0023754486822875837,0.0,-0.8179463385557596,-1.093305975073649,-0.1448678288176486,neutral,49.0,0,0.0,1.0,0.11082428578032766,0.11082428578032766
2024-10-09,2439.840087890625,2470.9130859375,2350.946533203125,2368.283447265625,14954047093,0.02988976634881958,-0.029767390727599395,0.25372974485023236,0.002477025586326355,0.002477025586326355,0.0,-0.09347533300611564,-0.9202347370422288,-0.1448678288176486,neutral,49.0,0,0.0,1.0,0.14180975559952597,0.14180975559952597
2024-10-10,2368.273193359375,2417.2880859375,2329.78466796875,2383.85791015625,15327769940,0.02214295586878778,0.006554737109736947,0.2638842087475422,0.0013594293477434082,0.0034588403605815225,0.0,-0.48923050577863714,-0.8834600886520488,-0.1448678288176486,fear,39.0,0,0.0,1.0,0.143013582308165,0.143013582308165
2024-10-11,2383.940185546875,2470.395751953125,2380.504638671875,2436.513427734375,13489061564,0.022260319328349036,0.021847948378953628,0.3091369687511057,0.0013738782003291225,0.0034342547809914285,0.0,-0.4832348516529078,-0.7195760712735322,-0.1448678288176486,fear,32.0,0,0.0,1.0,0.16569864403972737,0.16569864403972737
2024-10-12,2436.515625,2488.23779296875,2434.202880859375,2476.523193359375,9372169184,0.013185562854831996,0.01628754401931218,0.3201492565219709,0.0004820396906378673,0.001959146597920636,0.0,-0.9468297498761767,-0.6796947919819357,-0.1448678288176486,neutral,49.0,0,0.0,1.0,0.16666740968840146,0.16666740968840146
2024-10-13,2476.520263671875,2484.12939453125,2436.9697265625,2467.677001953125,9189490605,0.011510897608332016,-0.0035784153134817112,0.3232660373763572,0.00036737012326003163,0.0004820396906378673,0.0,-1.032382047260121,-0.6684072911164627,-0.1448678288176486,neutral,50.0,0,0.0,1.0,0.1673884674923446,0.1673884674923446
2024-10-14,2467.6474609375,2652.8818359375,2443.552978515625,2628.89990234375,21434687898,0.04936217659071209,0.06328824753346127,0.4065791424764648,0.00675575754740583,0.007206512820048727,0.0,0.9012962700221742,-0.36668676925196103,-0.1448678288176486,neutral,48.0,0,0.0,1.0,0.22797065953358844,0.22797065953358844
2024-10-15,2629.017578125,2685.166748046875,2537.94091796875,2606.02197265625,22003780898,0.033865489892963604,-0.008740560369299363,0.45244365551623283,0.003179802725276543,0.00889054954182566,0.0,0.10962930756359167,-0.20058727274667268,-0.1448678288176486,greed,65.0,0,0.0,1.0,0.24315457270459823,0.24315457270459823
2024-10-16,2606.01953125,2644.854248046875,2589.60693359375,2611.10205078125,17012396419,0.012677761733470912,0.0019474636630232294,0.4632144246401722,0.0004456261039661522,0.003179802725276543,0.0,-0.9727713836667985,-0.16158065935671212,-0.1448678288176486,greed,73.0,0,0.0,1.0,0.23794609318682156,0.23794609318682156
2024-10-17,2611.192138671875,2646.8740234375,2577.305908203125,2604.2734375,15150712321,0.0159957664184661,-0.00261864834037678,0.47618728904354135,0.0007094071472137829,0.0007094071472137829,0.0,-0.8032671056474766,-0.11459910209559766,-0.1448678288176486,greed,71.0,0,0.0,1.0,0.24609152773100373,0.24609152773100373
2024-10-18,2604.814453125,2674.371826171875,2595.958984375,2641.55224609375,17043738652,0.017871813971535148,0.014212990821686774,0.4605812005444706,0.0008855696473077196,0.001366772744841752,0.0,-0.7074269498300517,-0.17111694716385378,-0.1448678288176486,greed,73.0,0,0.0,1.0,0.23922650725800287,0.23922650725800287
2024-10-19,2641.48828125,2661.872802734375,2631.656982421875,2648.656982421875,8557834553,0.0068561611105032,0.0026859960703630786,0.13401019745487147,0.0001303309260540928,0.0008855696473077196,0.0,-1.2701748849262935,-1.3538021124762236,-0.1448678288176486,greed,72.0,0,0.0,1.0,0.07043317928268733,0.07043317928268733
2024-10-20,2648.665771484375,2756.436767578125,2635.94580078125,2746.364013671875,14559296242,0.026843142497434094,0.03622514753887915,0.24871262581389458,0.0019978007235501674,0.0021460186196026656,0.0,-0.2491157932685433,-0.9384043608016751,-0.1448678288176486,greed,73.0,0,0.0,1.0,0.13777788415566433,0.13777788415566433
2024-10-21,2746.3056640625,2765.549560546875,2655.29443359375,2665.712158203125,17328615363,0.02443312692878548,-0.029806611723017833,0.3832212514194139,0.00165517361493194,0.0023037423462031036,0.0,-0.37223435028158186,-0.45127796376955054,-0.1448678288176486,greed,72.0,0,0.0,1.0,0.20382718917409967,0.20382718917409967
2024-10-22,2665.65673828125,2669.7900390625,2605.61865234375,2620.197509765625,15541911074,0.014611473184224592,-0.01722154792344878,0.41236067191074627,0.0005919342412981814,0.003548494090351694,0.0,-0.8739853979688387,-0.34574881386078543,-0.1448678288176486,greed,70.0,0,0.0,1.0,0.21348607254748542,0.21348607254748542
2024-10-23,2620.088623046875,2624.450439453125,2457.169921875,2509.098876953125,17876984551,0.03955372261711626,-0.04332602482144412,0.49264450363486584,0.004337706662962559,0.006887270860763399,0.0,0.4002195485821256,-0.05499888231067812,-0.1448678288176486,greed,71.0,0,0.0,1.0,0.26609911312599105,0.26609911312599105
2024-10-24,2523.60693359375,2559.1513671875,2506.722900390625,2534.49853515625,16128627601,0.012431270787440845,0.010072125451518981,0.5074672596257567,0.00042846613874948213,0.004337706662962559,0.0,-0.9853636714456769,-0.0013178957759921962,-0.1448678288176486,greed,69.0,0,0.0,1.0,0.2599492652065988,0.2599492652065988
2024-10-25,2534.454833984375,2563.734130859375,2381.45068359375,2435.93408203125,22560233078,0.044294396225965094,-0.039665511408436306,0.3422674970784651,0.005439801153856729,0.005439801153856729,0.0,0.6424025873906859,-0.5995930231736406,-0.1448678288176486,greed,72.0,0,0.0,1.0,0.1932809466522151,0.1932809466522151
2024-10-26,2436.050048828125,2503.23046875,2427.46142578125,2479.603271484375,13597102184,0.01845888201311627,0.017768286644448166,0.4431147810980174,0.0009447050569029343,0.005439801153856729,0.0,-0.6774358696527283,-0.23437202791202455,-0.1448678288176486,greed,72.0,0,0.0,1.0,0.23078683155556684,0.23078683155556684
2024-10-27,2479.93701171875,2523.17138671875,2462.27197265625,2505.940673828125,9801434566,0.01467297575341927,0.010565606337183628,0.4750242772581578,0.000596927864471671,0.001495412716603409,0.0,-0.8708434649164771,-0.11881097875532415,-0.1448678288176486,greed,74.0,0,0.0,1.0,0.24484862650578854,0.24484862650578854
2024-10-28,2505.590576171875,2587.43017578125,2470.268310546875,2565.34814453125,18971841402,0.027829045631938193,0.023430015732824112,0.4010319661144561,0.002147247363676504,0.002458244144808364,0.0,-0.19874974051194633,-0.3867760090517334,-0.1448678288176486,greed,72.0,0,0.0,1.0,0.21443050587319712,0.21443050587319712
2024-10-29,2565.41796875,2680.054443359375,2560.15380859375,2637.95751953125,22185845095,0.027487548696973518,0.02791075260486656,0.43535864419050935,0.0020948719222128177,0.00664393495808247,0.0,-0.2161955240181509,-0.26246107431803617,-0.1448678288176486,greed,72.0,0,0.0,1.0,0.23142309644374143,0.23142309644374143
2024-10-30,2637.64013671875,2720.271484375,2600.609619140625,2657.37255859375,22382690746,0.02701672581722119,0.007332923830771978,0.13633318875169403,0.0020237221400113835,0.003680163068590319,0.0,-0.24024807966049241,-1.3453893406137198,-0.1448678288176486,extreme_greed,77.0,1,0.5,1.0,0.08167495728445762,0.08167495728445762
2024-10-31,2657.213134765625,2667.5595703125,2501.572265625,2515.79931640625,19760409505,0.03858281158160926,-0.054747302007758666,0.5294001432256027,0.004127368036490074,0.007024492464518064,0.0,0.35061938531567605,0.07811259811554279,-0.1448678288176486,extreme_greed,77.0,1,0.5,1.0,0.283991477403606,0.283991477403606
2024-11-01,2515.870361328125,2583.777099609375,2467.8193359375,2511.885498046875,20215438328,0.027576220873659105,-0.0015569071230169813,0.5253188432038269,0.002108409431293969,0.006057374268500847,0.0,-0.2116655987418356,0.06333206663761816,-0.1448678288176486,greed,75.0,0,0.0,1.0,0.276447532038743,0.276447532038743
2024-11-02,2512.208251953125,2522.360595703125,2471.95556640625,2491.068603515625,9639457439,0.012122713891159804,-0.008321889126305491,0.48469667752989753,0.0004074601711983833,0.002108409431293969,0.0,-1.001126673278833,-0.08378213600405472,-0.1448678288176486,greed,72.0,0,0.0,1.0,0.24840969571052868,0.24840969571052868
2024-11-03,2491.094482421875,2495.4365234375,2411.3984375,2456.42529296875,15667779706,0.02057332275706009,-0.014004616269904045,0.3808369319795417,0.0011735303644084343,0.002023952863164966,0.0,-0.5694171096619314,-0.45991283705659813,-0.1448678288176486,greed,74.0,0,0.0,1.0,0.2007051273683009,0.2007051273683009
2024-11-04,2456.09521484375,2488.350341796875,2359.578125,2397.0263671875,17110200696,0.031912101864694044,-0.02447820471317373,0.33089561680438756,0.0028235551285879503,0.003133853409081836,0.0,0.009838120130744877,-0.6407765758302427,-0.1448678288176486,greed,70.0,0,0.0,1.0,0.1814038593345408,0.1814038593345408
2024-11-05,2397.036376953125,2478.618896484375,2380.601318359375,2422.650634765625,17894057485,0.024231682455653745,0.0106332889134209,0.2093045077359674,0.0016279932154471977,0.0028235551285879503,0.0,-0.3825253845690234,-1.0811218593018568,-0.1448678288176486,greed,70.0,0,0.0,1.0,0.11676809509581057,0.11676809509581057
2024-11-06,2422.539306640625,2743.964111328125,2421.81298828125,2724.169189453125,41887574364,0.07500240870045695,0.11730125264069904,0.9195166144143986,0.01559681332904321,0.020178350309451264,0.0,2.2111585048961553,1.4909292868416153,-0.1448678288176486,greed,70.0,0,0.0,1.0,0.49725951155742776,0.49725951155742776
2024-11-07,2724.005859375,2918.744384765625,2701.5908203125,2895.58544921875,35352318438,0.04643102406455674,0.0610238212650149,0.9345519595887714,0.005977257658985386,0.034833403435011165,0.0,0.7515548019171663,1.5453801704927974,-0.1448678288176486,extreme_greed,77.0,1,0.5,1.0,0.49049149182666407,0.49049149182666407
2024-11-08,2895.597900390625,2983.744873046875,2889.484375,2962.296630859375,32303261101,0.019278681960499103,0.022777538004594824,0.858599113274563,0.0010304813355567048,0.009868115363199492,0.0,-0.6355553988897382,1.2703150123825442,-0.1448678288176486,greed,75.0,0,0.0,1.0,0.438938897617531,0.438938897617531
2024-11-09,2962.791015625,3156.3662109375,2957.182373046875,3131.14453125,29210133088,0.03914729304494952,0.05543374635533525,0.6599076006660483,0.00424902147526021,0.007804549860274164,0.0,0.3794566028553252,0.5507486632198981,-0.1448678288176486,greed,75.0,0,0.0,1.0,0.3495274468554989,0.3495274468554989
2024-11-10,3130.729248046875,3249.9140625,3073.248779296875,3191.331298828125,47418730187,0.03356735796830796,0.01903956214350408,0.6274596005793761,0.0031240629212345066,0.008909781643655452,0.0,0.09439887800097065,0.43323740844375774,-0.1448678288176486,extreme_greed,78.0,1,0.5,1.0,0.33051347927384206,0.33051347927384206
2024-11-11,3191.656982421875,3389.529296875,3109.76953125,3374.81298828125,55417771668,0.05173380963851707,0.05590174711708531,0.3203373965702003,0.007420520578112417,0.009595343633765178,0.0,1.022454009585622,-0.679013438028471,-0.1448678288176486,extreme_greed,76.0,1,0.5,1.0,0.18603560310435868,0.18603560310435868
2024-11-12,3375.15478515625,3444.154052734375,3211.198486328125,3246.25732421875,56686078066,0.04205975662043952,-0.03883717170826067,0.6134809030640781,0.004904773571220056,0.010430475333353048,0.0,0.5282433233363184,0.3826132010728542,-0.1448678288176486,extreme_greed,80.0,1,0.5,1.0,0.3277703298422588,0.3277703298422588
2024-11-13,3244.543212890625,3337.877197265625,3121.666015625,3192.595947265625,52010205682,0.0402185007914253,-0.016668377768941905,0.6746891176316874,0.004484739352574983,0.009665146638134713,0.0,0.4341805447762644,0.6042803015793459,-0.1448678288176486,extreme_greed,84.0,1,0.5,1.0,0.35745380921155634,0.35745380921155634
2024-11-14,3192.5205078125,3240.270751953125,3032.971923828125,3058.94873046875,35743352141,0.0397054554013106,-0.042763057630081716,0.6637707461034685,0.0043710504131324645,0.009176119426160492,0.0,0.4079710011804395,0.5647391423409964,-0.1448678288176486,extreme_greed,88.0,1,0.5,1.0,0.3517381007523896,0.3517381007523896
2024-11-15,3059.526123046875,3130.703857421875,3016.14404296875,3103.04052734375,32701369872,0.02238810808165889,0.01431114127592229,0.6539078241826942,0.0013896973907034226,0.005137690257479079,0.0,-0.47670660880059035,0.5290203206085795,-0.1448678288176486,extreme_greed,80.0,1,0.5,1.0,0.33814796613217657,0.33814796613217657
2024-11-16,3089.739990234375,3218.089599609375,3073.286376953125,3133.27392578125,26650658846,0.027650090870996073,0.009695994492798173,0.4208023089685214,0.0021197203941402663,0.004200165370404562,0.0,-0.20789186068097146,-0.31517721128515014,-0.1448678288176486,extreme_greed,86.0,1,0.5,1.0,0.22422619991975873,0.22422619991975873
2024-11-17,3133.306640625,3160.152587890625,3039.246826171875,3075.66162109375,28348163224,0.023428243051085745,-0.0185584011251578,0.3694809051273424,0.001521825630238628,0.0032693421261029785,0.0,-0.4235700572361358,-0.5010389761440303,-0.1448678288176486,extreme_greed,90.0,1,0.5,1.0,0.19645457408921407,0.19645457408921407
2024-11-18,3075.722900390625,3225.130615234375,3052.4912109375,3207.8564453125,35445557613,0.033040116431607196,0.0420829005896754,0.5167351700959512,0.0030266945206701614,0.003524051264383048,0.0,0.06746410710555506,0.032246076906343304,-0.1448678288176486,extreme_greed,83.0,1,0.5,1.0,0.2748876432637792,0.2748876432637792
2024-11-19,3208.25048828125,3222.00439453125,3070.36279296875,3111.384033203125,29823634432,0.028951806763950545,-0.03053528608605521,0.45518849410289614,0.002324003593664934,0.0030266945206701614,0.0,-0.14139213160604258,-0.1906467702314111,-0.1448678288176486,extreme_greed,90.0,1,0.5,1.0,0.24207015043342334,0.24207015043342334
2024-11-20,3111.116943359375,3159.949462890625,3032.603271484375,3072.18798828125,29785491216,0.024703856063778368,-0.012677646434410245,0.45475365331266393,0.0016920568439573623,0.0036702068961021843,0.0,-0.35840382533588494,-0.19222155717518405,-0.1448678288176486,extreme_greed,83.0,1,0.5,1.0,0.23972875468822114,0.23972875468822114
2024-11-21,3072.05517578125,3388.54296875,3035.8466796875,3361.053955078125,51619069348,0.06600748305433121,0.08986459438020718,0.8055127067444328,0.012080135290360802,0.01231625190324001,0.0,1.7516418609387232,1.078061245547952,-0.1448678288176486,extreme_greed,82.0,1,0.5,1.0,0.435760094899382,0.435760094899382
2024-11-22,3360.654296875,3428.46044921875,3262.808837890625,3331.600830078125,36775716442,0.029741520858601565,-0.008801683663305197,0.783313225373658,0.0024525157095919114,0.014791656523479779,0.0,-0.10104863297843358,0.9976652610715218,-0.1448678288176486,extreme_greed,94.0,1,0.5,1.0,0.4065273731161298,0.4065273731161298
2024-11-23,3331.6455078125,3499.370849609375,3317.65478515625,3396.223388671875,38835184688,0.03202495732036296,0.019211127992395893,0.7514913407477128,0.002843561147168326,0.004899266981689307,0.0,0.015603477431236044,0.8824214993066067,-0.1448678288176486,extreme_greed,93.0,1,0.5,1.0,0.3917581490340379,0.3917581490340379
2024-11-24,3396.99951171875,3451.80224609375,3288.430908203125,3363.659912109375,27901454185,0.029118787376840427,-0.009634405505680803,0.69013556233576,0.0023508884532525403,0.0038654411025018476,0.0,-0.13286172525697368,0.6602199925975113,-0.1448678288176486,extreme_greed,80.0,1,0.5,1.0,0.35962717485630025,0.35962717485630025
2024-11-25,3364.6015625,3545.27880859375,3304.093994140625,3413.5439453125,51544793988,0.04231224024696997,0.01472139104925894,0.6453887738311344,0.004963836774857529,0.0056559848346057475,0.0,0.5411417544386863,0.4981683638273013,-0.1448678288176486,extreme_greed,82.0,1,0.5,1.0,0.3438505070390522,0.3438505070390522
2024-11-26,3412.950927734375,3461.29296875,3255.54296875,3326.517333984375,39902959158,0.03680427470377203,-0.02582512070414831,0.2971628463421983,0.003755622908736308,0.007268881014276877,0.0,0.2597606801511365,-0.762940659086504,-0.1448678288176486,extreme_greed,79.0,1,0.5,1.0,0.16698356052298516,0.16698356052298516
2024-11-27,3326.029052734375,3687.009033203125,3303.56787109375,3657.249267578125,43383987191,0.06594913433139775,0.09478538754645882,0.7356592762732771,0.012058787743197038,0.015489419605274956,0.0,1.7486610459329721,0.8250852765157337,-0.1448678288176486,greed,75.0,0,0.0,1.0,0.4008042053023374,0.4008042053023374
2024-11-28,3656.609619140625,3664.878173828125,3531.87060546875,3579.8115234375,32362724276,0.022201214616693887,-0.021401146668093715,0.7883269364200802,0.0013665921528441373,0.012058787743197038,0.0,-0.4862542872558629,1.0158225427091063,-0.1448678288176486,extreme_greed,77.0,1,0.5,1.0,0.40526407551838706,0.40526407551838706
2024-11-29,3579.91064453125,3647.264404296875,3538.44677734375,3593.494384765625,27622629486,0.018190723176457656,0.0038149433742307734,0.7722734736533019,0.0009174562892477053,0.0013665921528441373,0.0,-0.6911350878026826,0.957684520390713,-0.1448678288176486,extreme_greed,78.0,1,0.5,1.0,0.3952320984148798,0.3952320984148798
2024-11-30,3593.59814453125,3739.934814453125,3572.254150390625,3705.705322265625,30670867436,0.02754856568011541,0.03074851569555738,0.7825511314288254,0.002104182656825374,0.0030669792435698826,0.0,-0.21307839771596232,0.9949053185334494,-0.1448678288176486,extreme_greed,84.0,1,0.5,1.0,0.4050498485544704,0.4050498485544704
2024-12-01,3706.619873046875,3747.455322265625,3663.234130859375,3711.1650390625,28018113530,0.013651134151358279,0.0014722430127681644,0.7103698820607521,0.0005166815115786427,0.0022925152474420223,0.0,-0.9230454777076997,0.7334990943626178,-0.1448678288176486,extreme_greed,81.0,1,0.5,1.0,0.36201050810605523,0.36201050810605523
2024-12-02,3710.495361328125,3761.343017578125,3557.252197265625,3644.198486328125,47284967570,0.033503920508408294,-0.018209406755861343,0.3319659240766518,0.0031122660232950393,0.0031122660232950393,0.0,0.0911580987192837,-0.6369004309145669,-0.1448678288176486,extreme_greed,80.0,1,0.5,1.0,0.18273492229253005,0.18273492229253005
2024-12-03,3643.7421875,3670.2197265625,3504.226318359375,3620.711669921875,36839829742,0.027795036560189276,-0.0064658468521986735,0.2872551548385084,0.002142002392705857,0.005013534894031643,0.0,-0.20048713503069934,-0.7988216149982282,-0.1448678288176486,extreme_greed,76.0,1,0.5,1.0,0.15752509569934883,0.15752509569934883
2024-12-04,3620.03759765625,3895.17431640625,3617.74462890625,3841.3310546875,56799745752,0.04437404480002912,0.05914833494591177,0.49758038143146577,0.005459382048479749,0.011187012114400697,0.0,0.6464715310251072,-0.03712347576017118,-0.1448678288176486,extreme_greed,78.0,1,0.5,1.0,0.27097721311574746,0.27097721311574746
2024-12-05,3840.844482421875,3956.54150390625,3683.4208984375,3811.00830078125,60568296606,0.04295716627166933,-0.0079251353622021,0.4879871401192088,0.005116308247527605,0.008013738209612039,0.0,0.5740885795854068,-0.07186564233322489,-0.1448678288176486,extreme_greed,84.0,1,0.5,1.0,0.26547215319543904,0.26547215319543904
2024-12-06,3792.20849609375,4093.172119140625,3782.681396484375,4005.810546875,52853668566,0.04737654764163681,0.0498521437821613,0.5752491297086129,0.006223178711579234,0.011125679440431397,0.0,0.79985801619772,0.2441558648019796,-0.1448678288176486,greed,72.0,0,0.0,1.0,0.3113128386751248,0.3113128386751248
2024-12-07,4006.02880859375,4029.452880859375,3974.17626953125,4002.692626953125,22574636761,0.008295615772773254,-0.0007786523927710283,0.5221806829800658,0.00019080190642945698,0.006223178711579234,0.0,-1.1966386044101656,0.051967139844049354,-0.1448678288176486,greed,75.0,0,0.0,1.0,0.26523814937641954,0.26523814937641954
2024-12-08,4007.690673828125,4018.0,3927.85400390625,4005.70458984375,20943378971,0.013627361097686141,0.0007522012085822692,0.5023451532814919,0.000514883506835378,0.0006521579517171741,0.0,-0.924259952876235,-0.019867733732218524,-0.1448678288176486,extreme_greed,79.0,1,0.5,1.0,0.257986257189589,0.257986257189589
2024-12-09,4006.101806640625,4008.77783203125,3525.23291015625,3718.6904296875,57029832059,0.07719608132260175,-0.07434792132244801,0.7039705844352058,0.01652250767534008,0.017118519051423045,0.0,2.323224921109774,0.7103238758081527,-0.1448678288176486,extreme_greed,78.0,1,0.5,1.0,0.3905833328789038,0.3905833328789038
2024-12-10,3719.00048828125,3780.75341796875,3520.365234375,3631.833740234375,58416417599,0.04285518435918697,-0.023633887951846233,0.7147399149634833,0.005092044470682434,0.016879640550884867,0.0,0.5688787103755996,0.7493252792874598,-0.1448678288176486,extreme_greed,78.0,1,0.5,1.0,0.37879754966133516,0.37879754966133516
2024-12-11,3631.276123046875,3850.765380859375,3567.56640625,3832.822021484375,35968053196,0.04587581602441708,0.05386366878061331,0.7360232302060398,0.005835163873882455,0.008047378999682345,0.0,0.7231913284055149,0.8264033449084054,-0.1448678288176486,greed,74.0,0,0.0,1.0,0.3909495231152284,0.3909495231152284
2024-12-12,3833.172119140625,3987.005859375,3800.0908203125,3883.1015625,42971675764,0.028836289443170054,0.013032853981372694,0.7519001646659064,0.002305495105432415,0.012355846101561097,0.0,-0.14729347350172228,0.8839020654888396,-0.1448678288176486,extreme_greed,83.0,1,0.5,1.0,0.3903682270545382,0.3903682270545382
2024-12-13,3883.030029296875,3967.395263671875,3855.023681640625,3911.205322265625,34895127659,0.017255699518465614,0.0072113869709225994,0.7569716942142272,0.0008255637052390516,0.002305495105432415,0.0,-0.7389019010310239,0.9022687382965804,-0.1448678288176486,extreme_greed,76.0,1,0.5,1.0,0.3871136968663464,0.3871136968663464
2024-12-14,3910.847900390625,3943.278076171875,3826.761962890625,3868.4052734375,28756190559,0.018012855198501296,-0.011003244988306717,0.4689834350647924,0.0008996023226148939,0.0013025436353005645,0.0,-0.7002216883498706,-0.14068804187634523,-0.1448678288176486,extreme_greed,83.0,1,0.5,1.0,0.24349814513164686,0.24349814513164686
2024-12-15,3868.441162109375,3971.498046875,3832.0966796875,3951.941162109375,25069616984,0.02145881812012644,0.021364543575881818,0.3784713636955375,0.0012767240811444854,0.0013782181201155627,0.0,-0.5241805092180605,-0.46847980255738264,-0.1448678288176486,extreme_greed,80.0,1,0.5,1.0,0.199965090907832,0.199965090907832
2024-12-16,3951.65283203125,4106.95556640625,3882.705322265625,3987.48095703125,46536359669,0.03372142589544248,0.008952800788842093,0.1889257673344644,0.0031528064689849804,0.004798322727228594,0.0,0.10226962419761401,-1.1549239842075907,-0.1448678288176486,extreme_greed,83.0,1,0.5,1.0,0.11132359661495345,0.11132359661495345
2024-12-17,3987.333984375,4040.337890625,3849.28662109375,3886.76611328125,35418700472,0.02909147713044143,-0.025582213898984484,0.29313554144516324,0.00234648076729927,0.004198285504908082,0.0,-0.1342569021894615,-0.777525645851561,-0.1448678288176486,extreme_greed,87.0,1,0.5,1.0,0.16111350928780233,0.16111350928780233
2024-12-18,3886.886962890625,3902.715576171875,3617.840576171875,3618.791259765625,48946681636,0.04551971094204135,-0.07143741459791197,0.572792180897506,0.005744926059966886,0.012199424029051343,0.0,0.7049992700398118,0.23525796240606284,-0.1448678288176486,extreme_greed,81.0,1,0.5,1.0,0.3091559459197737,0.3091559459197737
2024-12-19,3619.58203125,3717.662353515625,3330.87255859375,3417.927978515625,58879190250,0.06597811748205568,-0.05710555070104135,0.6394155490339969,0.012069389200350005,0.025102699069487186,0.0,1.7501416852006662,0.4765361788206237,-0.1448678288176486,greed,75.0,0,0.0,1.0,0.35269683325802625,0.35269683325802625
2024-12-20,3417.93017578125,3496.327392578125,3098.20361328125,3472.553466796875,66383827229,0.07260222669472044,0.015855679498072085,0.6151136894109022,0.01461454616987836,0.033223303344774885,0.0,2.088542307325016,0.38852637821425395,-0.1448678288176486,greed,74.0,0,0.0,1.0,0.3438579580528113,0.3438579580528113
2024-12-21,3472.589111328125,3552.921630859375,3293.505615234375,3337.222412109375,31579389836,0.045533184588485744,-0.039751344867883016,0.5331616926891783,0.005748327512075185,0.01875469874161414,0.0,0.7056875875467677,0.09173514484220074,-0.1448678288176486,greed,73.0,0,0.0,1.0,0.28934743863883206,0.28934743863883206
2024-12-22,3336.998779296875,3398.657470703125,3219.294921875,3277.53515625,24780768375,0.03256130237091747,-0.018047184722855183,0.5446447609261765,0.0029396050642470236,0.009723516444317093,0.0,0.043003312330387546,0.13332136752481086,-0.1448678288176486,greed,73.0,0,0.0,1.0,0.288603031648547,0.288603031648547
2024-12-23,3277.51416015625,3461.52783203125,3217.36865234375,3415.785400390625,34496081389,0.04392878485973774,0.04131578891043393,0.6378856632076432,0.00535037020176919,0.00535037020176919,0.0,0.6237248890292939,0.4709956585223357,-0.1448678288176486,greed,70.0,0,0.0,1.0,0.34090722403369045,0.34090722403369045
2024-12-24,3415.738037109375,3535.857666015625,3355.609130859375,3492.0498046875,23083678195,0.03142291050526202,0.022081448333140734,0.5180418595366035,0.0027376521763415444,0.008909859929909336,0.0,-0.01515281148812846,0.03697828583643585,-0.1448678288176486,greed,73.0,0,0.0,1.0,0.2747323850209328,0.2747323850209328
2024-12-25,3491.95751953125,3542.833740234375,3440.09716796875,3493.2353515625,17651873225,0.017672823278796126,0.00033944122820036106,0.5078303180358984,0.0008659589831295374,0.0029477934207457744,0.0,-0.717592629781568,-3.0705411910964174e-06,-0.1448678288176486,greed,73.0,0,0.0,1.0,0.2627515706573473,0.2627515706573473
2024-12-26,3493.30419921875,3512.6044921875,3302.306396484375,3331.225830078125,22247726776,0.03707663718388798,-0.04748798822014693,0.548467289538956,0.0038114140158646776,0.004942900752429887,0.0,0.2736746465057898,0.14716475178595403,-0.1448678288176486,extreme_greed,79.0,1,0.5,1.0,0.29277196336142197,0.29277196336142197
2024-12-27,3331.0537109375,3436.710693359375,3302.57568359375,3328.9169921875,24091627403,0.02390963031329992,-0.0006933298713642455,0.5266112801055232,0.0015850069640952452,0.0038114140158646776,0.0,-0.39897780735224814,0.06801265963662068,-0.1448678288176486,greed,74.0,0,0.0,1.0,0.27526045520941156,0.27526045520941156
2024-12-28,3328.774658203125,3419.920166015625,3318.033935546875,3397.90234375,14305648523,0.018163846370527044,0.020511259981722818,0.4460776498440359,0.0009147472074730757,0.0015850069640952452,0.0,-0.6925081219051769,-0.22364192364822874,-0.1448678288176486,greed,72.0,0,0.0,1.0,0.23212074810728148,0.23212074810728148
2024-12-29,3397.862548828125,3406.6484375,3321.664794921875,3349.513427734375,13440907792,0.01517188375774438,-0.01434319366939035,0.3996155235446104,0.0006382112649854847,0.0009147472074730757,0.0,-0.8453561467539619,-0.3919056917211216,-0.1448678288176486,greed,73.0,0,0.0,1.0,0.20739370365117737,0.20739370365117737
2024-12-30,3349.5859375,3428.52734375,3298.804443359375,3356.392578125,26981583962,0.023164072171144096,0.0020516699153482506,0.4021339396228353,0.00148769968522064,0.00148769968522064,0.0,-0.43706554579910717,-0.38278518405932055,-0.1448678288176486,greed,65.0,0,0.0,1.0,0.21264900589698968,0.21264900589698968
2024-12-31,3356.394775390625,3444.396728515625,3311.41259765625,3332.53173828125,20845452085,0.023646442227453466,-0.007134462860039393,0.207282246262532,0.0015503047121358463,0.001865260447859575,0.0,-0.41242308869149225,-1.0884455304863392,-0.1448678288176486,greed,64.0,0,0.0,1.0,0.11546434424499273,0.11546434424499273
2025-01-01,3332.406494140625,3366.531494140625,3310.255859375,3353.504150390625,14195410493,0.010123959789233064,0.006273517295701473,0.21150593433603476,0.0002841752661764267,0.0015779396679226885,0.0,-1.103235441394012,-1.073149337069963,-0.1448678288176486,greed,66.0,0,0.0,1.0,0.11081494706263391,0.11081494706263391
2025-01-02,3353.412109375,3493.4482421875,3348.35205078125,3451.392578125,22243574698,0.025476397109008498,0.0287719812471198,0.26075144122440813,0.0017995398646576486,0.0029013087493517196,0.0,-0.31893763268576353,-0.8948054856436076,-0.1448678288176486,greed,70.0,0,0.0,1.0,0.14311391916670832,0.14311391916670832
2025-01-03,3451.680908203125,3627.0556640625,3421.83154296875,3605.009765625,21877299255,0.03497984392493683,0.04354668421094001,0.3308874915782301,0.0033925103957077045,0.006392467442789445,0.0,0.16655742960686004,-0.6408060015427227,-0.1448678288176486,greed,74.0,0,0.0,1.0,0.18293366775158348,0.18293366775158348
2025-01-04,3605.20068359375,3669.19677734375,3574.326904296875,3657.706787109375,16060610759,0.015732239123711897,0.014511910498409194,0.31217112421586896,0.0006862249909534423,0.004871597443018738,0.0,-0.8167297158835923,-0.7085878003508917,-0.1448678288176486,greed,73.0,0,0.0,1.0,0.16395168166979043,0.16395168166979043
2025-01-05,3657.7431640625,3673.81298828125,3594.616943359375,3634.103759765625,12830306908,0.013087820863866183,-0.006473868081853754,0.3089463263706745,0.00047491964721554567,0.0007536784210219852,0.0,-0.9518230175728,-0.7202664874864927,-0.1448678288176486,greed,72.0,0,0.0,1.0,0.16101707361727033,0.16101707361727033
2025-01-06,3634.11376953125,3743.941650390625,3611.21435546875,3688.611328125,23973574043,0.021677179396189183,0.01488753131858787,0.2952821357744889,0.001302839736067921,0.0016566154217516156,0.0,-0.5130252596146542,-0.7697517000779965,-0.1448678288176486,extreme_greed,76.0,1,0.5,1.0,0.15847965758533905,0.15847965758533905
2025-01-07,3688.34130859375,3701.10693359375,3358.08984375,3381.577392578125,32235312545,0.05841036216187331,-0.08690776855318222,0.7873458659129198,0.009459436155762837,0.011830186377134476,0.0,1.3635337615966479,1.012269571000146,-0.1448678288176486,extreme_greed,78.0,1,0.5,1.0,0.42287811403739656,0.42287811403739656
2025-01-08,3381.615478515625,3413.682861328125,3209.214599609375,3326.329345703125,34337730882,0.03709395844242287,-0.01647288739964766,0.66426125153771,0.003814976038401994,0.02033638908453938,0.0,0.274559523924927,0.5665155202039853,-0.1448678288176486,greed,70.0,0,0.0,1.0,0.35067760499006645,0.35067760499006645
2025-01-09,3326.359619140625,3355.8623046875,3159.384033203125,3219.4306640625,28815726276,0.03623286386589814,-0.03266486590658005,0.609510872367398,0.0036399111016996912,0.005993027118602446,0.0,0.23056946714163168,0.3682356342761166,-0.1448678288176486,greed,69.0,0,0.0,1.0,0.3228718681166481,0.3228718681166481
2025-01-10,3219.49658203125,3320.50048828125,3196.1103515625,3267.489990234375,26503845190,0.02293000675642632,0.014817571558857769,0.6674306427929011,0.001457786143149912,0.0036399111016996912,0.0,-0.44902306029884553,0.5779935509694935,-0.1448678288176486,neutral,50.0,0,0.0,1.0,0.3451803247746637,0.3451803247746637
2025-01-11,3267.5224609375,3317.654296875,3219.69873046875,3282.2177734375,11772144561,0.017998941158362536,0.004497241268526795,0.6352721221887784,0.0008982130627483888,0.001457786143149912,0.0,-0.7009325039007702,0.4615306534768672,-0.1448678288176486,greed,69.0,0,0.0,1.0,0.32663553167357046,0.32663553167357046
2025-01-12,3282.150390625,3298.018310546875,3224.510498046875,3265.951171875,11647743556,0.013537022472307798,-0.004968300347394521,0.2927903339727947,0.0005080795933223705,0.0008982130627483888,0.0,-0.9288750106973591,-0.7787758234627473,-0.1448678288176486,greed,62.0,0,0.0,1.0,0.15316367822255125,0.15316367822255125
2025-01-13,3266.095458984375,3335.193603515625,2920.5927734375,3135.499755859375,39911742769,0.07972097424773898,-0.040762470862644534,0.38023782170301673,0.017621003898627266,0.017621003898627266,0.0,2.4522121266694614,-0.4620825301087332,-0.1448678288176486,greed,61.0,0,0.0,1.0,0.22997939797537786,0.22997939797537786
2025-01-14,3135.670166015625,3254.75146484375,3126.805908203125,3223.6845703125,22847737224,0.024084853066870315,0.027736408727976197,0.41205038851249304,0.0016083236742681173,0.017621003898627266,0.0,-0.3900263412886761,-0.34687251305233957,-0.1448678288176486,greed,63.0,0,0.0,1.0,0.21806762078968167,0.21806762078968167
2025-01-15,3223.6845703125,3473.1015625,3186.139892578125,3450.53759765625,25991614661,0.05179113572472773,0.06800506244582687,0.640230040195497,0.007436975004792058,0.01103256337254982,0.0,1.0253825819588782,0.4794858792069741,-0.1448678288176486,greed,70.0,0,0.0,1.0,0.34601058796011236,0.34601058796011236
2025-01-16,3450.30517578125,3458.1806640625,3265.67578125,3308.34521484375,26395516475,0.03439769094532967,-0.04208191502412489,0.7462105503605417,0.0032805301434774385,0.007436975004792058,0.0,0.13681744130866627,0.863296983066817,-0.1448678288176486,greed,75.0,0,0.0,1.0,0.3903041206529357,0.3903041206529357
2025-01-17,3308.191162109375,3525.54345703125,3307.31103515625,3474.107177734375,28200207229,0.03837532852802092,0.04888938944737178,0.8115089023086144,0.004083096698595721,0.005862639920733541,0.0,0.3400198628500266,1.0997766197697219,-0.1448678288176486,greed,75.0,0,0.0,1.0,0.42494211541831767,0.42494211541831767
2025-01-18,3473.563720703125,3493.06005859375,3228.333740234375,3305.78955078125,32420094038,0.047331444913891546,-0.04966217811293385,0.8497677128941344,0.006211335352636514,0.007756054061914473,0.0,0.7975538888594627,1.238331872054555,-0.1448678288176486,extreme_greed,77.0,1,0.5,1.0,0.448549578904013,0.448549578904013
2025-01-19,3305.39794921875,3444.20654296875,3127.623046875,3208.96435546875,57242875399,0.057906261758012036,-0.029727086231321007,0.8742369358868752,0.009296864703218954,0.012211322658746502,0.0,1.3377811834305693,1.3269477833462717,-0.1448678288176486,extreme_greed,77.0,1,0.5,1.0,0.46607159882244364,0.46607159882244364
2025-01-20,3208.933837890625,3444.28271484375,3147.52294921875,3278.035400390625,52383187336,0.05411050093367125,0.021296025259985578,0.6845653207716595,0.008117990922014089,0.009301129994657919,0.0,1.1438701558260849,0.6400472215837281,-0.1448678288176486,extreme_greed,76.0,1,0.5,1.0,0.3693379108526654,0.3693379108526654
2025-01-21,3278.43603515625,3365.778076171875,3202.49267578125,3327.40625,32804001146,0.029865725412894086,0.01494881693485586,0.6355054881787554,0.002473042546507338,0.008117990922014089,0.0,-0.09470349326320864,0.4623757943247169,-0.1448678288176486,extreme_greed,76.0,1,0.5,1.0,0.33268560679582476,0.33268560679582476
2025-01-22,3327.2373046875,3364.74609375,3223.385986328125,3240.224609375,22171220981,0.025776176725872423,-0.026550445302571023,0.48673365480106884,0.0018421392401654294,0.002473042546507338,0.0,-0.3036230287760038,-0.07640517118506923,-0.1448678288176486,extreme_greed,84.0,1,0.5,1.0,0.25625491576347065,0.25625491576347065
2025-01-23,3240.475341796875,3346.732421875,3184.06689453125,3334.714111328125,32419520084,0.029923079732505235,0.0287443006707829,0.44026152511256755,0.0024825501586978257,0.0030462924002161973,0.0,-0.091773478552578,-0.24470516678505672,-0.1448678288176486,greed,75.0,0,0.0,1.0,0.2350923024225364,0.2350923024225364
2025-01-24,3334.808349609375,3424.89990234375,3277.3232421875,3309.554931640625,25578325671,0.02645186308804359,-0.007573233345215728,0.3615562725613453,0.0019399832701925952,0.005316300952681847,0.0,-0.2691047746260728,-0.5297382338481339,-0.1448678288176486,greed,75.0,0,0.0,1.0,0.19400406782469445,0.19400406782469445
2025-01-25,3309.711669921875,3349.29833984375,3270.273193359375,3317.26953125,13744316078,0.014339807861793183,0.002328295592442531,0.33572723623092005,0.0005701276671373041,0.002134321628441546,0.0,-0.8878637491808984,-0.6232787436095809,-0.1448678288176486,greed,75.0,0,0.0,1.0,0.1750335220463566,0.1750335220463566
2025-01-26,3317.29150390625,3359.3125,3233.922119140625,3236.13427734375,14471528757,0.022845745172382942,-0.024762521012446293,0.3595846668410842,0.001447091887582439,0.001447091887582439,0.0,-0.4533276651213242,-0.5368784539385197,-0.1448678288176486,greed,73.0,0,0.0,1.0,0.19121520600673358,0.19121520600673358
2025-01-27,3235.855224609375,3250.396484375,3024.091552734375,3178.92041015625,39412486482,0.04334025053243956,-0.017837847698675705,0.33179346996775483,0.005207967763047703,0.011051393186069652,0.0,0.5936589018746045,-0.6375249778411466,-0.1448678288176486,greed,71.0,0,0.0,1.0,0.1875668602500972,0.1875668602500972
2025-01-28,3179.0869140625,3222.7373046875,3040.09228515625,3077.112548828125,20718206194,0.03503867515440673,-0.03254997236383924,0.21895409668638274,0.0034039314526777514,0.005207967763047703,0.0,0.16956289404197078,-1.046175628328964,-0.1448678288176486,greed,72.0,0,0.0,1.0,0.12699638592039475,0.12699638592039475
2025-01-29,3076.380126953125,3177.98046875,3055.181640625,3112.9990234375,22727786058,0.023666240094407726,0.011594904629125801,0.29496080608495845,0.0015529017687924778,0.0034039314526777514,0.0,-0.41141169073910827,-0.7709154036934025,-0.1448678288176486,greed,72.0,0,0.0,1.0,0.15931352308968308,0.15931352308968308
2025-01-30,3113.289794921875,3282.986328125,3093.123779296875,3247.780029296875,19958405782,0.03577660924177524,0.04238511728102197,0.49135227049460095,0.003548818655535088,0.005171684720992498,0.0,0.20726114843892865,-0.05967873738249228,-0.1448678288176486,greed,70.0,0,0.0,1.0,0.2635644398681881,0.2635644398681881
2025-01-31,3247.8671875,3437.569091796875,3214.935546875,3298.26513671875,30128115902,0.040211928121501206,0.015424919053598832,0.4678422050732116,0.0044832736438947295,0.011147780478769576,0.0,0.4338447719923438,-0.14482103521771006,-0.1448678288176486,extreme_greed,76.0,1,0.5,1.0,0.2540270665973564,0.2540270665973564
2025-02-01,3298.822265625,3329.6552734375,3103.9189453125,3118.32861328125,19917507079,0.04216137127927892,-0.056099456678397046,0.63007238505719,0.004928501666031627,0.010424220752733089,0.0,0.533434430950073,0.4426996736566342,-0.1448678288176486,greed,68.0,0,0.0,1.0,0.33611687816823443,0.33611687816823443
2025-02-02,3118.611572265625,3161.894287109375,2755.474609375,2868.69287109375,42060930305,0.08262617510289617,-0.08344067699827871,0.8435390948133032,0.0189286983558985,0.03582656913010973,0.0,2.600627822307712,1.215774773797505,-0.1448678288176486,greed,60.0,0,0.0,1.0,0.4630826349580997,0.4630826349580997
2025-02-03,2868.07861328125,2919.477294921875,2159.280517578125,2884.566650390625,92453553253,0.18114698731546597,0.0055182004281227595,0.832947461443977,0.09098036683691664,0.1454630868879204,0.0,7.633682543263614,1.1774169050834453,-0.1448678288176486,fear,44.0,0,0.0,1.0,0.5070472243797215,0.5070472243797215
2025-02-04,2883.818359375,2888.25,2636.165771484375,2735.05126953125,48795275985,0.05484642027147936,-0.05322449942735329,0.6784469706991174,0.008340306804526576,0.09098036683691664,0.0,1.1814654843076062,0.6178894617136697,-0.1448678288176486,greed,72.0,0,0.0,1.0,0.3666466954852984,0.3666466954852984
2025-02-05,2735.225830078125,2824.400146484375,2701.10498046875,2787.779052734375,31960764447,0.026806087318945203,0.019095058966454467,0.6956964755124072,0.001992288867668518,0.008340306804526576,0.0,-0.25100880183029756,0.6803589806196851,-0.1448678288176486,neutral,54.0,0,0.0,1.0,0.3612512814156762,0.3612512814156762
2025-02-06,2787.65869140625,2857.14208984375,2662.44580078125,2688.40087890625,29500645692,0.04238561692160491,-0.03629869234094331,0.6691006266184449,0.0049810679898588785,0.0049810679898588785,0.0,0.5448902905133036,0.5840414397229247,-0.1448678288176486,neutral,49.0,0,0.0,1.0,0.35574312177002493,0.35574312177002493
2025-02-07,2688.8974609375,2798.02880859375,2564.96826171875,2622.211181640625,29526663418,0.05223024785122854,-0.024928623743827878,0.47310010335345126,0.00756361868110344,0.011637177653102621,0.0,1.0478151554596467,-0.1257794233234209,-0.1448678288176486,fear,44.0,0,0.0,1.0,0.26266517560233993,0.26266517560233993
2025-02-08,2623.001953125,2665.484619140625,2591.778564453125,2632.308349609375,17059263074,0.016840662511218546,0.0038432364127754287,0.46798345061557983,0.0007863281033863054,0.00756361868110344,0.0,-0.7601045679780769,-0.1443095109058606,-0.1448678288176486,fear,44.0,0,0.0,1.0,0.2424120565633992,0.2424120565633992
2025-02-09,2632.578125,2695.222412109375,2530.435791015625,2628.72119140625,17517088276,0.03788892072370322,-0.0013636717798480905,0.355480485648572,0.003980246061489182,0.003980246061489182,0.0,0.3151711325071536,-0.5517418501562374,-0.1448678288176486,neutral,46.0,0,0.0,1.0,0.1966847031861376,0.1966847031861376
2025-02-10,2628.650146484375,2692.80859375,2564.0185546875,2661.166748046875,19414208113,0.02943288015188161,0.012267164782037834,0.324754542375492,0.002401878177944608,0.003980246061489182,0.0,-0.1168159163691185,-0.6630166325328313,-0.1448678288176486,fear,43.0,0,0.0,1.0,0.1770937112636868,0.1770937112636868
2025-02-11,2661.315673828125,2724.90234375,2565.397216796875,2602.781982421875,21156550492,0.0362254094361667,-0.022183787478293967,0.25977537611805457,0.0036384135291941144,0.003703551891443874,0.0,0.23018864859264412,-0.8983403301666735,-0.1448678288176486,neutral,47.0,0,0.0,1.0,0.14800039277711063,0.14800039277711063
2025-02-12,2602.828125,2794.867431640625,2551.174560546875,2736.902099609375,26919387954,0.05478968503636342,0.05024579395397725,0.4212996936837897,0.008323060664391502,0.008323060664391502,2.220446049250313e-16,1.1785670962763675,-0.31337591993155256,6.15262190625543,neutral,46.0,0,0.0,1.0,0.23804468936007656,0.23804468936007656
2025-02-13,2737.028564453125,2756.443359375,2615.667724609375,2675.902587890625,19481004625,0.03148250046907201,-0.022539920715982806,0.477766731650573,0.0027480453115701874,0.008323060664391502,0.0,-0.012108586192580288,-0.10887911065996458,-0.1448678288176486,neutral,50.0,0,0.0,1.0,0.2546246160598225,0.2546246160598225
2025-02-14,2675.939453125,2790.023681640625,2666.26806640625,2726.091552734375,17732289901,0.027247652280636896,0.018582178249458774,0.48644506876839105,0.0020584656736576065,0.004164208002978968,0.0,-0.22845092228038108,-0.0774502928172269,-0.1448678288176486,neutral,48.0,0,0.0,1.0,0.256846360524514,0.256846360524514
2025-02-15,2726.07470703125,2738.68115234375,2668.53173828125,2693.559814453125,10803019357,0.015583399883953162,-0.012005247865075232,0.5010510193639461,0.0006733019662798764,0.0020584656736576065,0.0,-0.8243333482685435,-0.024554472517134454,-0.1448678288176486,neutral,50.0,0,0.0,1.0,0.25831720962394966,0.25831720962394966
2025-02-16,2693.5625,2724.096435546875,2655.297607421875,2663.31591796875,10593602117,0.01536238458000419,-0.011291737700936885,0.4725097784728712,0.0006543388680078354,0.000956029805843162,0.0,-0.8356241820930128,-0.12791729984145736,-0.1448678288176486,neutral,54.0,0,0.0,1.0,0.2439360815264377,0.2439360815264377
2025-02-17,2663.2294921875,2848.7841796875,2640.18212890625,2743.19970703125,24170425078,0.04566931443360405,0.029553083215087584,0.3547253651281258,0.005782750260374451,0.005782750260374451,0.0,0.7126419451515082,-0.5544765382611383,-0.1448678288176486,neutral,51.0,0,0.0,1.0,0.20019733978086493,0.20019733978086493
2025-02-18,2743.02294921875,2754.6767578125,2606.900390625,2669.3388671875,23004152928,0.03311385217406521,-0.027294188903542998,0.37516250324827066,0.0030402189644463816,0.007873079243339269,0.0,0.07123098659372641,-0.4804629245371308,-0.1448678288176486,neutral,47.0,0,0.0,1.0,0.20413817771116793,0.20413817771116793
2025-02-19,2669.21337890625,2735.917724609375,2656.375732421875,2715.77099609375,15272401903,0.0177191023681032,0.01724506306915038,0.37097654848071926,0.0008705002230765545,0.0030402189644463816,0.0,-0.7152284065916906,-0.49562246582957475,-0.1448678288176486,fear,44.0,0,0.0,1.0,0.19434782542441123,0.19434782542441123
2025-02-20,2715.6826171875,2770.030517578125,2708.216064453125,2740.386474609375,15917259320,0.013553584161878815,0.009023070046993532,0.3607093557144704,0.0005093235602166893,0.0017552455044748682,0.0,-0.928028936776424,-0.5328053646759658,-0.1448678288176486,neutral,49.0,0,0.0,1.0,0.1871314699381746,0.1871314699381746
2025-02-21,2740.022216796875,2842.8271484375,2616.91943359375,2659.655517578125,31441524621,0.049727185113405084,-0.029902349843719034,0.42676583114449945,0.006856037815945259,0.006856037815945259,2.220446049250313e-16,0.9199431713932809,-0.29358016456693453,6.15262190625543,neutral,55.0,0,0.0,1.0,0.23824650812895226,0.23824650812895226
2025-02-22,2660.035888671875,2797.057861328125,2653.867431640625,2764.029296875,16403164397,0.031559561356638045,0.038492895560236925,0.4687813652332827,0.002761514761732819,0.006856037815945259,0.0,-0.008171837649252535,-0.14141984289303913,-0.1448678288176486,neutral,49.0,0,0.0,1.0,0.25017046329496034,0.25017046329496034
2025-02-23,2764.031005859375,2850.6103515625,2746.773681640625,2821.310302734375,20493767269,0.02228449223688403,0.020511918097523604,0.4017708822332791,0.0013768636619136063,0.005114416040406543,0.0,-0.48199994941561425,-0.3841000055980452,-0.1448678288176486,neutral,50.0,0,0.0,1.0,0.21202768723508159,0.21202768723508159
2025-02-24,2820.456298828125,2839.010009765625,2478.8994140625,2513.8212890625,29127380459,0.08146055793248584,-0.1153974020454973,0.9721234241890387,0.018398406622602666,0.01952124604493869,0.0,2.541080860903221,1.6814461818698199,-0.1448678288176486,neutral,49.0,0,0.0,1.0,0.5267919910607622,0.5267919910607622
2025-02-25,2514.2109375,2529.669189453125,2326.632080078125,2493.592529296875,40044790246,0.05024701996261344,-0.008079567833921199,0.9523753079893067,0.007000129462058894,0.03961439008719146,0.0,0.9464995627096701,1.6099278784952855,-0.1448678288176486,extreme_fear,25.0,1,0.5,1.0,0.5013111639759601,0.5013111639759601
2025-02-26,2493.381591796875,2503.422119140625,2255.054931640625,2331.45263671875,28815111323,0.06274922360947327,-0.06723293096623037,1.0144575224253978,0.010916971229527428,0.013205274843135372,0.0,1.5851897406937263,1.834760191678834,-0.1448678288176486,extreme_fear,21.0,1,0.5,1.0,0.5386033730174355,0.5386033730174355
2025-02-27,2331.51025390625,2378.08740234375,2230.4482421875,2305.484375,24286213447,0.038492358672832266,-0.011200727179471915,0.864658210301553,0.00410803845360137,0.013330104740429751,0.0,0.34599848918905873,1.2922581858462436,-0.1448678288176486,extreme_fear,10.0,1,0.5,1.0,0.45157528448719264,0.45157528448719264
2025-02-28,2305.56005859375,2310.94921875,2076.169921875,2237.9052734375,35737904667,0.06434025067793522,-0.029750512811404645,0.7178402295691815,0.011477596414967234,0.018433965269926713,0.0,1.6664692807041506,0.7605531472159375,-0.1448678288176486,extreme_fear,16.0,1,0.5,1.0,0.39109024012355836,0.39109024012355836
2025-03-01,2237.942138671875,2279.873046875,2144.090087890625,2216.643310546875,16135258239,0.03687716004841579,-0.009546253209763234,0.3985731288248946,0.0037705125329841353,0.011477596414967234,0.0,0.2634841160395484,-0.3956807506202412,-0.1448678288176486,extreme_fear,20.0,1,0.5,1.0,0.2177251444366552,0.2177251444366552
2025-03-02,2216.521728515625,2548.811767578125,2175.321533203125,2519.694580078125,34854193845,0.09515939854048283,0.12814366644777012,1.1778483524352956,0.02510665351703634,0.029898565325831784,0.0,3.2409026837779726,2.426484224041142,-0.1448678288176486,fear,26.0,0,0.0,1.0,0.6365038754878892,0.6365038754878892
2025-03-03,2519.531005859375,2522.316650390625,2097.076171875,2145.573974609375,31473561910,0.11088384292366331,-0.16073059198113754,1.6261920274609352,0.03408960666820767,0.038057455546090975,0.0,4.044204922764972,4.050172207352302,-0.1448678288176486,fear,33.0,0,0.0,1.0,0.8685379351922993,0.8685379351922993
2025-03-04,2145.65283203125,2220.358642578125,1996.767578125,2170.01513671875,33935738380,0.06374300855469969,0.011327039159087922,1.638734962005772,0.011265502478197648,0.054591445281709096,0.0,1.6359584452735754,4.0955967627332726,-0.1448678288176486,extreme_fear,15.0,1,0.5,1.0,0.8512389852802359,0.8512389852802359
2025-03-05,2169.98681640625,2272.79736328125,2156.099365234375,2241.977294921875,22105432727,0.03165597245864632,0.032624054470729545,1.6561727145818441,0.0027784128007679225,0.016765518220824123,0.0,-0.003246560022954229,4.158748025683737,-0.1448678288176486,extreme_fear,20.0,1,0.5,1.0,0.8439143435202452,0.8439143435202452
2025-03-06,2241.906494140625,2319.396240234375,2177.677001953125,2202.476806640625,18509069102,0.037864301314381794,-0.01777564914208305,1.6603002274424712,0.0039750751846845496,0.005329900971302391,0.0,0.3139134202377399,4.173695918128922,-0.1448678288176486,extreme_fear,25.0,1,0.5,1.0,0.8490822643784265,0.8490822643784265
2025-03-07,2202.498291015625,2254.232421875,2103.47265625,2138.987548828125,22425792863,0.041570786992850085,-0.029249939244508128,1.1993415335938764,0.0047913946668592415,0.009548667931493593,0.0,0.5032637191565117,2.504322324396459,-0.1448678288176486,fear,34.0,0,0.0,1.0,0.6204561602933633,0.6204561602933633
2025-03-08,2139.7978515625,2232.3271484375,2107.72802734375,2201.51025390625,10533204814,0.03449263376874858,0.028810994834996623,0.43919368145087917,0.0032986646535415184,0.0047913946668592415,0.0,0.14166771014930887,-0.2485723896725866,-0.1448678288176486,fear,28.0,0,0.0,1.0,0.23684315760981386,0.23684315760981386
2025-03-09,2201.708740234375,2210.313720703125,1991.1934814453125,2015.5091552734375,16103964994,0.06269874716972906,-0.08827175789597276,0.7844123654253107,0.010899414734887598,0.013066869211310544,0.0,1.5826110907856898,1.0016458246285795,-0.1448678288176486,fear,27.0,0,0.0,1.0,0.42355555629751984,0.42355555629751984
2025-03-10,2015.430419921875,2150.706298828125,1812.766845703125,1861.1513671875,35005066442,0.10266111967785906,-0.07967653516610547,0.7617504423718768,0.029221159551550312,0.03931501328338377,0.0,3.6241371713733654,0.9195750958768505,-0.1448678288176486,extreme_fear,20.0,1,0.5,1.0,0.43220578102486795,0.43220578102486795
2025-03-11,1859.7777099609375,1961.7977294921875,1760.9417724609375,1919.844970703125,30898385863,0.06486811580587463,0.031049127522702755,0.9055979917143124,0.011666699694514912,0.03997901689218667,0.0,1.6934359085113915,1.440522641936723,-0.1448678288176486,extreme_fear,24.0,1,0.5,1.0,0.4852330537600935,0.4852330537600935
2025-03-12,1919.664794921875,1954.5711669921875,1832.01904296875,1908.982666015625,22898872951,0.03888763316827391,-0.005673973790330683,0.9180560218785112,0.004192841787266187,0.011666699694514912,0.0,0.36619156434422057,1.4856397139511341,-0.1448678288176486,fear,34.0,0,0.0,1.0,0.47847182752339257,0.47847182752339257
2025-03-13,1909.015380859375,1919.688232421875,1823.525390625,1862.9696044921875,17977225564,0.03086352410626283,-0.02439868843331954,0.7998875127518315,0.0026410491289161645,0.004816243709711008,0.0,-0.043729741510251954,1.0576894629214688,-0.1448678288176486,fear,45.0,0,0.0,1.0,0.41537551842904713,0.41537551842904713
2025-03-14,1862.9979248046875,1945.0914306640625,1861.10595703125,1909.467529296875,12122715282,0.026507613946798427,0.02465264658862097,0.7083044930058551,0.001948169439106243,0.0041650668000814545,0.0,-0.2662566746505269,0.7260192355487136,-0.1448678288176486,fear,27.0,0,0.0,1.0,0.36740605347632677,0.36740605347632677
2025-03-15,1909.528076171875,1955.2384033203125,1904.9656982421875,1937.3946533203125,6456484591,0.01564349583883885,0.014519685568090907,0.36266627049195327,0.0006785050343251387,0.0024345559773020697,0.0,-0.8212632738075742,-0.5257183482072239,-0.1448678288176486,neutral,46.0,0,0.0,1.0,0.18915488316539605,0.18915488316539605
2025-03-16,1937.384765625,1940.474365234375,1863.489013671875,1887.43505859375,9292997638,0.02431186880688838,-0.026125312781194558,0.3611774725849461,0.001638785600924079,0.002309916149712229,0.0,-0.37842896793811975,-0.5311100675641394,-0.1448678288176486,fear,30.0,0,0.0,1.0,0.19274467069591725,0.19274467069591725
2025-03-17,1887.44921875,1951.6259765625,1880.484375,1927.0029296875,10436892087,0.0223009210643433,0.02074711426099319,0.3975914683100408,0.0013788945445092097,0.002135578046401606,0.0,-0.48116066291617654,-0.3992358590570181,-0.1448678288176486,fear,32.0,0,0.0,1.0,0.20994619468719203,0.20994619468719203
2025-03-18,1927.0057373046875,1935.1820068359375,1872.5089111328125,1932.54345703125,10170844746,0.01977178833082702,0.002871078927171029,0.3244506798664392,0.0010838704028764035,0.0017126076391431437,0.0,-0.6103644642092819,-0.6641170783113952,-0.1448678288176486,fear,34.0,0,0.0,1.0,0.17211123409863313,0.17211123409863313
2025-03-19,1932.5445556640625,2068.764404296875,1928.24951171875,2057.7490234375,20065206266,0.04224282669964253,0.06277568959842908,0.5115786235211868,0.00494756371097382,0.009934572883971782,0.0,0.537595679510671,0.013571512782403223,-0.1448678288176486,fear,32.0,0,0.0,1.0,0.27691072511041465,0.27691072511041465
2025-03-20,2057.951171875,2067.483642578125,1952.2432861328125,1982.099853515625,13217865782,0.03444405983125973,-0.037455863474503096,0.6330358260044807,0.003289380566327767,0.00494756371097382,0.0,0.1391862518675175,0.45343185016184095,-0.1448678288176486,neutral,49.0,0,0.0,1.0,0.33373994291787024,0.33373994291787024
2025-03-21,1981.85302734375,1994.8914794921875,1937.2115478515625,1964.8475341796875,9708125480,0.01762050176104988,-0.008742163255528916,0.5905497649205184,0.0008608391198734509,0.004235750492683351,0.0,-0.7202655377284913,0.29956750304841595,-0.1448678288176486,fear,31.0,0,0.0,1.0,0.30408513334078413,0.30408513334078413
2025-03-22,1964.9404296875,2005.0411376953125,1964.27099609375,1980.037841796875,6117036512,0.01233756662628296,0.0077013049797792395,0.5800325840153073,0.0004220311179947734,0.0011843912247758135,0.0,-0.9901506617282105,0.26147926582030256,-0.1448678288176486,fear,32.0,0,0.0,1.0,0.29618507532079513,0.29618507532079513
2025-03-23,1979.983642578125,2019.889404296875,1977.7093505859375,2005.2991943359375,7522339707,0.012673930297426979,0.012677317190986968,0.5814831039861148,0.00044535679303385153,0.0007796144864424493,0.0,-0.9729671172060973,0.26673236066103667,-0.1448678288176486,fear,30.0,0,0.0,1.0,0.2970785171417709,0.2970785171417709
2025-03-24,2005.7183837890625,2101.9833984375,1978.7637939453125,2077.47900390625,14044912402,0.03627934456261266,0.035361867539989184,0.4297597210177191,0.003649255884547185,0.003713938710745852,0.0,0.23294398968949281,-0.28273771650468477,-0.1448678288176486,fear,45.0,0,0.0,1.0,0.23301953279016588,0.23301953279016588
2025-03-25,2078.568115234375,2096.518310546875,2038.64453125,2067.76416015625,11735658914,0.016811437670960556,-0.004687233608202074,0.27619317234815727,0.0007836013254483594,0.003649255884547185,0.0,-0.7615975542509904,-0.8388828649760592,-0.1448678288176486,neutral,46.0,0,0.0,1.0,0.1465023050095589,0.1465023050095589
2025-03-26,2067.5087890625,2078.369140625,1982.412353515625,2009.1893310546875,13178523590,0.0283879610190395,-0.028736584831997834,0.3738641109784968,0.002234363626347365,0.0031319198224340557,0.0,-0.1701968727016846,-0.48516508505257766,-0.1448678288176486,neutral,47.0,0,0.0,1.0,0.20112603599876816,0.20112603599876816
2025-03-27,2008.9405517578125,2037.3961181640625,1987.7177734375,2002.357421875,11593274543,0.014825121660137722,-0.003406125470101087,0.37611277122462916,0.0006093712836288879,0.002234363626347365,0.0,-0.8630709074549001,-0.4770215049742241,-0.1448678288176486,fear,40.0,0,0.0,1.0,0.19546894644238344,0.19546894644238344
2025-03-28,2002.4105224609375,2015.454345703125,1863.0106201171875,1895.5029296875,18160526498,0.047234654950393445,-0.05484099578862807,0.531453376929365,0.006185957711223448,0.008006453454302,0.0,0.7926092566362306,0.08554843601720981,-0.1448678288176486,fear,44.0,0,0.0,1.0,0.28934401593987924,0.28934401593987924
2025-03-29,1895.5496826171875,1911.90087890625,1799.2008056640625,1827.3203125,12194771785,0.03648733755233459,-0.03663361798023462,0.3474766271718959,0.0036912189033038224,0.012882722678933718,0.0,0.24356956285861162,-0.5807280265040111,-0.1448678288176486,fear,26.0,0,0.0,1.0,0.19198198236211525,0.19198198236211525
2025-03-30,1827.31103515625,1847.570556640625,1769.4127197265625,1806.2186279296875,9854857162,0.025958578632905058,-0.01161507948672106,0.323806815005893,0.0018683028236528819,0.00599854539882636,0.0,-0.2943048069842346,-0.6664488512239616,-0.1448678288176486,fear,32.0,0,0.0,1.0,0.17488269681939903,0.17488269681939903
2025-03-31,1806.3165283203125,1852.5513916015625,1778.6922607421875,1823.47998046875,15765030938,0.024434078977434794,0.009511248469109864,0.4128387752541452,0.0016553026067314825,0.002108290516114745,0.0,-0.3721857137261028,-0.3440173504841395,-0.1448678288176486,fear,34.0,0,0.0,1.0,0.21863642711578998,0.21863642711578998
2025-04-01,1823.5623779296875,1926.302978515625,1820.350341796875,1905.491455078125,15001220420,0.03397592897007216,0.0439932043987864,0.6157689437272963,0.0032005759128917208,0.006355948289981143,0.0,0.11527122124595061,0.390899398329863,-0.1448678288176486,fear,34.0,0,0.0,1.0,0.32487243634868423,0.32487243634868423
2025-04-02,1905.484619140625,1951.1802978515625,1782.76025390625,1795.313232421875,22593742104,0.054213622482916606,-0.05956044751702156,0.6379718091861902,0.008148962266922796,0.008148962266922796,0.0,1.149138244756795,0.47130763836719347,-0.1448678288176486,fear,44.0,0,0.0,1.0,0.3460927158345534,0.3460927158345534
2025-04-03,1794.97607421875,1844.071044921875,1751.380859375,1815.63720703125,16450974373,0.030971609565736122,0.011256974898995098,0.6058737453248513,0.002659579666958112,0.011670466019363085,0.0,-0.0382080652283412,0.3550636865009608,-0.1448678288176486,extreme_fear,25.0,1,0.5,1.0,0.3184226774452937,0.3184226774452937
2025-04-04,1815.60986328125,1833.956787109375,1760.588623046875,1815.335205078125,18061720814,0.024519480680978215,-0.00016634769948358936,0.5989861414877116,0.0016668940166160464,0.002659579666958112,0.0,-0.3678228645215157,0.33012005462407074,-0.1448678288176486,fear,28.0,0,0.0,1.0,0.3117528110843449,0.3117528110843449
2025-04-05,1815.344970703125,1826.298583984375,1767.5135498046875,1805.9732666015625,6374712479,0.019648862420867125,-0.0051704843188780415,0.5949085239661276,0.0010704349387553726,0.0016668940166160464,0.0,-0.6166442828339654,0.3153528594139313,-0.1448678288176486,fear,30.0,0,0.0,1.0,0.3072786931934974,0.3072786931934974
2025-04-06,1805.9630126953125,1815.5748291015625,1539.43798828125,1576.72802734375,22154445576,0.09908342255821888,-0.13574782128357926,0.9706462125613411,0.02721995805794458,0.029197882772494695,0.0,3.441366191579738,1.6760964225171024,-0.1448678288176486,fear,34.0,0,0.0,1.0,0.53486481755978,0.53486481755978
2025-04-07,1576.9498291015625,1634.0411376953125,1415.37353515625,1555.240966796875,46073959047,0.08627824022781369,-0.013721334859379302,0.9606360829306274,0.020638969500363723,0.06200530733804069,0.0,2.7871979814995114,1.6398444843318536,-0.1448678288176486,extreme_fear,23.0,1,0.5,1.0,0.5234571615792205,0.5234571615792205
2025-04-08,1554.93212890625,1617.33984375,1447.610107421875,1472.5531005859375,21315312919,0.06658345977913568,-0.0546327987842089,0.899901516638407,0.012291875941926085,0.020638969500363723,0.0,1.7810663277984067,1.4198927130602863,-0.1448678288176486,extreme_fear,24.0,1,0.5,1.0,0.48324248820877136,0.48324248820877136
2025-04-09,1472.6014404296875,1687.18798828125,1386.79931640625,1668.0400390625,39252195855,0.1177489057825844,0.12465161047070344,1.5003952513118157,0.038441401460568375,0.038441401460568375,4.440892098500625e-16,4.394914953019305,3.5945959939465295,12.450111641328505,extreme_fear,18.0,1,0.5,1.0,0.8090720785472001,0.8090720785472001
2025-04-10,1668.2017822265625,1669.3941650390625,1474.9141845703125,1522.518798828125,21379604307,0.07438609754671972,-0.09128324001492942,1.5803140600403884,0.015341541632583932,0.038441401460568375,0.0,2.1796735050039278,3.884023985465994,-0.1448678288176486,fear,39.0,0,0.0,1.0,0.827350078793554,0.827350078793554
2025-04-11,1522.4730224609375,1587.53857421875,1505.001953125,1567.1497802734375,14871838813,0.0320642955651038,0.028892475031186984,1.3250940835493452,0.0028505512833892493,0.015341541632583932,0.0,0.017613119190784343,2.9597383715209213,-0.1448678288176486,extreme_fear,25.0,1,0.5,1.0,0.6785791895572245,0.6785791895572245
2025-04-12,1567.15576171875,1666.017578125,1546.819580078125,1643.528564453125,12110995013,0.044582754498402835,0.04758695132972755,1.3596808002229261,0.005510858337573879,0.010331075597148886,0.0,0.6571337181216026,3.084995042626786,-0.1448678288176486,fear,43.0,0,0.0,1.0,0.7021317773606645,0.7021317773606645
2025-04-13,1643.5010986328125,1648.2867431640625,1564.8388671875,1596.685791015625,13909890792,0.031201288099495395,-0.028915393873991904,1.2919946902463757,0.002699171623873738,0.005510858337573879,0.0,-0.02647465984242971,2.8398680797010396,-0.1448678288176486,fear,45.0,0,0.0,1.0,0.6615979891729356,0.6615979891729356
2025-04-14,1596.8818359375,1689.8575439453125,1596.0865478515625,1622.7698974609375,16518325094,0.034285742676214225,0.016204402070607807,0.8831133224641333,0.003259211732329093,0.005907670725673992,0.0,0.13109842872928715,1.3590938423263481,-0.1448678288176486,fear,31.0,0,0.0,1.0,0.45869953257017376,0.45869953257017376
2025-04-15,1622.7718505859375,1659.836181640625,1585.2291259765625,1588.6324462890625,13175452875,0.027619783294894257,-0.021260952961947972,0.5197917633021043,0.0021150760420909566,0.004085162506315768,0.0,-0.20944015982258687,0.04331560667815859,-0.1448678288176486,fear,38.0,0,0.0,1.0,0.27370577329849927,0.27370577329849927
2025-04-16,1589.031005859375,1610.7821044921875,1540.0338134765625,1578.1053466796875,15339621551,0.02697448710400137,-0.006648569648291471,0.49247612532634066,0.0020173991977558542,0.005612188116511646,0.0,-0.24240589535652454,-0.05560866862290155,-0.1448678288176486,fear,29.0,0,0.0,1.0,0.25972530621517104,0.25972530621517104
2025-04-17,1578.01416015625,1615.306884765625,1564.1956787109375,1582.54833984375,11312160796,0.019309971475937947,0.0028114412594665455,0.28803738407065554,0.0010338290153732784,0.0022772544390923166,0.0,-0.6339569361907492,-0.7959887520067754,-0.1448678288176486,fear,30.0,0,0.0,1.0,0.15367367777329674,0.15367367777329674
2025-04-18,1582.397216796875,1599.4168701171875,1573.9039306640625,1588.9246826171875,7123507323,0.00965702036055263,0.004021066122809572,0.22141082575671,0.0002585661961842305,0.0010338290153732784,0.0,-1.1270896062465086,-1.0372785217298504,-0.1448678288176486,fear,33.0,0,0.0,1.0,0.11553392305863132,0.11553392305863132
2025-04-19,1588.9697265625,1629.051513671875,1585.4730224609375,1612.9228515625,7168138700,0.01628430852886707,0.014990481640512511,0.215567712188988,0.0007352314848186746,0.001186033633313598,0.0,-0.7885265833321023,-1.0584395056212592,-0.1448678288176486,fear,32.0,0,0.0,1.0,0.11592601035892752,0.11592601035892752
2025-04-20,1612.966064453125,1618.436767578125,1566.6915283203125,1587.5142822265625,7642784469,0.01951501774725441,-0.01587852041533123,0.18530036552879914,0.0010559013703713576,0.001523486324373232,0.0,-0.6234818996914859,-1.1680534687401798,-0.1448678288176486,fear,37.0,0,0.0,1.0,0.10240769163802678,0.10240769163802678
2025-04-21,1587.4609375,1656.11962890625,1566.1474609375,1579.7344970703125,15403785611,0.0335464695499019,-0.004912655332703996,0.18183699273725248,0.0031201760243635816,0.0031201760243635816,0.0,0.09333176791010879,-1.1805961610911748,-0.1448678288176486,fear,39.0,0,0.0,1.0,0.10769173114357719,0.10769173114357719
2025-04-22,1579.815185546875,1773.63916015625,1542.0003662109375,1757.3316650390625,23747917555,0.0840503097594241,0.10653976610910525,0.7806372795940747,0.019586827071373724,0.019586827071373724,0.0,2.673381461821458,0.9879742556033323,-0.1448678288176486,neutral,47.0,0,0.0,1.0,0.4323437946767494,0.4323437946767494
2025-04-23,1757.196533203125,1829.7099609375,1746.924072265625,1796.104248046875,22904644756,0.027806521011373042,0.021823453566225958,0.766413549353848,0.0021437728385882483,0.029267322947654526,0.0,-0.19990043796690202,0.9364626560082339,-0.1448678288176486,greed,72.0,0,0.0,1.0,0.3971100351826105,0.3971100351826105
2025-04-24,1795.9794921875,1801.69140625,1724.74072265625,1769.8316650390625,15207402759,0.026213992309126643,-0.014735575199703031,0.8170616166262286,0.0019052491990532569,0.0034905326007935175,0.0,-0.2812566907534212,1.1198859154160903,-0.1448678288176486,greed,63.0,0,0.0,1.0,0.4216378044676776,0.4216378044676776
2025-04-25,1770.003662109375,1826.696044921875,1740.3319091796875,1786.634521484375,17459399281,0.029087009465921965,0.009449256980928297,0.7681107825067024,0.002345760110603306,0.0032984531939909212,0.0,-0.13448513822909977,0.9426092288912112,-0.1448678288176486,greed,60.0,0,0.0,1.0,0.39859889598631215,0.39859889598631215
2025-04-26,1786.532958984375,1839.363037109375,1781.473876953125,1821.881103515625,11926379867,0.019204922615059728,0.019535846133511708,0.7295100965897429,0.001022611271812972,0.0030629017488658142,0.0,-0.6393234841647285,0.8028158664280265,-0.1448678288176486,greed,65.0,0,0.0,1.0,0.3743575096024013,0.3743575096024013
2025-04-27,1822.175537109375,1856.44384765625,1785.902099609375,1792.864990234375,11321944113,0.02326518993919149,-0.016054647143695623,0.2907617732591837,0.0015007164995122916,0.0016992289949441747,0.0,-0.43189982245178654,-0.7861223075051931,-0.1448678288176486,greed,61.0,0,0.0,1.0,0.15701348159918757,0.15701348159918757
2025-04-28,1792.4461669921875,1827.4822998046875,1747.726806640625,1798.851806640625,17043640437,0.02679899349288091,0.0033336826310850502,0.2454746083740076,0.001991234548886893,0.003641732880988273,0.0,-0.2513711985052813,-0.9501309230345333,-0.1448678288176486,neutral,54.0,0,0.0,1.0,0.13613680093344427,0.13613680093344427
2025-04-29,1798.9122314453125,1842.0330810546875,1782.28125,1799.1756591796875,14734257744,0.019803957401183923,0.00018001671360959627,0.2078519995567622,0.001087400227025783,0.0027619146201671766,0.0,-0.6087210683846592,-1.0863821544896985,-0.1448678288176486,greed,60.0,0,0.0,1.0,0.11382797847897307,0.11382797847897307
2025-04-30,1799.2091064453125,1816.68994140625,1736.1429443359375,1793.775390625,14810431362,0.02723555731048328,-0.0030060374028753173,0.2033549991074813,0.002056638613121038,0.003505106858373529,0.0,-0.22906880844335895,-1.1026681556026274,-0.1448678288176486,greed,56.0,0,0.0,1.0,0.11529527820898229,0.11529527820898229
2025-05-01,1794.041015625,1872.9395751953125,1793.151123046875,1839.2215576171875,15861442721,0.026145243380638505,0.02501986011273316,0.2362556839214118,0.0018952688740417807,0.005752192186338055,0.0,-0.2847688128250634,-0.9835174916124821,-0.1448678288176486,neutral,53.0,0,0.0,1.0,0.13120046365102517,0.13120046365102517
2025-05-02,1839.1748046875,1869.530029296875,1814.73046875,1842.7078857421875,13570171872,0.017866769955103015,0.001893751208733253,0.17737170846747777,0.0008850698438163982,0.0018952688740417807,0.0,-0.707684629503475,-1.1967673012561098,-0.1448678288176486,greed,67.0,0,0.0,1.0,0.0976192392112904,0.0976192392112904
2025-05-03,1842.7181396484375,1848.246826171875,1812.815673828125,1833.8397216796875,8344452620,0.011624625300606324,-0.004824189543207279,0.19241996462164299,0.0003746652190506755,0.0009489985825906179,0.0,-1.0265721306988405,-1.1422696601643534,-0.1448678288176486,greed,65.0,0,0.0,1.0,0.10202229496112465,0.10202229496112465
2025-05-04,1833.647216796875,1849.99853515625,1804.4951171875,1808.59423828125,8918979887,0.014956381095320211,-0.013862097671099437,0.23121728111028553,0.0006202096191600295,0.0006202096191600295,0.0,-0.856365360625974,-1.0017641951018068,-0.1448678288176486,greed,64.0,0,0.0,1.0,0.12308683110280287,0.12308683110280287
2025-05-05,1808.7049560546875,1832.05078125,1783.3148193359375,1819.697509765625,11389336489,0.01619238787715966,0.0061204042648664225,0.2302211602276784,0.0007269545336561997,0.0013476943475088134,0.0,-0.7932224608795907,-1.0053716721269303,-0.1448678288176486,neutral,52.0,0,0.0,1.0,0.12320677405241903,0.12320677405241903
2025-05-06,1819.7340087890625,1820.796630859375,1753.3154296875,1815.0875244140625,13206516310,0.022680546870253344,-0.0025365944781066225,0.11985422182888465,0.0014262396189198515,0.0019296215721554015,0.0,-0.46176701997188435,-1.4050683370184702,-0.1448678288176486,greed,59.0,0,0.0,1.0,0.071267384349569,0.071267384349569
2025-05-07,1815.0189208984375,1849.658447265625,1788.6873779296875,1811.606689453125,50540755039,0.020130184894213424,-0.0019195641123836865,0.11366052386210469,0.0011235204458054453,0.002861444573626941,0.0,-0.5920553427676687,-1.4274989711973605,-0.1448678288176486,greed,67.0,0,0.0,1.0,0.06689535437815906,0.06689535437815906
2025-05-08,1811.54638671875,2222.20556640625,1809.4569091796875,2206.5146484375,37777245241,0.12339938320086409,0.19720006321216074,1.426111341585946,0.042219339064119434,0.04709688117998908,0.0,4.683576418622803,3.325574931993625,-0.1448678288176486,greed,65.0,0,0.0,1.0,0.7747553623934051,0.7747553623934051
2025-05-09,2206.128173828125,2486.0068359375,2186.054443359375,2345.50732421875,43766026875,0.07721982811708422,0.06108753297833395,1.3552065130599762,0.01653267443342093,0.10090215321524185,0.0,2.3244380547958796,3.0687912982560195,-0.1448678288176486,greed,73.0,0,0.0,1.0,0.7162131705885302,0.7162131705885302
2025-05-10,2345.760498046875,2597.54345703125,2320.235107421875,2582.422607421875,30265913403,0.06780195119827763,0.09622623202823417,1.3133957096777682,0.012745880330914467,0.02974516937845421,0.0,1.8433144340799967,2.9173724140253134,-0.1448678288176486,greed,70.0,0,0.0,1.0,0.690598830438023,0.690598830438023
2025-05-11,2582.71044921875,2603.264404296875,2441.730712890625,2510.23779296875,26496368543,0.03847141095930798,-0.028350466587270695,1.41228853068903,0.00410356844448008,0.013247475402848966,0.0,0.34492834993544425,3.275515271962463,-0.1448678288176486,greed,70.0,0,0.0,1.0,0.725379970824169,0.725379970824169
2025-05-12,2510.289306640625,2620.897216796875,2411.594482421875,2496.397705078125,32121858921,0.049983849405448734,-0.005528712106074084,1.423228187491872,0.00692699463317519,0.00692699463317519,2.220446049250313e-16,0.9330551768443106,3.31513351636238,6.15262190625543,greed,70.0,0,0.0,1.0,0.7366060184486604,0.7366060184486604
2025-05-13,2496.33740234375,2736.89013671875,2418.32568359375,2680.129638671875,33528741590,0.07431756014704512,0.07101639120680912,0.8439873358008844,0.015313284068146322,0.016010890994234684,0.0,2.1761721891372856,1.217398089895633,-0.1448678288176486,greed,70.0,0,0.0,1.0,0.45915244797396476,0.45915244797396476
2025-05-14,2680.26220703125,2721.949951171875,2549.68505859375,2610.063232421875,26602676588,0.039263894097948296,-0.02649071796891156,0.9240863606850801,0.004274370774255824,0.015313284068146322,0.0,0.38541330852069955,1.5074787387906412,-0.1448678288176486,greed,73.0,0,0.0,1.0,0.4816751273915142,0.4816751273915142
2025-05-15,2610.02783203125,2645.07421875,2482.212890625,2546.85693359375,26637688883,0.03816486459762567,-0.024514424159045915,0.6707751964453282,0.004038433205835646,0.008500482332284879,0.0,0.3292680586913152,0.5901059367964483,-0.1448678288176486,greed,70.0,0,0.0,1.0,0.35447003052147696,0.35447003052147696
2025-05-16,2547.058349609375,2645.60791015625,2532.027099609375,2536.297607421875,21298907763,0.026353025345107663,-0.004154641089668359,0.6336164979883712,0.0019255128080622199,0.004064115499939258,0.0,-0.2741540201359349,0.45553476846984303,-0.1448678288176486,greed,71.0,0,0.0,1.0,0.3299847616667394,0.3299847616667394
2025-05-17,2536.297607421875,2537.78173828125,2449.0693359375,2475.75439453125,18830706230,0.021369336067815724,-0.02416022732598703,0.6609035672412157,0.0012660985476123108,0.0059587257630644595,0.0,-0.5287518079691462,0.5543555814167177,-0.1448678288176486,greed,74.0,0,0.0,1.0,0.3411364516545157,0.3411364516545157
2025-05-18,2475.76953125,2585.697021484375,2344.668212890625,2498.233642578125,25005164865,0.05876563907102181,0.009038783738296415,0.2506843406315205,0.00957485882338011,0.00957485882338011,2.220446049250313e-16,1.3816835117324708,-0.9312637456124172,6.15262190625543,greed,74.0,0,0.0,1.0,0.15472498985127114,0.15472498985127114
2025-05-19,2498.800048828125,2545.461181640625,2353.427001953125,2529.166748046875,27351331811,0.04710758839162938,0.012305960707905102,0.27914042943011813,0.006152720626828493,0.00957485882338011,0.0,0.7861179079648125,-0.8282092987493584,-0.1448678288176486,greed,74.0,0,0.0,1.0,0.16312400891087375,0.16312400891087375
2025-05-20,2529.135009765625,2585.619873046875,2446.44677734375,2524.173095703125,23453322578,0.03322820973112456,-0.001976377652648227,0.2275670359741573,0.0030612538080265813,0.008853438223613888,0.0,0.07707308055852921,-1.0149836503853735,-0.1448678288176486,greed,71.0,0,0.0,1.0,0.13039762285264095,0.13039762285264095
2025-05-21,2524.1591796875,2614.060791015625,2454.537841796875,2552.34716796875,31952904125,0.03781516450233727,0.01109987159403035,0.24283429860093633,0.003964764904044297,0.0043914735317772124,0.0,0.31140320682922845,-0.9596928718018705,-0.1448678288176486,greed,70.0,0,0.0,1.0,0.1403247315516368,0.1403247315516368
2025-05-22,2552.766845703125,2691.102294921875,2546.434814453125,2664.156982421875,26596978352,0.03318497974880307,0.04287428444195701,0.26594285839752385,0.0030532935921091216,0.008466280471435154,0.0,0.07486462468282501,-0.8760046367638701,-0.1448678288176486,greed,72.0,0,0.0,1.0,0.14956391907316346,0.14956391907316346
2025-05-23,2664.08203125,2731.220703125,2504.87353515625,2526.44189453125,30536501878,0.051954792998179886,-0.053075731196588455,0.556093649559453,0.007484050167166194,0.007484050167166194,0.0,1.0337432114976393,0.17478380790618922,-0.1448678288176486,extreme_greed,78.0,1,0.5,1.0,0.3040242212788164,0.3040242212788164
2025-05-24,2526.387939453125,2575.13134765625,2516.01806640625,2530.646240234375,11380899856,0.013946846178663801,0.0016627539642371373,0.5490518791170035,0.0005393087598372908,0.007484050167166194,0.0,-0.907938671524837,0.1492818577604956,-0.1448678288176486,greed,66.0,0,0.0,1.0,0.28149936264783365,0.28149936264783365
2025-05-25,2530.89013671875,2553.869140625,2467.880126953125,2551.763916015625,14556431364,0.020569212440602728,0.008310150759836423,0.5514324471201852,0.0011730614951471485,0.0018097373341246664,0.0,-0.5696270901440829,0.1579031451244809,-0.1448678288176486,greed,74.0,0,0.0,1.0,0.286000829780394,0.286000829780394
2025-05-26,2551.380859375,2598.566650390625,2530.321533203125,2564.138427734375,14936610009,0.015983108769810333,0.004837674772017543,0.5468194893119621,0.0007082848660522965,0.0026626085830602363,0.0,-0.8039137369215433,0.14119720149696133,-0.1448678288176486,greed,73.0,0,0.0,1.0,0.28140129904088623,0.28140129904088623
2025-05-27,2564.140869140625,2712.28515625,2512.588623046875,2663.06982421875,26264200536,0.04592969879574732,0.037857000045733294,0.5232197113308105,0.00584887913711331,0.00584887913711331,0.0,0.7259439948780234,0.05573000735261235,-0.1448678288176486,greed,74.0,0,0.0,1.0,0.28457470506327887,0.28457470506327887
2025-05-28,2663.01025390625,2688.7421875,2611.160888671875,2682.212890625,19087366068,0.017583584427404292,0.007162632649870233,0.23327309172813193,0.0008572357499063474,0.00584887913711331,0.0,-0.7221515043198866,-0.9943190248404669,-0.1448678288176486,greed,71.0,0,0.0,1.0,0.1254283380777681,0.1254283380777681
2025-05-29,2681.84326171875,2784.75244140625,2620.982666015625,2632.65478515625,27567479811,0.03639981558996493,-0.01864939819501646,0.3187162882064985,0.0036735319313693495,0.004142733773385554,0.0,0.2390983976702706,-0.6848843230579906,-0.1448678288176486,greed,74.0,0,0.0,1.0,0.1775580518982317,0.1775580518982317
2025-05-30,2632.8359375,2648.2607421875,2510.163818359375,2529.943603515625,24599403943,0.032163105464977124,-0.03979574968718857,0.4644894566186186,0.002868146971694924,0.010776715863737723,0.0,0.022660942304154677,-0.15696309872842287,-0.1448678288176486,greed,60.0,0,0.0,1.0,0.24832628104179788,0.24832628104179788
2025-05-31,2529.833984375,2550.483642578125,2484.215576171875,2529.08740234375,13992843765,0.015810409542927183,-0.0003384842587673538,0.46133014215099916,0.0006930613687035518,0.004089110690244837,0.0,-0.8127362855754691,-0.16840463615232312,-0.1448678288176486,neutral,50.0,0,0.0,1.0,0.23857027584696316,0.23857027584696316
2025-06-01,2529.0966796875,2547.77294921875,2472.540771484375,2536.266357421875,13287852482,0.018000831154861886,0.0028345344571224593,0.308934643044081,0.0008984017081425183,0.0009632786451094563,0.0,-0.7008359511461795,-0.7203087989498892,-0.1448678288176486,greed,56.0,0,0.0,1.0,0.16346773709947146,0.16346773709947146
2025-06-02,2536.184814453125,2615.515625,2477.292724609375,2607.097412109375,16744168824,0.032607432885783966,0.027544438260729224,0.3997872796462242,0.002947940207088403,0.0031601243642264696,0.0,0.04535994541546596,-0.39128367264561054,-0.1448678288176486,greed,64.0,0,0.0,1.0,0.21619735626600406,0.21619735626600406
2025-06-03,2607.197509765625,2652.418701171875,2582.25048828125,2593.2802734375,18291179016,0.01610143034037388,-0.005313910650714507,0.38340868667850964,0.0007188104253721241,0.004665657798792191,0.0,-0.7978691365377091,-0.45059916222779756,-0.1448678288176486,greed,64.0,0,0.0,1.0,0.19975505850944175,0.19975505850944175
2025-06-04,2593.482666015625,2677.970458984375,2585.73779296875,2608.64306640625,18621211035,0.021048670778343173,0.005906599013369018,0.20115771643049105,0.0012283858444874956,0.0013248082318559925,0.0,-0.5451333816973885,-1.1106256705120614,-0.1448678288176486,greed,62.0,0,0.0,1.0,0.11110319360441712,0.11110319360441712
2025-06-05,2608.607177734375,2640.60400390625,2395.753662109375,2416.28564453125,26194462737,0.05844050121030674,-0.07659868477592427,0.629041754950053,0.00946920058616801,0.0124013510272227,0.0,1.3650734512987155,0.43896722060016735,-0.1448678288176486,greed,57.0,0,0.0,1.0,0.34374112808017987,0.34374112808017987
2025-06-06,2416.455078125,2530.391845703125,2387.608642578125,2477.19482421875,19407449565,0.03488171983600558,0.024895297275804328,0.6733992733169597,0.0033735040163938032,0.010143588426448647,0.0,0.16154464197403628,0.5996090976997646,-0.1448678288176486,fear,45.0,0,0.0,1.0,0.35414049657648267,0.35414049657648267
2025-06-07,2477.183349609375,2543.048828125,2459.13720703125,2526.50537109375,11664303387,0.02015070676653418,0.01971027093844131,0.6517040046477293,0.0011258123766493156,0.003978000257517773,0.0,-0.5910069581264217,0.5210391323023,-0.1448678288176486,neutral,52.0,0,0.0,1.0,0.3359273557071317,0.3359273557071317
2025-06-08,2526.193359375,2547.467041015625,2493.920166015625,2510.787109375,12097170203,0.012758149221441292,-0.00624077827324931,0.6516506521374065,0.00045129529649250556,0.0012453127220292783,0.0,-0.9686646917227435,0.5208459148338354,-0.1448678288176486,greed,62.0,0,0.0,1.0,0.33220440067942386,0.33220440067942386
2025-06-09,2510.838134765625,2693.806640625,2479.867919921875,2681.51708984375,20605172560,0.04969644006494728,0.06578641928354498,0.8358874729814318,0.006847562610618219,0.006847562610618219,0.0,0.9183725234478223,1.1880642313870642,-0.1448678288176486,greed,62.0,0,0.0,1.0,0.4427919565231896,0.4427919565231896
2025-06-10,2681.285400390625,2824.80810546875,2658.67724609375,2813.517578125,35555755055,0.0364010426492779,0.048052794989455826,0.4384160160980068,0.003673779609412353,0.01696119022201049,0.0,0.2391610834777595,-0.2513887244595647,-0.1448678288176486,greed,71.0,0,0.0,1.0,0.23740852937364235,0.23740852937364235
2025-06-11,2813.73974609375,2877.62939453125,2746.4599609375,2773.529296875,30705408054,0.028018602135933126,-0.014314884050645356,0.5450623448131547,0.002176598777709771,0.00626283967686985,0.0,-0.1890660174904478,0.13483365815603726,-0.1448678288176486,greed,72.0,0,0.0,1.0,0.2865404734745439,0.2865404734745439
2025-06-12,2773.597900390625,2784.2626953125,2619.966552734375,2651.795166015625,25924959613,0.0365270605641885,-0.04488379180962811,0.7286223891603607,0.003699260386000268,0.008799429943221611,0.0,0.2455988609109922,0.7996010114717222,-0.1448678288176486,greed,71.0,0,0.0,1.0,0.3825747248622746,0.3825747248622746
2025-06-13,2651.91552734375,2651.91552734375,2443.962646484375,2579.486083984375,37986747138,0.04904270594229222,-0.027646644951977682,0.7726091202299359,0.006668594368107374,0.016994339570103104,0.0,0.884975725975428,0.9589000729756557,-0.1448678288176486,greed,61.0,0,0.0,1.0,0.41082591308611405,0.41082591308611405
2025-06-14,2579.721435546875,2580.158203125,2491.49072265625,2533.444091796875,14285000473,0.02100132561334601,-0.01801050872339616,0.5596715418220248,0.0012228659973656316,0.006668594368107374,0.0,-0.5475520666518858,0.1877412354242371,-0.1448678288176486,greed,63.0,0,0.0,1.0,0.2903364337176854,0.2903364337176854
2025-06-15,2533.183349609375,2558.677734375,2493.20458984375,2546.837158203125,13961893828,0.015567596288177185,0.005272581093273376,0.2919163497026595,0.0006719370270860186,0.0012228659973656316,0.0,-0.8251406940520591,-0.7819409796499966,-0.1448678288176486,greed,60.0,0,0.0,1.0,0.15374197299541834,0.15374197299541834
2025-06-16,2547.226806640625,2680.087646484375,2517.145263671875,2540.60498046875,22792449577,0.0376696432590801,-0.002450025251177809,0.3173085136557369,0.003934309006543737,0.005224489618387057,0.0,0.3039690783042363,-0.6899826142765566,-0.1448678288176486,greed,61.0,0,0.0,1.0,0.17748907845740852,0.17748907845740852
2025-06-17,2540.314453125,2617.9013671875,2456.64892578125,2510.761474609375,25653232897,0.038180556011065105,-0.011816150483902362,0.20465169803693786,0.0040417546771792795,0.007577929166024581,0.0,0.3300696735046342,-1.097972127562061,-0.1448678288176486,greed,68.0,0,0.0,1.0,0.12141612702400148,0.12141612702400148
2025-06-18,2510.81689453125,2546.62744140625,2469.05029296875,2524.301513671875,19873957905,0.018579160729918155,0.0053783127371164275,0.1652005233299947,0.000957056629834773,0.0040417546771792795,0.0,-0.6712912860887592,-1.2408455567355843,-0.1448678288176486,neutral,52.0,0,0.0,1.0,0.09188984202995643,0.09188984202995643
2025-06-19,2524.404052734375,2546.76953125,2486.101806640625,2521.653564453125,12782730709,0.014479387289543934,-0.0010495335058742672,0.11199682300525422,0.0005812805903912227,0.0009605118503480544,0.0,-0.8807331654797257,-1.4335241060204136,-0.1448678288176486,greed,57.0,0,0.0,1.0,0.06323810514739908,0.06323810514739908
2025-06-20,2521.5263671875,2569.0146484375,2371.474365234375,2407.30419921875,22592586688,0.04805124028939085,-0.04640733082546842,0.3267167419229038,0.006401690247513601,0.006401690247513601,0.0,0.8343255052460841,-0.6559104771358384,-0.1448678288176486,neutral,54.0,0,0.0,1.0,0.1873839911061473,0.1873839911061473
2025-06-21,2407.34765625,2448.41162109375,2222.8125,2300.49560546875,16108791762,0.05805397576662374,-0.04538295151749372,0.3897903966727018,0.009344356241039098,0.020952311841690358,0.0,1.345327332022913,-0.42748763772607684,-0.1448678288176486,neutral,49.0,0,0.0,1.0,0.22392218621966278,0.22392218621966278
2025-06-22,2298.8427734375,2313.85302734375,2116.681396484375,2228.213134765625,28458151601,0.05348876087816647,-0.03192460094781509,0.38980339643399964,0.00793250814397683,0.021196451945178753,0.0,1.1121078139280705,-0.4274405587610307,-0.1448678288176486,fear,42.0,0,0.0,1.0,0.22164607865608305,0.22164607865608305
2025-06-23,2228.484619140625,2434.23974609375,2191.418212890625,2421.824951171875,26247439429,0.06311031557706648,0.08332138861020585,0.8633924027295116,0.011042976704994338,0.019539847717722453,0.0,1.6036365601157283,1.2876740316395618,-0.1448678288176486,neutral,47.0,0,0.0,1.0,0.463251359153289,0.463251359153289
2025-06-24,2421.83056640625,2481.222900390625,2379.5693359375,2448.0087890625,19539047009,0.025122690483730205,0.010753586923480026,0.8736325015737035,0.0017499181996283978,0.015426291710806861,0.0,-0.33700716297292005,1.3247588091604718,-0.1448678288176486,greed,65.0,0,0.0,1.0,0.44937759602871685,0.44937759602871685
2025-06-25,2448.7373046875,2468.677978515625,2394.607421875,2419.310302734375,17158118625,0.01829518079449148,-0.011792454268337168,0.8044083914115453,0.0009280232642842807,0.0017499181996283978,0.0,-0.6857987441837263,1.0740619395787239,-0.1448678288176486,greed,66.0,0,0.0,1.0,0.41135178610301837,0.41135178610301837
2025-06-26,2419.15478515625,2519.619873046875,2399.533935546875,2416.146728515625,18300413888,0.029327518272070738,-0.0013084904486505942,0.6981571015568792,0.002384712787169941,0.0025896643064854783,0.0,-0.12219845529344985,0.689270200209441,-0.1448678288176486,greed,74.0,0,0.0,1.0,0.3637423099144749,0.3637423099144749
2025-06-27,2416.023193359375,2463.15478515625,2386.324951171875,2423.866943359375,15309834970,0.019030857390466633,0.0031901651171337433,0.6040830299559721,0.0010041582531346708,0.002954307413351725,0.0,-0.6482158164620129,0.34857856540314786,-0.1448678288176486,greed,65.0,0,0.0,1.0,0.31155694367321934,0.31155694367321934
2025-06-28,2423.92529296875,2448.191650390625,2407.76171875,2437.109375,8273074809,0.010000594182025065,0.00544847929008879,0.13478400903800672,0.00027729182165047995,0.0010041582531346708,0.0,-1.1095377224838403,-1.3509997342140305,-0.1448678288176486,greed,65.0,0,0.0,1.0,0.07239230161001589,0.07239230161001589
2025-06-29,2437.11474609375,2523.320556640625,2417.625244140625,2500.9599609375,12500580479,0.025697990543829693,0.025861987908843406,0.21851107238611414,0.0018309807666181252,0.002197560648067015,0.0,-0.307617264347211,-1.0477800520617622,-0.1448678288176486,greed,68.0,0,0.0,1.0,0.12210453146497191,0.12210453146497191
2025-06-30,2500.60546875,2521.720458984375,2438.054931640625,2486.46435546875,16859727663,0.020263432392728688,-0.005812878698818224,0.19349364548533252,0.0011384434844433306,0.0018309807666181252,0.0,-0.5852482333214856,-1.1383812977018204,-0.1448678288176486,greed,66.0,0,0.0,1.0,0.1068785389390306,0.1068785389390306
2025-07-01,2486.428466796875,2500.591796875,2389.81591796875,2405.792724609375,15025451796,0.027212077620345516,-0.03298229937844865,0.3392318172249961,0.0020530940979998874,0.00288638091017933,0.0,-0.23026829678131006,-0.6105868147086176,-0.1448678288176486,greed,64.0,0,0.0,1.0,0.1832219474226708,0.1832219474226708
2025-07-02,2405.857421875,2616.78369140625,2378.3935546875,2571.33544921875,22792512025,0.057366015943376404,0.06654592952363875,0.5913581890678875,0.009124200726961521,0.009124200726961521,0.0,1.31018207328558,0.3024952315893099,-0.1448678288176486,greed,63.0,0,0.0,1.0,0.32436210250563197,0.32436210250563197
2025-07-03,2570.796630859375,2635.192138671875,2558.58251953125,2591.00732421875,20873559425,0.017718174284615782,0.007621334375845826,0.5900849019250346,0.0008704090360956103,0.010512567916949345,0.0,-0.7152758188579204,0.2978839899273491,-0.1448678288176486,greed,73.0,0,0.0,1.0,0.3039015381048252,0.3039015381048252
2025-07-04,2590.845703125,2601.11962890625,2475.7548828125,2508.518310546875,17222740209,0.02966569730180077,-0.032354464051921744,0.6474122381968883,0.002440026676350938,0.0038951010370044314,0.0,-0.10492217098472321,0.505496391316805,-0.1448678288176486,greed,73.0,0,0.0,1.0,0.33853896774934455,0.33853896774934455
2025-07-05,2508.095947265625,2529.84228515625,2489.00244140625,2517.280029296875,9289382302,0.009774108768353109,0.0034867008319645725,0.6449673688252656,0.00026487427906241707,0.002440026676350938,0.0,-1.1211080034722858,0.4966422349171586,-0.1448678288176486,greed,67.0,0,0.0,1.0,0.3273707387968094,0.3273707387968094
2025-07-06,2517.280029296875,2603.064697265625,2505.370849609375,2571.236572265625,13190436110,0.022973095542451742,0.021207974563753385,0.5674189137514728,0.0014632700712062274,0.0020077099346334174,0.0,-0.4468218176065138,0.21579853924003753,-0.1448678288176486,greed,66.0,0,0.0,1.0,0.2951960046469623,0.2951960046469623
2025-07-07,2571.395263671875,2589.324951171875,2517.903564453125,2543.01318359375,18440266947,0.016798038430637527,-0.01103726901740234,0.3237892132828753,0.0007823527138300954,0.0014632700712062274,0.0,-0.762282070631342,-0.6665125963100225,-0.1448678288176486,greed,73.0,0,0.0,1.0,0.17029362585675642,0.17029362585675642
2025-07-08,2542.97265625,2626.66455078125,2525.437744140625,2615.505859375,17537487206,0.023602294322148998,0.028107853381816286,0.38907984235290277,0.0015445212785263089,0.0017882895961655193,0.0,-0.4146784377717814,-0.43006092820571074,-0.1448678288176486,greed,65.0,0,0.0,1.0,0.20634106833752588,0.20634106833752588
2025-07-09,2615.505859375,2794.5185546875,2591.947021484375,2770.777587890625,27229452849,0.04519253114119252,0.057670474379015416,0.4141237855222796,0.005662637807888175,0.010250636631041308,0.0,0.6882848946273287,-0.33936365322682477,-0.1448678288176486,greed,66.0,0,0.0,1.0,0.22965815833173606,0.22965815833173606
2025-07-10,2770.7373046875,2995.152099609375,2757.2666015625,2954.84521484375,33929201261,0.04969955510148421,0.06431827026714018,0.48197190802844836,0.006848421065517675,0.020905017631957182,0.0,0.9185316588527794,-0.09364995781852051,-0.1448678288176486,greed,71.0,0,0.0,1.0,0.26583573156496626,0.26583573156496626
2025-07-11,2954.832763671875,3038.14111328125,2916.95654296875,2957.88623046875,36226558863,0.02444587960177284,0.0010286331862912077,0.5295241203909283,0.0016569018748027087,0.009410168935203694,0.0,-0.3715828645747308,0.07856158456222949,-0.1448678288176486,greed,71.0,0,0.0,1.0,0.27698499999635057,0.27698499999635057
2025-07-12,2958.333740234375,2979.780029296875,2907.193603515625,2942.91162109375,16317198254,0.014810598220469354,-0.005075463317871468,0.5028415687247457,0.000608177926536735,0.0019410751190065464,0.0,-0.8638128549170231,-0.01806995262178964,-0.1448678288176486,extreme_greed,79.0,1,0.5,1.0,0.25882608347260755,0.25882608347260755
2025-07-13,2942.853515625,3016.3935546875,2938.736572265625,2973.35888671875,17361753131,0.015663944788446547,0.010292813483774067,0.5208831487553617,0.0006802800574799665,0.0013596706478542942,0.0,-0.8202186145112262,0.04726808676057141,-0.1448678288176486,greed,74.0,0,0.0,1.0,0.2682735467719041,0.2682735467719041
2025-07-14,2973.22509765625,3079.985595703125,2965.32373046875,3013.350830078125,36349290556,0.022784517248213985,0.013360440086174895,0.43758901072506057,0.0014393457009855089,0.0022038488541647333,0.0,-0.45645556760073136,-0.25438374537986597,-0.1448678288176486,greed,74.0,0,0.0,1.0,0.2301867639866373,0.2301867639866373
2025-07-15,3013.29345703125,3142.42724609375,2934.371337890625,3139.8896484375,39013656112,0.04113980829885555,0.04113496333191673,0.28235254204805765,0.004692561570943518,0.004692561570943518,0.0,0.48124665188182825,-0.8165765514857949,-0.1448678288176486,greed,73.0,0,0.0,1.0,0.1617461751734566,0.1617461751734566
2025-07-16,3139.8896484375,3422.60302734375,3102.477783203125,3371.5068359375,46771354461,0.058975292565373795,0.07117212126317728,0.47897823375153115,0.009643299615220964,0.023687717179250358,0.0,1.3923939137867745,-0.10449162509329635,-0.1448678288176486,greed,70.0,0,0.0,1.0,0.2689767631584525,0.2689767631584525
2025-07-17,3371.5068359375,3521.685302734375,3315.9990234375,3476.784423828125,47532846793,0.03614220054657182,0.030748073722898034,0.3911950742023637,0.0036217180300106185,0.016062666920379873,0.0,0.2259378219378922,-0.4224005624479238,-0.1448678288176486,greed,74.0,0,0.0,1.0,0.21366863737446776,0.21366863737446776
2025-07-18,3476.1240234375,3674.855224609375,3463.38623046875,3549.016357421875,59198465810,0.0355934293251929,0.020562632197560386,0.35850252681006384,0.003512571056865532,0.010558547782839867,0.0,0.19790318108935162,-0.5407974514899567,-0.1448678288176486,greed,73.0,0,0.0,1.0,0.19704797806762836,0.19704797806762836
2025-07-19,3548.926025390625,3608.275634765625,3512.97314453125,3595.273681640625,26031719746,0.016075381549190873,0.012949634010720346,0.3601015746647585,0.0007164865328512777,0.003512571056865532,0.0,-0.799199870506446,-0.5350064591529761,-0.1448678288176486,greed,74.0,0,0.0,1.0,0.18808847810697468,0.18808847810697468
2025-07-20,3595.240478515625,3819.398681640625,3582.349609375,3759.471435546875,44600451066,0.03848041653139698,0.04465825518044695,0.3645314053495026,0.004105489835238921,0.006994021790486746,0.0,0.3453884104657986,-0.5189637150448747,-0.1448678288176486,greed,72.0,0,0.0,1.0,0.2015059109404498,0.2015059109404498
2025-07-21,3758.920654296875,3856.76708984375,3705.353759765625,3763.371337890625,42611467663,0.024052809633638608,0.001036816217104121,0.264842168836141,0.001604046967308,0.005447973738671941,0.0,-0.3916633187889681,-0.8799908119096914,-0.1448678288176486,greed,71.0,0,0.0,1.0,0.1444474892348898,0.1444474892348898
2025-07-22,3762.882080078125,3798.100341796875,3624.140380859375,3749.1455078125,45248868820,0.028156656141919954,-0.003787238650889784,0.3035576299288877,0.0021981008116748247,0.0038703537453474175,0.0,-0.1820133618030414,-0.7397817882381772,-0.1448678288176486,greed,72.0,0,0.0,1.0,0.16585714303540383,0.16585714303540383
2025-07-23,3749.238525390625,3765.0263671875,3532.8564453125,3629.70361328125,41283228953,0.03822459726863684,-0.0323769537244437,0.44368208547295207,0.0040510843801034,0.005240934187319134,0.0,0.3323195743566491,-0.23231752073868567,-0.1448678288176486,greed,74.0,0,0.0,1.0,0.24095334137079447,0.24095334137079447
2025-07-24,3629.731689453125,3771.381591796875,3514.999267578125,3708.005615234375,40377960354,0.04228076240471464,0.021343166349625905,0.4575422072568023,0.004956453911208857,0.004956453911208857,0.0,0.5395336708367477,-0.18212273838476964,-0.1448678288176486,greed,71.0,0,0.0,1.0,0.24991148483075845,0.24991148483075845
2025-07-25,3708.005615234375,3744.820068359375,3579.962890625,3727.266845703125,42264509577,0.02703794728175316,0.005181053863514262,0.3105948485892251,0.0020269026301231404,0.004956453911208857,0.0,-0.23916395550591502,-0.7142963224867768,-0.1448678288176486,greed,70.0,0,0.0,1.0,0.16881639793548914,0.16881639793548914
2025-07-26,3727.2373046875,3789.789794921875,3702.774169921875,3741.39599609375,24635287361,0.013949979857302558,0.003783586846917838,0.3127359090885767,0.0005395511386778922,0.003244227418353446,0.0,-0.9077785837655855,-0.7065424176187298,-0.1448678288176486,greed,72.0,0,0.0,1.0,0.16334294447293962,0.16334294447293962
2025-07-27,3741.25732421875,3876.93359375,3733.681640625,3875.24658203125,28897450394,0.02261097824940276,0.03515049208380752,0.4017253299505877,0.0014175035552348955,0.0021125252924903896,0.0,-0.4653210170181831,-0.38426497434442985,-0.1448678288176486,greed,73.0,0,0.0,1.0,0.21216815409999523,0.21216815409999523
2025-07-28,3875.255859375,3940.652099609375,3756.515869140625,3787.42578125,35831336149,0.028739447972608037,-0.0229227199194111,0.3455981609907757,0.0022900359295927285,0.0029107573658575716,0.0,-0.15224073702554333,-0.5875309393925822,-0.1448678288176486,greed,75.0,0,0.0,1.0,0.18716880448169188,0.18716880448169188
2025-07-29,3788.319580078125,3883.997802734375,3716.88330078125,3793.454833984375,35540435995,0.026412375459855076,0.0015905946318109279,0.3273464341644213,0.0019341955372702945,0.0034176560617704354,0.0,-0.27112204781952487,-0.6536300307223192,-0.1448678288176486,greed,73.0,0,0.0,1.0,0.17687940481213818,0.17687940481213818
2025-07-30,3793.58251953125,3832.884033203125,3683.14453125,3808.20166015625,34392494235,0.023932755323313376,0.003879902935023901,0.3273203919578872,0.0015880744332846663,0.0028194087767685855,0.0,-0.3977964382769581,-0.6537243432333764,-0.1448678288176486,greed,74.0,0,0.0,1.0,0.1756265736406003,0.1756265736406003
2025-07-31,3808.24609375,3877.47021484375,3685.004150390625,3696.707763671875,32839839444,0.030575341176862062,-0.0297144425540805,0.4072563330248442,0.0025919586928238904,0.00264361071229978,0.0,-0.05845191463028222,-0.3642343065161978,-0.1448678288176486,greed,72.0,0,0.0,1.0,0.21891583710085313,0.21891583710085313
2025-08-01,3696.144287109375,3722.585693359375,3432.3798828125,3488.365966796875,46261558200,0.04874433498808517,-0.05800920773041707,0.4030576441967718,0.006587699066232621,0.014866698242155115,0.0,0.8697330852993869,-0.3794399645315899,-0.1448678288176486,greed,65.0,0,0.0,1.0,0.2259009895924285,0.2259009895924285
2025-08-02,3487.956787109375,3535.558837890625,3370.943115234375,3392.7412109375,30165065282,0.02863404511151854,-0.02779521078260077,0.4059690226854145,0.002273269169742943,0.009845788027227015,0.0,-0.1576253695280052,-0.36889633354000867,-0.1448678288176486,neutral,55.0,0,0.0,1.0,0.21730153389846651,0.21730153389846651
2025-08-03,3392.744384765625,3520.831298828125,3357.93896484375,3497.379150390625,19363593865,0.028448430341103184,0.0303756623862349,0.5405252378725596,0.0022438926202280854,0.002656783060354672,0.0,-0.16710772432733934,0.11840241036823083,-0.1448678288176486,neutral,53.0,0,0.0,1.0,0.2844868341068314,0.2844868341068314
2025-08-04,3497.613037109375,3734.9775390625,3491.554931640625,3718.986083984375,30905749658,0.04047459943307445,0.06143719924574832,0.7779077989477695,0.004542035989139894,0.011324029312347715,0.0,0.44726365329349416,0.9780893722583567,-0.1448678288176486,greed,64.0,0,0.0,1.0,0.40919119919042196,0.40919119919042196
2025-08-05,3719.81787109375,3720.656494140625,3547.62109375,3611.8994140625,32778742296,0.028600445287587543,-0.029217285611139645,0.7769096681967798,0.002267937290875444,0.004542035989139894,0.0,-0.1593418571275423,0.9744746164439411,-0.1448678288176486,greed,60.0,0,0.0,1.0,0.40275505674218365,0.40275505674218365
2025-08-06,3612.038818359375,3698.124755859375,3567.095947265625,3683.920654296875,26924415763,0.021664683219777395,0.01974379278503146,0.620845394471834,0.0013013380810516786,0.002267937290875444,0.0,-0.5136636418840527,0.40928389337444104,-0.1448678288176486,neutral,54.0,0,0.0,1.0,0.3212550388458057,0.3212550388458057
2025-08-07,3684.06201171875,3926.204345703125,3650.365966796875,3914.325927734375,38627826066,0.0437483111726026,0.06066555755519165,0.5902940355024235,0.005306498396987751,0.00920090332057361,0.0,0.6145051726805897,0.29864137247878997,-0.1448678288176486,greed,62.0,0,0.0,1.0,0.31702117333751306,0.31702117333751306
2025-08-08,3914.110595703125,4068.84765625,3882.443115234375,4009.848876953125,45460293892,0.028163440117066566,0.02411041626824569,0.5907829108208362,0.002199160146107804,0.011779282018796786,0.0,-0.18166679423653742,0.3004118468359864,-0.1448678288176486,greed,74.0,0,0.0,1.0,0.3094731754689514,0.3094731754689514
2025-08-09,4009.150634765625,4323.76123046875,4007.709228515625,4263.59912109375,45279715746,0.045586117873924706,0.06136011362803994,0.5905028750342224,0.0057617003841224056,0.011590902614059699,0.0,0.7083917483853879,0.2993976901366731,-0.1448678288176486,greed,67.0,0,0.0,1.0,0.31804449645407357,0.31804449645407357
2025-08-10,4263.552734375,4332.21044921875,4163.9404296875,4254.2177734375,36173931367,0.023791870803655066,-0.0022027595957320296,0.43930496602001323,0.0015694324865469069,0.006061882915846606,0.0,-0.40499369417499054,-0.24816936978472803,-0.1448678288176486,greed,69.0,0,0.0,1.0,0.23154841841183416,0.23154841841183416
2025-08-11,4254.2314453125,4362.0927734375,4168.875,4226.966796875,49989853803,0.02720885829077871,-0.006426241550935542,0.5199473603505836,0.0020526083434278773,0.0021613286066434656,0.0,-0.23043276012170122,0.04387910533315833,-0.1448678288176486,greed,70.0,0,0.0,1.0,0.27357810932068116,0.27357810932068116
2025-08-12,4227.20703125,4634.05517578125,4222.3623046875,4590.9248046875,57237189036,0.05587475713631037,0.08259681973596456,0.6214743969881985,0.008655990064588984,0.011190702640563856,0.0,1.2339993154447633,0.41156184193083634,-0.1448678288176486,greed,68.0,0,0.0,1.0,0.33867457706225446,0.33867457706225446
2025-08-13,4590.65771484375,4784.6689453125,4566.23876953125,4756.27587890625,62550014642,0.028062421539344025,0.03538349736429032,0.6177285020460663,0.0021834122398219267,0.015630519815673753,0.0,-0.18682745032627499,0.3979959884503824,-0.1448678288176486,greed,73.0,0,0.0,1.0,0.3228954617927052,0.3228954617927052
2025-08-14,4756.04345703125,4788.5517578125,4461.28173828125,4548.16650390625,75681632806,0.042514873941251904,-0.04474079806887247,0.7649145433371114,0.005011494335287328,0.005011494335287328,0.0,0.5514935415253571,0.9310339677231875,-0.1448678288176486,greed,75.0,0,0.0,1.0,0.40371470863918163,0.40371470863918163
2025-08-15,4549.07568359375,4667.72998046875,4375.54541015625,4439.98876953125,55445715824,0.03882129164008677,-0.024072338519640694,0.8067695254001503,0.004178548180704986,0.008135470212364899,0.0,0.36280242722548395,1.082612846166324,-0.1448678288176486,greed,60.0,0,0.0,1.0,0.42279540852011854,0.42279540852011854
2025-08-16,4439.998046875,4493.1494140625,4379.16455078125,4426.18017578125,26816931514,0.015431972678694329,-0.0031148977647720995,0.8032321781831375,0.000660280305972985,0.004178548180704986,0.0,-0.8320691899977481,1.069802253558467,-0.1448678288176486,greed,56.0,0,0.0,1.0,0.40933207543091593,0.40933207543091593
2025-08-17,4426.259765625,4575.87646484375,4400.71337890625,4473.271484375,31348101438,0.023440863529534065,0.010583067342857232,0.49057833231607256,0.0015234656457172374,0.001930749351555726,0.0,-0.422925324847024,-0.062481574113110616,-0.1448678288176486,greed,64.0,0,0.0,1.0,0.2570095979228033,0.2570095979228033
2025-08-18,4473.33056640625,4484.009765625,4229.3798828125,4312.5048828125,53518423360,0.03511018965185608,-0.03660110203095192,0.3657924252977604,0.0034178405898719058,0.006200440346023168,0.0,0.17321629854525133,-0.5143968993390778,-0.1448678288176486,greed,60.0,0,0.0,1.0,0.20045130747480824,0.20045130747480824
2025-08-19,4312.5302734375,4355.0751953125,4070.535400390625,4073.464111328125,50440367102,0.040578321753189324,-0.0570251441525558,0.424664614573378,0.004565345134314044,0.009359235965116109,0.0,0.4525624333299021,-0.30118977363896854,-0.1448678288176486,greed,56.0,0,0.0,1.0,0.23262146816328366,0.23262146816328366
2025-08-20,4073.168212890625,4376.78955078125,4064.965087890625,4334.50048828125,49577862965,0.04438767191088162,0.06211260552585306,0.7298627812399567,0.005462735676845539,0.005462735676845539,2.220446049250313e-16,0.6471676884467611,0.8040931228283044,6.15262190625543,fear,44.0,0,0.0,1.0,0.3871252265754192,0.3871252265754192
2025-08-21,4334.5673828125,4338.826171875,4205.77685546875,4223.2099609375,33618359942,0.018704371934344554,-0.026010882828823047,0.7444683331868815,0.000969999950211855,0.005462735676845539,0.0,-0.6648947204352489,0.8569874994122777,-0.1448678288176486,neutral,50.0,0,0.0,1.0,0.3815863525606131,0.3815863525606131
2025-08-22,4223.73095703125,4884.22802734375,4209.47216796875,4831.3486328125,75965521535,0.08928782434011535,0.1345301555861272,1.280789461713098,0.02210395225446646,0.022365867042285527,0.0,2.940946221940846,2.7992880605478803,-0.1448678288176486,neutral,50.0,0,0.0,1.0,0.6850386430266067,0.6850386430266067
2025-08-23,4831.08837890625,4831.61083984375,4669.72509765625,4776.09033203125,36503623278,0.02046695464218548,-0.011503359080490645,1.2278929025365957,0.0011614269695338006,0.02210395225446646,0.0,-0.5748510533201885,2.6077218307165286,-0.1448678288176486,greed,60.0,0,0.0,1.0,0.6241799285893905,0.6241799285893905
2025-08-24,4776.70458984375,4953.73291015625,4714.47265625,4779.6474609375,52405003873,0.02973039185175102,0.0007445011882122046,1.054607179585935,0.002450680634804212,0.003485864630175984,0.0,-0.10161717173903413,1.9801631927625434,-0.1448678288176486,neutral,53.0,0,0.0,1.0,0.5421687857188431,0.5421687857188431
2025-08-25,4779.76953125,4796.35009765625,4343.947265625,4372.98779296875,63936163545,0.05949867314871168,-0.08892030986931461,1.2993602842973777,0.00981521945005337,0.017254916983330155,0.0,1.419131443214991,2.8665427652530915,-0.1448678288176486,neutral,47.0,0,0.0,1.0,0.6794294787230447,0.6794294787230447
2025-08-26,4372.88037109375,4632.0732421875,4316.30078125,4600.4267578125,53829747706,0.04240311484163273,0.05070259165713758,1.3101263086721742,0.004985181475815658,0.01112107287755558,0.0,0.5457841928982423,2.905532195413765,-0.1448678288176486,neutral,48.0,0,0.0,1.0,0.6762647117569034,0.6762647117569034
2025-08-27,4600.51025390625,4659.9873046875,4489.2978515625,4503.39306640625,43509902322,0.02241079101035683,-0.021317945222453807,0.7967614086324155,0.0013925148128336724,0.005869703315583959,0.0,-0.4755478239834092,1.0463681976153731,-0.1448678288176486,neutral,51.0,0,0.0,1.0,0.40958609982138616,0.40958609982138616
2025-08-28,4503.63134765625,4629.03125,4435.109375,4507.177734375,36045274078,0.02570121835385142,0.0008400507082163926,0.8040411906584001,0.00183144075816696,0.002446335775806481,0.0,-0.3074523677725346,1.0727321127437393,-0.1448678288176486,neutral,48.0,0,0.0,1.0,0.41487120450612575,0.41487120450612575
2025-08-29,4507.63134765625,4513.859375,4272.45947265625,4360.15283203125,46899991962,0.033008570104055904,-0.03316406815035287,0.8072991082871962,0.0030209175728309204,0.006425298969691722,0.0,0.06585252484953104,1.0845307440151437,-0.1448678288176486,neutral,50.0,0,0.0,1.0,0.42015383919562604,0.42015383919562604
2025-08-30,4360.0888671875,4413.27490234375,4264.1953125,4374.1533203125,25883112278,0.02063740374056658,0.0032058643303688183,0.5104605952913294,0.0011808522829293649,0.0032375000725151488,0.0,-0.5661434551993093,0.009522545209216646,-0.1448678288176486,fear,39.0,0,0.0,1.0,0.26554899951594796,0.26554899951594796
2025-08-31,4374.8935546875,4497.1767578125,4373.5966796875,4390.01904296875,26683044984,0.01673409944136726,0.003620590588626398,0.2680000337493384,0.0007764082531011361,0.002829848666240288,0.0,-0.7655484711468546,-0.8685545240838726,-0.1448678288176486,neutral,48.0,0,0.0,1.0,0.14236706659535284,0.14236706659535284
2025-09-01,4389.6259765625,4490.3466796875,4221.24755859375,4314.47021484375,37530746508,0.03711419953747192,-0.017359025442644074,0.2581677321949414,0.003819140617433638,0.004009308219316698,0.0,0.27559356472002444,-0.904162453383317,-0.1448678288176486,neutral,46.0,0,0.0,1.0,0.14764096586620665,0.14764096586620665
2025-09-02,4314.39111328125,4414.93408203125,4260.45947265625,4325.36572265625,39884692334,0.021389522749481048,0.002522157519447648,0.2622744377046575,0.0012684917338279793,0.003819140617433638,0.0,-0.5277205469474966,-0.8892899152868612,-0.1448678288176486,neutral,49.0,0,0.0,1.0,0.14183198022706928,0.14183198022706928
2025-09-03,4324.6962890625,4489.19873046875,4286.2060546875,4450.38916015625,35260873497,0.027789322541286594,0.02849484711440696,0.25831063259784104,0.002141121790583863,0.002734998954793488,0.0,-0.20077904258980192,-0.9036449359521072,-0.1448678288176486,neutral,55.0,0,0.0,1.0,0.1430499775695638,0.1430499775695638
2025-09-04,4450.2158203125,4483.451171875,4268.5888671875,4298.744140625,34919798552,0.029493443140533624,-0.03466862435314752,0.37851571037828813,0.0024117728657274524,0.0025392461094996027,0.0,-0.11372198292394406,-0.46831919992174215,-0.1448678288176486,neutral,51.0,0,0.0,1.0,0.2040045767594109,0.2040045767594109
2025-09-05,4298.8369140625,4484.361328125,4258.0498046875,4306.98876953125,44163736676,0.03109995415634228,0.001916078854581932,0.37669087766441894,0.0026816676320745242,0.0026816676320745242,0.0,-0.03165142675620065,-0.4749278778492116,-0.1448678288176486,neutral,48.0,0,0.0,1.0,0.2038954159103806,0.2038954159103806
2025-09-06,4306.97314453125,4327.43994140625,4244.7548828125,4274.2421875,18108246446,0.011586059235109912,-0.007632177983046838,0.3606520645830543,0.00037218335072881746,0.0030153286317570437,0.0,-1.0285423247487697,-0.5330128459605523,-0.1448678288176486,neutral,48.0,0,0.0,1.0,0.18611906190908212,0.18611906190908212
2025-09-07,4274.1669921875,4334.2744140625,4271.5341796875,4305.34765625,17426783536,0.008756880400520164,0.0072510704136302725,0.3658088784385805,0.00021261029441610476,0.000435562833757639,0.0,-1.1730743436194353,-0.5143373138725585,-0.1448678288176486,fear,44.0,0,0.0,1.0,0.18728287941955032,0.18728287941955032
2025-09-08,4305.38134765625,4381.27490234375,4279.97216796875,4308.072265625,32277142378,0.014049077714593678,0.0006326428969182894,0.2639122180472471,0.0005472440925812644,0.0006434694816685686,0.0,-0.9027160499996282,-0.8833586522632133,-0.1448678288176486,neutral,51.0,0,0.0,1.0,0.1389806478809204,0.1389806478809204
2025-09-09,4308.283203125,4381.2265625,4277.85302734375,4309.04150390625,30703320925,0.014339880744943675,0.00022495659480887043,0.08467434989497892,0.0005701334625854107,0.0005706604809197348,0.0,-0.8878600258571008,-1.5324731349343585,-0.1448678288176486,neutral,48.0,0,0.0,1.0,0.0495071153199613,0.0495071153199613
2025-09-10,4309.091796875,4450.41796875,4286.0625,4349.14599609375,39521365146,0.02259884067584003,0.009264012590971931,0.10593348522080046,0.0014159821318227104,0.0015639464415358603,0.0,-0.4659410796277873,-1.4554826374947587,-0.1448678288176486,neutral,49.0,0,0.0,1.0,0.06426616294832024,0.06426616294832024
2025-09-11,4349.2001953125,4471.69873046875,4339.716796875,4461.2333984375,35959212991,0.01799237756413122,0.025445771445145746,0.1625982993866471,0.0008975580874272042,0.0017977503594465457,0.0,-0.7012678130419605,-1.2502695767052123,-0.1448678288176486,neutral,54.0,0,0.0,1.0,0.09029533847538916,0.09029533847538916
2025-09-12,4461.4794921875,4734.27392578125,4453.28466796875,4715.24609375,43839753626,0.03674619091801618,0.055375833984928235,0.3677021686864557,0.0037437781616030904,0.007572355284031565,0.0,0.25679339978119076,-0.5074807152504873,-0.1448678288176486,greed,57.0,0,0.0,1.0,0.20222417980223595,0.20222417980223595
2025-09-13,4714.70361328125,4763.361328125,4609.12548828125,4668.1796875,34843845977,0.019767736433933054,-0.01003190137015891,0.40561998598045185,0.0010834262062221068,0.004530855381152965,0.0,-0.610571460257457,-0.3701603788140944,-0.1448678288176486,neutral,52.0,0,0.0,1.0,0.21269386120719244,0.21269386120719244
2025-09-14,4668.17138671875,4690.64208984375,4581.84716796875,4609.59765625,28394160275,0.0140935203058274,-0.012628630251366887,0.4455257130585879,0.0005507118524185917,0.0015094275365456285,0.0,-0.9004456465326146,-0.22564077670671803,-0.1448678288176486,neutral,55.0,0,0.0,1.0,0.22980961668220765,0.22980961668220765
2025-09-15,4609.72314453125,4670.5302734375,4469.861328125,4526.8203125,40224062009,0.026373782697611852,-0.018120801633332004,0.5008533266400668,0.0019285473203047771,0.0023244059966812257,0.0,-0.2730936057050191,-0.025270421727598125,-0.1448678288176486,neutral,53.0,0,0.0,1.0,0.2636135546688393,0.2636135546688393
2025-09-16,4526.078125,4537.599609375,4428.330078125,4503.564453125,32761501436,0.014639037515285383,-0.005150591340382687,0.48042742466269994,0.000594169698516144,0.002835568750886272,0.0,-0.8725772408144277,-0.09924334347573151,-0.1448678288176486,neutral,52.0,0,0.0,1.0,0.24753323108899267,0.24753323108899267
2025-09-17,4503.6357421875,4617.23486328125,4429.64453125,4592.7333984375,44120899417,0.02490928002230204,0.01960617454339147,0.23287508705868093,0.001720314310769742,0.0017450216273752846,0.0,-0.3479094942293341,-0.9957604088391424,-0.1448678288176486,neutral,53.0,0,0.0,1.0,0.12889218354049148,0.12889218354049148
2025-09-18,4592.44287109375,4643.97265625,4556.27001953125,4589.9189453125,33497259158,0.011450218978090364,-0.0006129935246967591,0.23031497386918523,0.00036350721650899856,0.0022326415272561346,0.0,-1.0354818883956158,-1.005031923646311,-0.1448678288176486,neutral,52.0,0,0.0,1.0,0.1208825964236378,0.1208825964236378
2025-09-19,4589.505859375,4620.79296875,4443.2646484375,4470.9169921875,30352619653,0.02352815098315759,-0.026268833690720465,0.27984838362464726,0.0015348327206979432,0.001951942064317425,0.0,-0.41846613982130354,-0.8256454246892951,-0.1448678288176486,neutral,53.0,0,0.0,1.0,0.15168826730390242,0.15168826730390242
2025-09-20,4470.978515625,4509.81201171875,4459.1591796875,4482.265625,18056494322,0.006783486886944522,0.002535107207270289,0.26183530728570426,0.0001275825951879455,0.0015348327206979432,0.0,-1.2738875354390053,-0.890880237229777,-0.1448678288176486,neutral,48.0,0,0.0,1.0,0.1343093970863244,0.1343093970863244
2025-09-21,4482.583984375,4499.38916015625,4447.119140625,4451.3291015625,19330306133,0.0070176435353446805,-0.006925912367546399,0.26348852842020953,0.00013654256622056357,0.00019597109651917744,0.0,-1.2619253601563774,-0.8848930549868276,-0.1448678288176486,neutral,49.0,0,0.0,1.0,0.1352530859777771,0.1352530859777771
2025-09-22,4451.58056640625,4457.08251953125,4092.396728515625,4202.87744140625,58221334533,0.051266074094317035,-0.057433330283538045,0.39444720516885384,0.00728694638452364,0.008989097231736042,0.0,0.9985591742099702,-0.41062288772073563,-0.1448678288176486,fear,45.0,0,0.0,1.0,0.22285663963158545,0.22285663963158545
2025-09-23,4203.021484375,4227.7314453125,4120.8154296875,4165.50390625,32460075911,0.01538306550969035,-0.00893214161372529,0.3756630101207168,0.0006561018032739954,0.00728694638452364,0.0,-0.8345676718140872,-0.47865032621217624,-0.1448678288176486,fear,43.0,0,0.0,1.0,0.19552303781520358,0.19552303781520358
2025-09-24,4165.41259765625,4206.90185546875,4081.34765625,4153.46923828125,33538388785,0.01819654427785707,-0.00289330814154066,0.3852868120354467,0.0009180435622818416,0.0012417382148087687,0.0,-0.6908377098048616,-0.44379748364264465,-0.1448678288176486,fear,44.0,0,0.0,1.0,0.20174167815665187,0.20174167815665187
2025-09-25,4153.52099609375,4162.0625,3829.0107421875,3868.333984375,68963092031,0.050089366863954744,-0.0711200266948419,0.5115085823032295,0.006956271704617158,0.00885857392935256,0.0,0.9384456636942474,0.013317856736230125,-0.1448678288176486,fear,44.0,0,0.0,1.0,0.2807989745835921,0.2807989745835921
2025-09-26,3868.69091796875,4069.168701171875,3868.43359375,4035.887939453125,47873508328,0.03038182638075491,0.042402417497849315,0.724114699739935,0.0025592529205938474,0.006956271704617158,0.0,-0.06833785178659052,0.7832762999788581,-0.1448678288176486,fear,28.0,0,0.0,1.0,0.377248263060345,0.377248263060345
2025-09-27,4035.91455078125,4038.45166015625,3975.758056640625,4018.658203125,20382555776,0.009396338612207622,-0.0042782702597103876,0.6429024228802148,0.00024479512804275084,0.0025592529205938474,0.0,-1.1404068483064302,0.48916398083679413,-0.1448678288176486,fear,33.0,0,0.0,1.0,0.32614938074621125,0.32614938074621125
2025-09-28,4018.65966796875,4143.00390625,3969.79296875,4141.4765625,24631307054,0.025648264370926946,0.030104315261995657,0.7002023404890677,0.0018239016468390025,0.0018239016468390025,0.0,-0.3101575859672079,0.6966770848432094,-0.1448678288176486,fear,37.0,0,0.0,1.0,0.3629253024299973,0.3629253024299973
2025-09-29,4141.3564453125,4234.78271484375,4087.92724609375,4217.341796875,38560429932,0.021196185519168315,0.018152641761310057,0.712743080684032,0.0012456638938362556,0.004175495665206223,0.0,-0.5375974129406688,0.7420936933304962,-0.1448678288176486,neutral,50.0,0,0.0,1.0,0.3669696331016002,0.3669696331016002
2025-09-30,4217.05517578125,4238.67138671875,4095.443603515625,4145.95751953125,37679153330,0.020644188359742733,-0.017071255792248,0.38744154964320215,0.0011816288292498217,0.0013112953392303308,0.0,-0.5657968547317781,-0.43599404677983816,-0.1448678288176486,neutral,50.0,0,0.0,1.0,0.20404286900147245,0.20404286900147245
2025-10-01,4146.03369140625,4351.1123046875,4125.5419921875,4351.1123046875,46161664723,0.03197034208147467,0.04829774681358695,0.41600814223594573,0.0028338706208533397,0.003667086678541171,0.0,0.012813391968585476,-0.3325394076253306,-0.1448678288176486,neutral,49.0,0,0.0,1.0,0.2239892421587102,0.2239892421587102
2025-10-02,4352.24072265625,4517.6650390625,4336.5263671875,4487.923828125,48074066058,0.024575940200022482,0.030958681092087215,0.38712612310509603,0.0016745793659702912,0.008244253721236728,0.0,-0.364938561778908,-0.43713637198273314,-0.1448678288176486,greed,64.0,0,0.0,1.0,0.20585103165255925,0.20585103165255925
2025-10-03,4486.9345703125,4591.44384765625,4431.47900390625,4514.87060546875,49603450230,0.02129659041408937,0.00598633191392021,0.3934767451852521,0.0012574930956607902,0.0032627957260693737,0.0,-0.5324681075782732,-0.41413743314968227,-0.1448678288176486,greed,63.0,0,0.0,1.0,0.20738666779967074,0.20738666779967074
2025-10-04,4514.9091796875,4519.52685546875,4444.0126953125,4489.197265625,21832270764,0.010119205179620781,-0.0057026245883215225,0.42524899806257555,0.00028390840909571025,0.0012574930956607902,0.0,-1.1034783363703928,-0.2990734140204209,-0.1448678288176486,greed,71.0,0,0.0,1.0,0.21768410162109816,0.21768410162109816
2025-10-05,4489.05322265625,4616.533203125,4472.138671875,4515.4228515625,44880806324,0.0190842076678636,0.0058249342556798145,0.34923549489877637,0.0010097961717140883,0.0014505667026443539,0.0,-0.6454903530854244,-0.5743582424489415,-0.1448678288176486,greed,74.0,0,0.0,1.0,0.18415985128332,0.18415985128332
2025-10-06,4515.30078125,4736.208984375,4492.8701171875,4687.771484375,44992456374,0.031676781807696265,0.03745846897136311,0.29196194285006105,0.0027820668325694337,0.0032913489226228,0.0,-0.0021834892856782344,-0.7817758629110285,-0.1448678288176486,greed,71.0,0,0.0,1.0,0.16181936232887867,0.16181936232887867
2025-10-07,4687.7099609375,4755.22021484375,4443.5712890625,4451.15185546875,54879425294,0.04070880682812036,-0.05179439967668895,0.5128316850230741,0.004594753309328842,0.004594753309328842,0.0,0.45922842102983025,0.018109506772946093,-0.1448678288176486,greed,70.0,0,0.0,1.0,0.27677024592559724,0.27677024592559724
2025-10-08,4451.10791015625,4556.2216796875,4417.76806640625,4527.64794921875,40456628235,0.018532775168045898,0.017039681537971894,0.5289451734769063,0.0009522837348015068,0.005418196696789997,0.0,-0.673660948558265,0.07646491363848126,-0.1448678288176486,greed,60.0,0,0.0,1.0,0.27373897432247607,0.27373897432247607
2025-10-09,4526.9609375,4531.716796875,4273.5595703125,4369.1435546875,47903074596,0.0352251658788537,-0.03563558115607337,0.5904066048482561,0.0034402622204293214,0.0041019667224469,0.0,0.17908999801130412,0.2990490452180276,-0.1448678288176486,greed,70.0,0,0.0,1.0,0.3128158853635549,0.3128158853635549
2025-10-10,4369.0654296875,4395.57080078125,3460.222412109375,3843.0087890625,97736621123,0.14369299417295056,-0.12831140837959246,1.0321477337206189,0.05724751521060159,0.07277476497353158,0.0,5.720300053096361,1.898825740279789,-0.1448678288176486,greed,64.0,0,0.0,1.0,0.5879203639467847,0.5879203639467847
2025-10-11,3840.96044921875,3882.241455078125,3652.7900390625,3750.611572265625,62475475938,0.03658703631425655,-0.024336685988953978,0.845597798934606,0.0037114183893940567,0.05724751521060159,0.0,0.24866279456362542,1.2232304229549538,-0.1448678288176486,fear,27.0,0,0.0,1.0,0.44109241762443124,0.44109241762443124
2025-10-12,3750.946044921875,4195.3974609375,3701.478271484375,4164.427734375,61216174681,0.075223779563759,0.1046599548465011,1.344266141415206,0.015689017710548907,0.019181366912901978,0.0,2.22246750289975,3.0291704650379403,-0.1448678288176486,extreme_fear,24.0,1,0.5,1.0,0.7097449604894824,0.7097449604894824
2025-10-13,4164.04931640625,4292.845703125,4061.224609375,4245.4677734375,50253782420,0.033310301985964824,0.01927314020135495,1.3475331783132958,0.0030763985095906914,0.02196844936134512,0.0,0.08126686257776636,3.041002121974239,-0.1448678288176486,fear,38.0,0,0.0,1.0,0.6904217401496303,0.6904217401496303
2025-10-14,4245.37255859375,4265.10546875,3895.9736328125,4125.412109375,67094148347,0.0543647769911638,-0.028686087571137622,1.3410240463041028,0.008194466310712007,0.009410208483059537,0.0,1.156860155429698,3.0174291354154157,-0.1448678288176486,fear,38.0,0,0.0,1.0,0.6976944116476332,0.6976944116476332
2025-10-15,4125.361328125,4213.85595703125,3935.161376953125,3987.45947265625,50462889453,0.04109414576884175,-0.03401161563733763,0.9264789390152782,0.004682150471468314,0.008194466310712007,0.0,0.47891392636835123,1.516143521858343,-0.1448678288176486,fear,34.0,0,0.0,1.0,0.48378654239206,0.48378654239206
2025-10-16,3987.14892578125,4079.648193359375,3829.654052734375,3894.75439453125,49147390731,0.03797725895508552,-0.023523683730590886,0.9247418888918159,0.0039988276298584076,0.00914005967857342,0.0,0.31968399778419027,1.5098527508070647,-0.1448678288176486,fear,28.0,0,0.0,1.0,0.4813595739234507,0.4813595739234507
2025-10-17,3894.377685546875,3950.56689453125,3678.620361328125,3832.558837890625,57404271888,0.04283280951652025,-0.016097936733144195,0.335278202570756,0.0050867287100343226,0.010706657073941117,0.0,0.5677356645055411,-0.6249049303915599,-0.1448678288176486,extreme_fear,22.0,1,0.5,1.0,0.18905550604363813,0.18905550604363813
2025-10-18,3833.009521484375,3927.24560546875,3822.266357421875,3890.34619140625,23815676385,0.016272075172878535,0.014965464892231361,0.30638362492465226,0.0007341272352850315,0.0050867287100343226,0.0,-0.7891515391026495,-0.7295473757302768,-0.1448678288176486,extreme_fear,23.0,1,0.5,1.0,0.1613278500487654,0.1613278500487654
2025-10-19,3890.58349609375,4029.35546875,3843.77294921875,3984.649658203125,32870655221,0.028317665976500477,0.02395124435582602,0.3989113369807226,0.0022233117426189862,0.0027839231815238643,0.0,-0.17378797987757208,-0.3944559212113187,-0.1448678288176486,fear,29.0,0,0.0,1.0,0.21361450147861155,0.21361450147861155
2025-10-20,3984.6962890625,4084.15966796875,3911.726318359375,3980.76025390625,40224612563,0.025906531974630692,-0.0009765736224249387,0.3185324658253111,0.00186081848188516,0.0036798263698676827,0.0,-0.29696367340296226,-0.6855500404708226,-0.1448678288176486,fear,29.0,0,0.0,1.0,0.1722194988999709,0.1722194988999709
2025-10-21,3980.740478515625,4109.533203125,3843.227783203125,3876.76416015625,49960290350,0.04023571740269041,-0.026471993284264448,0.33243773566086554,0.004488579801069028,0.004488579801069028,2.220446049250313e-16,0.435060076163194,-0.635191753303288,6.15262190625543,fear,34.0,0,0.0,1.0,0.18633672653177796,0.18633672653177796
2025-10-22,3877.363037109375,3890.63232421875,3718.0771484375,3808.122314453125,46173305673,0.02724449300877592,-0.017864589534395174,0.3377120154607587,0.0020579883572563492,0.010020571991052604,0.0,-0.22861231750031052,-0.6160908153203499,-0.1448678288176486,extreme_fear,25.0,1,0.5,1.0,0.1824782542347673,0.1824782542347673
2025-10-23,3808.0849609375,3930.974853515625,3801.241455078125,3856.0263671875,36361652714,0.020154676292695486,0.012500977883111481,0.3306223093472519,0.0011262559721922697,0.003100352644940188,0.0,-0.5908041700866418,-0.6417663657138073,-0.1448678288176486,fear,27.0,0,0.0,1.0,0.17538849281997368,0.17538849281997368
2025-10-24,3856.033203125,4002.561767578125,3849.724853515625,3934.5673828125,34090708715,0.023381600660634324,0.020163720301495172,0.3126630359991695,0.0015157721734913813,0.0026632706760447568,0.0,-0.4259528401038986,-0.7068063293591385,-0.1448678288176486,fear,30.0,0,0.0,1.0,0.16802231832990192,0.16802231832990192
2025-10-25,3934.489990234375,3967.6455078125,3914.640625,3953.470947265625,15245229017,0.008077137916146655,0.004792978900665804,0.3171197507123894,0.00018088412330371384,0.0015157721734913813,0.0,-1.2077998096725246,-0.6906662240604803,-0.1448678288176486,fear,37.0,0,0.0,1.0,0.16259844431426804,0.16259844431426804
2025-10-26,3953.437255859375,4177.310546875,3923.192626953125,4157.9892578125,29120786315,0.037692339221536454,0.050437692043162216,0.3943197902071497,0.003939051277575494,0.004217735965358307,0.0,0.30512852896671283,-0.41108432423414526,-0.1448678288176486,fear,40.0,0,0.0,1.0,0.21600606471434308,0.21600606471434308
2025-10-27,4158.0107421875,4250.669921875,4099.56982421875,4120.1220703125,40271333201,0.02173704368590951,-0.009148814294667162,0.3525856771481434,0.001310045587768827,0.006427362178171014,0.0,-0.5099670200485462,-0.5622254725155005,-0.1448678288176486,neutral,51.0,0,0.0,1.0,0.18716136041702644,0.18716136041702644
2025-10-28,4120.27490234375,4173.50537109375,3940.834228515625,3982.262451171875,39684155177,0.03445051199501351,-0.03403267878386088,0.5024914240306421,0.0032906130348580418,0.00572809285708034,0.0,0.1395158684481371,-0.019338010506633814,-0.1448678288176486,neutral,50.0,0,0.0,1.0,0.26847096801282777,0.26847096801282777
2025-10-29,3980.759033203125,4036.35302734375,3849.538818359375,3903.35302734375,35255876156,0.02845952322826931,-0.020014178492566474,0.514192962302288,0.002245642882036461,0.006529116013474225,0.0,-0.16654103078445584,0.023039406944031744,-0.1448678288176486,neutral,51.0,0,0.0,1.0,0.2713262427652786,0.2713262427652786
2025-10-30,3903.322509765625,3948.22265625,3681.909423828125,3804.375244140625,39981939289,0.041939611818839304,-0.025684149923013565,0.5354304802815262,0.004876792363356577,0.008447463814417652,0.0,0.5221055809922176,0.09995161661504323,-0.1448678288176486,fear,34.0,0,0.0,1.0,0.28868504605018275,0.28868504605018275
2025-10-31,3805.082763671875,3900.580322265625,3797.669189453125,3847.080322265625,37800100395,0.016057706570694167,0.011162718308131604,0.27709811544743096,0.0007149118365351336,0.004876792363356577,0.0,-0.8001028181371831,-0.8356055906043688,-0.1448678288176486,fear,29.0,0,0.0,1.0,0.14657791100906256,0.14657791100906256
2025-11-01,3847.17138671875,3906.7802734375,3832.634765625,3874.18798828125,17490279524,0.011507401432088189,0.007021586687225155,0.3209219120925324,0.00036714699632607107,0.0008023661250917672,0.0,-1.0325606536474834,-0.6768966002485799,-0.1448678288176486,fear,33.0,0,0.0,1.0,0.1662146567623103,0.1662146567623103
2025-11-02,3873.894287109375,3914.87548828125,3839.997314453125,3911.063232421875,20479611654,0.011597952663044014,0.009473174047530416,0.2816101940659509,0.0003729478570643051,0.0004507566407001041,0.0,-1.0279347346135714,-0.8192649835193528,-0.1448678288176486,fear,37.0,0,0.0,1.0,0.14660407336449746,0.14660407336449746
2025-11-03,3911.747802734375,3912.63330078125,3560.263671875,3602.30810546875,53091469560,0.056678575347263595,-0.08223448305523949,0.6348545552937411,0.008906832871390408,0.009015297014702654,0.0,1.2750633398937243,0.4600184243823857,-0.1448678288176486,fear,42.0,0,0.0,1.0,0.3457665653205024,0.3457665653205024
2025-11-04,3602.040771484375,3652.687255859375,3063.0869140625,3292.574462890625,76827517773,0.10572275134396344,-0.08990501013567212,0.8299673577545101,0.030990056345796452,0.059920882388351374,0.0,3.780544323982576,1.1666243840350958,-0.1448678288176486,extreme_fear,21.0,1,0.5,1.0,0.4678450545492368,0.4678450545492368
2025-11-05,3292.148193359375,3479.8095703125,3170.513916015625,3425.171142578125,46955882330,0.055902565730082635,0.039481668810072805,0.9339182051162669,0.008664608296651742,0.030990056345796452,0.0,1.2354199510548987,1.5430850126067932,-0.1448678288176486,extreme_fear,23.0,1,0.5,1.0,0.4949103854231748,0.4949103854231748
2025-11-06,3425.361083984375,3454.3359375,3245.28173828125,3312.2578125,36731850433,0.03749187495881936,-0.03352136366985419,0.8947046103187357,0.0038972635188698358,0.008664608296651742,0.0,0.2948875699125558,1.401071985097164,-0.1448678288176486,fear,27.0,0,0.0,1.0,0.4660982426387775,0.4660982426387775
2025-11-07,3312.029296875,3471.804931640625,3195.896728515625,3435.301025390625,42609994022,0.04973060996515681,0.03647448115981518,0.9879770894391231,0.006856982237861308,0.006856982237861308,0.0,0.9201181340827926,1.738860632417221,-0.1448678288176486,extreme_fear,24.0,1,0.5,1.0,0.51885384970214,0.51885384970214
2025-11-08,3435.1474609375,3482.268310546875,3357.713134765625,3400.3759765625,23613870398,0.02187470151325955,-0.010218549741346181,0.8524552509075647,0.001326690818870091,0.0073644167792560325,0.0,-0.5029346036254481,1.2480648590914505,-0.1448678288176486,extreme_fear,20.0,1,0.5,1.0,0.4371649762104121,0.4371649762104121
2025-11-09,3400.0986328125,3616.43701171875,3359.717529296875,3582.621337890625,28821543888,0.04422075589514711,0.05220874290983875,0.5842125125463244,0.005421728630142814,0.005509968586167965,0.0,0.6386405821214184,0.2766169829443901,-0.1448678288176486,extreme_fear,22.0,1,0.5,1.0,0.31421663422073576,0.31421663422073576
2025-11-10,3583.44482421875,3656.14892578125,3508.98583984375,3568.4599609375,35638045619,0.024673051847805664,-0.003960630532174714,0.5592251261533087,0.001687839689556012,0.007149291928065021,0.0,-0.35997749592532596,0.18612452976464502,-0.1448678288176486,fear,29.0,0,0.0,1.0,0.29194908900055716,0.29194908900055716
2025-11-11,3568.47265625,3644.5283203125,3404.86181640625,3415.2822265625,39734688531,0.04085173235038504,-0.04387398640993172,0.6103708312400564,0.0046270736052413984,0.0050702988736159174,0.0,0.4665299440118706,0.3713499971309009,-0.1448678288176486,fear,26.0,0,0.0,1.0,0.32561128179522075,0.32561128179522075
2025-11-12,3415.7958984375,3586.013916015625,3373.711669921875,3413.09423828125,34898956623,0.03665088811675214,-0.0006408517068140884,0.547773109649674,0.0037243840497821995,0.00596191353940612,0.0,0.25192474103741824,0.14465076172148175,-0.1448678288176486,extreme_fear,24.0,1,0.5,1.0,0.29221199888321303,0.29221199888321303
2025-11-13,3412.994873046875,3561.86083984375,3156.03076171875,3232.757080078125,50283416669,0.07264866742949258,-0.054283922809847215,0.6689201674369866,0.014633248828605967,0.016313958110861802,0.0,2.0909147883687704,0.5833879022231587,-0.1448678288176486,extreme_fear,15.0,1,0.5,1.0,0.3707844174332396,0.3707844174332396
2025-11-14,3232.295166015625,3252.660888671875,3071.970703125,3103.78564453125,47003809463,0.03432454584612382,-0.04071281618360177,0.39114210548030476,0.003266593186087853,0.02189329724450549,0.0,0.13308073554462452,-0.42259239001746307,-0.1448678288176486,extreme_fear,16.0,1,0.5,1.0,0.2127333256632143,0.2127333256632143
2025-11-15,3104.230224609375,3227.690185546875,3104.230224609375,3166.63134765625,19932940649,0.023422486761256866,0.020045814386644864,0.5068069357322835,0.0015210779008243004,0.003266593186087853,0.0,-0.4238641242565732,-0.003709275493491888,-0.1448678288176486,extreme_fear,10.0,1,0.5,1.0,0.2651147112467702,0.2651147112467702
2025-11-16,3166.79345703125,3244.837646484375,3007.07275390625,3092.847412109375,30987886524,0.04570163772044902,-0.023576197316441422,0.4759376761637183,0.005790938850234588,0.005790938850234588,2.220446049250313e-16,0.7142932193117424,-0.11550308146683606,6.15262190625543,extreme_fear,10.0,1,0.5,1.0,0.26081965694208364,0.26081965694208364
2025-11-17,3092.941650390625,3218.13037109375,2957.3095703125,3024.538818359375,41026793235,0.05075981421305818,-0.022333536068642135,0.44471836221888655,0.007143737701784996,0.008609128772497351,0.0,0.9726962765320383,-0.22856461823668786,-0.1448678288176486,extreme_fear,14.0,1,0.5,1.0,0.24773908821597238,0.24773908821597238
2025-11-18,3024.4140625,3167.9326171875,2948.329345703125,3122.97900390625,41581494270,0.043144627689560185,0.032028732106195945,0.4957524405141429,0.005161059948812925,0.007667081846818343,0.0,0.5836652726020755,-0.043743410125232016,-0.1448678288176486,extreme_fear,11.0,1,0.5,1.0,0.26944853410185154,0.26944853410185154
2025-11-19,3122.64599609375,3122.64599609375,2871.22802734375,3023.07080078125,40229739844,0.05041164543886592,-0.03251421900082368,0.46285927820813466,0.007046073976349168,0.009670633963962989,0.0,0.9549096540582315,-0.16286683116226336,-0.1448678288176486,extreme_fear,15.0,1,0.5,1.0,0.2566354618235003,0.2566354618235003
2025-11-20,3022.885498046875,3057.78857421875,2790.597900390625,2831.777587890625,43917885207,0.054912969804488974,-0.06536849882670856,0.5563133397116666,0.008360559001826636,0.012639345546211368,0.0,1.1848652476040027,0.1755794213609363,-0.1448678288176486,extreme_fear,11.0,1,0.5,1.0,0.3056131547580778,0.3056131547580778
2025-11-21,2829.2646484375,2880.60302734375,2626.87158203125,2765.69921875,51476486049,0.055375365090863354,-0.02361115238578957,0.5563182380853223,0.008501952171560601,0.023073105972136618,0.0,1.2084872694567357,0.1755971609452899,-0.1448678288176486,extreme_fear,14.0,1,0.5,1.0,0.30584680158809285,0.30584680158809285
2025-11-22,2766.090576171875,2795.4267578125,2704.502197265625,2767.607421875,15408928941,0.019858707098527256,0.0006897153274086759,0.5798978497027115,0.0010934209557748088,0.008501952171560601,0.0,-0.605924113949385,0.2609913220921146,-0.1448678288176486,extreme_fear,11.0,1,0.5,1.0,0.29987827840061937,0.29987827840061937
2025-11-23,2767.594970703125,2856.446533203125,2767.472900390625,2801.676025390625,20358404499,0.019004031405359847,0.012234618260287876,0.481523460116717,0.0010013293160926568,0.0029877720793322496,0.0,-0.6495862543213221,-0.0952740232977036,-0.1448678288176486,extreme_fear,13.0,1,0.5,1.0,0.25026374576103844,0.25026374576103844
2025-11-24,2801.204345703125,2982.822021484375,2763.3779296875,2952.71337890625,32491657389,0.045892497322089415,0.05250671846439223,0.6931698394818783,0.0058394081930446765,0.0058394081930446765,0.0,0.7240435126508119,0.6712087041922632,-0.1448678288176486,extreme_fear,19.0,1,0.5,1.0,0.36953116840198386,0.36953116840198386
2025-11-25,2952.58447265625,2978.704345703125,2857.8359375,2957.936279296875,23336017779,0.02487749685667925,0.0017672851723719149,0.44105416471225783,0.0017159270180141103,0.0058394081930446765,0.0,-0.3495331756443793,-0.24183460238367405,-0.1448678288176486,extreme_fear,20.0,1,0.5,1.0,0.23296583078446853,0.23296583078446853
2025-11-26,2958.32958984375,3043.927001953125,2889.890625,3027.81201171875,21433162961,0.031187025251567458,0.023348428095094007,0.3382095590688161,0.002696704477316532,0.003979563998562311,0.0,-0.027203294660655675,-0.6142889485324893,-0.1448678288176486,extreme_fear,15.0,1,0.5,1.0,0.1846982921601918,0.1846982921601918
2025-11-27,3027.799072265625,3070.73193359375,2987.19775390625,3014.542236328125,16972780500,0.016563601813967176,-0.004392260426713515,0.3561483659505657,0.0007606677704599448,0.00368416133464948,0.0,-0.7742585484312997,-0.5493231047137476,-0.1448678288176486,extreme_fear,22.0,1,0.5,1.0,0.18635598388226643,0.18635598388226643
2025-11-28,3014.543701171875,3095.033203125,2995.76513671875,3032.304443359375,20659958964,0.019577672943099964,0.005874882913213043,0.3643806605785239,0.001062692438814553,0.001257616720970051,0.0,-0.6202810833141049,-0.5195096410539148,-0.1448678288176486,extreme_fear,25.0,1,0.5,1.0,0.19197916676081195,0.19197916676081195
2025-11-29,3032.29541015625,3051.962890625,2966.850830078125,2991.685302734375,12775481230,0.016986207413002663,-0.013485997805236051,0.21730746653376187,0.0007999784683525598,0.0017890844592075993,0.0,-0.7526692308286522,-1.052138941163957,-0.1448678288176486,fear,28.0,0,0.0,1.0,0.11714683697338227,0.11714683697338227
2025-11-30,2991.375244140625,3051.597900390625,2978.826171875,2992.112548828125,11530446514,0.014495165850086287,0.00014280097860070945,0.21801509364254504,0.0005825481534671159,0.0007999784683525598,0.0,-0.8799270986513662,-1.0495762516532137,-0.1448678288176486,fear,28.0,0,0.0,1.0,0.11625512974631566,0.11625512974631566
2025-12-01,2991.923095703125,2996.8818359375,2720.4365234375,2800.18896484375,36679598313,0.05812231703645585,-0.0662927736435053,0.4634188263747375,0.009366369584537272,0.01319580640674003,0.0,1.3488186283595947,-0.16084041329399543,-0.1448678288176486,extreme_fear,24.0,1,0.5,1.0,0.2607705717055967,0.2607705717055967
2025-12-02,2800.22314453125,3032.76123046875,2784.390625,2997.939697265625,26593645111,0.05131462684118379,0.06823838280892502,0.7638556626561038,0.007300755470060849,0.011811591873492042,0.0,1.00103954994323,0.9271992044973787,-0.1448678288176486,extreme_fear,23.0,1,0.5,1.0,0.4075851447486438,0.4075851447486438
2025-12-03,2997.801513671875,3212.559814453125,2988.14208984375,3191.57177734375,29949301036,0.04349039013618168,0.06258823046337834,0.8918836035606975,0.005244113220301451,0.020460162958871583,0.0,0.6013289649246968,1.390855637618627,-0.1448678288176486,fear,28.0,0,0.0,1.0,0.4676869968484396,0.4676869968484396
2025-12-04,3188.343505859375,3238.555419921875,3071.31005859375,3134.31640625,27434991113,0.031843660380257974,-0.01810241754529839,0.9001833366474685,0.0028114568295414416,0.006476314581728319,0.0,0.006341704209944712,1.4209133313664186,-0.1448678288176486,fear,26.0,0,0.0,1.0,0.46601349851386326,0.46601349851386326
2025-12-05,3134.357421875,3192.45703125,2989.83154296875,3024.432861328125,28000268228,0.03938108263675186,-0.03568750802814642,0.9573099801170147,0.004299923755715025,0.006385660306904971,0.0,0.39140002660818946,1.6277989186853403,-0.1448678288176486,fear,28.0,0,0.0,1.0,0.4983455313768833,0.4983455313768833
2025-12-06,3024.487548828125,3067.661376953125,3013.98193359375,3040.207763671875,10962819760,0.01060194645645596,0.005202266348911221,0.7466705047784814,0.0003116424898675729,0.004299923755715025,0.0,-1.0788169150137226,0.8649627196498898,-0.1448678288176486,extreme_fear,23.0,1,0.5,1.0,0.3786362256174687,0.3786362256174687
2025-12-07,3040.17919921875,3148.7734375,2930.645263671875,3061.3017578125,20383496376,0.043114509146274314,0.006914380156550823,0.5889617598357089,0.005153856764569659,0.005153856764569659,0.0,0.5821266304302449,0.29381650238247653,-0.1448678288176486,extreme_fear,20.0,1,0.5,1.0,0.3160381344909916,0.3160381344909916
2025-12-08,3061.013671875,3177.86767578125,3043.703857421875,3125.197998046875,25262165670,0.02590537673942159,0.020657404003744346,0.356254773733728,0.0018606525287502265,0.006559024458148472,0.0,-0.2970226899893302,-0.5489377462298981,-0.1448678288176486,extreme_fear,20.0,1,0.5,1.0,0.1910800752365748,0.1910800752365748
2025-12-09,3124.942626953125,3395.838623046875,3092.87646484375,3321.114990234375,32012553374,0.056121961061212707,0.06080292642241868,0.5500211467178244,0.00873275203445768,0.011984906918753794,0.0,1.2466280266107255,0.15279208494497815,-0.1448678288176486,extreme_fear,22.0,1,0.5,1.0,0.30307155388951856,0.30307155388951856
2025-12-10,3321.2041015625,3446.622802734375,3290.14697265625,3325.39013671875,30694387989,0.02790364554453005,0.001286434597521452,0.38887992026761453,0.0021587748279636525,0.01172743908144556,0.0,-0.1949387138484304,-0.43078495110502446,-0.1448678288176486,fear,26.0,0,0.0,1.0,0.2083917829060723,0.2083917829060723
2025-12-11,3324.38671875,3327.344482421875,3149.034423828125,3237.056884765625,29066243707,0.0330781060272541,-0.02692245348848621,0.508899781642688,0.0030336587215994333,0.00815390581123394,0.0,0.06940485149675336,0.003870019018583778,-0.1448678288176486,fear,29.0,0,0.0,1.0,0.2709889438349711,0.2709889438349711
2025-12-12,3237.025634765625,3265.37255859375,3050.267333984375,3084.172607421875,24391003174,0.04092501849571115,-0.048381125268667786,0.6725552719379083,0.004643690014605671,0.0075594844733479554,0.0,0.4702738552873725,0.5965525253125542,-0.1448678288176486,fear,29.0,0,0.0,1.0,0.35674014521680975,0.35674014521680975
2025-12-13,3084.129638671875,3134.849365234375,3080.07861328125,3116.6953125,9916869400,0.010585493657029217,0.010489822947687412,0.6580148419452366,0.0003106759856718185,0.004643690014605671,0.0,-1.0796574261500806,0.5438939895365603,-0.1448678288176486,extreme_fear,23.0,1,0.5,1.0,0.3343001678011329,0.3343001678011329
2025-12-14,3116.743896484375,3128.622802734375,3034.692626953125,3060.5947265625,15619543350,0.018306766267284353,-0.01816399360114702,0.36995433843459,0.0009291989829215032,0.0010543645621776934,0.0,-0.6852068863089773,-0.49932442542167804,-0.1448678288176486,extreme_fear,21.0,1,0.5,1.0,0.19413055235093718,0.19413055235093718
2025-12-15,3060.4814453125,3175.1181640625,2899.685791015625,2964.18310546875,28765976892,0.054496404360054894,-0.03200777016588088,0.34467083024861855,0.008234195041925522,0.008234195041925522,2.220446049250313e-16,1.1635844985966517,-0.5908892911804368,6.15262190625543,extreme_fear,16.0,1,0.5,1.0,0.1995836173043367,0.1995836173043367
2025-12-16,2964.379638671875,2978.92138671875,2890.01171875,2964.180908203125,22709189818,0.018197441212147253,-7.412721688312701e-07,0.37684413690060786,0.0009181340679330494,0.008851853932038658,0.0,-0.6907918888330059,-0.47437284564067833,-0.1448678288176486,extreme_fear,11.0,1,0.5,1.0,0.19752078905637754,0.19752078905637754
2025-12-17,2964.01953125,3025.8154296875,2791.333984375,2831.403564453125,26159825528,0.04844187122593693,-0.045828192848759323,0.3639268332577748,0.006506197973549042,0.006506197973549042,0.0,0.8542813585848964,-0.521153188199208,-0.1448678288176486,extreme_fear,16.0,1,0.5,1.0,0.20618435224185588,0.20618435224185588
2025-12-18,2831.48828125,2994.552734375,2777.11962890625,2827.069091796875,29194181349,0.04527066219008687,-0.0015320294953636582,0.3129404477624668,0.005682234421118233,0.007355863846267252,0.0,0.6922763136550415,-0.7058016756267773,-0.1448678288176486,extreme_fear,17.0,1,0.5,1.0,0.17910555497627684,0.17910555497627684
2025-12-19,2827.410400390625,3014.6123046875,2811.3916015625,2977.970703125,27870687989,0.04191415164679216,0.05200157806139122,0.5982730940464142,0.0048708730770649425,0.0067333425869286504,0.0,0.5208049173431832,0.3275377352417372,-0.1448678288176486,extreme_fear,16.0,1,0.5,1.0,0.32009362284660314,0.32009362284660314
2025-12-20,2977.869140625,2992.31005859375,2967.838623046875,2977.58251953125,7612418215,0.004931647908777284,-0.0001303602133292682,0.550062750670668,6.743254924106786e-05,0.0048708730770649425,0.0,-1.3684909669596972,0.15294275471474017,-0.1448678288176486,extreme_fear,20.0,1,0.5,1.0,0.27749719928972266,0.27749719928972266
2025-12-21,2977.508544921875,3009.80712890625,2945.394775390625,3001.61376953125,11178096676,0.012992026081025818,0.008038330984924418,0.5521881522551033,0.0004679928520057793,0.0004679928520057793,0.0,-0.9567168097897923,0.16063995042550994,-0.1448678288176486,extreme_fear,20.0,1,0.5,1.0,0.28259008916806455,0.28259008916806455
2025-12-22,3001.61279296875,3073.353759765625,2965.175048828125,3006.07373046875,20342034264,0.02152010549521282,0.0014847515809792915,0.3599568011314072,0.0012840272612006085,0.0018085064116838475,0.0,-0.5210495696167106,-0.535530760173595,-0.1448678288176486,extreme_fear,25.0,1,0.5,1.0,0.19073845331331002,0.19073845331331002
2025-12-23,3006.073974609375,3033.1962890625,2902.3330078125,2963.3740234375,21453213168,0.02648597749207184,-0.014306326840175283,0.39941156959094415,0.0019449904070600527,0.0032780773354396035,0.0,-0.2673619990805716,-0.39264431613396233,-0.1448678288176486,extreme_fear,24.0,1,0.5,1.0,0.21294877354150799,0.21294877354150799
2025-12-24,2962.922607421875,2975.171142578125,2888.988037109375,2945.590576171875,13984770325,0.017653666937798858,-0.0060191597554604985,0.13372151815786337,0.0008640826994420056,0.002372728764908284,0.0,-0.7185712546053719,-1.3548475718675175,-0.1448678288176486,extreme_fear,24.0,1,0.5,1.0,0.07568759254783111,0.07568759254783111
2025-12-25,2945.423095703125,2968.705078125,2891.10888671875,2903.57958984375,11828871179,0.015906302358257827,-0.014365015056822026,0.15622370580097494,0.0007014939333441331,0.0008640826994420056,0.0,-0.8078374852502717,-1.2733553289530977,-0.1448678288176486,extreme_fear,23.0,1,0.5,1.0,0.08606500407961638,0.08606500407961638
2025-12-26,2903.625,2991.219970703125,2894.15380859375,2925.74560546875,18562196049,0.01981164148182178,0.007605038907991378,0.1539534193036737,0.0010882442292513576,0.0011588029424697498,0.0,-0.6083285178416621,-1.281577229048222,-0.1448678288176486,extreme_fear,20.0,1,0.5,1.0,0.08688253039274774,0.08688253039274774
2025-12-27,2925.7451171875,2957.300537109375,2917.271240234375,2947.998291015625,7378783299,0.008184567565995074,0.0075770385642638756,0.17504971356271729,0.00018572780620653475,0.0010882442292513576,0.0,-1.2023116362176247,-1.2051764646595051,-0.1448678288176486,extreme_fear,23.0,1,0.5,1.0,0.09161714056435619,0.09161714056435619
2025-12-28,2947.898193359375,2957.138671875,2925.745361328125,2948.568115234375,9227601389,0.006409707637623891,0.00019327323098403297,0.14909614699773757,0.00011391001101521382,0.00018572780620653475,0.0,-1.2929824999763413,-1.2991679638218696,-0.1448678288176486,extreme_fear,24.0,1,0.5,1.0,0.07775292731768073,0.07775292731768073
2025-12-29,2948.55908203125,3051.94189453125,2908.748046875,2934.538330078125,25957694515,0.02886015520129974,-0.00476952504017534,0.14669136395288962,0.002309312875241838,0.002309312875241838,0.0,-0.1460742624139712,-1.3078769465730298,-0.1448678288176486,extreme_fear,24.0,1,0.5,1.0,0.08777575957709469,0.08777575957709469
2025-12-30,2934.416259765625,3002.8046875,2916.330078125,2971.416748046875,18816704381,0.01754884551145848,0.012488715813386491,0.10863613285055847,0.0008538519092580386,0.002309312875241838,0.0,-0.7239261838112079,-1.4456949305993476,-0.1448678288176486,extreme_fear,23.0,1,0.5,1.0,0.06309248918100847,0.06309248918100847
2025-12-31,2971.407470703125,3021.849609375,2959.143798828125,2967.03759765625,16451891101,0.012593244772014168,-0.0014748454494985343,0.11198514757489549,0.00043970432944759243,0.0012633115376856892,0.0,-0.9770890347529761,-1.433566388887396,-0.1448678288176486,extreme_fear,21.0,1,0.5,1.0,0.062289196173454825,0.062289196173454825
2026-01-01,2966.997314453125,3006.01025390625,2966.84521484375,3000.394287109375,10268796662,0.007876078792861504,0.01117969589667102,0.12394335565112165,0.0001719909347248863,0.00043970432944759243,0.0,-1.2180711578974888,-1.3902594352336113,-0.1448678288176486,extreme_fear,20.0,1,0.5,1.0,0.06590971722199157,0.06590971722199157
2026-01-02,3000.453125,3146.984375,2989.9013671875,3124.422607421875,25242778003,0.030751288288994375,0.04050579142356504,0.2834636863450036,0.002621875599849999,0.0034745698465763327,0.0,-0.049463443834432325,-0.8125525142501349,-0.1448678288176486,fear,28.0,0,0.0,1.0,0.15710748731699897,0.15710748731699897
2026-01-03,3124.310302734375,3135.025634765625,3077.4658203125,3125.91748046875,11460707919,0.011128926597153954,0.0004783333560596635,0.2663173559827566,0.00034339345099162365,0.002621875599849999,0.0,-1.051895497848917,-0.8746483842665271,-0.1448678288176486,fear,29.0,0,0.0,1.0,0.13872314128995528,0.13872314128995528
2026-01-04,3125.960205078125,3160.551025390625,3119.427490234375,3140.71044921875,13890479323,0.007865489591483534,0.004721198192569982,0.27223056490199904,0.00017152877014289897,0.0007096850617270853,0.0,-1.2186121200433504,-0.853233548282874,-0.1448678288176486,extreme_fear,25.0,1,0.5,1.0,0.14004802724674129,0.14004802724674129
2026-01-05,3141.486328125,3261.245849609375,3134.0927734375,3226.13037109375,27211995956,0.02388404229332316,0.02683435946003148,0.2640278624457448,0.001581616239334266,0.001976673510685742,0.0,-0.4002850022672279,-0.8829398431428056,-0.1448678288176486,fear,26.0,0,0.0,1.0,0.14395595236953396,0.14395595236953396
2026-01-06,3226.116455078125,3303.5634765625,3184.0146484375,3295.94677734375,27853981622,0.02213600053392187,0.021410072765534124,0.26040972769743986,0.0013585754598168115,0.002773284295976076,0.0,-0.4895858274634316,-0.8960430098429654,-0.1448678288176486,fear,44.0,0,0.0,1.0,0.14127286411568088,0.14127286411568088
2026-01-07,3295.91259765625,3296.394287109375,3126.552001953125,3166.843994140625,22665982583,0.03176874501614189,-0.039957957746070624,0.4170841151749612,0.002798243929025377,0.003032806969519522,0.0,0.002514562324197122,-0.3286427443539072,-0.1448678288176486,fear,42.0,0,0.0,1.0,0.22442643009555155,0.22442643009555155
2026-01-08,3166.924072265625,3179.866455078125,3052.509765625,3104.382568359375,22760237888,0.02454798393069729,-0.01992066167813984,0.4479225977842103,0.00167077170984232,0.005908244307695743,0.0,-0.36636674157308075,-0.21696039791883268,-0.1448678288176486,fear,28.0,0,0.0,1.0,0.2362352908574538,0.2362352908574538
