date,open,high,low,close,volume,trades,quote_volume,fear_greed_value,fear_greed_class,cs_spread,parkinson_vol,realized_vol,returns,log_volume,regime,is_extreme,macro_sentiment,uncertainty,volatility
2018-02-21,882.99,908.88,812.87,835.89,176200.55151,324214,151739402.984687,54,Neutral,0.0,0.09457017437521356,1.2981262782652374,-0.05481685003145472,12.07937812250202,neutral,False,0.08,0.09457017437521356,1.2981262782652374
2018-02-22,836.35,871.96,786.6,801.49,137561.85113,265430,112939926.7169096,44,Fear,179.14301622279908,0.08728958546904894,1.237081865066777,-0.04202453011465303,11.831828921347197,fear,False,-0.12,0.08728958546904894,1.237081865066777
2018-02-23,801.47,885.0,785.99,851.6,154507.41338,283445,130147658.0064479,39,Fear,928.5028306419761,0.08611301381003772,1.2432570528826072,0.060644437653913426,11.947997357210859,fear,False,-0.22,0.08611301381003772,1.2432570528826072
2018-02-24,851.59,875.0,805.0,833.94,89311.5794,180745,75082869.2722153,31,Fear,636.4010146277358,0.08205386454597888,1.0968550650073539,-0.020955475694602658,11.399886426991388,fear,False,-0.38,0.08205386454597888,1.0968550650073539
2018-02-25,833.92,849.5,813.18,841.19,59431.26474,134040,49520472.1940726,33,Fear,259.644884278178,0.07124385037494646,0.904239248629408,0.00865609865379997,10.992575709305392,fear,False,-0.34,0.07124385037494646,0.904239248629408
2018-02-26,841.46,882.0,833.0,867.98,74911.4656,135463,64498089.203572,37,Fear,0.0,0.05563338916415942,0.8276131337614936,0.03135111694171518,11.224062236561647,fear,False,-0.26,0.05563338916415942,0.8276131337614936
2018-02-27,867.98,897.49,860.69,870.11,63487.68425,113151,55793476.980172,44,Fear,0.0,0.05086676754815956,0.8153159600206135,0.002450967517545435,11.05860121725138,fear,False,-0.12,0.05086676754815956,0.8153159600206135
2018-02-28,871.84,891.0,850.3,853.5,53620.45209,102553,46744924.419776,41,Fear,211.19363016061754,0.05086712470675634,0.8129755030859659,-0.01927409820328708,10.8896858431233,fear,False,-0.18,0.05086712470675634,0.8129755030859659
2018-03-01,853.5,879.96,848.65,870.63,43785.00503,89476,37976139.7517369,38,Fear,252.31210334132166,0.04844696660840014,0.7039793540031891,0.019871545283801844,10.687046686835844,fear,False,-0.24,0.04844696660840014,0.7039793540031891
2018-03-02,870.63,876.22,850.0,856.28,39436.26006,77178,34068626.3832595,47,Neutral,266.8108008668714,0.04536824151244108,0.6981328816617423,-0.016619662059275366,10.582440978155388,neutral,False,-0.06,0.04536824151244108,0.6981328816617423
2018-03-03,856.27,870.78,852.3,856.02,34170.2942,65375,29487108.37488,56,Greed,164.39542722710493,0.04302557835142967,0.6716154380007381,-0.00030368510424366577,10.439111954963991,greed,False,0.12,0.04302557835142967,0.6716154380007381
2018-03-04,856.51,868.0,836.24,866.66,29735.01829,64562,25364732.8643644,44,Fear,61.169780584929484,0.04184816900025117,0.6263533048949522,0.01235300264940739,10.300080697240555,fear,False,-0.12,0.04184816900025117,0.6263533048949522
2018-03-05,866.61,871.75,847.2,849.84,30567.79813,61568,26391332.1546758,55,Greed,129.7833420421445,0.04123506915734266,0.6212108158486194,-0.019598646532427454,10.327702385139998,neutral,False,0.1,0.04123506915734266,0.6212108158486194
2018-03-06,849.81,853.18,803.01,813.11,48658.06883,90220,40340972.8329127,59,Greed,0.0,0.04005467093892012,0.5467391634301395,-0.04418169472333638,10.792572928538045,greed,False,0.18,0.04005467093892012,0.5467391634301395
2018-03-07,813.31,826.2,718.4,749.9,109013.2838,157657,83030975.9043689,37,Fear,0.0,0.04360524308362425,0.605148984767629,-0.08092653744107789,11.59922502351054,fear,False,-0.26,0.04360524308362425,0.605148984767629
2018-03-08,749.02,772.07,684.0,695.46,76312.77819,124325,55751521.7845615,39,Fear,0.0,0.04603407385815469,0.6386884402701849,-0.07536636717863497,11.242595676251822,fear,False,-0.22,0.04603407385815469,0.6386884402701849
2018-03-09,695.48,727.92,640.0,723.71,116545.37303,174238,79262060.7540076,37,Fear,0.0,0.048840416720698734,0.6460747068414306,0.03981726252824457,11.66603594423356,fear,False,-0.26,0.048840416720698734,0.6460747068414306
2018-03-10,723.65,745.0,673.06,680.58,63012.67972,98429,45345997.5042329,39,Fear,290.678111968497,0.04934540561912683,0.6448087520404275,-0.06144538385794693,11.051091250519333,fear,False,-0.22,0.04934540561912683,0.6448087520404275
2018-03-11,680.58,735.0,659.15,720.85,73967.35869,108011,51773437.8671232,40,Fear,639.12040873664,0.05095596076860905,0.6771765875561168,0.05748569545890651,11.211379176089837,fear,False,-0.2,0.05095596076860905,0.6771765875561168
2018-03-12,721.0,740.5,676.31,697.11,67732.85988,107566,48042091.346384,41,Fear,611.7596947997285,0.05077840188007626,0.6586202892686911,-0.03348785372428169,11.123326716033294,fear,False,-0.18,0.05077840188007626,0.6586202892686911
2018-03-13,696.52,713.76,680.0,689.94,55735.18315,110481,38651705.8540196,41,Fear,292.9285214499294,0.04894910748778227,0.6387300991431304,-0.010338580245002695,10.928366880904267,fear,False,-0.18,0.04894910748778227,0.6387300991431304
2018-03-14,690.16,703.54,585.0,610.1,89904.25415,139296,57785217.4853055,40,Fear,0.0,0.05309015641322003,0.7484654936217694,-0.12298175913082172,11.406500540252237,fear,False,-0.2,0.05309015641322003,0.7484654936217694
2018-03-15,610.1,621.12,570.0,608.83,94426.72453,139923,56487242.0087846,32,Fear,0.0,0.05193983957888297,0.6972587975267863,-0.0020837955576610543,11.455579410903423,fear,False,-0.36,0.05193983957888297,0.6972587975267863
2018-03-16,608.83,625.3,584.15,599.05,64720.20994,84631,39356556.4721097,33,Fear,410.32231203383765,0.05153577946029765,0.6970853409166948,-0.016194015514237825,11.077828795546642,fear,False,-0.34,0.05153577946029765,0.6970853409166948
2018-03-17,599.03,609.26,544.0,546.95,68022.4592,85603,39167671.2478979,31,Fear,0.0,0.053413336575923905,0.7378562448625664,-0.0909876765201081,11.127593211979976,fear,False,-0.38,0.053413336575923905,0.7378562448625664
2018-03-18,547.98,560.0,450.0,537.0,248817.226,273110,125170992.0632535,29,Fear,0.0,0.06046922748667615,0.7112287887120999,-0.018359296056935235,12.424473873784843,fear,False,-0.42,0.06046922748667615,0.7112287887120999
2018-03-19,537.39,560.0,515.8,556.88,184798.77062,190236,99812549.6389014,29,Fear,360.7534779005137,0.061211269503427645,0.7376456070306235,0.03635168235154638,12.127022785678415,fear,False,-0.42,0.061211269503427645,0.7376456070306235
2018-03-20,556.88,567.87,515.0,557.0,135426.91549,141920,73696454.5594795,37,Fear,723.5900389055014,0.06228662828554975,0.7419423082586916,0.00021546306687308462,11.816187404712576,fear,False,-0.26,0.06228662828554975,0.7419423082586916
2018-03-21,557.0,590.52,545.11,559.17,117019.17321,139151,66572210.6709511,36,Fear,0.0,0.06301916221705403,0.7322738040369572,0.0038883014845377734,11.670093073943827,fear,False,-0.28,0.06301916221705403,0.7322738040369572
2018-03-22,559.15,578.6,516.0,539.92,111106.19916,123941,60459505.6065908,36,Fear,115.76639608823807,0.06473959413878909,0.7333494220142901,-0.035032560976670776,11.618241772090872,fear,False,-0.28,0.06473959413878909,0.7333494220142901
2018-03-23,539.78,544.72,506.71,543.03,106416.06746,122067,55542669.0430983,28,Fear,66.75736552520948,0.0654008457635586,0.7361469580144959,0.005743586591420187,11.575111854451231,fear,False,-0.44,0.0654008457635586,0.7361469580144959
2018-03-24,543.2,545.99,518.63,520.22,87710.78945,104841,46963103.4507316,32,Fear,339.8808352705943,0.06557343551224376,0.727273137789579,-0.042912767999827905,11.381800197588994,fear,False,-0.36,0.06557343551224376,0.727273137789579
2018-03-25,521.17,536.0,512.0,523.74,71903.1713,90242,37482165.1820822,30,Fear,110.62980825890322,0.0657495529408574,0.7360753766121886,0.0067435789485700845,11.183075649829634,fear,False,-0.4,0.0657495529408574,0.7360753766121886
2018-03-26,523.95,527.67,465.56,485.0,151084.23688,144216,74104022.1300024,31,Fear,0.0,0.06737644158058743,0.7566785341173535,-0.07684648703783015,11.925592820383393,fear,False,-0.38,0.06737644158058743,0.7566785341173535
2018-03-27,485.0,491.55,446.0,448.5,138188.76042,139179,63816245.4274086,24,Extreme Fear,0.0,0.0660122542746732,0.7541403440448081,-0.07824020943863234,11.836375858643686,extreme_fear,True,-0.52,0.0660122542746732,0.7541403440448081
2018-03-28,448.5,466.0,440.14,446.67,89895.47885,90706,40547475.9536683,24,Extreme Fear,55.40521496483346,0.06443490247615573,0.7340566302249208,-0.004088614563281978,11.406402928316329,extreme_fear,True,-0.52,0.06443490247615573,0.7340566302249208
2018-03-29,446.07,449.43,380.0,384.0,225341.94316,176576,91719449.9304218,18,Extreme Fear,0.0,0.06603689024703698,0.8273976534626425,-0.15117751434784205,12.325374274916976,extreme_fear,True,-0.64,0.06603689024703698,0.8273976534626425
2018-03-30,383.87,412.04,366.0,392.43,292254.79437,232555,112316125.3267166,12,Extreme Fear,1.8634624460099163,0.06654381711209952,0.8402860308064938,0.021715624780518528,12.585381284229694,extreme_fear,True,-0.76,0.06654381711209952,0.8402860308064938
2018-03-31,392.4,419.4,388.52,393.92,167833.59399,134396,67461541.5886628,16,Extreme Fear,116.71740229492416,0.0657238311031031,0.7882371941183776,0.0037896656278432867,12.030728255539959,extreme_fear,True,-0.68,0.0657238311031031,0.7882371941183776
2018-04-01,393.93,399.91,356.9,378.58,150493.99422,119329,56620178.3543407,16,Extreme Fear,0.0,0.06636889989416643,0.7888907100417587,-0.03972043181801528,11.92167845685987,extreme_fear,True,-0.68,0.06636889989416643,0.7888907100417587
2018-04-02,378.58,394.87,375.0,385.05,113242.14191,95810,43596858.5024712,11,Extreme Fear,269.55615675254705,0.06641207942375338,0.8039521260007552,0.016945784807185785,11.637283653829716,extreme_fear,True,-0.78,0.06641207942375338,0.8039521260007552
2018-04-03,385.0,419.08,380.13,415.01,137897.55565,118778,55385110.1548381,22,Extreme Fear,0.0,0.0629937358003194,0.804564487970962,0.07492942034066806,11.834266338098551,extreme_fear,True,-0.56,0.0629937358003194,0.804564487970962
2018-04-04,415.0,416.5,370.0,378.16,140598.39668,132792,54594624.7569424,22,Extreme Fear,695.9119420738358,0.06393681763958912,0.8426194673251712,-0.09298522984094627,11.853662854879742,extreme_fear,True,-0.56,0.06393681763958912,0.8426194673251712
2018-04-05,378.15,387.03,365.61,381.22,120314.05875,103370,45411126.8956174,17,Extreme Fear,25.197960282944965,0.06374014333238148,0.8498938696145548,0.008059249815945918,11.69786075922447,extreme_fear,True,-0.66,0.06374014333238148,0.8498938696145548
2018-04-06,381.56,385.91,362.54,368.89,74458.69141,69396,27645272.516507,19,Extreme Fear,462.3577567998998,0.06246360047990815,0.8120645657252898,-0.032878139682955575,11.217999772869913,extreme_fear,True,-0.62,0.06246360047990815,0.8120645657252898
2018-04-07,368.89,394.75,368.28,384.51,71463.42848,65341,27442723.6552181,20,Extreme Fear,199.48873123971984,0.055911720218152355,0.8406364824030417,0.04147129979187094,11.176941108036363,extreme_fear,True,-0.6,0.055911720218152355,0.8406364824030417
2018-04-08,384.51,404.05,384.0,400.4,57395.52936,61290,22720923.5470005,17,Extreme Fear,0.0,0.05523524168302284,0.8442249538966555,0.0404942510312232,10.957721693560122,extreme_fear,True,-0.66,0.05523524168302284,0.8442249538966555
2018-04-09,400.4,431.99,387.1,399.44,151653.50413,122647,61605245.8672748,21,Extreme Fear,77.00091470231263,0.05563991889464449,0.8435890494353678,-0.0024004812487116176,11.929353619542814,extreme_fear,True,-0.58,0.05563991889464449,0.8435890494353678
2018-04-10,399.25,418.68,391.4,416.07,81394.29605,73634,32805764.1019723,18,Extreme Fear,459.49203912054713,0.05533719862827988,0.8653786063442612,0.04078994914399954,11.307060476439574,extreme_fear,True,-0.64,0.05533719862827988,0.8653786063442612
2018-04-11,415.53,433.54,410.38,429.52,86706.68627,76885,36371404.2251047,20,Extreme Fear,0.0,0.053666702896706324,0.8770815087747649,0.03181479077796064,11.370286279402912,extreme_fear,True,-0.6,0.053666702896706324,0.8770815087747649
2018-04-12,429.9,499.0,412.88,495.67,249766.38316,202769,113968625.2863396,18,Extreme Fear,41.54947966163197,0.05859187559588723,1.0344810501699242,0.14324207660468183,12.428281292597568,extreme_fear,True,-0.64,0.05859187559588723,1.0344810501699242
2018-04-13,494.3,530.0,480.22,495.11,251752.08782,206506,127274585.0424597,23,Extreme Fear,0.0,0.05967230666606424,1.0245209070736576,-0.0011304226157839762,12.436200103773828,extreme_fear,True,-0.54,0.05967230666606424,1.0245209070736576
2018-04-17,512.09,521.2,500.02,502.56,96541.96382,91563,49273622.8530706,26,Fear,202.05145070362988,0.05961524497475898,1.0259100145749251,0.014935075687124454,11.477733051041977,fear,False,-0.48,0.05961524497475898,1.0259100145749251
2018-04-18,502.56,526.99,501.12,526.09,73161.95251,68912,37673780.8368876,24,Extreme Fear,306.4648823486631,0.057592142157555114,0.9993403048028099,0.04575726497257955,11.200430790366283,extreme_fear,True,-0.52,0.057592142157555114,0.9993403048028099
2018-04-19,526.49,571.61,521.03,568.14,112235.77328,100508,61044208.3175114,25,Extreme Fear,0.0,0.057455356259696146,0.9814382310193341,0.07689556646054775,11.628357056191287,extreme_fear,True,-0.5,0.057455356259696146,0.9814382310193341
2018-04-20,568.14,622.17,556.5,617.09,160209.03951,153184,93907683.4773283,26,Fear,0.0,0.05887886513062824,1.0106446925347876,0.08264701314321884,11.984234738428981,fear,False,-0.48,0.05887886513062824,1.0106446925347876
2018-04-21,616.8,624.5,570.23,604.87,159364.95353,159407,95664939.9408183,32,Fear,690.5940223771815,0.05574892145878847,0.8099031346410719,-0.020001321458061237,11.978952156233424,fear,False,-0.36,0.05574892145878847,0.8099031346410719
2018-04-22,604.87,643.49,589.0,620.92,120127.3728,122258,74788729.8493192,31,Fear,144.70881756341294,0.05473522918818577,0.8099853030722355,0.0261886902496213,11.696307898835055,fear,False,-0.38,0.05473522918818577,0.8099853030722355
2018-04-23,620.67,649.11,618.02,645.09,77475.70793,88353,49473079.4449478,28,Fear,96.70622227531669,0.054165527420688524,0.8083990300273523,0.03818759278716453,11.257719720142436,fear,False,-0.44,0.054165527420688524,0.8083990300273523
2018-04-24,644.58,712.99,643.76,701.58,171437.66972,159888,118180314.7165787,29,Fear,0.0,0.05374541242155725,0.7968707360495763,0.08394509243487519,12.05197503766124,fear,False,-0.42,0.05374541242155725,0.7968707360495763
2018-04-25,701.16,703.3,593.83,618.0,341439.50428,309129,218497368.193498,64,Greed,356.2366002435667,0.05793719370563796,0.9739302807195988,-0.1268464769225914,12.740925795243488,greed,False,0.28,0.05793719370563796,0.9739302807195988
2018-04-26,617.73,666.19,600.0,661.51,155754.00815,150017,98084636.5776993,47,Neutral,717.8433191917952,0.05816008260206607,0.9694142291873891,0.06803664314103086,11.956033170829006,neutral,False,-0.06,0.05816008260206607,0.9694142291873891
2018-04-27,661.51,686.82,635.73,643.46,134803.48389,132051,89621495.4179006,55,Greed,0.0,0.056900011451135796,0.8899538392309734,-0.02766523555671692,11.811573322007677,neutral,False,0.1,0.056900011451135796,0.8899538392309734
2018-04-28,643.41,694.9,638.76,682.86,113128.36337,114761,76596615.4329475,54,Neutral,611.4653024331154,0.057507605190350794,0.8944466311919609,0.05942999547984879,11.636278412007771,neutral,False,0.08,0.057507605190350794,0.8944466311919609
2018-04-29,683.5,700.49,665.28,690.85,110020.23869,121177,75235079.3018448,61,Greed,157.4213895615127,0.05731241953505481,0.8670443837248486,0.01163286298082517,11.60841961594173,greed,False,0.22,0.05731241953505481,0.8670443837248486
2018-04-30,690.85,695.3,662.2,670.78,112494.9172,109155,76654028.9797539,59,Greed,356.5834823241381,0.05692747459452459,0.8922940170521868,-0.02948150914419934,11.630663319161501,greed,False,0.18,0.05692747459452459,0.8922940170521868
2018-05-01,670.78,675.6,627.58,672.0,133123.66675,120421,87065924.8511483,56,Greed,0.0,0.05737644071955935,0.8955655046375903,0.001817126164670389,11.799033800372202,greed,False,0.12,0.05737644071955935,0.8955655046375903
2018-05-02,671.99,691.99,663.0,688.56,86185.5033,97534,58547697.5057035,52,Neutral,0.0,0.05574934691447563,0.889370533388797,0.024344119818069325,11.36425726733474,neutral,False,0.04,0.05574934691447563,0.889370533388797
2018-05-03,688.55,792.08,685.39,779.0,229419.209,210459,169982888.3383364,55,Greed,0.0,0.05834021343230063,0.9522130880636425,0.12340858552952932,12.343306216004365,neutral,False,0.1,0.05834021343230063,0.9522130880636425
2018-05-04,779.0,810.0,756.91,785.99,179924.40215,161690,141283262.9241322,56,Greed,0.0,0.058584119435971575,0.9555257613288072,0.008933023831214202,12.100292053597107,greed,False,0.12,0.058584119435971575,0.9555257613288072
2018-05-05,785.8,832.66,781.56,819.5,128631.18764,121136,104594301.6093639,63,Greed,0.0,0.053452671411374664,0.8593728657847878,0.04175032848192181,11.764704578023995,greed,False,0.26,0.053452671411374664,0.8593728657847878
2018-05-06,819.5,839.99,752.49,794.3,166871.16002,154829,132187629.450689,67,Greed,408.652995846063,0.05385132996707596,0.8780183523042584,-0.031233174544798004,12.024977296755786,greed,False,0.34,0.05385132996707596,0.8780183523042584
2018-05-07,794.3,799.14,701.0,752.49,284237.06328,232411,210066185.2861295,56,Greed,0.0,0.0563785262187654,0.9202410793486795,-0.054073516140900356,12.557563898809281,greed,False,0.12,0.0563785262187654,0.9202410793486795
2018-05-08,753.0,777.0,720.02,748.99,135106.19621,126971,101156197.2573318,62,Greed,495.4611100664492,0.05689860656468943,0.9190598716823145,-0.004662075204940039,11.813816386775184,greed,False,0.24,0.05689860656468943,0.9190598716823145
2018-05-09,748.99,760.74,710.26,751.75,112353.37758,104593,82933836.454514,53,Neutral,307.3670252334724,0.05628203798602308,0.8928468771741478,0.003678189575392547,11.629404340178949,neutral,False,0.06,0.05628203798602308,0.8928468771741478
2018-05-10,752.4,769.88,720.0,722.52,102019.29933,99850,76658823.4630308,63,Greed,369.7805537953352,0.05499268944351529,0.8734689410472285,-0.03965872060428166,11.532917283486267,greed,False,0.26,0.05499268944351529,0.8734689410472285
2018-05-11,722.52,737.23,663.0,676.96,216953.54991,192008,150336847.8280685,41,Fear,0.0,0.05548201092226779,0.9066416315554345,-0.06513291429259932,12.287438553895116,fear,False,-0.18,0.05548201092226779,0.9066416315554345
2018-05-12,676.96,690.2,633.2,684.11,166801.07487,159177,111101666.3239263,44,Fear,0.0,0.055417100217163624,0.9036290899311277,0.010506536434300351,12.02455721295077,fear,False,-0.12,0.055417100217163624,0.9036290899311277
2018-05-13,684.56,742.0,666.31,729.08,136022.39207,116733,96516164.9841859,40,Fear,0.0,0.0568891856357111,0.9204655720189329,0.0636647419506751,11.820574798738795,fear,False,-0.2,0.0568891856357111,0.9204655720189329
2018-05-14,729.08,743.9,686.0,727.49,183466.9224,152787,131397089.1149141,40,Fear,592.3095275295436,0.05627290732494643,0.8734527006001537,-0.002183212110025615,12.119789670827538,fear,False,-0.2,0.05627290732494643,0.8734527006001537
2018-05-15,727.49,740.0,695.0,704.91,127191.21863,115906,91869541.8424722,40,Fear,517.7158392447503,0.052167046505476586,0.7430282639843645,-0.03153011815808373,11.753446891577397,fear,False,-0.2,0.052167046505476586,0.7430282639843645
2018-05-16,704.91,712.84,673.52,706.29,118902.46895,121956,82315246.5132033,32,Fear,0.0,0.050813159805965104,0.7066705987812083,0.001955782936344794,11.686058847391797,fear,False,-0.36,0.050813159805965104,0.7066705987812083
2018-05-17,706.8,719.25,662.0,667.62,106723.38375,109610,74320001.2537688,31,Fear,423.6347967538301,0.05097342697694887,0.730223661809444,-0.05630676862730421,11.57799556744965,fear,False,-0.38,0.05097342697694887,0.730223661809444
2018-05-18,667.62,694.9,656.0,692.6,106541.66307,114419,72118376.5238014,37,Fear,215.77224831969346,0.05030074848144729,0.7106663796156737,0.03673348257065758,11.576291390167066,fear,False,-0.26,0.05030074848144729,0.7106663796156737
2018-05-19,693.26,717.8,682.31,697.0,88828.85641,99860,62026599.8097705,31,Fear,0.0,0.05028488294176643,0.7098342924291463,0.00633277879220225,11.394466835764407,fear,False,-0.38,0.05028488294176643,0.7098342924291463
2018-05-20,697.0,729.88,688.4,716.16,86004.7409,91685,61227466.2924883,32,Fear,242.10650119730656,0.05047180366537441,0.7066122322447901,0.027118194922981707,11.362157700460408,fear,False,-0.36,0.05047180366537441,0.7066122322447901
2018-05-21,716.16,720.46,688.0,696.7,96085.15451,89438,67799023.5499843,41,Fear,371.71085162686563,0.04987681676825016,0.7150529020103396,-0.027548703647432414,11.472990103420603,fear,False,-0.18,0.04987681676825016,0.7150529020103396
2018-05-22,697.1,699.6,637.32,640.99,107059.5769,110915,72112726.836348,30,Fear,0.0,0.051102213918752755,0.7700832234370883,-0.08334104586111922,11.581140751950025,fear,False,-0.4,0.051102213918752755,0.7700832234370883
2018-05-23,640.86,669.0,560.0,577.19,257099.77096,203100,155638543.7608657,26,Fear,0.0,0.05295638113209402,0.6932534519229631,-0.10484235444264309,12.457219502393997,fear,False,-0.48,0.05295638113209402,0.6932534519229631
2018-05-24,577.19,612.1,550.0,602.18,195854.62497,159755,114324332.2609641,27,Fear,281.8779598142173,0.0541099388847117,0.7182827263292993,0.04238490220618428,12.185127953673462,fear,False,-0.46,0.0541099388847117,0.7182827263292993
2018-05-25,602.08,617.46,568.7,585.55,118076.26273,115243,70118224.9343135,25,Extreme Fear,464.71030876857327,0.05456722823592314,0.6894496596516683,-0.028004827450349164,11.679085989011602,extreme_fear,True,-0.5,0.05456722823592314,0.6894496596516683
2018-05-26,585.56,607.62,578.32,586.0,77654.12532,76446,46205282.6853549,23,Extreme Fear,330.83275905992343,0.052947277819467016,0.6899263704106041,0.0007682130888665181,11.26001995427446,extreme_fear,True,-0.54,0.052947277819467016,0.6899263704106041
2018-05-27,586.03,592.0,557.43,570.4,97097.26713,90855,55737244.5191023,19,Extreme Fear,0.0,0.05058748455205656,0.6762508659783761,-0.026981920476926432,11.483468508981177,extreme_fear,True,-0.62,0.05058748455205656,0.6762508659783761
2018-05-28,570.81,576.2,506.11,511.5,153197.83278,136137,81950608.3901462,22,Extreme Fear,0.0,0.05251529520140123,0.7543370635321784,-0.10899028370840502,11.93948538984392,extreme_fear,True,-0.56,0.05251529520140123,0.7543370635321784
2018-05-29,511.5,573.43,510.0,567.36,189082.83788,128067,103113233.70003,16,Extreme Fear,1088.3358575695722,0.05404308197909146,0.8690597782306431,0.10364643749416183,12.149940493679669,extreme_fear,True,-0.68,0.05404308197909146,0.8690597782306431
2018-05-30,567.09,585.83,541.2,557.19,122132.2701,94311,68698935.1823503,38,Fear,69.43411393544595,0.054341298698097486,0.8639943381898988,-0.01808772801848281,11.712859917563009,fear,False,-0.24,0.054341298698097486,0.8639943381898988
2018-05-31,557.87,586.73,552.98,577.81,100101.52276,88463,57312700.8700542,25,Extreme Fear,438.41393476020835,0.05303928325263878,0.8578320893562609,0.03633880004166253,11.513940177575217,extreme_fear,True,-0.5,0.05303928325263878,0.8578320893562609
2018-06-01,577.81,590.26,564.93,579.0,83840.84162,85475,48334174.7645864,24,Extreme Fear,204.50658491351325,0.052094875515601366,0.8559473743126955,0.0020573826639724256,11.336675537910974,extreme_fear,True,-0.52,0.052094875515601366,0.8559473743126955
2018-06-02,579.0,599.17,572.9,590.85,80258.14719,81067,47346968.1318188,27,Fear,93.6082089975888,0.050411887279092384,0.8206575549016603,0.02025970051202945,11.293003558456013,fear,False,-0.46,0.050411887279092384,0.8206575549016603
2018-06-03,590.85,628.81,590.1,619.66,84123.33235,83803,51660963.9070336,40,Fear,0.0,0.04995754244607869,0.8460003919714384,0.04760876243813984,11.340039243273573,fear,False,-0.2,0.04995754244607869,0.8460003919714384
2018-06-04,619.66,625.47,580.15,591.02,96339.44507,86009,57791317.7268969,41,Fear,432.5180114646901,0.05026728679450082,0.85364263231029,-0.04732108274211183,11.475633120047215,fear,False,-0.18,0.05026728679450082,0.85364263231029
2018-06-05,591.02,614.0,570.36,609.05,89053.74351,86957,52918830.2092289,26,Fear,315.9666400696468,0.05066329131017745,0.8641036081305062,0.03005050836491507,11.396995326127318,fear,False,-0.48,0.05066329131017745,0.8641036081305062
2018-06-06,609.29,613.35,593.4,607.4,70152.92117,71275,42406036.3359788,42,Fear,170.8213220375852,0.04962280519313832,0.8445985942001506,-0.0027128135343195215,11.158432726431254,fear,False,-0.16,0.04962280519313832,0.8445985942001506
2018-06-07,606.68,618.0,598.24,605.16,60174.1888,61247,36622061.3957984,38,Fear,138.63116730366824,0.049209962258155646,0.8303484148389922,-0.003694666735014153,11.004998781879062,fear,False,-0.24,0.049209962258155646,0.8303484148389922
2018-06-08,605.2,608.45,593.33,598.68,49228.00755,49881,29570758.3831474,40,Fear,8.756786643718607,0.04885357520762218,0.8289929366579959,-0.01076565421568794,10.804217999660217,fear,False,-0.2,0.04885357520762218,0.8289929366579959
2018-06-09,599.29,608.97,591.0,592.87,38908.0653,40208,23425391.9800099,39,Fear,221.31274905992746,0.04838506234528989,0.8187793203589895,-0.009752080979681648,10.568956842306006,fear,False,-0.22,0.04838506234528989,0.8187793203589895
2018-06-10,592.44,592.87,501.13,524.11,190350.58429,145196,103749727.2406178,24,Extreme Fear,0.0,0.05303238883147663,0.91204294296203,-0.1232735647269894,12.156622831362013,extreme_fear,True,-0.52,0.05303238883147663,0.91204294296203
2018-06-11,524.64,535.51,508.66,531.69,145813.07819,117598,76462994.8697018,15,Extreme Fear,185.74283441765326,0.051994070760325584,0.8791986674345662,0.014359026780883058,11.890080794053823,extreme_fear,True,-0.7,0.051994070760325584,0.8791986674345662
2018-06-12,531.08,538.88,482.0,493.0,158223.14812,121424,81341580.8232696,19,Extreme Fear,272.52932923525844,0.04855285457954988,0.8423794220426291,-0.07555143869246801,11.971761645482738,extreme_fear,True,-0.62,0.04855285457954988,0.8423794220426291
2018-06-13,493.0,501.97,449.06,475.47,181842.19417,134718,86416386.6308936,19,Extreme Fear,0.0,0.04873121890999484,0.826215389485449,-0.036205385530246256,12.110894524940647,extreme_fear,True,-0.62,0.04873121890999484,0.826215389485449
2018-06-14,475.47,529.0,460.0,519.29,206093.0733,156597,102374389.9984429,17,Extreme Fear,359.3186168942539,0.05103879495397887,0.8959695107774164,0.08815870546071654,12.23608315787127,extreme_fear,True,-0.66,0.05103879495397887,0.8959695107774164
2018-06-15,519.3,521.0,481.62,487.48,160532.53607,122246,80145974.8516328,26,Fear,496.8164299686826,0.05169435407756177,0.9180667315882773,-0.06321323001785878,11.986251917954943,fear,False,-0.48,0.05169435407756177,0.9180667315882773
2018-06-16,487.47,503.28,483.72,496.74,131095.45173,96076,64919187.0546742,22,Extreme Fear,227.6704847589471,0.05133570607419583,0.9206939329363132,0.018817486423467988,11.78368097601496,extreme_fear,True,-0.56,0.05133570607419583,0.9206939329363132
2018-06-17,496.45,507.6,492.7,497.14,117316.93221,92111,58745118.7144018,23,Extreme Fear,33.819118312576705,0.04845610508141215,0.8380188159278702,0.0008049261914856528,11.672634373840532,extreme_fear,True,-0.54,0.04845610508141215,0.8380188159278702
2018-06-18,497.15,524.48,487.27,517.95,143826.68272,119818,72402471.3508738,27,Fear,140.07794997119692,0.04688110807587949,0.7596908399076835,0.04100703593385599,11.876364261437084,fear,False,-0.46,0.04688110807587949,0.7596908399076835
2018-06-19,517.77,548.2,510.01,537.97,148148.38064,130777,78382588.5359899,32,Fear,0.0,0.04667585472788402,0.7723696194122397,0.03792408402112623,11.905969622398604,fear,False,-0.36,0.04667585472788402,0.7723696194122397
2018-06-20,537.68,542.02,515.08,536.49,123892.0424,99322,65285793.6546276,34,Fear,390.6418753209802,0.046499594045402506,0.7591493436008789,-0.0027548739571827924,11.727165839565956,fear,False,-0.32,0.046499594045402506,0.7591493436008789
2018-06-21,536.34,544.98,521.11,526.18,79862.90544,77470,42586318.499719,37,Fear,276.00436291155296,0.046515520711717925,0.7608075638702445,-0.019404563046037975,11.288066761623334,fear,False,-0.26,0.046515520711717925,0.7608075638702445
2018-06-22,526.32,526.44,450.0,462.09,212659.53437,166517,102306774.8175146,28,Fear,0.0,0.05070830856609459,0.8735741156480016,-0.12988368221754074,12.267447735651283,fear,False,-0.44,0.05070830856609459,0.8735741156480016
2018-06-23,462.4,481.0,455.0,473.41,94465.26834,85397,44316379.4652718,17,Extreme Fear,230.56248468502673,0.05053928506628507,0.8560631944762226,0.02420214333768615,11.455987515132188,extreme_fear,True,-0.66,0.05053928506628507,0.8560631944762226
2018-06-24,473.4,475.81,419.53,454.41,198264.10079,152764,88505534.6557815,15,Extreme Fear,21.030755503296923,0.052325585216435655,0.8530193186650162,-0.040961946435118225,12.19735526327291,extreme_fear,True,-0.7,0.052325585216435655,0.8530193186650162
2018-06-25,454.29,474.47,444.37,458.7,122942.1165,113720,56436062.4475766,16,Extreme Fear,387.18937288236896,0.05212875147538649,0.8422307442671807,0.009396527396082611,11.719468926027794,extreme_fear,True,-0.68,0.05212875147538649,0.8422307442671807
2018-06-26,459.04,460.81,429.0,429.34,84003.09976,64251,37307967.112198,21,Extreme Fear,0.0,0.05282002866375929,0.8606779747858969,-0.06614725577718392,11.338608979049354,extreme_fear,True,-0.58,0.05282002866375929,0.8606779747858969
2018-06-27,429.81,445.95,420.19,441.64,99156.36437,73853,42947280.7164346,18,Extreme Fear,18.398893025273654,0.053242416818835174,0.8747503683758397,0.028245924744993805,11.504453321197024,extreme_fear,True,-0.64,0.053242416818835174,0.8747503683758397
2018-06-28,441.36,443.96,416.45,420.22,112309.56714,120860,48557224.7656124,20,Extreme Fear,456.7312154599272,0.05382497385929929,0.8826974919975723,-0.04971668691003309,11.629014329795973,extreme_fear,True,-0.6,0.05382497385929929,0.8826974919975723
2018-06-29,420.48,442.0,404.48,434.77,159495.30942,114615,66573394.2822851,16,Extreme Fear,391.8720503413529,0.05498050628421705,0.9014136245426225,0.03403877196562181,11.979769792749533,extreme_fear,True,-0.68,0.05498050628421705,0.9014136245426225
2018-06-30,434.77,463.15,434.51,454.09,157169.20242,105384,70748384.8544428,22,Extreme Fear,0.0,0.050859489434778485,0.8283858803950428,0.04347826065375242,11.965078226424936,extreme_fear,True,-0.56,0.050859489434778485,0.8283858803950428
2018-07-01,454.2,457.77,443.73,452.1,111226.62846,78500,50173671.4201597,27,Fear,173.7067045088406,0.05056153520767176,0.8245876178208259,-0.004392021979717813,11.619325096699901,fear,False,-0.46,0.05056153520767176,0.8245876178208259
2018-07-02,452.14,481.83,444.16,476.25,182585.11018,135295,84408714.7116776,27,Fear,115.58772451870664,0.04951346091771387,0.8104331275077057,0.05203953214035115,12.11497170044467,fear,False,-0.46,0.04951346091771387,0.8104331275077057
2018-07-03,476.32,486.98,457.0,461.82,186954.55478,139942,88130206.0472561,31,Fear,271.09795901295007,0.047965170340652175,0.807589870736864,-0.03076772166662963,12.13862084373511,fear,False,-0.38,0.047965170340652175,0.807589870736864
2018-07-04,461.78,482.7,458.02,467.38,101886.20199,81396,48042056.081608,33,Fear,455.5342883611047,0.04469978209821837,0.7377174159331362,0.011967426513379256,11.531611802682255,fear,False,-0.34,0.04469978209821837,0.7377174159331362
2018-07-05,467.19,480.0,458.8,467.87,125806.0083,113667,59119270.51983,37,Fear,404.63207494501705,0.04385740326797875,0.7053233954461702,0.0010478482648156482,11.74249638283929,fear,False,-0.26,0.04385740326797875,0.7053233954461702
2018-07-06,467.79,476.0,451.29,470.47,100428.64802,94081,46633547.1690795,34,Fear,197.88071230059546,0.04411780651056444,0.7016780745934464,0.005541715484711769,11.517202784383002,fear,False,-0.32,0.04411780651056444,0.7016780745934464
2018-07-07,470.48,487.99,461.5,485.57,83629.95382,75732,39311721.8603625,34,Fear,0.0,0.044570727481817646,0.7121589249359057,0.031591263557510116,11.33415703418123,fear,False,-0.32,0.044570727481817646,0.7121589249359057
2018-07-08,485.57,495.98,482.05,486.77,144703.13626,104195,70523945.9889119,38,Fear,0.0,0.043629424695493496,0.6948089767448341,0.002468273668135388,11.882439586607221,fear,False,-0.24,0.043629424695493496,0.6948089767448341
2018-07-09,486.55,488.98,468.2,471.71,89532.14109,75974,42954426.8383044,39,Fear,0.0,0.042936029309750996,0.6840199358395427,-0.03142734228213205,11.402352958119417,fear,False,-0.22,0.042936029309750996,0.6840199358395427
2018-07-10,471.73,473.23,427.69,432.48,173640.9762,121085,77742521.1309495,37,Fear,0.0,0.04451135851983414,0.740561791069261,-0.08682830745256376,12.06474509137423,fear,False,-0.26,0.04451135851983414,0.740561791069261
2018-07-11,432.55,452.69,424.2,444.99,159022.59726,112252,69570597.6650943,29,Fear,262.8202899192358,0.044958696887423544,0.7525935981836452,0.028515727475493278,11.976801592236193,fear,False,-0.42,0.044958696887423544,0.7525935981836452
2018-07-12,444.99,445.36,416.94,431.14,181877.07924,111503,78631113.0291977,33,Fear,249.3251321187452,0.04069163795056072,0.6093844662686734,-0.031618946658343146,12.11108634908997,fear,False,-0.34,0.04069163795056072,0.6093844662686734
2018-07-13,431.14,442.47,424.62,432.46,150320.32532,99117,65466673.8049196,29,Fear,284.88747618125194,0.04038192246003397,0.6012185699571596,0.0030569732004613907,11.920523798268082,fear,False,-0.42,0.04038192246003397,0.6012185699571596
2018-07-14,432.43,440.0,428.26,433.19,122253.69397,79509,53029892.4031811,29,Fear,195.22588368270698,0.036852616465869806,0.5857976324966999,0.0016865942887923729,11.713853623404125,fear,False,-0.42,0.036852616465869806,0.5857976324966999
2018-07-15,433.2,455.0,430.52,449.78,140415.27048,78257,62248916.0599489,32,Fear,24.02375419755999,0.03654867563921086,0.601649290742029,0.03758214349579799,11.852359528762026,fear,False,-0.36,0.03654867563921086,0.601649290742029
2018-07-16,449.79,480.57,444.03,478.49,172440.71343,116672,80398354.4633206,36,Fear,0.0,0.03682820871670152,0.589233208618148,0.061876737702701724,12.057808766117649,fear,False,-0.28,0.03682820871670152,0.589233208618148
2018-07-17,478.49,512.0,465.29,498.76,215318.06761,144066,104290230.1617882,39,Fear,0.0,0.03817734667644215,0.5978502950279667,0.041489706095344345,12.279871598131557,fear,False,-0.22,0.03817734667644215,0.5978502950279667
2018-07-18,498.89,515.47,468.01,479.41,236137.8071,173309,116671540.5152884,42,Fear,808.9688456716739,0.039394963872717625,0.5862614353525267,-0.03956883693806293,12.372170841977734,fear,False,-0.16,0.039394963872717625,0.5862614353525267
2018-07-19,479.4,484.15,462.57,468.57,171308.06705,121771,81153216.4910145,44,Fear,0.0,0.038046666399616624,0.5857231593043557,-0.0228706776525817,12.051218776314865,fear,False,-0.12,0.038046666399616624,0.5857231593043557
2018-07-20,468.7,471.02,440.0,449.04,160873.38244,123785,73878492.4425278,47,Neutral,0.0,0.03818071179065729,0.5879398563972648,-0.042573532903796854,11.988372890084863,neutral,False,-0.06,0.03818071179065729,0.5879398563972648
2018-07-21,449.04,468.97,441.18,460.23,74259.64067,66636,34051603.360423,43,Fear,564.2000366857159,0.038827309129447075,0.5944118451081895,0.02461439389084781,11.215322888909776,fear,False,-0.14,0.038827309129447075,0.5944118451081895
2018-07-22,460.23,472.2,454.19,457.47,60684.89595,53867,28129475.2138308,46,Fear,107.75956198050436,0.03762075094404121,0.5630492579938478,-0.006015055729761145,11.013450114947247,neutral,False,-0.08,0.03762075094404121,0.5630492579938478
2018-07-23,457.47,469.82,447.11,450.05,106561.46081,86295,49054903.2813891,44,Fear,202.43464503918136,0.037239509968888446,0.5555600115874461,-0.01635262109193626,11.576477194482804,fear,False,-0.12,0.037239509968888446,0.5555600115874461
2018-07-24,450.05,484.27,448.47,479.28,158286.759,112642,74269738.417834,49,Neutral,278.99702038398857,0.03799313318500552,0.5994068183679208,0.06292629007257515,11.972163597392777,neutral,False,-0.02,0.03799313318500552,0.5994068183679208
2018-07-25,479.24,485.77,464.0,472.1,170475.54936,118086,80868121.1125076,54,Neutral,230.61705078252587,0.03800779802795556,0.6022136233970806,-0.01509415022342836,12.046347159908958,neutral,False,0.08,0.03800779802795556,0.6022136233970806
2018-07-26,472.11,485.0,460.0,462.64,173976.2192,107846,82819272.573007,53,Neutral,374.47655655542957,0.03799808646963857,0.6062632082371471,-0.020241613702278265,12.06667389759193,neutral,False,0.06,0.03799808646963857,0.6062632082371471
2018-07-27,462.17,474.0,455.84,470.09,198304.79211,108861,92234746.4567679,47,Neutral,91.06543975862623,0.037619139550933496,0.5976568840698498,0.015974951884095846,12.197560480176561,neutral,False,-0.06,0.037619139550933496,0.5976568840698498
2018-07-28,470.09,472.0,460.82,469.29,156862.59361,81561,73310723.7766784,54,Neutral,163.39977076755812,0.03756230960652162,0.5974618202973442,-0.0017032514922700186,11.963125501183068,neutral,False,0.08,0.03756230960652162,0.5974618202973442
2018-07-29,468.44,472.0,461.6,466.4,138747.56334,79843,64627164.9226595,54,Neutral,211.36387081981462,0.03722728726630387,0.587510799241659,-0.006177279205506104,11.840411469940962,neutral,False,0.08,0.03722728726630387,0.587510799241659
2018-07-30,466.4,469.79,446.1,456.23,179581.79415,103093,82428123.8069293,53,Neutral,0.0,0.0353486071853889,0.4998121072835699,-0.022046566716828295,12.098386060836786,neutral,False,0.06,0.0353486071853889,0.4998121072835699
2018-07-31,456.19,457.3,427.0,432.22,214913.57229,117935,94399725.7513435,48,Neutral,0.0,0.03546944913866053,0.5283229212516313,-0.05406235044457341,12.277991236941585,neutral,False,-0.04,0.03546944913866053,0.5283229212516313
2018-08-01,432.2,434.99,406.55,420.41,209570.0844,122508,88066594.0085525,39,Fear,0.0,0.03552629032122019,0.525534034686794,-0.027704292285339886,12.252813494143306,fear,False,-0.22,0.03552629032122019,0.525534034686794
2018-08-02,420.37,425.52,407.43,410.62,178421.10672,103504,74102793.6254267,39,Fear,307.8636593975049,0.035574899055061095,0.531098676052421,-0.023562212984922642,12.091901803340589,fear,False,-0.22,0.035574899055061095,0.531098676052421
2018-08-03,410.62,420.01,396.61,417.52,201156.61154,122785,82442762.712497,36,Fear,37.85810404634593,0.03621664617646252,0.5353427738299448,0.016664234730539473,12.211839045542717,fear,False,-0.28,0.03621664617646252,0.5353427738299448
2018-08-04,417.58,419.53,401.86,407.21,179498.57515,102597,73796154.8038684,31,Fear,346.4954787289863,0.03591493229532423,0.5200909550989582,-0.025003424443608514,12.097922548995957,fear,False,-0.38,0.03591493229532423,0.5200909550989582
2018-08-05,407.21,413.24,400.16,408.79,158913.77206,78475,64593904.8362998,23,Extreme Fear,155.78503856444158,0.034579765731575014,0.4582924389435505,0.0038725538592194303,11.976117020008846,extreme_fear,True,-0.54,0.034579765731575014,0.4582924389435505
2018-08-06,408.77,413.28,397.08,405.28,166496.42465,98135,67757484.9446498,25,Extreme Fear,273.5228677607705,0.03255088126258504,0.4195923518988696,-0.008623390497403714,12.022729114598501,extreme_fear,True,-0.5,0.03255088126258504,0.4195923518988696
2018-08-07,405.19,412.76,369.19,378.21,207706.11078,123346,83083795.0458217,25,Extreme Fear,137.39936158866408,0.03340260974256869,0.4582103652745144,-0.06912858934207734,12.24387943061581,extreme_fear,True,-0.5,0.03340260974256869,0.4582103652745144
2018-08-08,378.2,380.42,347.25,355.48,275047.10788,170291,100391980.194899,23,Extreme Fear,0.0,0.035047636085904874,0.4905683640657787,-0.061980608041013095,12.52469766336012,extreme_fear,True,-0.54,0.035047636085904874,0.4905683640657787
2018-08-09,355.48,369.9,350.51,363.3,244268.20567,137786,88131409.5395446,19,Extreme Fear,354.9477531678965,0.03459655947124465,0.4936818122993096,0.02175995035688182,12.406022104159012,extreme_fear,True,-0.62,0.03459655947124465,0.4936818122993096
2018-08-10,363.21,365.87,325.95,331.81,264274.13378,165093,93178451.140294,21,Extreme Fear,23.56198164093278,0.0370181777679744,0.550912578434178,-0.09066642328723823,12.484742228909422,extreme_fear,True,-0.58,0.0370181777679744,0.550912578434178
2018-08-11,331.88,332.98,304.45,317.69,335634.67243,167715,106734997.232087,18,Extreme Fear,0.0,0.038571664518548675,0.5575980157690023,-0.04348645139527695,12.723778562988288,extreme_fear,True,-0.64,0.038571664518548675,0.5575980157690023
2018-08-12,317.49,327.13,313.42,317.89,135524.79994,77747,43466733.7459554,18,Extreme Fear,234.3066138927977,0.038426053286744886,0.5616010337097551,0.0006293464445114793,11.816909927942243,extreme_fear,True,-0.64,0.038426053286744886,0.5616010337097551
2018-08-13,317.96,321.99,280.68,283.81,307713.22214,141534,94158006.4889456,21,Extreme Fear,0.0,0.04135428181594049,0.5757731847211003,-0.11340041080223862,12.63692353126764,extreme_fear,True,-0.58,0.04135428181594049,0.5757731847211003
2018-08-14,283.81,283.81,250.0,278.41,485174.37541,221194,127753385.0091796,16,Extreme Fear,0.0,0.044299167379700896,0.574905008674457,-0.019210152831510566,13.092263642229542,extreme_fear,True,-0.68,0.044299167379700896,0.574905008674457
2018-08-15,278.47,304.45,276.3,281.12,438620.64156,198830,126037140.7260448,18,Extreme Fear,0.0,0.04562516311832923,0.5888077681972131,0.00968677708338378,12.991390176238827,extreme_fear,True,-0.64,0.04562516311832923,0.5888077681972131
2018-08-16,281.46,298.6,277.55,287.17,235665.2551,116200,67837020.5066396,21,Extreme Fear,590.3124860240945,0.046373582034092906,0.5939848241862512,0.021292750454775425,12.37016766651798,extreme_fear,True,-0.58,0.046373582034092906,0.5939848241862512
2018-08-17,286.84,318.0,285.0,317.51,342556.46068,169216,103050444.6195969,19,Extreme Fear,0.0,0.04854503623067432,0.7391983759770652,0.10043493900618533,12.744191771799093,extreme_fear,True,-0.62,0.04854503623067432,0.7391983759770652
2018-08-18,317.51,321.33,281.79,294.11,384021.38829,170896,115559326.5701996,24,Extreme Fear,957.8540291941183,0.05156156027934857,0.7641236152256796,-0.0765554668777323,12.858453528690626,extreme_fear,True,-0.52,0.05156156027934857,0.7641236152256796
2018-08-19,294.1,307.4,288.2,299.42,288483.44841,118166,85661942.2884703,27,Fear,361.71539186051,0.051820133595158274,0.7778510840180424,0.017893422999675057,12.57239299208866,fear,False,-0.46,0.051820133595158274,0.7778510840180424
2018-08-20,299.3,304.04,269.5,270.51,219153.78936,122863,63253937.4194838,26,Fear,124.88632000103682,0.05350531746109469,0.8215942713721781,-0.10153820384176568,12.297528996867896,fear,False,-0.48,0.05350531746109469,0.8215942713721781
2018-08-21,270.51,285.9,269.7,281.21,224701.57671,113749,62384768.4079815,19,Extreme Fear,322.68475733069374,0.053307894499302615,0.8504088064205582,0.03879265500194334,12.322528475104743,extreme_fear,True,-0.62,0.053307894499302615,0.8504088064205582
2018-08-22,281.09,298.89,259.5,270.8,403936.78303,177686,113458567.7931297,21,Extreme Fear,279.1976094963844,0.056283642723747404,0.8526541380659666,-0.0377211801437484,12.909013667050868,extreme_fear,True,-0.58,0.056283642723747404,0.8526541380659666
2018-08-23,270.68,280.3,267.55,275.99,277304.60909,127845,75819913.1999267,18,Extreme Fear,180.35056587869133,0.056104105862237574,0.8540452101183414,0.018984092138581453,12.532871852778394,extreme_fear,True,-0.64,0.056104105862237574,0.8540452101183414
2018-08-24,276.06,283.1,270.22,281.19,271850.21373,124399,75029435.4282871,19,Extreme Fear,225.73050898913039,0.05615494837731,0.8651212151721746,0.018665964249802637,12.513006508779386,extreme_fear,True,-0.62,0.05615494837731,0.8651212151721746
2018-08-25,281.05,282.71,275.99,277.55,253375.49477,107965,70728357.0054838,22,Extreme Fear,141.16490881815068,0.0560817143864049,0.8613924022596863,-0.013029500290333796,12.442627836470697,extreme_fear,True,-0.56,0.0560817143864049,0.8613924022596863
2018-08-26,277.54,277.91,268.69,274.29,232525.9497,113465,63548492.8381071,19,Extreme Fear,0.0,0.05600759655280021,0.8609391418624961,-0.01181515629172537,12.356757109394339,extreme_fear,True,-0.62,0.05600759655280021,0.8609391418624961
2018-08-27,274.17,288.15,271.59,287.71,281020.64727,134261,77863316.0042758,18,Extreme Fear,0.0,0.05454911418875243,0.8715285785985669,0.04776708753791599,12.5461834234457,extreme_fear,True,-0.64,0.05454911418875243,0.8715285785985669
2018-08-28,287.71,298.0,282.66,295.44,318323.28971,171500,91895213.4638033,19,Extreme Fear,0.0,0.05362721205483698,0.8630414086901796,0.026512742161946747,12.67082277964781,extreme_fear,True,-0.62,0.05362721205483698,0.8630414086901796
2018-08-29,295.44,297.0,283.55,288.4,324275.47324,141609,94515756.4158804,19,Extreme Fear,421.01409757250894,0.053500725815796325,0.8565174259736774,-0.02411736513351386,12.689348659586424,extreme_fear,True,-0.62,0.053500725815796325,0.8565174259736774
2018-08-30,288.35,291.0,271.88,283.89,336993.14413,149454,94748097.3749351,22,Extreme Fear,0.0,0.052008725374554365,0.804428466354689,-0.01576156622254291,12.727817865299667,extreme_fear,True,-0.56,0.052008725374554365,0.804428466354689
2018-08-31,283.9,289.0,276.59,281.41,302663.37038,124162,84967488.7108621,17,Extreme Fear,312.3822991292813,0.05094063898763736,0.7933641171547522,-0.008774158536671477,12.620376478041038,extreme_fear,True,-0.66,0.05094063898763736,0.7933641171547522
2018-09-01,281.46,302.0,281.34,295.71,294944.4401,134032,86146416.3680798,21,Extreme Fear,0.0,0.051501948029024,0.8174897330309733,0.0495665636938778,12.59454227893994,extreme_fear,True,-0.58,0.051501948029024,0.8174897330309733
2018-09-02,295.8,299.33,288.87,295.41,153300.06112,76484,45141040.5627157,18,Extreme Fear,203.41978722741248,0.04832476433583922,0.7072116721548185,-0.0010150224176367704,11.940152463555195,extreme_fear,True,-0.64,0.04832476433583922,0.7072116721548185
2018-09-03,295.51,296.62,285.99,289.09,274753.70062,115284,79640131.706311,19,Extreme Fear,129.68919159147725,0.045487911161572143,0.7082241170509248,-0.021626163611001087,12.523630341219746,extreme_fear,True,-0.62,0.045487911161572143,0.7082241170509248
2018-09-04,289.09,292.64,283.0,285.3,330102.19,128936,94920949.9921153,26,Fear,61.122032646999884,0.043813653124039904,0.709536438258384,-0.01319680009736506,12.707157552172504,fear,False,-0.48,0.043813653124039904,0.709536438258384
2018-09-05,285.18,287.62,227.0,228.53,528734.3196,218243,136620123.9591297,17,Extreme Fear,0.0,0.05323108637510556,1.0563591795401541,-0.22187376547466128,13.178241353300052,extreme_fear,True,-0.66,0.05323108637510556,1.0563591795401541
2018-09-06,228.28,233.19,212.0,229.7,552996.86567,241166,124860778.3771237,14,Extreme Fear,0.0,0.05273277527526167,0.973420565219663,0.005106616950259581,13.223107612622226,extreme_fear,True,-0.72,0.05273277527526167,0.973420565219663
2018-09-07,229.73,234.69,213.5,215.22,398379.81741,162430,88670418.8238684,17,Extreme Fear,786.5856742212901,0.05129623464195557,0.9648182584879766,-0.06511334892280636,12.895161144297917,extreme_fear,True,-0.66,0.05129623464195557,0.9648182584879766
2018-09-08,215.19,220.2,190.01,196.71,318859.84904,111890,65385376.7893882,18,Extreme Fear,0.0,0.05429935947607305,0.9907181503747349,-0.08993019782860848,12.672506940524626,extreme_fear,True,-0.64,0.05429935947607305,0.9907181503747349
2018-09-09,196.87,208.6,185.02,195.81,429255.02592,144803,84861381.2832979,13,Extreme Fear,386.6033709701367,0.05427393818777656,0.944905922984364,-0.004585761628402045,12.969806487299214,extreme_fear,True,-0.74,0.05427393818777656,0.944905922984364
2018-09-10,196.13,203.42,187.1,197.15,418489.86663,146713,81950595.0164879,15,Extreme Fear,634.1149845271843,0.05486733751698774,0.9268888006460552,0.00682005900840048,12.944407955070128,extreme_fear,True,-0.7,0.05486733751698774,0.9268888006460552
2018-09-11,197.22,200.2,176.16,185.18,476745.79216,163958,89920137.1965744,18,Extreme Fear,216.17862099511672,0.05427142344837195,0.9381573931439571,-0.06263653530373517,13.074738697330375,extreme_fear,True,-0.64,0.05427142344837195,0.9381573931439571
2018-09-12,185.14,185.22,167.32,183.12,504047.79165,150831,88384821.0111754,14,Extreme Fear,0.0,0.05561105838973161,0.9280125412179215,-0.011186649375589778,13.13042636726031,extreme_fear,True,-0.72,0.05561105838973161,0.9280125412179215
2018-09-13,183.17,215.0,183.15,210.68,739503.34051,222128,147281547.1668909,20,Extreme Fear,0.0,0.05930491462647806,1.083333622905719,0.14019871897087727,13.513734078377691,extreme_fear,True,-0.6,0.05930491462647806,1.083333622905719
2018-09-14,210.91,224.2,202.6,208.82,833945.82573,249947,177613712.1035491,23,Extreme Fear,0.0,0.060759445192942255,1.0835059200721198,-0.008867757753224395,13.633923722072803,extreme_fear,True,-0.54,0.060759445192942255,1.0835059200721198
2018-09-15,208.55,227.42,207.64,221.29,441046.52933,125321,96594593.5603322,24,Extreme Fear,497.35585882617664,0.06181015379682651,1.113493401755701,0.05800142164581032,12.99690565754814,extreme_fear,True,-0.52,0.06181015379682651,1.113493401755701
2018-09-16,221.62,223.5,208.1,220.17,425538.57709,130886,92372399.9553208,28,Fear,595.2775708911441,0.062042212808353564,1.092266913293342,-0.005074083282693519,12.96111088584715,fear,False,-0.44,0.062042212808353564,1.092266913293342
2018-09-17,220.24,225.0,192.4,196.16,825020.77445,224178,173019109.8734984,25,Extreme Fear,374.4698331160565,0.06512056977854501,1.1387763575151957,-0.11546932247723446,13.623163846151293,extreme_fear,True,-0.5,0.06512056977854501,1.1387763575151957
2018-09-18,196.25,215.47,193.47,208.17,584366.15014,167048,118777847.5744647,21,Extreme Fear,807.6724497134732,0.06641635337585118,1.17332095228651,0.05942440083172059,13.27828303476496,extreme_fear,True,-0.58,0.06641635337585118,1.17332095228651
2018-09-19,208.42,214.84,197.58,209.79,496100.46639,128769,103133667.4105173,24,Extreme Fear,693.347883607947,0.06674073451746636,1.1764285181335512,0.007751976804317924,13.11453373840158,extreme_fear,True,-0.52,0.06674073451746636,1.1764285181335512
2018-09-20,209.79,226.68,205.56,224.0,573632.24236,172813,121706784.8174097,24,Extreme Fear,0.0,0.06776488967445538,1.2108195775236295,0.06553902147115484,13.259743777217782,extreme_fear,True,-0.52,0.06776488967445538,1.2108195775236295
2018-09-21,224.0,252.11,220.66,247.73,841029.12948,257566,195225669.8238866,31,Fear,0.0,0.06943835116150755,1.257662273042705,0.10069339155764548,13.64238157507344,fear,False,-0.38,0.06943835116150755,1.257662273042705
2018-09-22,247.67,255.13,232.7,241.01,423740.7403,127522,102510891.9345569,35,Fear,405.08176493385326,0.07036747862133665,1.2589866275894608,-0.02750101700693962,12.956877085638633,fear,False,-0.3,0.07036747862133665,1.2589866275894608
2018-09-23,241.01,249.73,237.0,244.5,235214.14917,86877,57084614.9280021,38,Fear,333.94289160055763,0.07054735073545504,1.2611283598199556,0.014376882509181123,12.368251651232901,fear,False,-0.24,0.07054735073545504,1.2611283598199556
2018-09-24,244.54,246.2,225.3,228.06,350139.1505,122214,82504630.5176478,43,Fear,1.0461694284773542,0.07140458463870193,1.2797468768645108,-0.0696065566857143,12.766085927311591,fear,False,-0.14,0.07140458463870193,1.2797468768645108
2018-09-25,228.06,228.1,203.61,219.62,710650.7097,241874,151991600.882084,37,Fear,0.0,0.0657340106265416,1.0177918599658151,-0.03770997205964512,13.473936321829855,fear,False,-0.26,0.0657340106265416,1.0177918599658151
2018-09-26,219.5,223.6,207.5,214.42,613754.27743,200388,132187818.9010536,37,Fear,540.1324164137397,0.06525329420672155,1.020331434979802,-0.023962071741473582,13.327349927402631,fear,False,-0.26,0.06525329420672155,1.020331434979802
2018-09-27,214.38,234.0,205.01,229.13,582274.44087,185910,128104933.3932339,42,Fear,474.3160426042736,0.06642271834423773,1.0216549000100712,0.06635281964315742,13.274697163456407,fear,False,-0.16,0.06642271834423773,1.0216549000100712
2018-09-28,229.1,234.42,215.53,221.84,618434.62488,196556,139637602.098122,42,Fear,546.3041929019494,0.06439826340862943,0.971285306384237,-0.03233312676372859,13.334946765761647,fear,False,-0.16,0.06439826340862943,0.971285306384237
2018-09-29,221.89,237.77,214.18,231.62,604000.95586,193800,137238908.3763711,37,Fear,713.9979673191133,0.06391033672863178,0.9791223567517197,0.0431416964487091,13.311331059465369,fear,False,-0.26,0.06391033672863178,0.9791223567517197
2018-09-30,231.62,239.0,226.5,232.94,432195.44084,164400,100778882.0307922,34,Fear,189.2778092616613,0.06332807307195154,0.9791549811223837,0.005682811918274111,12.976633174271843,fear,False,-0.32,0.06332807307195154,0.9791549811223837
2018-10-01,233.04,235.88,224.46,231.61,322900.46128,120621,74363466.5209959,35,Fear,250.26127611004785,0.06131673894949338,0.9446714621938552,-0.005725987014885077,12.685099385299077,fear,False,-0.3,0.06131673894949338,0.9446714621938552
2018-10-02,231.62,232.51,223.37,225.69,401305.32707,148279,91706335.3382373,33,Fear,224.7746240731196,0.060020494317209495,0.950713752418312,-0.025892546419380835,12.90247783069967,fear,False,-0.34,0.060020494317209495,0.950713752418312
2018-10-03,225.7,226.43,216.51,220.77,275609.26221,112473,60784387.6960889,36,Fear,0.0,0.05634775255529894,0.8228762749691495,-0.022040940633622552,12.52673942499524,fear,False,-0.28,0.05634775255529894,0.8228762749691495
2018-10-04,220.67,227.16,219.49,222.66,158137.42967,64786,35468959.258357,29,Fear,203.59207279766488,0.05487504837622365,0.8220501548615914,0.00852450869394375,11.97121974198328,fear,False,-0.42,0.05487504837622365,0.8220501548615914
2018-10-05,222.66,231.75,219.35,228.37,137730.35786,54454,30900558.884435,37,Fear,237.6853764800623,0.054004546854361006,0.8010768604012484,0.02532117634293931,11.833053124179983,fear,False,-0.26,0.054004546854361006,0.8010768604012484
2018-10-06,228.36,228.86,223.15,225.4,100257.5697,35875,22656352.8166308,34,Fear,133.42580490982763,0.053254927804403406,0.8024635092557713,-0.013090519037824497,11.51549785054764,fear,False,-0.32,0.053254927804403406,0.8024635092557713
2018-10-07,225.39,227.75,221.48,226.14,74733.67253,29693,16774573.6880058,29,Fear,117.67228571133742,0.049074647046901385,0.673944910173089,0.003277674901422964,11.221686039701822,fear,False,-0.42,0.049074647046901385,0.673944910173089
2018-10-08,226.26,232.7,224.21,230.01,210989.42202,77786,48017160.0630845,26,Fear,0.0,0.04715991341904254,0.6465278129409492,0.016968509731813623,12.259563278594888,fear,False,-0.48,0.04715991341904254,0.6465278129409492
2018-10-09,230.01,231.02,226.56,228.4,100246.1843,42266,22933859.7906438,31,Fear,115.93612315379255,0.04587397351642809,0.6478163793926573,-0.007024308457057562,11.515384282599058,fear,False,-0.38,0.04587397351642809,0.6478163793926573
2018-10-10,228.4,228.78,224.05,226.74,122748.21412,54578,27773272.1574484,28,Fear,0.0,0.0440431406923233,0.6067075352563229,-0.007294491192402548,11.71789049663036,fear,False,-0.44,0.0440431406923233,0.6067075352563229
2018-10-11,226.7,226.91,189.01,191.58,497258.82871,189200,101069066.8272607,19,Extreme Fear,0.0,0.04713746734862038,0.7526397100387108,-0.16849851063470692,13.1168659516315,extreme_fear,True,-0.62,0.04713746734862038,0.7526397100387108
2018-10-12,191.55,201.87,190.04,196.96,216448.3922,90790,42627353.0764674,13,Extreme Fear,234.62986739983728,0.046205989331871734,0.7638096151163737,0.027695186481397724,12.28510742479911,extreme_fear,True,-0.74,0.046205989331871734,0.7638096151163737
2018-10-13,196.96,202.78,196.27,201.3,107215.5262,45954,21498264.311397,15,Extreme Fear,90.63228444578337,0.045878417707331996,0.767407256606916,0.021795670209602467,11.582596351086638,extreme_fear,True,-0.7,0.045878417707331996,0.767407256606916
2018-10-14,201.39,203.56,194.33,197.01,110554.19361,37339,22180535.0688399,18,Extreme Fear,249.23619651483702,0.04474081251108599,0.7359821257763153,-0.021541843774754914,11.613261119623102,extreme_fear,True,-0.64,0.04474081251108599,0.7359821257763153
2018-10-15,196.84,239.0,194.6,214.39,973857.7477,298845,212166629.5950726,20,Extreme Fear,91.37860133334257,0.050307092060804574,0.7946227672446816,0.08454229744684894,13.78902052236907,extreme_fear,True,-0.6,0.050307092060804574,0.7946227672446816
2018-10-16,214.39,219.95,211.55,215.09,145980.09837,83944,31315676.3229606,24,Extreme Fear,88.27035814318836,0.049572607256487586,0.7901453049357353,0.003259758870501742,11.891225578864828,extreme_fear,True,-0.52,0.049572607256487586,0.7901453049357353
2018-10-17,215.2,216.99,210.0,212.85,153768.85024,75663,32834161.5160167,23,Extreme Fear,110.65402048593673,0.046489880383501735,0.7508620044383403,-0.01046885291418032,11.9432057813406,extreme_fear,True,-0.54,0.046489880383501735,0.7508620044383403
2018-10-18,212.9,215.3,203.53,206.24,150229.60097,85942,31567845.7180902,26,Fear,24.662583693514264,0.04572763789743474,0.7504693537619861,-0.03154715308328405,11.91992007592567,fear,False,-0.48,0.04572763789743474,0.7504693537619861
2018-10-19,206.25,208.0,204.21,205.0,254660.48637,84457,52458006.5146688,24,Extreme Fear,70.76363605186486,0.04359164672511402,0.7298234397548555,-0.006030560052469167,12.447686511005443,extreme_fear,True,-0.52,0.04359164672511402,0.7298234397548555
2018-10-20,205.1,209.69,203.57,207.91,62376.6968,34666,12936322.3431964,21,Extreme Fear,126.601509792072,0.04317423021436673,0.7322324134332402,0.0140953146168889,11.040947035890232,extreme_fear,True,-0.58,0.04317423021436673,0.7322324134332402
2018-10-21,207.91,211.99,206.74,207.49,83277.36128,40862,17462109.6899969,21,Extreme Fear,0.0,0.042789521561196926,0.7323476037297911,-0.002022148016937265,11.329932017868526,extreme_fear,True,-0.58,0.042789521561196926,0.7323476037297911
2018-10-22,207.46,209.3,205.0,206.67,206046.89963,72089,42711588.9238288,27,Fear,0.0,0.04254069389481188,0.7283742734948871,-0.003959827465145643,12.235859089966064,fear,False,-0.46,0.04254069389481188,0.7283742734948871
2018-10-23,206.67,207.8,202.14,205.85,112753.0414,50937,23146110.0040041,24,Extreme Fear,0.0,0.04227612291655833,0.725388481468134,-0.0039755700573004165,11.632955231723951,extreme_fear,True,-0.52,0.04227612291655833,0.725388481468134
2018-10-24,205.85,207.95,204.73,205.35,97128.82698,47453,20049428.2046269,23,Extreme Fear,81.66748032334876,0.04207596238191378,0.7240211672237514,-0.0024319078133460703,11.483793489519169,extreme_fear,True,-0.54,0.04207596238191378,0.7240211672237514
2018-10-25,205.35,205.94,202.88,203.93,77411.57217,37923,15820355.2048038,25,Extreme Fear,0.0,0.041471615175048326,0.7156734624785971,-0.006939042698311745,11.256891559642437,extreme_fear,True,-0.5,0.041471615175048326,0.7156734624785971
2018-10-26,203.84,209.0,203.0,204.92,91143.83291,49864,18707018.7840062,29,Fear,73.1606370616815,0.04151726429313096,0.7160347517434426,0.004842861366745759,11.420194119123396,fear,False,-0.42,0.04151726429313096,0.7160347517434426
2018-10-27,204.92,206.15,203.09,204.45,50235.68329,52419,10280846.4145438,33,Fear,87.26635795404516,0.04139640635058322,0.715477739941696,-0.002296212260350268,10.824480875675116,fear,False,-0.34,0.04139640635058322,0.715477739941696
2018-10-28,204.45,205.94,203.62,204.99,44394.83357,37134,9084565.9157548,35,Fear,91.90519189771298,0.04112256963659642,0.711427520148038,0.0026377506501454187,10.70087838061381,fear,False,-0.3,0.04112256963659642,0.711427520148038
2018-10-29,204.99,205.49,195.28,196.96,118281.82272,70893,23671711.3937594,34,Fear,0.0,0.041605886538838274,0.7217366614851837,-0.03996053502465327,11.68082538406073,fear,False,-0.32,0.041605886538838274,0.7217366614851837
2018-10-30,196.95,198.6,195.91,197.27,83633.81463,56433,16501372.8633176,31,Fear,43.289116614683934,0.0415515667708031,0.7224406371144804,0.001572686319634198,11.334203198512412,fear,False,-0.38,0.0415515667708031,0.7224406371144804
2018-10-31,197.24,201.45,193.01,198.73,114739.70424,68261,22632315.2602598,32,Fear,51.18527934519982,0.03401855025925161,0.39754553674966814,0.007373770784415575,11.650421400498715,fear,False,-0.36,0.03401855025925161,0.39754553674966814
2018-11-01,198.7,200.95,197.88,199.96,86097.98629,53873,17116621.5351845,29,Fear,64.81486257445182,0.03310240868259372,0.3861516210177509,0.006170227005176573,11.363241302105152,fear,False,-0.42,0.03310240868259372,0.3861516210177509
2018-11-02,199.93,203.74,199.34,202.35,97123.22813,61401,19559214.4192249,36,Fear,0.0,0.03294183272854295,0.3805500687604333,0.011881524776504948,11.483735844311777,fear,False,-0.28,0.03294183272854295,0.3805500687604333
2018-11-03,202.31,202.69,198.59,200.31,72084.92932,46801,14456528.3775608,36,Fear,103.8610518496624,0.03246327661569729,0.3739789781222042,-0.010132704783987378,11.185600276736402,fear,False,-0.28,0.03246327661569729,0.3739789781222042
2018-11-04,200.27,218.76,199.0,212.11,182534.6216,112393,37959621.568273,41,Fear,2.84929965895259,0.02130246546081609,0.2976982603020135,0.05723884149323784,12.11469514140977,fear,False,-0.18,0.02130246546081609,0.2976982603020135
2018-11-05,212.13,213.39,207.62,210.66,141432.1406,81531,29714567.4106342,42,Fear,93.88152187090456,0.020976237484955272,0.2981543057616831,-0.006859548622729208,11.859575309302679,fear,False,-0.16,0.020976237484955272,0.2981543057616831
2018-11-06,210.64,221.25,209.11,220.74,197797.49527,110906,42534535.8639938,42,Fear,0.0,0.021865474361767657,0.34033249743632416,0.04674007893634213,12.194999035148207,fear,False,-0.16,0.021865474361767657,0.34033249743632416
2018-11-07,220.77,224.8,217.01,219.07,204931.0342,105883,45252424.0852285,48,Neutral,0.0,0.021060214134996095,0.3191465437615899,-0.007594224897329913,12.23042878298255,neutral,False,-0.04,0.021060214134996095,0.3191465437615899
2018-11-08,219.06,220.78,212.49,212.79,189828.4945,93113,40931506.148422,51,Neutral,0.0,0.021537149203846914,0.33776518067761513,-0.0290855495653031,12.153876282972966,neutral,False,0.02,0.021537149203846914,0.33776518067761513
2018-11-09,212.79,215.51,209.1,210.77,152215.94686,72814,32309082.1975887,47,Neutral,0.0,0.02155152833676226,0.33683161863187594,-0.009538272333149255,11.933055494611015,neutral,False,-0.06,0.02155152833676226,0.33683161863187594
2018-11-10,210.78,215.55,209.02,213.25,131384.47893,66005,28019225.0100827,52,Neutral,297.9520621647774,0.02168395748949743,0.33888456099533304,0.011697694822832644,11.785883257279583,neutral,False,0.04,0.02168395748949743,0.33888456099533304
2018-11-11,213.27,213.99,209.0,212.54,136268.81156,66072,28875079.8849474,54,Neutral,190.98250206861889,0.021736207646172925,0.33876147763245745,-0.00333498042723948,11.822384769490602,neutral,False,0.08,0.021736207646172925,0.33876147763245745
2018-11-12,212.6,214.22,210.9,212.89,99963.97203,52826,21271725.1845819,52,Neutral,87.56866535016846,0.021519979465215656,0.3381654494886706,0.001645394443097923,11.512565120353905,neutral,False,0.04,0.021519979465215656,0.3381654494886706
2018-11-13,212.91,213.8,209.2,209.84,114466.36708,65826,24176049.6062305,56,Greed,73.99113555546207,0.021615941826177064,0.3427519855922074,-0.014430264829028783,11.648036321534606,greed,False,0.12,0.021615941826177064,0.3427519855922074
2018-11-14,209.84,210.3,176.16,187.43,434676.16832,187653,82531353.9766622,49,Neutral,0.0,0.03207950095774775,0.530666545927029,-0.11293989318772452,12.982356592193609,neutral,False,-0.02,0.03207950095774775,0.530666545927029
2018-11-15,187.43,190.0,170.99,184.35,452416.10784,212442,81674273.8857771,28,Fear,0.0,0.03484544352633351,0.5312599004676744,-0.016569317690740167,13.022357627895289,fear,False,-0.44,0.03484544352633351,0.5312599004676744
2018-11-16,184.35,185.0,173.0,176.89,241710.34763,120635,43450649.948378,23,Extreme Fear,471.26607279326026,0.03593438840639796,0.546183193844483,-0.041308054224737364,12.395495377649397,extreme_fear,True,-0.54,0.03593438840639796,0.546183193844483
2018-11-17,176.93,177.91,173.94,176.2,144804.70986,77570,25452515.6364988,24,Extreme Fear,89.20963293762935,0.03602984729904145,0.5451062623921832,-0.003908356953337048,11.883141285062232,extreme_fear,True,-0.52,0.03602984729904145,0.5451062623921832
2018-11-18,176.2,182.94,176.1,178.97,141736.32263,68702,25261184.0928033,26,Fear,0.0,0.03574211566608215,0.5369300377948284,0.015598480527237979,11.861723727551883,fear,False,-0.48,0.03574211566608215,0.5369300377948284
2018-11-19,179.04,179.33,146.47,150.81,596789.83916,224184,94639227.0313713,28,Fear,0.0,0.04486602495037815,0.7970205988745428,-0.17119742765672344,13.299320302190559,fear,False,-0.44,0.04486602495037815,0.7970205988745428
2018-11-20,150.76,154.7,126.95,133.82,996552.28721,357568,139191208.4550928,21,Extreme Fear,0.0,0.05181446641764411,0.876426277521294,-0.11952515301792274,13.812056888116443,extreme_fear,True,-0.58,0.05181446641764411,0.876426277521294
2018-11-21,133.68,142.01,127.15,138.23,718957.78552,246564,97819681.4905397,15,Extreme Fear,695.0261755424011,0.05385888982929677,0.8915569566462299,0.03242335112159504,13.48555792221179,extreme_fear,True,-0.7,0.05385888982929677,0.8915569566462299
2018-11-22,138.36,140.4,125.64,126.63,334674.07185,117670,44837388.4512714,14,Extreme Fear,825.7208217343243,0.05580928779190491,0.9162901117321242,-0.08764951601374875,12.720912417362735,extreme_fear,True,-0.72,0.05580928779190491,0.9162901117321242
2018-11-23,126.58,128.9,118.56,125.02,504352.24386,166040,62657024.0486937,12,Extreme Fear,0.0,0.05686155062342118,0.9158259358051792,-0.01279572395885072,13.131030199486666,extreme_fear,True,-0.76,0.05686155062342118,0.9158259358051792
2018-11-24,125.0,130.81,112.32,114.89,471321.56764,153585,57264800.0665808,15,Extreme Fear,517.3254277284557,0.05907979423976191,0.8877181025928548,-0.08449857563839276,13.063295873884718,extreme_fear,True,-0.7,0.05907979423976191,0.8877181025928548
2018-11-25,114.83,122.35,102.95,118.67,836233.31252,264902,93723314.1234466,9,Extreme Fear,0.0,0.06335907389397677,0.9122499660501003,0.0323713828117742,13.636662935092435,extreme_fear,True,-0.82,0.06335907389397677,0.9122499660501003
2018-11-26,118.65,121.5,106.41,110.68,679491.73871,224345,77211447.3176539,17,Extreme Fear,1086.647453066994,0.06537655002411626,0.8775189366302757,-0.06970337675832246,13.429100354603916,extreme_fear,True,-0.66,0.06537655002411626,0.8775189366302757
2018-11-27,110.66,114.31,102.36,111.43,524024.40616,179214,56638056.0091172,11,Extreme Fear,27.693715669013525,0.06686951587798254,0.884804985320275,0.0067534361402374725,13.169293538859742,extreme_fear,True,-0.78,0.06686951587798254,0.884804985320275
2018-11-28,111.38,126.8,111.37,122.9,578552.74124,195923,68485222.4434163,14,Extreme Fear,0.0,0.06891103101618766,1.001092454096936,0.09797442551302658,13.268284990414424,extreme_fear,True,-0.72,0.06891103101618766,1.001092454096936
2018-11-29,122.88,124.0,114.78,117.98,478777.39614,180848,57140533.5732648,18,Extreme Fear,513.204013258022,0.069569717261374,0.9998333869939644,-0.040855897997059916,13.07899104215306,extreme_fear,True,-0.64,0.069569717261374,0.9998333869939644
2018-11-30,117.99,120.26,111.09,113.73,418593.63529,153866,48362085.7818422,19,Extreme Fear,19.00421799635573,0.07025900561376652,0.9883896734791144,-0.03668790037857601,12.9446558841245,extreme_fear,True,-0.62,0.07025900561376652,0.9883896734791144
2018-12-01,113.71,120.8,111.35,118.1,330159.06742,122161,38614493.6264599,13,Extreme Fear,721.4971378471639,0.07103484056335319,1.014259635358214,0.03770450500696333,12.707329839791992,extreme_fear,True,-0.74,0.07103484056335319,1.014259635358214
2018-12-02,118.09,120.73,116.0,116.57,273657.6215,102151,32184013.7601348,15,Extreme Fear,223.9419560235746,0.07120642162233756,1.0096306961961548,-0.01303977227157563,12.519633047454095,extreme_fear,True,-0.7,0.07120642162233756,1.0096306961961548
2018-12-03,116.63,116.96,106.7,108.76,324446.03324,115448,36185196.1948889,17,Extreme Fear,0.0,0.07220687856607584,1.017107538196993,-0.06934833116747087,12.689874493868858,extreme_fear,True,-0.66,0.07220687856607584,1.017107538196993
2018-12-04,108.76,113.2,106.0,109.94,275321.0063,111872,30365546.7521367,12,Extreme Fear,350.36256758225056,0.06874466593381981,0.9821270671667668,0.010791142668244193,12.525692991525235,extreme_fear,True,-0.76,0.06874466593381981,0.9821270671667668
2018-12-05,109.92,110.58,102.38,102.71,354071.53241,111602,37519336.0718317,19,Extreme Fear,19.3792144552153,0.06806226883527218,0.9920399073915518,-0.06802527925480131,12.777254240657532,extreme_fear,True,-0.62,0.06806226883527218,0.9920399073915518
2018-12-06,102.73,104.68,90.2,91.0,586138.59043,188007,58114721.7510634,13,Extreme Fear,0.0,0.07036389672026447,1.0439240413229303,-0.12104997666086285,13.281311543037129,extreme_fear,True,-0.74,0.07036389672026447,1.0439240413229303
2018-12-07,91.18,96.9,82.07,93.05,1030073.58467,307599,90499447.337842,11,Extreme Fear,0.0,0.07375276700609026,1.0577271827991395,0.022277476571409643,13.845140799081186,extreme_fear,True,-0.78,0.07375276700609026,1.0577271827991395
2018-12-08,93.06,98.0,84.55,90.38,698217.12529,228982,63224518.5473893,11,Extreme Fear,1081.2675743089858,0.07619902716107231,1.042886494291554,-0.029113979105126107,13.456285401123685,extreme_fear,True,-0.78,0.07619902716107231,1.042886494291554
2018-12-09,90.39,98.7,88.63,93.26,520519.36023,158700,48533111.8520108,14,Extreme Fear,674.3540973689717,0.07263830030028087,0.9318148174224395,0.031368287397041346,13.162582361792113,extreme_fear,True,-0.72,0.07263830030028087,0.9318148174224395
2018-12-10,93.26,95.21,88.11,89.91,408573.02929,119278,37180525.4573109,19,Extreme Fear,461.4429888768885,0.0684092260648506,0.8630518641927023,-0.03658212138349331,12.920425951575705,extreme_fear,True,-0.62,0.0684092260648506,0.8630518641927023
2018-12-11,89.88,91.65,85.83,87.76,339991.84246,104079,30055007.219609,15,Extreme Fear,0.0,0.06735823725098602,0.8406486966023202,-0.024203354029706668,12.736676903539808,extreme_fear,True,-0.7,0.06735823725098602,0.8406486966023202
2018-12-12,87.77,91.31,86.63,89.41,285436.04029,86407,25500398.9286536,14,Extreme Fear,446.33825761703,0.06606482522895274,0.8160554678866351,0.018626716780251885,12.56177325597515,extreme_fear,True,-0.72,0.06606482522895274,0.8160554678866351
2018-12-13,89.39,90.71,84.71,86.34,331218.30083,94842,29089359.8313012,14,Extreme Fear,272.67195553933277,0.06574896459130115,0.8181804888672654,-0.03493954261989522,12.710532956095905,extreme_fear,True,-0.72,0.06574896459130115,0.8181804888672654
2018-12-14,86.35,87.25,82.2,83.82,318003.73427,102917,27041687.8001072,10,Extreme Fear,0.0,0.06299380842985614,0.7818593118538328,-0.029621347630406112,12.669818404680788,extreme_fear,True,-0.8,0.06299380842985614,0.7818593118538328
2018-12-15,83.82,85.0,81.79,83.76,217360.65775,83696,18169124.0002302,11,Extreme Fear,153.2434766388251,0.05880003548295632,0.7634456843218924,-0.0007160759346438621,12.289313270181408,extreme_fear,True,-0.78,0.05880003548295632,0.7634456843218924
2018-12-16,83.75,87.64,83.73,84.67,241366.76305,78098,20783723.6930707,13,Extreme Fear,0.0,0.05637247973130603,0.7435463027055457,0.010805781091904394,12.394072894032021,extreme_fear,True,-0.74,0.05637247973130603,0.7435463027055457
2018-12-17,84.68,97.0,84.4,94.02,472252.23388,156319,42965553.4158694,17,Extreme Fear,0.0,0.05750770557342428,0.8521882343443411,0.10474617794179852,13.065268515643728,extreme_fear,True,-0.66,0.05750770557342428,0.8521882343443411
2018-12-18,94.03,101.3,91.34,100.39,529946.79175,173951,50202945.7917017,23,Extreme Fear,0.0,0.05653933221916003,0.8049273002564401,0.06555507510745077,13.180531887564069,extreme_fear,True,-0.54,0.05653933221916003,0.8049273002564401
2018-12-19,100.39,107.55,97.75,98.74,827748.59096,258340,84862730.2333679,21,Extreme Fear,0.0,0.05704084282035203,0.7972054396498776,-0.016572467872718447,13.626464753154949,extreme_fear,True,-0.58,0.05704084282035203,0.7972054396498776
2018-12-20,98.73,116.0,97.88,114.05,859612.57205,272100,93128082.5480073,27,Fear,571.9930214134702,0.06050165958290547,0.9561811375751915,0.14414681589968018,13.664237069108873,fear,False,-0.46,0.06050165958290547,0.9561811375751915
2018-12-21,113.71,118.0,104.76,107.69,666048.71786,242389,74510414.5879752,35,Fear,493.64860833372165,0.06161346810345476,0.9661545112350493,-0.05738021938960753,13.40911809678714,fear,False,-0.3,0.06161346810345476,0.9661545112350493
2018-12-22,107.67,115.5,105.38,115.2,405672.83117,159158,44814571.6096925,28,Fear,753.5715804049956,0.06260231226394798,0.998512813662834,0.06741301892100134,12.91330227916802,fear,False,-0.44,0.06260231226394798,0.998512813662834
2018-12-23,115.18,131.94,114.91,129.03,936094.1049,302293,118250392.5550972,31,Fear,0.0,0.0641206633342176,1.0413693792164587,0.11337518720196382,13.749471289829057,fear,False,-0.38,0.0641206633342176,1.0413693792164587
2018-12-24,129.03,157.67,128.8,138.03,1319609.8165,426763,190137361.0658773,25,Extreme Fear,0.0,0.06907385877718315,1.0621860762074458,0.06742611737173228,14.092846657305559,extreme_fear,True,-0.5,0.06907385877718315,1.0621860762074458
2018-12-25,138.01,139.26,119.68,127.6,1076164.12809,328349,136600862.0426763,33,Fear,0.0,0.07126129877338123,1.0732435193382357,-0.07857068192479748,13.888913543471153,fear,False,-0.34,0.07126129877338123,1.0732435193382357
2018-12-26,127.61,135.32,122.51,129.35,794834.05601,258222,102196717.3950557,26,Fear,717.2327114031043,0.06969086141353285,0.9535096667446803,0.013621537721348661,13.585888637269758,fear,False,-0.48,0.06969086141353285,0.9535096667446803
2018-12-27,129.35,131.09,111.22,113.8,752177.90111,230428,90456912.8883521,29,Fear,0.0,0.06961671725431558,1.084116321206719,-0.12807938693980764,13.530728145578559,fear,False,-0.42,0.06961671725431558,1.084116321206719
2018-12-28,113.75,136.66,111.87,135.3,894454.19051,248671,111865576.4977578,21,Extreme Fear,1278.1878125265403,0.07194422754826622,1.216625075579341,0.17305201348451194,13.703968968221524,extreme_fear,True,-0.58,0.07194422754826622,1.216625075579341
2018-12-29,135.3,145.42,128.5,132.89,1006654.49844,291165,136479145.9423473,24,Extreme Fear,0.0,0.07240897138191692,1.223192452702032,-0.017972816833326223,13.822143012967503,extreme_fear,True,-0.52,0.07240897138191692,1.223192452702032
2018-12-30,133.0,139.0,127.03,137.77,704259.41614,232606,94804050.4933616,23,Extreme Fear,429.6838361186037,0.0726703831978488,1.2075096959734355,0.036063909713091466,13.464902056100069,extreme_fear,True,-0.54,0.0726703831978488,1.2075096959734355
2018-12-31,137.81,138.66,128.7,131.45,484604.83962,157669,64763118.1166383,26,Fear,647.9569786885224,0.07282554770129086,1.2215132637741009,-0.04695907688061765,13.091089074149197,fear,False,-0.48,0.07282554770129086,1.2215132637741009
2019-01-01,131.45,140.67,130.0,139.1,401776.88797,125799,54280385.598127,24,Extreme Fear,473.0324066909632,0.07325197432113814,1.2282699538396216,0.05656654775350705,12.903652208479095,extreme_fear,True,-0.52,0.07325197432113814,1.2282699538396216
2019-01-02,139.1,155.37,137.76,152.01,941486.31524,253070,138801471.1186518,30,Fear,0.0,0.07444706515244255,1.2305604677047177,0.0887532092265308,13.755215091912637,fear,False,-0.4,0.07444706515244255,1.2305604677047177
2019-01-03,152.01,153.64,143.11,146.3,708091.31714,206600,104953535.1485126,33,Fear,468.0083405417944,0.07462682789212248,1.2363395623406914,-0.038287000129849355,13.47032834337008,fear,False,-0.34,0.07462682789212248,1.2363395623406914
2019-01-04,146.3,154.8,143.54,151.97,805248.93821,224385,120827141.5442279,48,Neutral,606.5879393280305,0.07513514345974856,1.2321082370026222,0.03802382491943502,13.598906748608286,neutral,False,-0.04,0.07513514345974856,1.2321082370026222
2019-01-05,152.08,159.26,151.2,152.83,773169.13736,231172,120238339.7822187,36,Fear,0.0,0.07520881396776859,1.2332987872730177,0.005643059594231245,13.558253110051485,fear,False,-0.28,0.07520881396776859,1.2332987872730177
2019-01-06,152.83,157.4,147.51,153.86,627908.47366,204337,95681339.4600648,31,Fear,156.3213135282376,0.07337003151026161,1.202711616569383,0.0067169054910437035,13.350149692249236,fear,False,-0.38,0.07337003151026161,1.202711616569383
2019-01-07,153.89,155.48,147.86,149.34,424765.30258,157568,64310962.9190328,39,Fear,414.7410887337498,0.0723569451157111,1.2073028367001226,-0.02981751242323305,12.959292066148308,fear,False,-0.22,0.0723569451157111,1.2073028367001226
2019-01-08,149.29,151.65,145.2,147.6,441661.06778,170585,65535529.7557393,39,Fear,0.0,0.07144910936303879,1.2054821729999814,-0.0117196734411836,12.99829805192947,fear,False,-0.22,0.07144910936303879,1.2054821729999814
2019-01-09,147.62,151.5,146.77,148.1,299443.563,125358,44673066.391582,42,Fear,249.69630138250264,0.0678445058675209,1.1134040475395146,0.0033818091073810784,12.609681241385426,fear,False,-0.16,0.0678445058675209,1.1134040475395146
2019-01-10,148.11,149.45,121.0,124.95,871751.75038,290765,114437025.2827277,37,Fear,0.0,0.07177485722156705,1.2687769150881056,-0.16997406399279164,13.678259972428053,fear,False,-0.26,0.07177485722156705,1.2687769150881056
2019-01-11,124.96,127.36,120.08,124.65,545293.98369,197047,67782816.3375987,19,Extreme Fear,10.070852672857528,0.0711510454574431,1.2490516004470482,-0.002403847311394443,13.209080347825598,extreme_fear,True,-0.62,0.0711510454574431,1.2490516004470482
2019-01-12,124.67,126.19,122.0,123.35,300262.13404,122024,37295866.3538343,22,Extreme Fear,217.23215349100104,0.06883759296741004,1.1806277780639254,-0.010483966994201234,12.61241115224804,extreme_fear,True,-0.56,0.06883759296741004,1.1806277780639254
2019-01-13,123.35,124.25,111.87,114.16,422561.96777,137005,49521201.2764662,21,Extreme Fear,0.0,0.06480475358605728,1.1792065688029376,-0.07742486980678473,12.954091384302584,extreme_fear,True,-0.58,0.06480475358605728,1.1792065688029376
2019-01-14,114.17,130.05,113.94,126.95,546420.40854,181074,66801543.3050366,16,Extreme Fear,440.62347522437517,0.06403922757186986,1.217417800827236,0.1061923349821066,13.211143937456269,extreme_fear,True,-0.68,0.06403922757186986,1.217417800827236
2019-01-15,126.95,129.4,116.0,118.95,649020.5297,200989,79985529.5587708,27,Fear,948.872508881795,0.0643286573843508,1.237414909516107,-0.06509007140172081,13.383219628005643,fear,False,-0.46,0.0643286573843508,1.237414909516107
2019-01-16,118.93,126.88,118.52,121.48,513486.65472,192912,62314225.9960432,24,Extreme Fear,470.8842840280905,0.061112263359833476,1.149490347388218,0.021046403428581374,13.148979319152275,extreme_fear,True,-0.52,0.061112263359833476,1.149490347388218
2019-01-17,121.49,122.99,116.8,121.54,447535.22716,169098,53854069.2105117,28,Fear,66.01258832581433,0.05532004037843548,0.9588220482397742,0.0004937865296611775,13.011510533509412,fear,False,-0.44,0.05532004037843548,0.9588220482397742
2019-01-18,121.56,121.98,117.66,119.17,235646.684,112833,28305971.6688854,29,Fear,273.82908759728906,0.05298887105713219,0.959141375438559,-0.01969238160449443,12.37008886053634,fear,False,-0.42,0.05298887105713219,0.959141375438559
2019-01-19,119.16,125.29,119.14,122.6,323303.79296,117187,39715159.1649606,31,Fear,0.0,0.05203141006770427,0.9551079289821139,0.028375978399396068,12.686347695658315,fear,False,-0.38,0.05203141006770427,0.9551079289821139
2019-01-20,122.61,123.32,115.68,117.47,451792.85352,164941,53833668.9066349,35,Fear,38.18455103229248,0.05177671622607394,0.9528151584869463,-0.042744041666316374,13.020979065095453,fear,False,-0.3,0.05177671622607394,0.9528151584869463
2019-01-21,117.56,118.5,113.61,115.63,303632.93463,119538,35258073.4282649,30,Fear,0.0,0.050996483428618955,0.9243706648471828,-0.01578754369492422,12.623574798956014,fear,False,-0.4,0.050996483428618955,0.9243706648471828
2019-01-22,115.62,119.49,111.39,117.81,359542.63873,134797,41777737.4704705,27,Fear,281.92011553278786,0.049280122765754324,0.8568432960445123,0.018677719117157487,12.792588054756877,fear,False,-0.46,0.049280122765754324,0.8568432960445123
2019-01-23,117.8,118.95,114.8,116.44,230247.61578,102993,26975386.3924584,33,Fear,204.51331210931903,0.048583620408308985,0.8515118211177118,-0.011697038380605509,12.346910599145374,fear,False,-0.34,0.048583620408308985,0.8515118211177118
2019-01-24,116.4,117.15,113.61,116.39,216242.29829,90622,25044265.7542041,37,Fear,24.138257065204915,0.04769166625636696,0.8326316673721462,-0.00042949792353748784,12.284154809315972,fear,False,-0.26,0.04769166625636696,0.8326316673721462
2019-01-25,116.4,117.5,114.3,115.11,198617.08108,85660,22977175.9541193,35,Fear,183.75168984024847,0.04732444959570698,0.8296875889570656,-0.011058428026914235,12.199134034346946,fear,False,-0.3,0.04732444959570698,0.8296875889570656
2019-01-26,115.13,118.0,115.0,115.34,146216.82819,68368,16978386.1972377,41,Fear,142.41377675642323,0.04664352498985218,0.8282792307793898,0.001996095260295998,11.892845923572638,fear,False,-0.18,0.04664352498985218,0.8282792307793898
2019-01-27,115.32,116.15,111.04,112.05,247369.60555,97152,28158012.7304768,39,Fear,0.0,0.0465465915679799,0.8280683200132057,-0.02893908794033066,12.418638875895999,fear,False,-0.22,0.0465465915679799,0.8280683200132057
2019-01-28,112.04,112.87,100.91,105.5,566205.78288,177547,60050129.3863579,35,Fear,0.0,0.04856711213343832,0.8437714528931698,-0.060234247330814804,13.246712865101244,fear,False,-0.3,0.04856711213343832,0.8437714528931698
2019-01-29,105.49,106.61,102.22,104.45,319768.91348,129221,33427469.3450618,21,Extreme Fear,184.27446804507906,0.048708398254261175,0.8408601518995434,-0.01000246491354633,12.675353868528338,extreme_fear,True,-0.58,0.048708398254261175,0.8408601518995434
2019-01-30,104.41,109.8,103.45,108.29,330968.19265,118866,35368520.135571,22,Extreme Fear,33.43303032797449,0.04040203444422922,0.6390794431278524,0.036104325637713396,12.709777555028817,extreme_fear,True,-0.56,0.04040203444422922,0.6390794431278524
2019-01-31,108.29,110.61,105.46,106.44,290679.61935,102532,31234353.515393,17,Extreme Fear,226.4582508453175,0.04013530887173074,0.639784318812875,-0.017231367530799693,12.579976975214096,extreme_fear,True,-0.66,0.04013530887173074,0.639784318812875
2019-02-01,106.47,108.35,103.77,106.73,243149.88435,86314,25791535.1460238,23,Extreme Fear,12.03622835272867,0.04029788255952025,0.6407921996817063,0.002720834816385272,12.401433340199493,extreme_fear,True,-0.54,0.04029788255952025,0.6407921996817063
2019-02-02,106.71,111.15,106.07,110.42,186908.7573,67351,20153872.302919,22,Extreme Fear,0.0,0.03827169917027273,0.5996527747319529,0.033988995930025016,12.138375847883689,extreme_fear,True,-0.56,0.03827169917027273,0.5996527747319529
2019-02-03,110.41,111.11,105.82,107.36,227211.54064,78309,24605892.2887283,19,Extreme Fear,445.2671849468505,0.034528827758703855,0.45011034109467246,-0.028103603632526907,12.33363675960953,extreme_fear,True,-0.62,0.034528827758703855,0.45011034109467246
2019-02-04,107.33,109.3,106.57,107.68,160850.10293,65698,17312736.6001502,27,Fear,148.9049358864674,0.03143671392666916,0.39822496381215705,0.002976192673046176,11.98822817257993,fear,False,-0.46,0.03143671392666916,0.39822496381215705
2019-02-05,107.65,108.18,106.47,107.27,159730.1886,68422,17137008.2478395,21,Extreme Fear,88.38902516885906,0.03015069540007038,0.38627597270579495,-0.0038148452870799027,11.981241349525808,extreme_fear,True,-0.58,0.03015069540007038,0.38627597270579495
2019-02-06,107.28,107.83,101.21,104.5,337204.30254,113955,34984364.2970212,14,Extreme Fear,0.0,0.03055104736866038,0.3916817422852329,-0.0261619492044721,12.728444264636975,extreme_fear,True,-0.72,0.03055104736866038,0.3916817422852329
2019-02-07,104.49,106.18,103.82,104.48,147942.07683,68959,15530160.6471066,18,Extreme Fear,93.40266328744512,0.030315515709838255,0.3897775691280628,-0.00019140587674467132,11.90457610336967,extreme_fear,True,-0.64,0.030315515709838255,0.3897775691280628
2019-02-08,104.48,123.0,103.41,119.25,589950.64925,177364,67027886.9398639,37,Fear,35.00739867452086,0.03763100072064454,0.619762979180906,0.13222646424032966,13.287794167044453,fear,False,-0.26,0.03763100072064454,0.619762979180906
2019-02-09,119.32,121.99,117.64,119.19,328067.9574,118457,39061582.3914826,42,Fear,90.75241052833736,0.03696087496209985,0.6002048903694226,-0.0005032712738333543,12.7009760531011,fear,False,-0.16,0.03696087496209985,0.6002048903694226
2019-02-10,119.19,126.49,115.81,125.12,385819.09619,146060,45929459.1290131,40,Fear,173.35285501418025,0.03839801926067463,0.6198568936946206,0.04855441830238373,12.863123875870063,fear,False,-0.2,0.03839801926067463,0.6198568936946206
2019-02-11,125.12,125.28,119.24,120.89,389405.30404,129000,47197595.845191,46,Fear,311.3311181576471,0.037809803901747256,0.6316390670632275,-0.03439223558310046,12.872375992885509,neutral,False,-0.08,0.037809803901747256,0.6316390670632275
2019-02-12,120.88,123.89,118.18,122.41,343765.66987,114396,41603632.811699,38,Fear,240.95159475559396,0.03803932474257167,0.6308785608268601,0.012495024873520626,12.747715512000314,fear,False,-0.24,0.03803932474257167,0.6308785608268601
2019-02-13,122.4,126.47,120.7,121.86,317827.31956,122122,39073077.8391656,48,Neutral,0.0,0.03833192149912751,0.6312950357171568,-0.004503221267072778,12.66926349402185,neutral,False,-0.04,0.03833192149912751,0.6312950357171568
2019-02-14,121.86,124.5,120.1,120.42,297205.78738,101574,36278326.0774455,48,Neutral,175.52760249502293,0.03845691265230357,0.6315343819177469,-0.011887212784046482,12.60218006465095,neutral,False,-0.04,0.03845691265230357,0.6315343819177469
2019-02-15,120.47,124.25,120.19,121.67,255296.0814,100464,31111280.2093057,43,Fear,313.6211999213495,0.03856005659059056,0.6321811009867692,0.010326829763056029,12.450179254110603,fear,False,-0.14,0.03856005659059056,0.6321811009867692
2019-02-16,121.66,124.99,121.54,122.67,215320.70134,84959,26462034.6125396,43,Fear,103.3613864525983,0.03826880472046398,0.6211999304108312,0.00818536124530283,12.279883829868178,fear,False,-0.14,0.03826880472046398,0.6211999304108312
2019-02-17,122.67,135.61,122.43,133.75,614788.60078,162769,78958054.9589805,38,Fear,0.0,0.03777268623889519,0.6364392724939826,0.08647456273145526,13.329033749127905,fear,False,-0.24,0.03777268623889519,0.6364392724939826
2019-02-18,133.77,148.3,132.42,145.69,1079830.1502,299772,152756654.6454775,63,Greed,0.0,0.040326366401806105,0.6816152272430128,0.08550869088978857,13.892314318399109,greed,False,0.26,0.040326366401806105,0.6816152272430128
2019-02-19,145.69,150.0,142.36,143.44,747968.90445,232384,109645050.4660972,65,Greed,2.036404916984089,0.04014348931029196,0.6867004928364397,-0.015564247369027038,13.525116684501583,greed,False,0.3,0.04014348931029196,0.6867004928364397
2019-02-20,143.45,149.52,139.6,148.44,614303.61007,191505,89136482.3716519,59,Greed,348.4112386438979,0.0406877304977879,0.6798772001372884,0.03426400689551942,13.328244563856222,greed,False,0.18,0.0406877304977879,0.6798772001372884
2019-02-21,148.42,149.61,142.7,145.69,447364.40873,148898,65199779.5124385,59,Greed,340.57913376102874,0.04076980694164211,0.6898678978600051,-0.018699759526492377,13.01112877353271,greed,False,0.18,0.04076980694164211,0.6898678978600051
2019-02-22,145.68,148.85,143.85,147.36,366251.18542,129247,53771600.8025665,61,Greed,266.81650466436685,0.0405433586557144,0.6865157582535864,0.011397495841092245,12.811074675949815,greed,False,0.22,0.0405433586557144,0.6865157582535864
2019-02-23,147.4,159.6,145.78,157.79,588183.72896,172084,89997516.9234365,63,Greed,0.0,0.04181849606964968,0.6926397645460042,0.06838646254058085,13.284794642291674,greed,False,0.26,0.04181849606964968,0.6926397645460042
2019-02-24,157.75,166.0,131.7,132.1,1260506.80672,351943,186688063.414179,69,Greed,412.5249887934228,0.051994138083412196,0.9844315272294758,-0.177705823519298,14.047024425611399,greed,False,0.38,0.051994138083412196,0.9844315272294758
2019-02-25,132.1,141.55,131.89,137.87,801147.09543,243536,110348892.9700245,47,Neutral,254.74577005882767,0.052810175028908016,0.9894907564309905,0.04275200065525803,13.593799848928612,neutral,False,-0.06,0.052810175028908016,0.9894907564309905
2019-02-26,137.88,138.41,133.72,136.22,432944.17033,145787,58979934.7160016,40,Fear,192.11510537304298,0.052325446697511886,0.9834143805277492,-0.012039986370365378,12.978364061789335,fear,False,-0.2,0.052325446697511886,0.9834143805277492
2019-02-27,136.22,140.29,126.84,135.02,567202.61035,158709,76519497.9080148,39,Fear,138.3892204225689,0.053963150256786066,0.9854621793201263,-0.00884831019944782,13.248471856358012,fear,False,-0.22,0.053963150256786066,0.9854621793201263
2019-02-28,135.03,139.0,132.1,135.34,579327.31749,183737,78861797.5593921,39,Fear,292.83617461135583,0.04915306937857793,0.8788069191463374,0.002367215190355024,13.269622912006048,fear,False,-0.22,0.04915306937857793,0.8788069191463374
2019-03-01,135.32,137.95,134.9,135.32,302632.02831,103403,41198722.5798789,42,Fear,113.28690212512437,0.049002680400236726,0.8787711720585885,-0.00014778689157178527,12.620272918456426,fear,False,-0.16,0.049002680400236726,0.8787711720585885
2019-03-02,135.32,136.12,130.03,132.56,297005.28093,113241,39467507.6857296,41,Fear,0.0,0.0479449312460406,0.8689494881430081,-0.020606970794200145,12.601505198535849,fear,False,-0.18,0.0479449312460406,0.8689494881430081
2019-03-03,132.54,134.6,128.01,130.6,222453.2859,86648,29447917.2382588,44,Fear,157.0470137178693,0.04795965494334778,0.8605710703478551,-0.014896156275976886,12.312472407534397,fear,False,-0.12,0.04795965494334778,0.8605710703478551
2019-03-04,130.6,131.11,122.6,125.65,403947.79445,140132,51060349.7665833,36,Fear,0.0,0.04838590635885697,0.8728224409198608,-0.038638952852729384,12.909040926935033,fear,False,-0.28,0.04838590635885697,0.8728224409198608
2019-03-05,125.68,137.84,125.19,136.72,512631.23178,155818,67740644.3311417,35,Fear,4.311504829963024,0.04968878075931327,0.9207491540668429,0.08443477481773422,13.147312019226176,fear,False,-0.3,0.04968878075931327,0.9207491540668429
2019-03-06,136.71,140.29,133.33,137.4,428826.87415,136000,58701328.649431,42,Fear,0.0,0.04992315366562488,0.9184072211139983,0.004961340980913528,12.968808559699303,fear,False,-0.16,0.04992315366562488,0.9184072211139983
2019-03-07,137.37,140.2,135.2,136.81,307336.4931,114687,42271691.2428617,56,Greed,280.74229130509315,0.049961984181489276,0.9190868717450925,-0.004303277856226298,12.635698495054212,greed,False,0.12,0.049961984181489276,0.9190868717450925
2019-03-08,136.82,139.34,130.62,133.52,330283.58233,113160,44879637.3870354,54,Neutral,80.90904749770715,0.05057060546481209,0.9252290509073544,-0.024341822578442984,12.70770690481504,neutral,False,0.08,0.05057060546481209,0.9252290509073544
2019-03-09,133.51,138.65,132.93,137.27,279861.12049,111544,38220614.005662,55,Greed,302.2355358840442,0.04899872357827303,0.8782713308755136,0.027698509909988674,12.542048760853564,neutral,False,0.1,0.04899872357827303,0.8782713308755136
2019-03-10,137.27,137.5,134.0,135.37,203965.16815,90905,27650702.3793393,55,Greed,175.36127502795665,0.046706925871161695,0.8208705095577774,-0.01393801906587344,12.22570451388513,neutral,False,0.1,0.046706925871161695,0.8208705095577774
2019-03-11,135.37,136.15,131.0,132.67,264587.00683,101371,35285847.7482702,56,Greed,0.0,0.04646577287564006,0.8219114724748338,-0.020146928268869546,12.485925424506435,greed,False,0.12,0.04646577287564006,0.8219114724748338
2019-03-12,132.67,135.3,130.77,133.57,194905.96843,74222,25981446.1033466,56,Greed,268.6300864026862,0.04577111345735719,0.8106939454789185,0.006760843060188734,12.180272508064231,greed,False,0.12,0.04577111345735719,0.8106939454789185
2019-03-13,133.62,133.65,130.58,131.65,209456.09848,87617,27670734.4309227,54,Neutral,138.07416035912138,0.0454357606812277,0.8099051464430217,-0.0144787990466955,12.252269442590116,neutral,False,0.08,0.0454357606812277,0.8099051464430217
2019-03-14,131.69,135.11,128.52,132.2,258413.81868,99000,34099414.8055834,55,Greed,123.99134808982316,0.0456995364089253,0.8083611731569983,0.004169041475267359,12.46231752732447,neutral,False,0.1,0.0456995364089253,0.8083611731569983
2019-03-15,132.24,137.62,132.18,136.56,295832.26562,103920,39928522.3372778,55,Greed,0.0,0.04438295029061985,0.7741790524651609,0.03244815106859936,12.597547902485255,neutral,False,0.1,0.04438295029061985,0.7741790524651609
2019-03-16,136.6,144.47,136.51,140.92,474664.10197,149612,66878173.4518186,54,Neutral,0.0,0.032582627820662215,0.4524250850290481,0.031428274986851655,13.070362679118261,neutral,False,0.08,0.032582627820662215,0.4524250850290481
2019-03-17,140.94,141.07,137.2,138.67,252697.08148,88617,35051209.9303395,58,Greed,155.91647140022107,0.03139233934033432,0.4320080999837937,-0.01609534370726403,12.439946743962539,greed,False,0.16,0.03139233934033432,0.4320080999837937
2019-03-18,138.67,142.01,136.1,137.59,281718.96195,94109,39017864.9224565,56,Greed,200.19302428299332,0.031569508384302065,0.43066804127308583,-0.007818761326047596,12.548665264165635,greed,False,0.12,0.031569508384302065,0.43066804127308583
2019-03-19,137.62,139.38,136.97,138.55,218577.45208,82348,30175322.0784989,56,Greed,83.0329468409734,0.02861712709660109,0.4297702344452062,0.006953022869262409,12.294895702469523,greed,False,0.12,0.02861712709660109,0.4297702344452062
2019-03-20,138.56,139.66,136.01,139.01,222883.51754,83814,30757997.8115518,55,Greed,126.2110250107893,0.028014969143256113,0.42981487186626677,0.0033146016800135883,12.31440457110374,neutral,False,0.1,0.028014969143256113,0.42981487186626677
2019-03-21,139.04,139.55,131.21,134.85,312531.39368,113797,42635937.4891712,62,Greed,112.53644670707403,0.0290569636032144,0.44435422122640367,-0.030382823403262295,12.652460202888848,greed,False,0.24,0.0290569636032144,0.44435422122640367
2019-03-22,134.85,137.2,134.29,135.98,186119.74745,79782,25309122.7264498,56,Greed,87.45499955424403,0.02854494483604785,0.43854285205738064,0.008344766512574611,12.134145549037397,greed,False,0.12,0.02854494483604785,0.43854285205738064
2019-03-23,135.92,138.21,135.6,137.28,174710.43059,73884,23922572.3588934,50,Neutral,0.0,0.02785542534158037,0.4351524447934217,0.009514819641338709,12.07088520006393,neutral,False,0.0,0.02785542534158037,0.4351524447934217
2019-03-24,137.28,137.37,134.75,136.09,198490.45124,82361,27042322.6952009,44,Fear,42.12347996375245,0.026483837743758853,0.40986209493188336,-0.008706204167425862,12.198496273367937,fear,False,-0.12,0.026483837743758853,0.40986209493188336
2019-03-25,136.12,136.83,131.6,133.98,230880.285,98246,31082445.5932449,46,Fear,13.501299127284945,0.023699798805225398,0.2839404934368785,-0.015625896492104833,12.34965460841442,neutral,False,-0.08,0.023699798805225398,0.2839404934368785
2019-03-26,133.97,134.74,132.27,134.18,183139.11426,86841,24490323.0607397,43,Fear,100.64265256985688,0.022828935913575106,0.2832385851745085,0.0014916470546205002,12.118001330240723,fear,False,-0.14,0.022828935913575106,0.2832385851745085
2019-03-27,134.14,140.14,133.84,139.45,317167.45325,119271,43635238.4289265,44,Fear,0.0,0.02314156853448075,0.3159001894755024,0.038523931938755814,12.667185157078686,fear,False,-0.12,0.02314156853448075,0.3159001894755024
2019-03-28,139.46,139.57,137.3,137.86,163185.6991,73225,22543474.6122913,49,Neutral,68.45590299171559,0.02156539883404732,0.3053555904175181,-0.011467436615992033,12.002644089608856,neutral,False,-0.02,0.02156539883404732,0.3053555904175181
2019-03-29,137.85,143.6,137.62,143.25,235853.0454,94717,33098245.9556135,50,Neutral,17.4647739302935,0.021579741503066664,0.31945001036864423,0.03835267813734301,12.370964201073393,neutral,False,0.0,0.021579741503066664,0.31945001036864423
2019-03-30,143.25,145.89,140.06,142.46,254798.70067,97751,36382647.2268952,57,Greed,13.777823851184634,0.021992935380222605,0.3152061386316797,-0.005530097044641082,12.44822910325584,greed,False,0.14,0.021992935380222605,0.3152061386316797
2019-03-31,142.44,142.5,140.42,141.38,142469.21171,65047,20131931.6990724,56,Greed,62.04096398103821,0.02146566080033302,0.3062456817970533,-0.007609957807399801,11.866881197171473,greed,False,0.12,0.02146566080033302,0.3062456817970533
2019-04-01,141.41,143.08,139.57,141.24,234310.19161,90705,33234998.6438733,62,Greed,97.19890653608104,0.021236429246785978,0.306279411246232,-0.0009907296826222667,12.364401121671937,greed,False,0.24,0.021236429246785978,0.306279411246232
2019-04-02,141.24,165.6,141.0,163.31,906868.8586,289637,138094679.3020432,60,Greed,0.0,0.030126847703952027,0.5847082767718376,0.14518966402846623,13.717753130550795,greed,False,0.2,0.030126847703952027,0.5847082767718376
2019-04-03,163.26,177.81,149.23,159.96,1345344.53845,423036,225523896.2014656,71,Greed,141.9640042631322,0.03763307719716128,0.5950257624565384,-0.020726451110034218,14.112160700630444,greed,False,0.42,0.03763307719716128,0.5950257624565384
2019-04-04,159.96,164.0,152.8,157.36,686080.95248,242989,109082183.5877348,61,Greed,331.65947144643394,0.03843369102800341,0.5953296392627534,-0.01638760989781389,13.438750906276411,greed,False,0.22,0.03843369102800341,0.5953296392627534
2019-04-05,157.33,167.83,155.94,164.77,516070.34553,175261,84123101.326904,59,Greed,197.3179347546411,0.0389434919473007,0.6054052299448235,0.04601438798853643,13.153998363718319,greed,False,0.18,0.0389434919473007,0.6054052299448235
2019-04-06,164.84,172.77,159.2,165.5,528168.33297,163384,87657058.1149817,65,Greed,180.2706676727538,0.04029031473968406,0.5990033295924546,0.004420632747777559,13.177170324321692,greed,False,0.3,0.04029031473968406,0.5990033295924546
2019-04-07,165.56,175.43,164.06,174.21,465507.52497,161529,78876773.2967177,69,Greed,209.13062063123635,0.04088638893401369,0.6137605520062511,0.05129027323495061,13.050883540917688,greed,False,0.38,0.04088638893401369,0.6137605520062511
2019-04-08,174.29,185.87,170.9,178.72,873410.07285,272413,156417981.3021178,65,Greed,0.0,0.04234810520359686,0.6153633611010023,0.025558867268822328,13.68016045288443,greed,False,0.3,0.04234810520359686,0.6153633611010023
2019-04-09,178.71,179.17,171.05,174.6,431986.36108,156659,75745619.5720787,64,Greed,288.65054421058176,0.042655662459171774,0.6279050655453118,-0.023322691915388778,12.97614929515378,greed,False,0.28,0.042655662459171774,0.6279050655453118
2019-04-10,174.58,183.77,168.0,177.12,523943.20498,171960,93283836.587114,62,Greed,272.2685598131443,0.043545277643413,0.6081947082559268,0.014329825554824868,13.169138569986087,greed,False,0.24,0.043545277643413,0.6081947082559268
2019-04-11,177.12,177.48,158.27,164.07,661305.30321,224876,110201659.9478763,65,Greed,0.0,0.04609293286333182,0.6874474981716286,-0.07653430293353575,13.401970893001534,greed,False,0.3,0.04609293286333182,0.6874474981716286
2019-04-12,164.06,166.5,158.11,163.19,316337.87823,124732,51556919.1461367,42,Fear,244.21903663183096,0.04654260270116575,0.6894411459199878,-0.005377999883947736,12.664566156249617,fear,False,-0.16,0.04654260270116575,0.6894411459199878
2019-04-13,163.2,165.37,160.74,162.99,179237.74574,75202,29247030.1526373,62,Greed,175.87089153013795,0.04662691230358419,0.6874528364431258,-0.0012263169113018353,12.096468392052413,greed,False,0.24,0.04662691230358419,0.6874528364431258
2019-04-14,162.99,168.11,161.2,167.23,186977.66211,72468,30640985.0609499,51,Neutral,141.13623397132037,0.046673855598476095,0.6834375541906687,0.025681261161489912,12.138744434744313,neutral,False,0.02,0.046673855598476095,0.6834375541906687
2019-04-15,167.21,168.81,155.7,159.95,351548.9079,113590,57215098.1117043,60,Greed,247.36059916961113,0.047855362097727915,0.7109527753531315,-0.04450884399750442,12.77010412109425,greed,False,0.2,0.047855362097727915,0.7109527753531315
2019-04-16,159.91,166.73,159.41,165.37,240370.50441,82937,39245823.494595,50,Neutral,280.75629945409895,0.04783650906893178,0.7083025050927747,0.03332412126657807,12.389936780313693,neutral,False,0.0,0.04783650906893178,0.7083025050927747
2019-04-17,165.41,167.28,163.78,165.75,227841.54981,85475,37678036.5964673,61,Greed,34.68925337039619,0.04787009006630617,0.7048267147574043,0.0022952414038668245,12.336405709368357,greed,False,0.22,0.04787009006630617,0.7048267147574043
2019-04-18,165.75,175.2,165.04,173.33,396118.94407,114728,68031293.2325779,64,Greed,0.0,0.04820039845522197,0.7086679846588245,0.04471666288724709,12.889469808949569,greed,False,0.28,0.04820039845522197,0.7086679846588245
2019-04-19,173.34,173.55,168.59,172.64,320541.72166,104551,54991300.1097207,61,Greed,160.90532913599202,0.04804630514359142,0.7082545434868133,-0.003988790443394629,12.67776772365687,greed,False,0.22,0.04804630514359142,0.7082545434868133
2019-04-20,172.66,176.97,169.87,172.88,253596.48407,94403,43939979.0160537,62,Greed,40.1551717622684,0.04831960651653229,0.7060700255325372,0.0013892106888061422,12.443499637371813,greed,False,0.24,0.04831960651653229,0.7060700255325372
2019-04-21,172.89,173.48,164.82,168.59,283450.43943,108394,47781349.4020958,62,Greed,0.0,0.04869239043269856,0.7162049207113675,-0.02512798037092069,12.554792570042304,greed,False,0.24,0.04869239043269856,0.7162049207113675
2019-04-22,168.59,172.3,167.0,170.52,269868.39876,96396,45832751.057015,61,Greed,211.9275645271728,0.04384259090467687,0.5045994323338522,0.011382860069299887,12.505689707156671,greed,False,0.22,0.04384259090467687,0.5045994323338522
2019-04-23,170.52,175.83,167.78,169.16,363523.34531,126520,62784241.170476,68,Greed,115.88332599856591,0.03752418859307379,0.4989361728833199,-0.008007579292721834,12.803598797579841,greed,False,0.36,0.03752418859307379,0.4989361728833199
2019-04-24,169.15,169.87,159.26,164.78,426497.04153,154469,70076178.2845027,65,Greed,0.0,0.03732082702676687,0.5051428167248919,-0.026233761716843818,12.963360709266132,greed,False,0.3,0.03732082702676687,0.5051428167248919
2019-04-25,164.78,165.49,150.35,154.72,422657.03239,139927,67326464.6484704,58,Greed,0.0,0.03822932916003387,0.5277309743596894,-0.0629942191824598,12.954316331021442,greed,False,0.16,0.03822932916003387,0.5277309743596894
2019-04-26,154.7,162.56,151.4,157.95,500355.86283,162730,78334214.8744062,41,Fear,566.8502977317246,0.03784222579639624,0.5339321142255358,0.02066149554310984,13.123074849907733,fear,False,-0.18,0.03784222579639624,0.5339321142255358
2019-04-27,157.93,166.24,156.35,159.31,215918.63842,89809,34294277.9954465,42,Fear,9.887027632304878,0.03766835753008916,0.4973043492703177,0.008573462336709326,12.282656941725357,fear,False,-0.16,0.03766835753008916,0.4973043492703177
2019-04-28,159.32,160.24,156.92,157.85,152976.30181,72048,24304182.1410825,40,Fear,83.89026433498921,0.03605077674091677,0.48461057927734674,-0.009206774580802872,11.938038298247138,fear,False,-0.2,0.03605077674091677,0.48461057927734674
2019-04-29,157.86,159.05,152.0,155.11,243591.94898,98779,37892463.2904875,42,Fear,0.0,0.03602688687962292,0.4823220454840608,-0.017510672367341055,12.403249764107507,fear,False,-0.16,0.03602688687962292,0.4823220454840608
2019-04-30,155.14,162.89,155.11,161.83,305056.24653,109233,48352308.3471109,42,Fear,0.0,0.03458268219042656,0.5075962024083135,0.042411858892134675,12.62825145343968,fear,False,-0.16,0.03458268219042656,0.5075962024083135
2019-05-01,161.85,163.88,158.36,160.19,192517.62763,88509,30965351.6968463,51,Neutral,114.49579687529965,0.03131258360040859,0.4317017112673108,-0.010185790815402045,12.167943000621403,neutral,False,0.02,0.03131258360040859,0.4317017112673108
2019-05-02,160.2,163.48,158.5,161.81,289519.02025,97201,46716417.0127823,50,Neutral,287.2607058991871,0.030814391803356662,0.4331946818484611,0.010062196698324598,12.575976274182437,neutral,False,0.0,0.030814391803356662,0.4331946818484611
2019-05-03,161.82,170.86,160.99,168.06,416357.52123,136042,69185162.5971677,63,Greed,0.0,0.03160431820968613,0.4539965039112493,0.037898251088355435,12.939299596181959,greed,False,0.26,0.03160431820968613,0.4539965039112493
2019-05-04,168.1,171.3,159.76,163.7,312928.58349,115264,51596174.4008955,66,Greed,529.3968515075322,0.03247740848250785,0.454807388006554,-0.026285574122983005,12.653730275724488,greed,False,0.32,0.03247740848250785,0.454807388006554
2019-05-05,163.71,165.36,159.18,163.05,176029.10445,79825,28659516.7862457,67,Greed,146.92819289985835,0.031033613351827347,0.42525567232913103,-0.003978582141760959,12.078404626541989,greed,False,0.34,0.031033613351827347,0.42525567232913103
2019-05-06,163.05,178.05,157.55,173.0,506528.14278,151543,86112232.475863,57,Greed,139.85470147645927,0.034591404780303064,0.4599411834736805,0.05923469226245081,13.135335164365204,greed,False,0.14,0.034591404780303064,0.4599411834736805
2019-05-07,172.98,182.76,167.89,169.18,732496.87861,208268,129206700.1276838,69,Greed,10.787687785536765,0.03630952370383528,0.46814470292230387,-0.022328357621910447,13.504214358581004,greed,False,0.38,0.03630952370383528,0.46814470292230387
2019-05-08,169.07,173.17,164.8,170.85,296436.29384,108814,50312349.784776,63,Greed,0.0,0.036031674214800025,0.44052119321980754,0.009822741685432247,12.599587613760722,greed,False,0.26,0.036031674214800025,0.44052119321980754
2019-05-09,170.88,173.88,166.57,170.9,284663.99456,111190,48482365.5414184,69,Greed,288.0931277974612,0.036282031536596634,0.44036202498701293,0.0002926115602443469,12.559064797266972,greed,False,0.38,0.036282031536596634,0.44036202498701293
2019-05-10,170.96,176.7,168.46,172.91,425543.74021,142024,73717438.6539584,71,Greed,125.30063675127708,0.03643180543063334,0.44246407304271274,0.011692637795152673,12.961123018915586,greed,False,0.42,0.03643180543063334,0.44246407304271274
2019-05-11,172.92,205.23,172.92,190.2,885292.38389,246217,167180496.7623297,76,Extreme Greed,0.0,0.04253440485073472,0.5460982668697323,0.09530492219459197,13.693673246704348,extreme_greed,True,0.52,0.04253440485073472,0.5460982668697323
2019-05-12,190.2,204.32,181.0,188.11,823372.28148,228585,157611011.7252508,75,Greed,929.6406862467398,0.04534792974842044,0.5489796452498173,-0.01104925200636061,13.621163724258478,greed,False,0.5,0.04534792974842044,0.5489796452498173
2019-05-13,188.07,206.87,185.32,195.84,669265.46524,190439,131102303.1385697,78,Extreme Greed,725.84021146056,0.04727644197482842,0.5605406295258737,0.04027110121903205,13.413936069430884,extreme_greed,True,0.56,0.04727644197482842,0.5605406295258737
2019-05-14,195.83,219.81,194.19,216.4,864211.00603,248577,179717430.3107268,78,Extreme Greed,0.0,0.04936603473439454,0.6342194245619275,0.09983054764836526,13.669572237911487,extreme_greed,True,0.56,0.04936603473439454,0.6342194245619275
2019-05-15,216.4,250.27,216.21,248.1,574697.29927,176272,135054369.6175697,77,Extreme Greed,0.0,0.05154545003864989,0.7062833193164201,0.1367033437254289,13.261598745111204,extreme_greed,True,0.54,0.05154545003864989,0.7062833193164201
2019-05-16,248.06,279.76,241.76,264.25,1733360.8936,553635,452410350.051738,75,Greed,0.0,0.05431435235491969,0.7198423818869049,0.06306373405259162,14.365572794910987,greed,False,0.5,0.05431435235491969,0.7198423818869049
2019-05-17,264.35,268.74,223.43,244.3,1529892.56898,517016,366429299.2028029,65,Greed,254.72232909174468,0.059135860628276166,0.8082877457308144,-0.07849864648665214,14.240708074550394,greed,False,0.3,0.059135860628276166,0.8082877457308144
2019-05-18,244.31,248.0,230.62,233.6,673218.09982,236314,160450040.8069193,67,Greed,332.66994851194033,0.059869414222314135,0.8355508319855088,-0.04478672730962282,13.41982462718216,greed,False,0.34,0.059869414222314135,0.8355508319855088
2019-05-19,233.57,264.0,231.77,259.51,823859.06342,285496,207383027.8264837,70,Greed,336.18334896283517,0.06207255798675634,0.8758146792262906,0.10518498655486448,13.621754754723844,greed,False,0.4,0.06207255798675634,0.8758146792262906
2019-05-20,259.37,259.49,238.0,250.37,666889.82241,246484,165783106.0770302,73,Greed,629.5410957209845,0.06280587003226287,0.8997824124338782,-0.03585541376729072,13.410380127460312,greed,False,0.46,0.06280587003226287,0.8997824124338782
2019-05-21,250.48,262.0,246.06,253.43,580249.69753,229662,146749988.2737374,68,Greed,259.7164775892487,0.0632017242380413,0.8927105907610849,0.01214782703525749,13.271213802861235,greed,False,0.36,0.0632017242380413,0.8927105907610849
2019-05-22,253.35,260.18,239.63,243.64,592848.95605,208482,149006735.6421766,69,Greed,343.7165170345306,0.06402561983578012,0.9190447614540074,-0.03939592480861945,13.292694933983933,greed,False,0.38,0.06402561983578012,0.9190447614540074
2019-05-23,243.68,247.34,231.1,244.56,600193.89368,198869,144051488.877393,65,Greed,0.0,0.06417637323782728,0.9184420016611925,0.0037689516142952895,13.30500803812792,greed,False,0.3,0.06417637323782728,0.9184420016611925
2019-05-24,244.63,254.35,241.54,248.87,447066.92596,171482,111294049.3667149,64,Greed,0.0,0.06386740427380568,0.9029835622980775,0.017469994193135604,13.010463584894003,greed,False,0.28,0.06386740427380568,0.9029835622980775
2019-05-25,248.84,257.33,247.22,250.22,332544.38731,125719,83665127.8436946,69,Greed,50.06361415485349,0.06388937777603605,0.9001572004815446,0.0054098591135392764,12.714528625837465,greed,False,0.38,0.06388937777603605,0.9001572004815446
2019-05-26,250.17,269.4,245.11,264.45,450090.22324,159525,115089467.7879579,67,Greed,196.73424445587105,0.06303201026394645,0.8980763718250486,0.05531166662273484,13.017203337738737,greed,False,0.34,0.06303201026394645,0.8980763718250486
2019-05-27,264.35,279.59,260.0,270.53,635463.50204,246768,170250734.8917526,70,Greed,0.0,0.06275601878472775,0.8832181658517467,0.022730800355090723,13.362109936081962,greed,False,0.4,0.06275601878472775,0.8832181658517467
2019-05-28,270.7,275.95,264.45,271.03,409443.69364,181468,110617403.6892461,71,Greed,278.90165693333745,0.06266365959678363,0.8853042617850077,0.0018465179927168068,12.922554672552613,greed,False,0.42,0.06266365959678363,0.8853042617850077
2019-05-29,271.08,274.04,260.05,268.83,383412.45769,173915,102868997.4320186,71,Greed,197.12564164828123,0.0627931866735812,0.8886863902242588,-0.008150306295558737,12.856866601736646,greed,False,0.42,0.0627931866735812,0.8886863902242588
2019-05-30,268.92,288.62,240.14,254.56,1066279.49387,368300,289930479.3621191,73,Greed,176.71972173112582,0.06716895743567862,0.929673608870459,-0.05454264497476105,13.879686038713782,greed,False,0.46,0.06716895743567862,0.929673608870459
2019-05-31,254.59,268.72,245.21,267.9,602153.87244,253604,154783065.7707739,61,Greed,519.6934542551434,0.06429342124617349,0.8943242216957722,0.05107721196108632,13.308268293690118,greed,False,0.22,0.06429342124617349,0.8943242216957722
2019-06-01,267.9,275.5,260.68,264.33,455676.98613,182844,121851235.7591843,62,Greed,0.0,0.06264118533303463,0.8953518193955411,-0.013415454003814952,13.029539473738378,greed,False,0.24,0.06264118533303463,0.8953518193955411
2019-06-02,264.33,273.2,263.2,268.88,301536.15062,138349,80960737.4054672,63,Greed,275.18034249758665,0.06107995713907454,0.8911344238561384,0.017066860870102084,12.616645190515538,greed,False,0.26,0.06107995713907454,0.8911344238561384
2019-06-03,268.87,270.0,248.0,249.91,397360.65275,193998,103602836.6837421,66,Greed,0.0,0.05986715707299295,0.8864628359221526,-0.07316433037016003,12.892599592496815,greed,False,0.32,0.05986715707299295,0.8864628359221526
2019-06-04,250.02,251.67,234.39,241.39,633822.71246,270568,154709331.2941874,42,Fear,0.0,0.05735318485516842,0.7531019405103951,-0.034686970262011486,13.35952456097082,fear,False,-0.16,0.05735318485516842,0.7531019405103951
2019-06-05,241.46,250.41,237.37,245.63,335953.37927,173428,81839286.6165841,27,Fear,431.1426503125328,0.0543748988393614,0.7179092195576547,0.017412455865758358,12.724727677145749,fear,False,-0.46,0.0543748988393614,0.7179092195576547
2019-06-06,245.62,250.66,235.01,248.76,297579.14734,146839,72417630.0041218,34,Fear,465.72151610430296,0.049160334685943455,0.6626580624654913,0.012662237585251505,12.603435510064054,fear,False,-0.32,0.049160334685943455,0.6626580624654913
2019-06-07,248.77,253.28,243.46,248.77,353378.6568,149700,87644279.2486556,27,Fear,18.415170534742657,0.04847406667998785,0.6403933141453482,4.019858099559179e-05,12.775295443156002,fear,False,-0.46,0.04847406667998785,0.6403933141453482
2019-06-08,248.78,250.53,240.37,243.25,188448.27748,108260,46293916.7909609,62,Greed,119.10723688009949,0.0455512717023055,0.5195079370446912,-0.022439053750569676,12.146578858191846,greed,False,0.24,0.0455512717023055,0.5195079370446912
2019-06-09,243.33,244.53,226.56,230.98,316931.85638,147025,74594101.4163109,62,Greed,0.0,0.04522403884574912,0.5355707921660608,-0.051758594379173024,12.666442065650378,greed,False,0.24,0.04522403884574912,0.5355707921660608
2019-06-10,231.02,247.45,227.03,246.51,314662.52637,162704,75090336.6626488,46,Fear,648.7790437960325,0.04591221105047492,0.5872305045507522,0.06507143392426469,12.659255998650506,neutral,False,-0.08,0.04591221105047492,0.5872305045507522
2019-06-11,246.61,247.8,236.49,244.29,237508.42798,133083,57549753.7376492,61,Greed,252.04282754188162,0.04500229585393252,0.5708272572237448,-0.009046516464056567,12.37795838805879,greed,False,0.22,0.04500229585393252,0.5708272572237448
2019-06-12,244.36,261.87,242.2,261.15,336499.3016,171468,84660448.5685657,60,Greed,0.0,0.04529884732743179,0.6179631601198163,0.06673891073515802,12.726351352581853,greed,False,0.2,0.04529884732743179,0.6179631601198163
2019-06-13,261.13,262.98,253.69,254.67,291757.21635,159838,75447391.0373403,63,Greed,88.23185409127302,0.045023927665571395,0.6234651955560961,-0.025126365464321603,12.583677284547274,greed,False,0.26,0.045023927665571395,0.6234651955560961
2019-06-14,254.67,264.26,251.75,262.47,327383.28236,175229,84045849.5425799,67,Greed,286.7998913144457,0.04517297898481429,0.6318455095423564,0.030168200368296892,12.698886880795069,greed,False,0.34,0.04517297898481429,0.6318455095423564
2019-06-15,262.48,272.27,260.61,267.82,286594.98029,146902,76053046.5533358,75,Greed,0.0,0.04375081780808442,0.6045333964312699,0.020178323281137188,12.565825279533362,greed,False,0.5,0.04375081780808442,0.6045333964312699
2019-06-16,267.78,277.06,263.31,267.73,458176.54236,206212,123848161.4689518,80,Extreme Greed,142.99990294488998,0.04319371266453064,0.5988687242836916,-0.00033610307477250815,13.03500985249241,extreme_greed,True,0.6,0.04319371266453064,0.5988687242836916
2019-06-17,267.73,276.0,266.81,273.16,339277.66707,185899,91807270.7108816,84,Extreme Greed,247.0930933301825,0.04305462244919361,0.6033048686807765,0.02007869410024104,12.734574128004812,extreme_greed,True,0.68,0.04305462244919361,0.6033048686807765
2019-06-18,273.14,273.58,261.45,264.66,319941.55156,184954,85335852.9315235,83,Extreme Greed,58.94482973416863,0.04291007099492989,0.6133744175319304,-0.031611720747985135,12.675893606718116,extreme_greed,True,0.66,0.04291007099492989,0.6133744175319304
2019-06-19,264.68,270.0,263.59,268.14,208375.68381,111358,55665919.1543959,82,Extreme Greed,144.16582560125192,0.035240231059497654,0.5808663560548809,0.013063248828511663,12.247097901679384,extreme_greed,True,0.64,0.035240231059497654,0.5808663560548809
2019-06-20,268.16,273.63,265.71,271.22,200717.7737,130438,53998507.956007,81,Extreme Greed,13.641841851298143,0.03326059433581344,0.5533755211622107,0.011421067486384226,12.209655089408445,extreme_greed,True,0.62,0.03326059433581344,0.5533755211622107
2019-06-21,271.27,295.94,271.22,294.35,519818.06907,240649,148641528.5342657,84,Extreme Greed,0.0,0.034472290707696224,0.6205613515876146,0.08183923581447115,13.161234162166735,extreme_greed,True,0.68,0.034472290707696224,0.6205613515876146
2019-06-22,294.25,314.39,289.69,310.79,726254.67061,336414,222036096.3352611,83,Extreme Greed,0.0,0.035832910788448295,0.6435586461716757,0.054347907469419414,13.495656018260108,extreme_greed,True,0.66,0.035832910788448295,0.6435586461716757
2019-06-23,310.7,321.7,305.58,308.52,418812.02747,241819,131252843.5293641,84,Extreme Greed,0.0,0.034660982311407185,0.573027451009839,-0.007330771877891635,12.945177476453436,extreme_greed,True,0.68,0.034660982311407185,0.573027451009839
2019-06-24,308.42,314.41,298.0,311.64,352791.26964,185588,108439071.6445221,80,Extreme Greed,0.0,0.03408746500972398,0.5476429527817949,0.010062004396859078,12.773631856890221,extreme_greed,True,0.6,0.03408746500972398,0.5476429527817949
2019-06-25,311.65,318.99,307.0,318.26,345559.65047,183415,108143161.2256218,87,Extreme Greed,0.0,0.03371717634717818,0.5481978419779464,0.02101998331938052,12.75292055698371,extreme_greed,True,0.74,0.03371717634717818,0.5481978419779464
2019-06-26,318.29,366.8,315.57,339.39,1008551.28721,477973,341534154.5328709,95,Extreme Greed,0.0,0.03834078680992762,0.5776650509299293,0.06428122982444726,13.824025490026319,extreme_greed,True,0.9,0.03834078680992762,0.5776650509299293
2019-06-27,339.53,347.0,280.01,298.35,1016826.449,449424,315174509.7084831,92,Extreme Greed,0.0,0.047660759606393883,0.77207890333568,-0.12888259463839405,13.832197010517502,extreme_greed,True,0.84,0.047660759606393883,0.77207890333568
2019-06-28,298.35,313.58,295.22,311.05,529174.47722,260039,161838706.7872334,62,Greed,200.9456398163519,0.04802380071642794,0.7709032846036765,0.04168637699293781,13.179073481072733,greed,False,0.24,0.04802380071642794,0.7709032846036765
2019-06-29,310.95,324.74,295.18,317.62,425555.16264,233883,130425514.0458484,74,Greed,421.7320062947797,0.04863624985281295,0.7330482866135141,0.02090202872147163,12.961149860519923,greed,False,0.48,0.04863624985281295,0.7330482866135141
2019-06-30,317.64,323.5,290.12,292.7,489028.56835,265958,149527443.5798294,78,Extreme Greed,774.0000769554468,0.049452990528670075,0.7857912145051723,-0.08170750598466046,13.100176188734151,extreme_greed,True,0.56,0.049452990528670075,0.7857912145051723
2019-07-01,292.89,303.49,280.13,295.07,489769.27421,247035,142871936.7587887,65,Greed,0.0,0.05021883394449664,0.7830409353807055,0.008064422629196103,13.101689690234025,greed,False,0.3,0.05021883394449664,0.7830409353807055
2019-07-02,295.03,297.57,272.65,291.48,493772.96579,255019,140020251.9277511,63,Greed,276.0303696311897,0.050496760962278314,0.7561163219325427,-0.01224122352495461,13.109831107108178,greed,False,0.26,0.050496760962278314,0.7561163219325427
2019-07-03,291.47,302.89,285.0,301.14,370521.96637,203286,109262202.2252374,79,Extreme Greed,33.382853938485674,0.05092580351712133,0.7528705583129095,0.03260388009281567,12.822668010408831,extreme_greed,True,0.58,0.05092580351712133,0.7528705583129095
2019-07-04,301.11,302.74,280.53,282.73,270791.36878,155911,79507234.7409,76,Extreme Greed,503.0163582544422,0.051533651541152525,0.7889778815625867,-0.06308289426426242,12.509103946469464,extreme_greed,True,0.52,0.051533651541152525,0.7889778815625867
2019-07-05,282.86,294.89,280.78,287.47,261139.28341,151476,75165110.6986579,67,Greed,347.91770971566194,0.05161901758619636,0.7880952123296951,0.016626128336070148,12.472809196874632,greed,False,0.34,0.05161901758619636,0.7880952123296951
2019-07-06,287.32,296.71,285.28,288.29,196064.64705,122419,57137782.5984704,72,Greed,184.5263128201438,0.051435665153713866,0.7879685272224138,0.0028484109851975876,12.18619971571783,greed,False,0.44,0.051435665153713866,0.7879685272224138
2019-07-07,288.29,309.69,284.25,304.72,246111.36595,146592,73170809.7629514,67,Greed,206.9666323132527,0.05251142646170311,0.8074624222049827,0.055426404218446086,12.413539419587371,greed,False,0.34,0.05251142646170311,0.8074624222049827
2019-07-08,304.72,313.74,300.78,311.97,289607.34177,156865,88890021.7460584,74,Greed,0.0,0.052463823917585514,0.7975372447703636,0.023513707169902545,12.576281290588103,greed,False,0.48,0.052463823917585514,0.7975372447703636
2019-07-09,311.96,318.19,302.69,307.46,309447.34927,183056,96199378.5403265,84,Extreme Greed,219.75648693971993,0.05279220727320761,0.8013329788331862,-0.014562031855797844,12.64254324119125,extreme_greed,True,0.68,0.05279220727320761,0.8013329788331862
2019-07-10,307.46,314.18,281.04,289.23,457080.94063,241966,135779813.6086586,83,Extreme Greed,0.0,0.054731479456186935,0.8364397289537562,-0.06112277814005458,13.03261576716962,extreme_greed,True,0.66,0.054731479456186935,0.8364397289537562
2019-07-11,289.23,289.23,262.12,268.63,501592.75211,278211,136450969.6452713,62,Greed,0.0,0.055072760837311524,0.8248661330289118,-0.07388725124643414,13.125543818654984,greed,False,0.24,0.055072760837311524,0.8248661330289118
2019-07-12,268.67,278.99,266.21,274.62,266734.54213,150653,72743548.0414527,33,Fear,255.87674325696725,0.05433161817336805,0.8019172827598993,0.022053355795641008,12.49400921858143,fear,False,-0.34,0.05433161817336805,0.8019172827598993
2019-07-13,274.53,275.04,262.2,268.79,205959.26849,132115,55323572.09371,65,Greed,118.23224489829143,0.054272327231870206,0.8037504660094766,-0.0214579183175893,12.2354337024447,greed,False,0.3,0.054272327231870206,0.8037504660094766
2019-07-14,268.8,269.74,222.81,225.85,540052.58421,260313,130785858.9998518,61,Greed,0.0,0.05960295983756064,0.9951657645439361,-0.17405934347540333,13.199421791966177,greed,False,0.22,0.05960295983756064,0.9951657645439361
2019-07-15,225.83,235.58,203.08,228.2,715991.20688,320571,159784811.6372373,16,Extreme Fear,0.0,0.06263754051030045,0.9905980135409269,0.010351375327362036,13.481423164973517,extreme_fear,True,-0.68,0.06263754051030045,0.9905980135409269
2019-07-16,228.2,234.5,192.25,198.88,715604.83198,315783,151473621.6451511,34,Fear,1079.1654901888137,0.06501574150816586,1.0301806669085953,-0.13752080966557426,13.480883382941585,fear,False,-0.32,0.06501574150816586,1.0301806669085953
2019-07-17,198.94,219.86,191.84,210.81,694854.10132,306708,143020071.9619188,19,Extreme Fear,968.4037692616109,0.06109406327960157,0.997697907243776,0.05825562610981518,13.451457176351076,extreme_fear,True,-0.62,0.06109406327960157,0.997697907243776
2019-07-18,210.8,229.65,205.71,225.73,609081.49094,264573,132637638.7901553,40,Fear,0.0,0.062332977453980906,1.0228382761604327,0.06838234092327024,13.319707348807455,fear,False,-0.2,0.062332977453980906,1.0228382761604327
2019-07-19,225.75,226.23,212.52,220.73,371622.21865,178357,81600507.572648,42,Fear,398.58548553706663,0.06157610676987464,1.013608090016512,-0.022399359642366008,12.82563307598043,fear,False,-0.16,0.06157610676987464,1.013608090016512
2019-07-20,220.84,235.09,219.78,228.2,325393.97225,158590,74182517.2396253,34,Fear,0.0,0.06049391938545912,1.000139821577335,0.03328220227485485,12.692791949471346,fear,False,-0.32,0.06049391938545912,1.000139821577335
2019-07-21,228.25,229.66,216.99,225.38,270046.1519,149561,60421739.0469762,42,Fear,191.8488296240953,0.060015836901069035,0.9972067648849171,-0.012434570903771943,12.5063481563361,fear,False,-0.16,0.060015836901069035,0.9972067648849171
2019-07-22,225.49,228.34,212.25,217.51,271310.40446,155651,59602149.0419698,42,Fear,330.3287855400995,0.05966777193196065,1.0002512319287213,-0.035543040040880665,12.511018848298692,fear,False,-0.16,0.05966777193196065,1.0002512319287213
2019-07-23,217.59,219.55,208.36,212.48,317876.48242,169515,67930201.6731321,40,Fear,0.0,0.059521033925659356,0.984805652602706,-0.02339696019525357,12.669418166244808,fear,False,-0.2,0.059521033925659356,0.984805652602706
2019-07-24,212.55,218.28,202.0,216.31,331162.6484,188919,69281797.0165171,20,Extreme Fear,246.23852018856695,0.0595516981668772,0.9769287217376821,0.017864697687341162,12.710364918563437,extreme_fear,True,-0.6,0.0595516981668772,0.9769287217376821
2019-07-25,216.31,225.12,215.23,219.14,280370.29627,167223,62017449.3573358,42,Fear,0.0,0.05949327648226732,0.9755342467172902,0.012998231001836856,12.543866495114683,fear,False,-0.16,0.05949327648226732,0.9755342467172902
2019-07-26,219.14,220.0,212.71,218.81,197781.98653,133271,42839496.5355307,24,Extreme Fear,0.0,0.059431453623914464,0.9746841352702754,-0.0015070216346871161,12.194920624913493,extreme_fear,True,-0.52,0.059431453623914464,0.9746841352702754
2019-07-27,218.81,223.3,203.0,207.3,301209.41113,180170,63931823.1551626,47,Neutral,139.58087528119566,0.0596943330816177,0.9486883103628655,-0.054036753900826066,12.615561019871274,neutral,False,-0.06,0.0596943330816177,0.9486883103628655
2019-07-28,207.3,213.52,198.24,211.62,218801.16693,132599,45414505.7900188,16,Extreme Fear,43.02052228668576,0.060255678304570445,0.9470148611697781,0.020625194034281782,12.29591868283384,extreme_fear,True,-0.68,0.060255678304570445,0.9470148611697781
2019-07-29,211.58,215.83,206.59,210.89,226941.28,133256,47853275.1272464,19,Extreme Fear,28.3046143533755,0.0601689032651261,0.9485875997879596,-0.0034555429523426867,12.33244658458641,extreme_fear,True,-0.62,0.0601689032651261,0.9485875997879596
2019-07-30,210.84,214.36,204.4,209.58,222683.79393,129043,46627086.4841072,22,Extreme Fear,246.8760572396841,0.058626310020236626,0.9360725135643395,-0.006231142476877364,12.313508079739876,extreme_fear,True,-0.56,0.058626310020236626,0.9360725135643395
2019-07-31,209.57,218.79,209.2,218.42,207213.55658,122971,44416634.9002688,31,Fear,0.0,0.05743336105059562,0.9310632010804483,0.04131428672278658,12.241505214736831,fear,False,-0.38,0.05743336105059562,0.9310632010804483
2019-08-01,218.42,219.39,210.54,216.84,186806.18844,116919,40054998.6824046,57,Greed,321.1454274539645,0.0573542886618792,0.9233161773307004,-0.007260060377444846,12.137826932921927,greed,False,0.14,0.0573542886618792,0.9233161773307004
2019-08-02,216.8,222.18,214.31,217.61,206867.03039,123571,45116694.8592759,61,Greed,22.30458618521908,0.05719921408294435,0.9241166608331868,0.0035447154160640057,12.239831500576843,greed,False,0.22,0.05719921408294435,0.9241166608331868
2019-08-03,217.69,224.51,216.62,222.14,181591.95296,110659,40285734.5319214,61,Greed,103.86320710182969,0.051341848627085386,0.6979958796256652,0.020603343930772608,12.109517432273256,greed,False,0.22,0.051341848627085386,0.6979958796256652
2019-08-04,222.14,223.34,216.9,221.79,135622.0258,90502,29836777.6913328,62,Greed,252.0548112275174,0.04747636282620993,0.696745053559979,-0.00157682550185554,11.81762707345115,greed,False,0.24,0.04747636282620993,0.696745053559979
2019-08-05,221.79,236.25,221.79,233.54,307956.27211,173092,70962003.8432999,64,Greed,0.0,0.04017757162614042,0.5033772689570648,0.051622380410450565,12.637713078207666,greed,False,0.28,0.04017757162614042,0.5033772689570648
2019-08-06,233.53,239.15,223.03,226.28,341279.08159,172932,78590684.0215889,66,Greed,452.88837043770314,0.036971492789582505,0.4851746970869991,-0.031580198172613885,12.74045584262678,greed,False,0.32,0.036971492789582505,0.4851746970869991
2019-08-07,226.31,231.25,220.95,226.1,279104.7037,159413,63135096.4855769,45,Fear,101.09258135510571,0.03443498249050614,0.4203645207317017,-0.0007957911910308269,12.53934227248165,fear,False,-0.1,0.03443498249050614,0.4203645207317017
2019-08-08,226.11,228.5,215.51,221.39,236886.35423,132568,52730777.0692849,61,Greed,88.86180008684985,0.03430837291103678,0.4194346758875397,-0.021051527147790544,12.37533578709486,greed,False,0.22,0.03430837291103678,0.4194346758875397
2019-08-09,221.38,221.79,207.3,210.53,232062.12757,140538,49415315.754676,60,Greed,0.0,0.03431626422930698,0.4364471271048825,-0.05029769135366954,12.35476040604877,greed,False,0.2,0.03431626422930698,0.4364471271048825
2019-08-10,210.52,215.0,202.6,206.48,252614.02389,142706,52534644.5700389,59,Greed,0.0,0.03439722243692906,0.4389307069747327,-0.019424605372105618,12.439618005528473,greed,False,0.18,0.03439722243692906,0.4389307069747327
2019-08-11,206.48,216.94,206.14,216.42,188474.09048,112904,39875149.5480282,45,Fear,240.17615365366535,0.03367352555889279,0.45857943075607127,0.047017408733144146,12.14671582538846,fear,False,-0.1,0.03367352555889279,0.45857943075607127
2019-08-12,216.41,216.81,209.75,211.41,122760.94619,85543,26091487.959004,48,Neutral,236.38853964913687,0.033231295789498995,0.4585959254282837,-0.023421588136461734,11.717994216344895,neutral,False,-0.04,0.033231295789498995,0.4585959254282837
2019-08-13,211.58,214.3,204.0,209.3,166922.48201,102967,34861802.3965168,45,Fear,0.0,0.032244808819034514,0.454652591926791,-0.010030746555086647,12.025284804053364,fear,False,-0.1,0.032244808819034514,0.454652591926791
2019-08-14,209.31,209.9,183.49,187.1,325228.98931,171181,63597043.1885792,11,Extreme Fear,0.0,0.03646124543045934,0.5961244958835274,-0.1121253961719102,12.69228479570247,extreme_fear,True,-0.78,0.03646124543045934,0.5961244958835274
2019-08-15,187.08,189.95,181.23,188.03,237953.09426,119008,44183760.7061055,13,Extreme Fear,0.0,0.03672561149313217,0.5974847940353343,0.004958291287339323,12.37982885028904,extreme_fear,True,-0.74,0.03672561149313217,0.5974847940353343
2019-08-16,187.98,188.39,178.04,184.88,282177.01584,150695,51945182.4708607,31,Fear,211.0264553203979,0.03524957184759479,0.5732356540721013,-0.016894558601257922,12.55028986873381,fear,False,-0.38,0.03524957184759479,0.5732356540721013
2019-08-17,184.83,187.0,181.83,185.59,138799.61508,101721,25599796.9046516,20,Extreme Fear,158.6846166363631,0.03401883455424897,0.566052663415258,0.0038329736240880013,11.840786553852148,extreme_fear,True,-0.6,0.03401883455424897,0.566052663415258
2019-08-18,185.67,197.91,183.35,194.33,175363.5062,102057,33655229.0922308,14,Extreme Fear,0.0,0.035043692009351396,0.5960982151470359,0.04601780528639882,12.07461627683935,extreme_fear,True,-0.72,0.035043692009351396,0.5960982151470359
2019-08-19,194.32,203.59,192.7,202.28,239541.5978,116606,47675347.062822,30,Fear,0.0,0.03523829817997725,0.6162319119588135,0.04009513133517008,12.386482366763964,fear,False,-0.4,0.03523829817997725,0.6162319119588135
2019-08-20,202.24,202.75,194.45,196.6,189297.75494,109559,37412398.975662,39,Fear,340.03234658554203,0.03517123086385462,0.6011239167785706,-0.028481668498716126,12.151076477327825,fear,False,-0.22,0.03517123086385462,0.6011239167785706
2019-08-21,196.55,197.2,179.53,187.45,284973.64194,150215,53434048.9529292,11,Extreme Fear,0.0,0.03695087274312619,0.6197216304239607,-0.04765906453114522,12.560151970552788,extreme_fear,True,-0.78,0.03695087274312619,0.6197216304239607
2019-08-22,187.45,195.14,182.8,190.35,245575.98772,160105,46426395.0486722,5,Extreme Fear,494.6156829280199,0.03766785061634551,0.6238611831174221,0.015352339646585458,12.411361700605632,extreme_fear,True,-0.9,0.03766785061634551,0.6238611831174221
2019-08-23,190.36,196.19,188.16,194.02,192548.51552,128090,37022930.5704567,33,Fear,165.55485680484057,0.03777937629254591,0.6230092642621858,0.019096763704631186,12.16810342963141,fear,False,-0.34,0.03777937629254591,0.6230092642621858
2019-08-24,194.02,194.09,185.63,190.6,167806.34294,104191,31786227.8626633,39,Fear,139.2333990890184,0.038048141117310814,0.6238740277930953,-0.017784255313035874,12.030565872896766,fear,False,-0.22,0.038048141117310814,0.6238740277930953
2019-08-25,190.6,192.4,182.8,186.54,169862.91522,103115,31935951.290364,33,Fear,191.63312152719055,0.03772223139343536,0.5846106351618147,-0.021531297921384286,12.04274700967348,fear,False,-0.34,0.03772223139343536,0.5846106351618147
2019-08-26,186.54,193.7,186.0,188.67,254397.79472,130551,48298621.3154217,41,Fear,178.42337700243692,0.03694343819427802,0.5846581839968397,0.011353763924804298,12.446654441857072,fear,False,-0.18,0.03694343819427802,0.5846581839968397
2019-08-27,188.61,189.49,184.75,187.24,157898.563,96138,29513243.50055,30,Fear,12.49133998206952,0.03659170739388694,0.5838761419968878,-0.00760824079165174,11.969708099505679,fear,False,-0.4,0.03659170739388694,0.5838761419968878
2019-08-28,187.3,188.25,166.48,173.03,334480.61761,146334,59498959.9665215,32,Fear,0.0,0.03936426503546455,0.6332118665732677,-0.0789262265633129,12.720334212506858,fear,False,-0.36,0.03936426503546455,0.6332118665732677
2019-08-29,173.03,173.5,163.61,169.01,295241.216,142645,49838097.1661885,20,Extreme Fear,0.0,0.03910684384038883,0.6188811201213201,-0.02350710509842042,12.595547982558612,extreme_fear,True,-0.6,0.03910684384038883,0.6188811201213201
2019-08-30,169.03,170.77,165.55,168.5,238616.68868,114316,40216956.5994906,24,Extreme Fear,185.998994365403,0.038510860711463465,0.6186526192792656,-0.003022134977720221,12.382613730374324,extreme_fear,True,-0.52,0.038510860711463465,0.6186526192792656
2019-08-31,168.48,174.98,165.63,171.57,194999.19583,101425,32983642.8432588,20,Extreme Fear,185.51252244223454,0.03860627729141476,0.5910758118575272,0.01805559680291799,12.180750713588662,extreme_fear,True,-0.6,0.03860627729141476,0.5910758118575272
2019-09-01,171.52,173.42,167.61,170.74,191140.52368,93036,32627380.9318131,24,Extreme Fear,234.49751552455595,0.03862151791626862,0.5898291388760385,-0.004849415013174036,12.160764162588313,extreme_fear,True,-0.52,0.03862151791626862,0.5898291388760385
2019-09-02,170.73,181.0,170.02,178.05,294627.31247,116596,51446380.4485707,28,Fear,0.0,0.038967861572490256,0.6187133897742985,0.04192247814162633,12.59346648906635,fear,False,-0.44,0.038967861572490256,0.6187133897742985
2019-09-03,178.0,183.0,174.09,178.75,327857.85447,147758,58621819.3554533,41,Fear,156.3991321609375,0.03517569484533681,0.48189500666456514,0.0039237718503302285,12.700335422915845,fear,False,-0.18,0.03517569484533681,0.48189500666456514
2019-09-04,178.79,180.14,173.0,174.72,286226.25171,140298,50629395.4918831,43,Fear,194.2691836758373,0.03502855308410273,0.48641689055652676,-0.022803489017576804,12.564537866950413,fear,False,-0.14,0.03502855308410273,0.48641689055652676
2019-09-05,174.7,176.19,168.1,173.75,232753.83596,123424,40247496.5629039,41,Fear,0.0,0.034774448148235174,0.48398834168705274,-0.005567208111638744,12.357736676034651,fear,False,-0.18,0.034774448148235174,0.48398834168705274
2019-09-06,173.74,177.87,165.0,169.08,315822.37984,146974,54567316.6059573,43,Fear,325.78327684975983,0.03601135152168021,0.49060726394045534,-0.027245508746312288,12.662935245423817,fear,False,-0.14,0.03601135152168021,0.49060726394045534
2019-09-07,169.11,180.8,168.3,177.62,253831.23169,134155,44282963.3065402,39,Fear,298.16785957353454,0.03583400060708731,0.49518369310468047,0.04927446113176885,12.444424882995795,fear,False,-0.22,0.03583400060708731,0.49518369310468047
2019-09-08,177.58,184.18,176.13,181.19,290083.47501,143793,52424648.7184664,43,Fear,0.0,0.03557519897342505,0.47587625977226344,0.01989976761765802,12.577924005405341,fear,False,-0.14,0.03557519897342505,0.47587625977226344
2019-09-09,181.18,185.38,176.01,180.54,273729.94868,140362,49340881.2345897,41,Fear,400.6632802454388,0.0358134270756642,0.46807492257833605,-0.0035938445780072676,12.519897310599116,fear,False,-0.18,0.0358134270756642,0.46807492257833605
2019-09-10,180.52,184.36,177.0,179.81,238387.50999,116866,43067898.9051214,41,Fear,340.06774232803565,0.03396480417203193,0.4391512898365328,-0.004051622026462497,12.381652821819333,fear,False,-0.18,0.03396480417203193,0.4391512898365328
2019-09-11,179.87,182.8,173.0,178.28,278555.46708,130317,49657474.9751696,38,Fear,118.97245161714201,0.0336363687043091,0.43473979115528294,-0.008545389765191197,12.537372482181503,fear,False,-0.24,0.0336363687043091,0.43473979115528294
2019-09-12,178.3,182.38,176.62,180.72,203543.13663,102872,36419973.2297372,39,Fear,209.16613887093786,0.03344372171188508,0.43140975114268826,0.013593524081392666,12.223633235013349,fear,False,-0.22,0.03344372171188508,0.43140975114268826
2019-09-13,180.71,181.38,177.54,180.95,264422.54059,109752,47382425.1919217,38,Fear,156.4340168480475,0.03302910669808829,0.42836309694839775,0.0012718778500035752,12.485303635179188,fear,False,-0.24,0.03302910669808829,0.42836309694839775
2019-09-14,180.96,188.79,179.75,188.13,279371.83423,113052,51424561.3917001,39,Fear,0.0,0.032971155276506826,0.4462862094635003,0.03891246321328773,12.540298912670554,fear,False,-0.22,0.032971155276506826,0.4462862094635003
2019-09-15,188.14,190.45,185.76,189.03,288928.60827,106052,54373471.3852245,38,Fear,0.0,0.03268999378834609,0.44475736203885596,0.0047725193990347066,12.573934906369969,fear,False,-0.24,0.03268999378834609,0.44475736203885596
2019-09-16,189.05,199.44,188.3,197.22,551006.81686,166031,106449156.0300247,38,Fear,0.0,0.03341614666077629,0.4680976191983047,0.042414124282109125,13.219502459855255,fear,False,-0.24,0.03341614666077629,0.4680976191983047
2019-09-17,197.23,215.13,195.74,207.84,715863.2262,214041,145945114.8695818,41,Fear,0.0,0.031704299673090866,0.3904942128159695,0.05244869601810636,13.481244402834875,fear,False,-0.18,0.031704299673090866,0.3904942128159695
2019-09-18,207.85,217.27,207.66,210.21,539028.51013,182943,114703107.2717186,38,Fear,9.083218632715289,0.03130411468683206,0.37092455929184054,0.011338478128262873,13.197523742982066,fear,False,-0.24,0.03130411468683206,0.37092455929184054
2019-09-19,210.27,223.94,202.3,220.24,844358.82155,230867,179595728.8138375,31,Fear,232.09615609938282,0.03389422111164119,0.3876658913242485,0.04661082978379965,13.646332827246571,fear,False,-0.38,0.03389422111164119,0.3876658913242485
2019-09-20,220.26,221.54,212.05,218.03,437804.12669,133129,95069640.6241525,41,Fear,217.98041321758532,0.03360060797856421,0.39595382511433386,-0.0100851928343951,12.989526889997238,fear,False,-0.18,0.03360060797856421,0.39595382511433386
2019-09-21,218.01,221.5,213.2,215.05,417891.5242,105391,90638548.2352924,37,Fear,345.61218977343265,0.03368032446913377,0.4021935367521438,-0.013762108770211426,12.942977166344708,fear,False,-0.26,0.03368032446913377,0.4021935367521438
2019-09-22,215.04,215.61,206.1,211.2,445388.94787,108397,93662351.5045333,37,Fear,0.0,0.033172791427835926,0.3984332012110539,-0.018065007397639003,13.00670321955501,fear,False,-0.26,0.033172791427835926,0.3984332012110539
2019-09-23,211.2,211.68,198.65,201.29,392437.07084,121866,80922890.4608859,41,Fear,0.0,0.03359007500671946,0.4462712277779329,-0.04805889751916593,12.880131474280457,fear,False,-0.18,0.03359007500671946,0.4462712277779329
2019-09-24,201.25,202.98,150.03,165.81,1478218.82714,383778,263412071.5312026,39,Fear,0.0,0.05240713167223263,0.835748791270883,-0.19390409979965906,14.20634842578273,fear,False,-0.22,0.05240713167223263,0.835748791270883
2019-09-25,165.72,174.85,161.88,169.96,879001.46213,251456,147619414.1358966,15,Extreme Fear,233.4754454206373,0.053045163376723256,0.8412279476124138,0.024720560733329573,13.686541840067523,extreme_fear,True,-0.7,0.053045163376723256,0.8412279476124138
2019-09-26,169.96,171.01,152.11,165.92,779942.17148,202020,127948136.2708905,12,Extreme Fear,21.211425590943993,0.054400557647803244,0.8399890742899646,-0.024057370765393757,13.56697505678913,extreme_fear,True,-0.76,0.054400557647803244,0.8399890742899646
2019-09-27,165.92,176.72,161.03,173.79,634932.96707,183611,106461443.899721,24,Extreme Fear,0.0,0.05497954506215092,0.837725252115784,0.04634192929542519,13.361274708633301,extreme_fear,True,-0.52,0.05497954506215092,0.837725252115784
2019-09-28,173.83,175.49,168.0,173.49,521775.46593,159337,90120971.1669136,32,Fear,234.72220183322915,0.05496400112049276,0.834047650064674,-0.0017277129384057545,13.16499263243066,fear,False,-0.36,0.05496400112049276,0.834047650064674
2019-09-29,173.5,174.5,164.12,169.24,410855.12176,136438,69327213.6474489,33,Fear,199.70157765525823,0.05513938666538272,0.8379159514361907,-0.02480213498636991,12.92599592953452,fear,False,-0.34,0.05513938666538272,0.8379159514361907
2019-09-30,169.26,181.24,165.01,180.85,580295.3997,175354,100443187.7716862,27,Fear,310.3950748201363,0.056295135273442015,0.8735117152157512,0.0663501325462401,13.271292562695958,fear,False,-0.46,0.056295135273442015,0.8735117152157512
2019-10-01,180.89,185.53,173.19,175.66,609972.52717,168529,109365005.3617921,38,Fear,0.0,0.0565669418447934,0.8793042108326234,-0.02911764990913565,13.321169197709049,fear,False,-0.24,0.0565669418447934,0.8793042108326234
2019-10-02,175.65,181.29,173.65,180.24,348268.1162,96660,61530973.8042317,39,Fear,298.3231154979458,0.05669812766012,0.8829793461365226,0.02573898763501778,12.760727910963826,fear,False,-0.22,0.05669812766012,0.8829793461365226
2019-10-03,180.24,180.72,169.55,174.69,354756.78478,101114,62001237.4817829,37,Fear,241.89363500529075,0.057269779169946904,0.8898246174569496,-0.03127632160685075,12.779187720364416,fear,False,-0.26,0.057269779169946904,0.8898246174569496
2019-10-04,174.71,178.98,170.74,175.55,333897.63876,89655,58470302.1445434,30,Fear,374.6702149496579,0.057240446131758715,0.8773086559308372,0.004910928097303121,12.718589754208628,fear,False,-0.4,0.057240446131758715,0.8773086559308372
2019-10-05,175.55,176.71,172.02,176.25,278488.61771,90341,48647162.438982,31,Fear,172.26863297643257,0.05725648867585474,0.8772144671069986,0.003979539077936675,12.53713246753223,fear,False,-0.38,0.05725648867585474,0.8772144671069986
2019-10-06,176.23,177.04,167.68,170.1,314932.39629,114662,54241930.1254795,32,Fear,151.98650980469682,0.057200850349774485,0.8666678518497004,-0.03551694229056194,12.660113279822305,fear,False,-0.36,0.057200850349774485,0.8666678518497004
2019-10-07,170.08,182.32,168.68,179.85,496523.48038,159802,87617964.5675863,27,Fear,269.0960641503369,0.05674581150763863,0.8697522437720867,0.055736670739816835,13.115386053151761,fear,False,-0.46,0.05674581150763863,0.8697522437720867
2019-10-08,179.88,184.87,177.0,180.6,400832.37828,139925,72432729.9845929,39,Fear,0.0,0.0567213332791931,0.8680912934043152,0.0041614708412521986,12.901298609621666,fear,False,-0.22,0.0567213332791931,0.8680912934043152
2019-10-09,180.61,195.53,178.96,192.62,562506.82189,182290,105551736.4844096,37,Fear,0.0,0.05632466432847901,0.8849927411120779,0.06443469514983328,13.240158540791615,fear,False,-0.26,0.05632466432847901,0.8849927411120779
2019-10-10,192.61,194.2,186.88,191.14,436588.58452,150166,83367952.3933486,41,Fear,192.5578362987564,0.05625409500571935,0.8849124486882648,-0.0077131922946847235,12.986746576443746,fear,False,-0.18,0.05625409500571935,0.8849124486882648
2019-10-11,191.18,196.65,179.41,180.72,621693.63125,181427,115872479.7661273,39,Fear,186.37100601098564,0.05735881439934815,0.9020345393507474,-0.056057271678285725,13.340202696116169,fear,False,-0.22,0.05735881439934815,0.9020345393507474
2019-10-12,180.65,184.64,177.59,179.68,290415.22038,118775,52895345.3826257,38,Fear,0.0,0.05727712078730648,0.9013963279654165,-0.005771381169614736,12.579066972336188,fear,False,-0.24,0.05727712078730648,0.9013963279654165
2019-10-13,179.65,184.95,178.52,180.99,247589.23231,113448,45067340.4221513,38,Fear,289.7012397492643,0.05683714019178198,0.8901751556267162,0.007264290130647134,12.419526330599764,fear,False,-0.24,0.05683714019178198,0.8901751556267162
2019-10-14,180.98,187.54,180.43,186.72,279732.84612,123915,51494870.2773636,37,Fear,75.0670419305035,0.04012091892975489,0.5520485077809796,0.031168387417465835,12.54159030568821,fear,False,-0.26,0.04012091892975489,0.5520485077809796
2019-10-15,186.7,188.37,175.96,180.49,405466.38109,155734,73998014.4472151,39,Fear,246.15057979965513,0.03982866706226252,0.5646980100350203,-0.03393479396208876,12.912793241800975,fear,False,-0.22,0.03982866706226252,0.5646980100350203
2019-10-16,180.52,181.44,171.81,174.47,347764.93459,151051,61180262.7759032,40,Fear,0.0,0.037317501923510334,0.572007116088117,-0.03392256748434658,12.759282055204284,fear,False,-0.2,0.037317501923510334,0.572007116088117
2019-10-17,174.52,178.96,172.61,177.16,298795.8198,133295,52578052.9440327,40,Fear,262.6753478260357,0.035499875010389294,0.5506752188150791,0.015300471963186912,12.6075157421831,fear,False,-0.2,0.035499875010389294,0.5506752188150791
2019-10-18,177.17,177.44,168.66,172.74,319602.48508,139612,55285684.61343,40,Fear,72.82284274779622,0.03567035170492012,0.5584822135457432,-0.025265705202857817,12.67483326843852,fear,False,-0.2,0.03567035170492012,0.5584822135457432
2019-10-19,172.78,174.98,169.44,171.79,296918.73026,127763,51269466.0425387,41,Fear,225.45529183281243,0.034974505356095364,0.5513720209539568,-0.005514773213785414,12.6012137448516,fear,False,-0.18,0.034974505356095364,0.5513720209539568
2019-10-20,171.84,176.88,169.21,175.22,299141.07152,125469,51654250.0652548,37,Fear,252.13288106445853,0.03316525126718805,0.5002908231541083,0.019769526599863717,12.60867055220864,fear,False,-0.26,0.03316525126718805,0.5002908231541083
2019-10-21,175.18,177.9,171.59,173.98,270608.51385,128045,47204344.2406268,37,Fear,171.35485803602197,0.03221838245673057,0.4902212836715481,-0.0071019771588231185,12.50842845708419,fear,False,-0.26,0.03221838245673057,0.4902212836715481
2019-10-22,174.0,175.04,170.3,171.2,255429.41624,123180,44176123.2085981,39,Fear,41.12976425641284,0.03190899598005906,0.48298733637566515,-0.016107886371752932,12.450701393082106,fear,False,-0.22,0.03190899598005906,0.48298733637566515
2019-10-23,171.19,171.49,153.45,162.35,746955.09806,238790,121126428.2285973,33,Fear,0.0,0.03416974346364623,0.505831407242207,-0.053077965158786704,13.523760352616193,fear,False,-0.34,0.03416974346364623,0.505831407242207
2019-10-24,162.35,163.72,158.72,160.38,387310.83766,159778,62419095.1068171,20,Extreme Fear,102.51466018795607,0.033835763935699655,0.5056329076418162,-0.012208499169972365,12.866982847708808,extreme_fear,True,-0.6,0.033835763935699655,0.5056329076418162
2019-10-25,160.39,187.78,160.25,181.5,904832.86059,267143,157496890.7226022,24,Extreme Fear,0.0,0.03981284697943409,0.6806470751421958,0.12370965432602289,13.715505521194855,extreme_fear,True,-0.52,0.03981284697943409,0.6806470751421958
2019-10-26,181.53,197.74,173.8,179.49,1211737.43684,373782,222906937.7909978,53,Neutral,0.0,0.04280392450049283,0.6684691900354753,-0.011136157634855258,14.007565785871744,neutral,False,0.06,0.04280392450049283,0.6684691900354753
2019-10-27,179.42,188.7,176.22,183.75,724423.40525,262415,132329593.3936198,50,Neutral,410.8037488639228,0.04251549394785955,0.6438595400668619,0.023456642022895907,13.493131314312071,neutral,False,0.0,0.04251549394785955,0.6438595400668619
2019-10-28,183.84,189.48,180.35,181.72,582179.44545,225343,106933716.670613,52,Neutral,285.6922855851701,0.04263119001702738,0.6451682797975129,-0.011109097201743544,13.274534004706496,neutral,False,0.04,0.04263119001702738,0.6451682797975129
2019-10-29,181.67,192.74,181.26,190.46,529964.5054,212841,99024969.8434844,54,Neutral,298.38450881690665,0.04176143262331157,0.6248072475123263,0.04697515787469755,13.180565312342255,neutral,False,0.08,0.04176143262331157,0.6248072475123263
2019-10-30,190.45,191.71,179.28,183.13,537770.43056,194946,99508269.890319,53,Neutral,446.98583939950936,0.04240793566705977,0.6394470078179064,-0.039245915613042755,13.195187039081448,neutral,False,0.06,0.04240793566705977,0.6394470078179064
2019-10-31,183.14,185.27,177.66,182.18,410969.86104,167038,74696032.7315675,50,Neutral,71.53039306591063,0.040967582973594305,0.6072440212034945,-0.005201073836193349,12.926275159986616,neutral,False,0.0,0.040967582973594305,0.6072440212034945
2019-11-01,182.19,184.5,177.02,182.85,331519.76963,154534,60092727.1391759,49,Neutral,322.81414186715347,0.041010981111992424,0.6068956734405968,0.0036709352787263278,12.711442723722756,neutral,False,-0.02,0.041010981111992424,0.6068956734405968
2019-11-02,182.86,186.0,181.53,182.91,179864.39739,107048,32936676.7082053,51,Neutral,0.0,0.04086553640669313,0.6064263136318576,0.000328083992444124,12.099958498129938,neutral,False,0.02,0.04086553640669313,0.6064263136318576
2019-11-03,182.9,184.7,178.95,181.54,232621.52147,109861,42260620.3770286,56,Greed,30.402521125255802,0.04075649444352278,0.5959586828027412,-0.007518213489353226,12.357168040452846,greed,False,0.12,0.04075649444352278,0.5959586828027412
2019-11-04,181.53,188.64,180.36,185.71,321175.29134,147624,59357371.3141338,49,Neutral,52.49796368498779,0.04017044985349178,0.5888291069110915,0.022710302106480576,12.679742332006116,neutral,False,-0.02,0.04017044985349178,0.5888291069110915
2019-11-05,185.71,192.51,182.22,188.68,389668.6472,184562,73036074.7809727,54,Neutral,138.72053078198437,0.040180217163493924,0.5755600824194655,0.015866141211099395,12.873052034407909,neutral,False,0.08,0.040180217163493924,0.5755600824194655
2019-11-06,188.65,195.09,187.72,191.16,343219.9224,160110,65471595.2070074,53,Neutral,0.0,0.04022009251728376,0.5750265966814659,0.013058315293896562,12.746126693862218,neutral,False,0.06,0.04022009251728376,0.5750265966814659
2019-11-07,191.16,192.27,184.59,186.68,309882.08206,152881,58150631.2768295,54,Neutral,18.18572634399988,0.04001473610803119,0.5740122443674114,-0.02371485262834259,12.643947123646722,neutral,False,0.08,0.04001473610803119,0.5740122443674114
2019-11-08,186.67,188.26,181.41,183.74,365029.75027,167904,67305417.4050575,42,Fear,0.0,0.04009097984758598,0.5774288158474571,-0.015874206238294455,12.807734136832106,fear,False,-0.16,0.04009097984758598,0.5774288158474571
2019-11-09,183.71,185.79,182.63,184.89,192073.38044,112521,35441967.7656995,38,Fear,91.1948564381328,0.039713388878724096,0.5743187863954924,0.006239338798940871,12.16563276778567,fear,False,-0.24,0.039713388878724096,0.5743187863954924
2019-11-10,184.86,191.58,183.3,188.96,274940.53448,133008,51648623.2863399,39,Fear,0.0,0.03986019713782788,0.5769324794972506,0.02177429880679077,12.5243101150113,fear,False,-0.22,0.03986019713782788,0.5769324794972506
2019-11-11,188.96,190.19,184.06,184.98,255579.93429,128079,47746876.4565624,40,Fear,261.24213753000106,0.039932444956568454,0.5796290103788633,-0.021287641322938224,12.451290494061167,fear,False,-0.2,0.039932444956568454,0.5796290103788633
2019-11-12,184.98,187.65,182.41,187.09,256782.63119,124488,47636043.3528847,39,Fear,37.17352604164862,0.03723265426181146,0.5393918504662111,0.011342073371213325,12.455985212957597,fear,False,-0.22,0.03723265426181146,0.5393918504662111
2019-11-13,187.09,189.66,185.3,188.11,197273.84001,89631,36936429.9359435,38,Fear,0.0,0.03713053132967709,0.5346333946286425,0.005437113607602042,12.19234809330605,fear,False,-0.24,0.03713053132967709,0.5346333946286425
2019-11-14,188.07,188.72,183.34,184.92,245505.29971,114266,45523714.0985551,41,Fear,77.79214953248564,0.030667716486775368,0.32150914901893834,-0.017103598984904638,12.411073813397149,fear,False,-0.18,0.030667716486775368,0.32150914901893834
2019-11-15,184.93,186.7,177.67,180.0,407466.78964,156868,74217250.1727187,38,Fear,0.0,0.02616312295061661,0.33405673404807185,-0.026966448229814227,12.917714710525976,fear,False,-0.24,0.02616312295061661,0.33405673404807185
2019-11-16,179.99,183.46,179.3,182.37,172801.52576,89596,31378510.0153897,41,Fear,121.88564012108563,0.024689310891466903,0.3263945158172618,0.01308073953853054,12.059898964942741,fear,False,-0.18,0.024689310891466903,0.3263945158172618
2019-11-17,182.37,186.09,180.0,183.82,198892.4372,93753,36509968.6991013,38,Fear,78.28939632597114,0.024198086948126737,0.3250823183348775,0.007919427501222577,12.200519440991966,fear,False,-0.24,0.024198086948126737,0.3250823183348775
2019-11-18,183.82,184.06,175.01,178.2,293551.23632,131823,52985734.2807839,38,Fear,0.0,0.023735672128810052,0.293854336153481,-0.031050502893254485,12.589807473099883,fear,False,-0.24,0.023735672128810052,0.293854336153481
2019-11-19,178.2,178.52,172.65,175.94,275886.6411,125824,48414106.9569336,32,Fear,0.0,0.022416584145729047,0.2644890806803259,-0.012763487212180367,12.527745339678283,fear,False,-0.36,0.022416584145729047,0.2644890806803259
2019-11-20,175.93,177.41,173.5,174.72,216315.93309,106534,38001672.1930986,32,Fear,162.87596405428258,0.02190286016307988,0.2648442407833298,-0.006958335267988195,12.284495271225465,fear,False,-0.36,0.02190286016307988,0.2648442407833298
2019-11-21,174.75,175.85,157.26,161.01,473895.92992,178521,78641896.2303806,30,Fear,0.0,0.025961024452271338,0.3859571124818117,-0.08171821769969305,13.068743019440216,fear,False,-0.4,0.025961024452271338,0.3859571124818117
2019-11-22,161.02,162.79,138.0,149.56,977977.23794,324167,147595324.5643929,20,Extreme Fear,0.0,0.0339927249210799,0.452764629147478,-0.07376882474793417,13.793241674656128,extreme_fear,True,-0.6,0.0339927249210799,0.452764629147478
2019-11-23,149.55,154.33,146.11,151.84,369721.0996,177816,55595157.5640424,23,Extreme Fear,213.18189471766206,0.03451799255487485,0.46150689215735236,0.015129684752704665,12.820504215516886,extreme_fear,True,-0.54,0.03451799255487485,0.46150689215735236
2019-11-24,151.84,152.86,138.62,139.96,352319.21558,158774,51503705.1777392,21,Extreme Fear,113.58975795413313,0.036436236735414705,0.5121513717160554,-0.08147066736213045,12.772292906072103,extreme_fear,True,-0.58,0.036436236735414705,0.5121513717160554
2019-11-25,139.99,151.5,131.45,145.69,749675.41303,238649,106186791.3371651,17,Extreme Fear,518.5297664785467,0.04045492899097281,0.5376086387541871,0.040124409166417255,13.527395609208396,extreme_fear,True,-0.66,0.04045492899097281,0.5376086387541871
2019-11-26,145.81,149.97,143.37,147.47,354023.04298,132207,51873405.0392909,21,Extreme Fear,168.1128209077316,0.04057568902417846,0.5370317527928377,0.01214368859694492,12.777117283161285,extreme_fear,True,-0.58,0.04057568902417846,0.5370317527928377
2019-11-27,147.47,155.54,140.84,152.62,564796.4284,192325,83505998.0548896,20,Extreme Fear,234.77705803381238,0.042357578299294006,0.5606366489751127,0.0343264065986377,13.244220641486784,extreme_fear,True,-0.6,0.042357578299294006,0.5606366489751127
2019-11-28,152.61,154.63,149.09,150.72,317714.56326,124573,48324220.6205619,32,Fear,156.72514887523204,0.04234850724889158,0.5603030374202674,-0.012527361033434208,12.668908658867059,fear,False,-0.36,0.04234850724889158,0.5603030374202674
2019-11-29,150.69,157.6,150.23,154.57,328712.25558,129774,50649319.1209473,31,Fear,113.39105652536156,0.04277210675619788,0.5714982102276506,0.025223257336174313,12.702938043958763,fear,False,-0.38,0.04277210675619788,0.5714982102276506
2019-11-30,154.54,155.25,149.7,151.37,226863.41299,96632,34617912.1786886,38,Fear,210.76744510919764,0.04263976982891428,0.5610482015324448,-0.020919897389753285,12.332103410476636,fear,False,-0.24,0.04263976982891428,0.5610482015324448
2019-12-01,151.43,152.49,145.79,150.73,344178.14088,125550,51148792.0829982,25,Extreme Fear,0.0,0.0428392505805749,0.5602018350645245,-0.004237013952036092,12.748914653712124,extreme_fear,True,-0.5,0.0428392505805749,0.5602018350645245
2019-12-02,150.72,151.42,146.71,148.65,233839.0973,107070,34768563.4718647,28,Fear,241.3871933050482,0.04288057314975011,0.5544407764516817,-0.013895607378331098,12.362388539445826,fear,False,-0.44,0.04288057314975011,0.5544407764516817
2019-12-03,148.66,149.93,145.77,147.17,196329.22503,87660,29061161.1017757,28,Fear,103.43928355536764,0.04293329792482046,0.5508823494416861,-0.010006168268085279,12.187548248602369,fear,False,-0.44,0.04293329792482046,0.5508823494416861
2019-12-04,147.19,151.98,143.15,145.38,434490.46521,149685,63849308.2935722,24,Extreme Fear,151.70928327843498,0.04350624028896877,0.5505870011312992,-0.012237377119532109,12.981929279166023,extreme_fear,True,-0.52,0.04350624028896877,0.5505870011312992
2019-12-05,145.45,149.02,143.64,148.1,299073.53972,111694,43777241.5908236,21,Extreme Fear,250.875408915351,0.04327648593999732,0.5578569640538108,0.018536717217263705,12.608444774372332,extreme_fear,True,-0.58,0.04327648593999732,0.5578569640538108
2019-12-06,148.11,149.77,145.74,148.45,220674.68581,90076,32549526.3995979,29,Fear,96.38062501820482,0.04332187056612946,0.5533164528722291,0.0023604799360156933,12.304444886119436,fear,False,-0.42,0.04332187056612946,0.5533164528722291
2019-12-07,148.46,149.49,146.85,147.14,140471.68588,70677,20799551.3456956,32,Fear,128.0456373845252,0.04315720184125859,0.5491827389459392,-0.008863686705650459,11.852761223461485,fear,False,-0.36,0.04315720184125859,0.5491827389459392
2019-12-08,147.16,151.62,146.11,150.44,205301.6026,79766,30606289.2853915,28,Fear,98.13640612533092,0.04291169200538907,0.5560338025658799,0.022179819098017372,12.232235409113917,fear,False,-0.44,0.04291169200538907,0.5560338025658799
2019-12-09,150.44,151.19,146.56,147.38,243775.99249,92204,36345702.3480885,32,Fear,273.55637105931584,0.04288005937330438,0.5575167674282732,-0.020550048263282366,12.404005019031304,fear,False,-0.36,0.04288005937330438,0.5575167674282732
2019-12-10,147.4,148.57,143.81,145.56,203215.84937,85725,29746845.4324287,26,Fear,0.0,0.042998432463033316,0.557607680027875,-0.012425912594894133,12.22202399051282,fear,False,-0.48,0.042998432463033316,0.557607680027875
2019-12-11,145.53,146.34,142.12,143.39,157843.10484,69834,22772651.1681289,20,Extreme Fear,0.0,0.04048674991419516,0.4884176269158656,-0.015020182017011332,11.96935681130891,extreme_fear,True,-0.6,0.04048674991419516,0.4884176269158656
2019-12-12,143.41,145.85,139.24,144.87,261615.30437,99231,37425277.0381235,23,Extreme Fear,123.24342229156977,0.03443496487948313,0.4195342089780274,0.010268597826612423,12.474630399797375,extreme_fear,True,-0.54,0.03443496487948313,0.4195342089780274
2019-12-13,144.87,146.0,142.8,144.8,160695.18556,90805,23203419.9616187,22,Extreme Fear,96.44300021033882,0.03377276189455054,0.41491516484676116,-0.0004833086019441282,11.987264592098224,extreme_fear,True,-0.56,0.03377276189455054,0.41491516484676116
2019-12-14,144.8,145.07,141.18,141.79,126232.59201,76951,18027581.3595459,27,Fear,36.19763584098579,0.03132861767110066,0.3022517058968058,-0.02100639020214953,11.74588145256128,fear,False,-0.46,0.03132861767110066,0.3022517058968058
2019-12-15,141.79,144.12,139.92,142.46,151189.65877,77131,21495196.818885,21,Extreme Fear,97.11883129199528,0.025176075535669515,0.264719014957797,0.0047141688007412055,11.92629034601026,extreme_fear,True,-0.58,0.025176075535669515,0.264719014957797
2019-12-16,142.46,142.72,127.93,132.73,471018.85942,153717,63632055.5849407,24,Extreme Fear,0.0,0.028515700994827513,0.3570408312466467,-0.07074426891209702,13.062653413428349,extreme_fear,True,-0.52,0.028515700994827513,0.3570408312466467
2019-12-17,132.72,132.98,119.11,121.88,563257.36001,178977,71709329.2689193,23,Extreme Fear,0.0,0.029226866790964045,0.42675095291926146,-0.08528003552060263,13.24149192524862,extreme_fear,True,-0.54,0.029226866790964045,0.42675095291926146
2019-12-18,121.88,134.87,116.26,132.78,884960.91334,252627,110566290.5693325,15,Extreme Fear,878.1330166798014,0.035039871953762416,0.5479449573134404,0.08565666917350509,13.69329875729722,extreme_fear,True,-0.7,0.035039871953762416,0.5479449573134404
2019-12-19,132.8,134.0,125.69,128.1,420674.8172,154222,53766864.1851899,21,Extreme Fear,318.9885975428294,0.035501317560237174,0.5441832102302679,-0.03588241438832477,12.949615408504824,extreme_fear,True,-0.58,0.035501317560237174,0.5441832102302679
2019-12-20,128.1,129.39,125.84,128.19,213897.4673,90922,27266605.4848642,23,Extreme Fear,139.61702077907745,0.035361026383677635,0.543520091910677,0.0007023294213547351,12.273252054420686,extreme_fear,True,-0.54,0.035361026383677635,0.543520091910677
2019-12-21,128.19,128.4,126.5,126.99,135196.11641,64847,17199278.7946842,23,Extreme Fear,90.35634877772173,0.03489989392403139,0.5433158998199088,-0.009405195123101241,11.81448171740033,extreme_fear,True,-0.54,0.03489989392403139,0.5433158998199088
2019-12-22,127.0,133.07,126.82,132.09,253140.72413,91028,32938501.021757,20,Extreme Fear,0.0,0.035238184278744436,0.5687014635775649,0.03937516523483019,12.441700834933325,extreme_fear,True,-0.6,0.035238184278744436,0.5687014635775649
2019-12-23,132.12,135.1,126.0,127.8,421600.75655,145867,55501305.920123,33,Fear,361.69933199125404,0.03626491598287575,0.5767113635957387,-0.033016966492337776,12.951814070681115,fear,False,-0.34,0.03626491598287575,0.5767113635957387
2019-12-24,127.8,129.69,126.61,127.75,200637.10098,87657,25667665.1420103,25,Extreme Fear,97.19602158295216,0.035509892482770776,0.5768327464872817,-0.0003913128596205643,12.20925308745867,extreme_fear,True,-0.5,0.035509892482770776,0.5768327464872817
2019-12-25,127.7,127.84,123.07,125.09,225004.4909,93397,28144469.160729,22,Extreme Fear,0.0,0.03553373602396904,0.5711620149821878,-0.02104175085716384,12.323875640542923,extreme_fear,True,-0.56,0.03553373602396904,0.5711620149821878
2019-12-26,125.09,132.26,124.32,125.58,274986.52097,103034,34943780.9092039,39,Fear,15.44883654680825,0.036309107540281986,0.571576933131111,0.0039095274593133125,12.524477360792906,fear,False,-0.22,0.036309107540281986,0.571576933131111
2019-12-27,125.58,127.1,121.91,126.29,240012.37451,102142,30020098.8891311,38,Fear,0.0,0.03666021367885683,0.5737230767993619,0.005637843972115429,12.388445761453267,fear,False,-0.24,0.03666021367885683,0.5737230767993619
2019-12-28,126.28,129.68,125.84,128.11,196893.52277,82441,25177121.1470641,37,Fear,0.0,0.03654522439327253,0.5689573430771111,0.0143084202102636,12.190418368047531,fear,False,-0.26,0.03654522439327253,0.5689573430771111
2019-12-29,128.11,138.07,127.52,134.36,316347.26666,115498,41893078.3622121,37,Fear,0.0,0.03784243879563996,0.5997100153812079,0.047633494875749596,12.664595834297463,fear,False,-0.26,0.03784243879563996,0.5997100153812079
2019-12-30,134.36,136.24,130.3,131.59,320347.21956,101293,42636559.3824152,40,Fear,281.166363931298,0.03806264945290493,0.6018985787015657,-0.020831736582042883,12.677160747647575,fear,False,-0.2,0.03806264945290493,0.6018985787015657
2019-12-31,131.61,133.68,128.17,129.16,264933.98418,95085,34678632.1795937,38,Fear,6.025764120285358,0.03827890829319528,0.6028304118082759,-0.01863908227197477,12.487235957631853,fear,False,-0.24,0.03827890829319528,0.6028304118082759
2020-01-01,129.16,133.05,128.68,130.77,144770.52197,75888,18952318.5320643,37,Fear,280.9815195291626,0.03803414631441683,0.6035994103809451,0.01238810902833666,11.882905160653781,fear,False,-0.26,0.03803414631441683,0.6035994103809451
2020-01-02,130.72,130.78,126.38,127.19,213757.05806,96193,27486853.3948215,39,Fear,0.0,0.03819503835972332,0.6085647029691343,-0.02775802345501787,12.272595406417595,fear,False,-0.22,0.03819503835972332,0.6085647029691343
2020-01-03,127.19,135.14,125.88,134.35,413055.18895,162310,54139288.2165768,38,Fear,188.77346324523404,0.03919693976119755,0.6430423609443642,0.0547663035981071,12.93133649243444,fear,False,-0.24,0.03919693976119755,0.6430423609443642
2020-01-04,134.37,135.85,132.5,134.2,184276.17102,95488,24641135.568953,38,Fear,0.0,0.039139094585355305,0.6424841383427149,-0.0011171105239188646,12.124190840778853,fear,False,-0.24,0.039139094585355305,0.6424841383427149
2020-01-05,134.2,138.19,134.19,135.37,254120.45343,115106,34593687.6032748,39,Fear,0.0,0.03649093353204317,0.5911980766914499,0.008680545660113509,12.445563659693375,fear,False,-0.22,0.03649093353204317,0.5911980766914499
2020-01-06,135.37,144.41,134.86,144.15,408020.27375,159866,57400544.487257,41,Fear,25.542580387232423,0.034600565704584293,0.5357388963412595,0.06284265388671631,12.919072142715489,fear,False,-0.18,0.034600565704584293,0.5357388963412595
2020-01-07,144.14,145.31,138.76,142.8,447762.17281,188444,63861666.4047594,40,Fear,190.28100728001334,0.028947800894679746,0.45392087610698345,-0.009409374178927144,13.012017506175408,fear,False,-0.2,0.028947800894679746,0.45392087610698345
2020-01-08,142.8,147.77,137.03,140.72,570465.57764,229912,81184999.7319576,51,Neutral,313.3442086281373,0.02944044796379206,0.4352905526278437,-0.014672949476181342,13.254208109285992,neutral,False,0.02,0.02944044796379206,0.4352905526278437
2020-01-09,140.76,141.5,135.3,137.74,366076.06569,152241,50611452.5846448,44,Fear,0.0,0.02981586200070016,0.44494787103541256,-0.02140425031275049,12.810596420543991,fear,False,-0.12,0.02981586200070016,0.44494787103541256
2020-01-10,137.73,145.17,135.32,144.84,409403.59507,167313,57377525.5626822,41,Fear,311.9441862203582,0.031209105400891914,0.471448996933314,0.0502618347808883,12.92245673348489,fear,False,-0.18,0.031209105400891914,0.471448996933314
2020-01-11,144.83,148.05,142.09,142.38,368350.57939,156488,53149360.5617478,50,Neutral,0.0,0.031027744797413777,0.46187902204148407,-0.017130145221713255,12.816790425043074,neutral,False,0.0,0.031027744797413777,0.46187902204148407
2020-01-12,142.4,146.6,141.76,146.54,229541.86137,110842,33112850.8222346,45,Fear,232.86770818503294,0.029922459796014943,0.44854154444481403,0.028798889056090623,12.343840694333087,fear,False,-0.1,0.029922459796014943,0.44854154444481403
2020-01-13,146.56,147.0,142.27,143.58,207996.61865,102544,29888095.3670508,49,Neutral,255.23343229855294,0.030070345576331654,0.4583416059443696,-0.02040605758348074,12.245277102060932,neutral,False,-0.02,0.030070345576331654,0.4583416059443696
2020-01-14,143.58,171.7,143.51,165.64,1108476.31186,321408,173492006.2482075,56,Greed,0.0,0.038186252389689535,0.6571932833170123,0.1429243875290294,13.918496938265742,greed,False,0.12,0.038186252389689535,0.6571932833170123
2020-01-15,165.6,171.98,159.2,166.4,721687.80381,251183,119239937.9299424,54,Neutral,344.88995877812954,0.03868582057780211,0.6570609409713313,0.004577769709741938,13.489347919665803,neutral,False,0.08,0.03868582057780211,0.6570609409713313
2020-01-16,166.4,167.4,157.8,164.21,456170.86719,179108,74038650.829131,55,Greed,269.4755287406363,0.0390915041951615,0.6636633575001976,-0.013248431883362196,13.030622727060733,neutral,False,0.1,0.0390915041951615,0.6636633575001976
2020-01-17,164.24,174.81,162.14,169.85,767180.67853,273867,129909265.2561568,54,Neutral,0.0,0.04017387596412262,0.6677053098075685,0.03376959810284693,13.550477617836423,neutral,False,0.08,0.04017387596412262,0.6677053098075685
2020-01-18,169.92,179.5,164.92,174.14,688783.17982,240660,119388338.7524942,51,Neutral,279.73907028614053,0.04036605867096527,0.6573697759350765,0.024943878793876537,13.442681812256264,neutral,False,0.02,0.04036605867096527,0.6573697759350765
2020-01-19,174.1,178.05,161.66,166.79,624681.28604,203953,105691368.8196623,53,Neutral,573.9639050402509,0.04197327607349216,0.6770396968408331,-0.04312403731138772,13.344996856317726,neutral,False,0.06,0.04197327607349216,0.6770396968408331
2020-01-20,166.79,169.33,161.24,166.87,358092.8841,130615,59292534.7174649,48,Neutral,219.6544982223997,0.042107318205619845,0.6689729176974155,0.00047953006972962516,12.788547684524078,neutral,False,-0.04,0.042107318205619845,0.6689729176974155
2020-01-21,166.86,170.32,164.8,169.49,308007.6353,125609,51615232.5669897,49,Neutral,101.98329666682706,0.042100926286304664,0.6690422196521969,0.015578861871151562,12.637879851583511,neutral,False,-0.02,0.042100926286304664,0.6690422196521969
2020-01-22,169.48,171.47,166.03,168.07,272240.90286,111017,45903134.1629132,52,Neutral,155.004567069982,0.042072683284774155,0.656836749918564,-0.008413368741488026,12.514442625581278,neutral,False,0.04,0.042072683284774155,0.656836749918564
2020-01-23,168.07,168.2,159.21,162.81,373414.34985,150875,60971659.7745824,49,Neutral,0.0,0.04163725356218918,0.6573365371290785,-0.031796682545051934,12.830443939587008,neutral,False,-0.02,0.04163725356218918,0.6573365371290785
2020-01-24,162.85,164.45,155.55,162.54,430013.19902,145668,68980724.0604947,40,Fear,0.0,0.042169249477485224,0.6574567633665487,-0.001659751418364508,12.971571182594,fear,False,-0.2,0.042169249477485224,0.6574567633665487
2020-01-25,162.51,162.79,157.61,160.35,219921.65197,95448,35196608.3063368,41,Fear,210.38388362037543,0.04220834925324594,0.6625823375196563,-0.013565199185894754,12.301026634496983,fear,False,-0.18,0.04220834925324594,0.6625823375196563
2020-01-26,160.36,168.08,159.41,167.86,251582.55758,116628,41239031.3379062,42,Fear,0.0,0.041805582901599796,0.6465787993091314,0.04577137251551764,12.435526475411624,fear,False,-0.16,0.041805582901599796,0.6465787993091314
2020-01-27,167.91,172.56,165.22,170.08,365894.81917,157072,61846624.6145389,50,Neutral,0.0,0.04175421906852146,0.6436523279294972,0.013138615938956226,12.810101191765215,neutral,False,0.0,0.04175421906852146,0.6436523279294972
2020-01-28,170.04,176.2,170.03,175.64,473433.89609,178990,81649497.4929489,54,Neutral,0.0,0.04078783819529999,0.6425269697020433,0.03216753109987872,13.06776757487181,neutral,False,0.08,0.04078783819529999,0.6425269697020433
2020-01-29,175.58,178.45,173.33,173.72,317382.90161,145062,55988230.2743514,57,Greed,0.0,0.04053057930162565,0.6365797074448698,-0.010991638026895525,12.667864215459565,greed,False,0.14,0.04053057930162565,0.6365797074448698
2020-01-30,173.68,187.0,170.93,184.69,477721.6609,189458,85164074.082316,57,Greed,111.006434901148,0.04122254451827008,0.6465307302984813,0.061233936221198874,13.076783542499086,greed,False,0.14,0.04122254451827008,0.6465307302984813
2020-01-31,184.71,185.82,175.22,179.99,385596.53365,157597,69633052.2826392,55,Greed,422.2869864354683,0.041606084128821226,0.6524270358241131,-0.025777450096432102,12.862546852181234,neutral,False,0.1,0.041606084128821226,0.6524270358241131
2020-02-01,179.94,184.28,179.23,183.6,259370.12902,124149,47263178.0667823,57,Greed,150.6667086688982,0.04152907464786242,0.6500905760842246,0.019858184395002133,12.466011390108832,greed,False,0.14,0.04152907464786242,0.6500905760842246
2020-02-02,183.63,193.43,179.1,188.44,552621.13619,222425,104105613.5587851,57,Greed,117.37441954984693,0.042570131303106475,0.6409074626008268,0.026020175645450325,13.222427939364676,greed,False,0.14,0.042570131303106475,0.6409074626008268
2020-02-03,188.48,195.19,186.62,189.69,417175.95781,181726,79336312.5246923,59,Greed,74.36746440674794,0.035616425848134736,0.42100339699956385,0.006611506906791144,12.941263372955417,greed,False,0.18,0.035616425848134736,0.42100339699956385
2020-02-04,189.74,191.6,184.69,188.91,366389.69686,173353,68720832.6152937,56,Greed,65.53909534217848,0.03442870010549754,0.4227351333530061,-0.0041204495698705275,12.811452791463159,greed,False,0.12,0.03442870010549754,0.4227351333530061
2020-02-05,188.91,207.61,188.19,203.78,550942.11417,241415,108659358.5359186,53,Neutral,0.0,0.03600518078358578,0.4819622742407398,0.0757702693773784,13.219385026663476,neutral,False,0.06,0.03600518078358578,0.4819622742407398
2020-02-06,203.78,216.33,201.02,213.19,608240.2233,276196,127874220.8146868,61,Greed,0.0,0.03593666410984731,0.4907633951145027,0.04514280633031147,13.31832518702707,greed,False,0.22,0.03593666410984731,0.4907633951145027
2020-02-07,213.16,225.0,213.14,223.33,629361.15466,268274,138524804.2175759,56,Greed,0.0,0.03485548302097135,0.5044192911553758,0.04646671135593256,13.352460543658871,greed,False,0.12,0.03485548302097135,0.5044192911553758
2020-02-08,223.36,227.75,213.22,223.05,548551.87465,257281,122069507.6551116,56,Greed,458.9534591333555,0.033542571698537305,0.46348244529952964,-0.001254536658109426,13.21503712970402,greed,False,0.12,0.033542571698537305,0.46348244529952964
2020-02-09,223.01,230.65,222.86,228.49,350336.24399,183735,79674647.0001999,56,Greed,0.0,0.03321402710426282,0.46156219301879287,0.024096484126179117,12.766648669405752,greed,False,0.12,0.03321402710426282,0.46156219301879287
2020-02-10,228.53,229.4,216.37,222.89,510415.49949,232617,113385288.9503017,57,Greed,94.44583624711764,0.03384175752027837,0.4834690631604185,-0.024814069482351556,13.14298037789098,greed,False,0.14,0.03384175752027837,0.4834690631604185
2020-02-11,222.89,239.15,218.17,236.69,595576.90276,250241,135863928.6243058,52,Neutral,211.37892879669295,0.03575679966605807,0.5026712354958957,0.06007289183861839,13.297285799254945,neutral,False,0.04,0.03575679966605807,0.5026712354958957
2020-02-12,236.69,275.34,236.69,265.74,1038073.74782,415316,266734296.5502973,61,Greed,0.0,0.04045633037659484,0.5792877620169224,0.11576711910644197,13.852877388180328,greed,False,0.22,0.04045633037659484,0.5792877620169224
2020-02-13,265.74,277.69,256.08,268.32,1089679.1537,422008,291533156.0916954,65,Greed,285.6246453154236,0.041221976997288926,0.5738763059131246,0.00966191091173689,13.901393856470897,greed,False,0.3,0.041221976997288926,0.5738763059131246
2020-02-14,268.34,287.15,260.28,285.15,734944.32266,309022,201120424.5832201,63,Greed,309.64563380395634,0.043063467544279005,0.5681946503226626,0.060835059527649074,13.507550023842692,greed,False,0.26,0.043063467544279005,0.5681946503226626
2020-02-15,285.11,288.41,261.86,264.88,860813.14274,348934,236287101.0986771,64,Greed,847.807559940174,0.04440799029527306,0.6700370015948252,-0.073738464363557,13.665632736326076,greed,False,0.28,0.04440799029527306,0.6700370015948252
2020-02-16,264.91,274.0,237.41,258.85,1110118.46395,416082,286269166.2814369,59,Greed,0.0,0.048047070394953095,0.6889896283684785,-0.02302814989108039,13.919977291873165,greed,False,0.18,0.048047070394953095,0.6889896283684785
2020-02-17,258.89,268.77,242.0,267.85,1110371.39094,417529,280371301.7549917,49,Neutral,827.4845847873434,0.04984094924531853,0.6894587663015854,0.0341783789790589,13.920205103759391,neutral,False,-0.02,0.04984094924531853,0.6894587663015854
2020-02-18,267.9,285.88,258.0,282.61,1115523.43992,431799,304162263.306139,53,Neutral,0.0,0.051562779002756756,0.6877273651684049,0.053640733001574015,13.924834305560895,neutral,False,0.06,0.051562779002756756,0.6877273651684049
2020-02-19,282.64,285.0,251.56,258.45,705973.72988,298048,191887955.7583483,50,Neutral,812.7507124321812,0.05285857615683486,0.7818686574496078,-0.08936560368649504,13.467333305981377,neutral,False,0.0,0.05285857615683486,0.7818686574496078
2020-02-20,258.44,264.33,245.34,256.96,972969.71691,373551,249383114.0110113,44,Fear,0.0,0.05321699768933898,0.77056618804611,-0.005781820883651541,13.788108237261394,fear,False,-0.12,0.05321699768933898,0.77056618804611
2020-02-21,256.97,268.24,253.61,265.27,525827.8734,214306,137848242.4279305,44,Fear,97.9275419279975,0.05361762413726774,0.7721597267931085,0.0318277444587201,13.172729201284046,fear,False,-0.12,0.05361762413726774,0.7721597267931085
2020-02-22,265.32,266.81,256.0,261.57,313062.52133,136810,81781388.3193534,43,Fear,328.32759752955235,0.05290421249423515,0.7799732137184174,-0.014046241109283649,12.65415819823333,fear,False,-0.14,0.05290421249423515,0.7799732137184174
2020-02-23,261.55,275.68,261.02,274.48,444740.82883,178464,120024058.9719663,46,Fear,0.0,0.05306928242679729,0.7869805478451193,0.04817646444236108,13.005246984359873,neutral,False,-0.08,0.05306928242679729,0.7869805478451193
2020-02-24,274.5,277.2,257.09,265.52,696591.72983,263161,185949182.7085807,46,Fear,428.1024121182891,0.053798756564911815,0.8046157820515344,-0.03318823113847527,13.453954764650051,neutral,False,-0.08,0.053798756564911815,0.8046157820515344
2020-02-25,265.47,266.22,244.44,246.67,774791.01027,277457,197442911.5447317,44,Fear,0.0,0.05340176643400431,0.834168862719454,-0.07363875645940655,13.560348607801822,fear,False,-0.12,0.05340176643400431,0.834168862719454
2020-02-26,246.67,250.32,215.66,223.93,1395879.41507,454355,324229460.6211602,41,Fear,0.0,0.0561707598313481,0.9030341353251097,-0.09671790793557251,14.1490351796839,fear,False,-0.18,0.0561707598313481,0.9030341353251097
2020-02-27,223.98,238.3,210.0,227.79,1273793.11658,415969,287322727.2967257,39,Fear,477.9774906451304,0.05822800775169065,0.8899720028225646,0.017090648876512047,14.057509713058044,fear,False,-0.22,0.05822800775169065,0.8899720028225646
2020-02-28,227.73,234.67,214.01,226.76,1054994.92397,347125,236064804.3345943,40,Fear,724.5363107160767,0.058866689670847884,0.8901575871887769,-0.00453196243714914,13.869046513477885,fear,False,-0.2,0.058866689670847884,0.8901575871887769
2020-02-29,226.76,233.0,217.0,217.21,546866.6851,211771,123635801.0178253,38,Fear,585.6270513993754,0.05945812678809869,0.8987297155584307,-0.043027561940500746,13.211960331589857,fear,False,-0.24,0.05945812678809869,0.8987297155584307
2020-03-01,217.29,227.89,212.36,217.81,715016.01941,265577,157064953.8422779,39,Fear,180.03045362960168,0.05969452813874648,0.8949841821887072,0.0027584956115343784,13.480060226194393,fear,False,-0.22,0.05969452813874648,0.8949841821887072
2020-03-02,217.81,234.4,216.07,231.97,810051.4833,258680,182948651.6764531,38,Fear,217.5645213100084,0.05942202345479701,0.8976819864302934,0.06298492983304228,13.604853084258423,fear,False,-0.24,0.05942202345479701,0.8976819864302934
2020-03-03,232.1,232.46,219.57,223.91,741498.54825,253103,168090325.5387924,38,Fear,434.37000143873627,0.05636565212743349,0.7908742929539754,-0.03536386755693175,13.516428482702509,fear,False,-0.24,0.05636565212743349,0.7908742929539754
2020-03-04,223.84,228.85,220.23,224.26,443780.33772,167247,99650220.5416208,40,Fear,282.85346834482925,0.05554553392742086,0.7889187650550571,0.0015619076294873923,13.003084984127824,fear,False,-0.2,0.05554553392742086,0.7889187650550571
2020-03-05,224.26,234.09,224.23,228.38,601479.87587,227242,138081898.2866681,41,Fear,0.0,0.05426447783117202,0.7525659721169332,0.018204815240767405,13.307148357261958,fear,False,-0.18,0.05426447783117202,0.7525659721169332
2020-03-06,228.38,245.16,227.33,244.88,628147.3257,234091,148563741.8329924,39,Fear,0.0,0.05365877565861756,0.7664043750670797,0.06975738636365515,13.350530013000911,fear,False,-0.22,0.05365877565861756,0.7664043750670797
2020-03-07,244.93,251.93,236.0,237.23,633748.89662,238113,154037325.6113068,38,Fear,0.0,0.050849614892902864,0.7698994310613347,-0.0317381599628838,13.359408092852483,fear,False,-0.24,0.050849614892902864,0.7698994310613347
2020-03-08,237.23,237.23,195.5,199.43,1278973.53741,412787,277970187.8682601,33,Fear,0.0,0.05533698688112541,0.9613312218612334,-0.17356683710914297,14.061568390284389,fear,False,-0.34,0.05533698688112541,0.9613312218612334
2020-03-09,199.43,208.62,190.0,202.81,1661331.83553,473504,332570408.5351529,17,Extreme Fear,0.0,0.0550447253094528,0.9351104213539925,0.016806282600910508,14.323130149213895,extreme_fear,True,-0.66,0.0550447253094528,0.9351104213539925
2020-03-10,202.79,206.2,195.54,200.7,1020260.107,332398,205536190.1939392,16,Extreme Fear,338.3986357769588,0.05291336963744126,0.8947376213184143,-0.010458324363748411,13.835568159614475,extreme_fear,True,-0.68,0.05291336963744126,0.8947376213184143
2020-03-11,200.74,203.18,181.73,194.61,1079824.90167,344156,208232375.1862015,17,Extreme Fear,0.0,0.05407468606193894,0.8966011551341845,-0.030813699909218565,13.89230945787289,extreme_fear,True,-0.66,0.05407468606193894,0.8966011551341845
2020-03-12,194.61,195.55,101.2,107.82,3814533.14046,937284,548668262.2347234,14,Extreme Fear,0.0,0.1034036680365692,2.220237680823439,-0.5905343858695511,15.154328840496701,extreme_fear,True,-0.72,0.1034036680365692,2.220237680823439
2020-03-13,107.67,139.68,86.0,134.06,4663239.92861,1199923,560710331.8421754,10,Extreme Fear,0.0,0.12208015134463578,2.407769732205588,0.21782429090628908,15.355221028168241,extreme_fear,True,-0.8,0.12208015134463578,2.407769732205588
2020-03-14,134.06,134.68,120.0,122.54,1237674.88642,398146,159192895.5526197,8,Extreme Fear,326.90668515220597,0.12284101263927859,2.3955473151025988,-0.08984995363230312,14.028745085799514,extreme_fear,True,-0.84,0.12284101263927859,2.3955473151025988
2020-03-15,122.54,133.5,120.16,123.78,1312950.90137,346579,163436235.2690902,12,Extreme Fear,984.2978583551045,0.12323757228769083,2.4021675063148105,0.010068289013706901,14.087787758351174,extreme_fear,True,-0.76,0.12323757228769083,2.4021675063148105
2020-03-16,123.82,124.33,101.1,111.02,2442064.14448,663277,270353891.8050036,9,Extreme Fear,0.0,0.1258076774485587,2.4122747827619473,-0.10879543104920024,14.708354200498638,extreme_fear,True,-0.82,0.1258076774485587,2.4122747827619473
2020-03-17,111.02,120.8,109.38,115.67,1295108.4848,378258,150800664.0719546,8,Extreme Fear,545.618082954417,0.12491940349724323,2.4188019416931326,0.04103094404529498,14.074105021653425,extreme_fear,True,-0.84,0.12491940349724323,2.4188019416931326
2020-03-18,115.67,118.5,109.86,118.11,1201850.31275,346312,137550912.0855171,11,Extreme Fear,617.0190595729907,0.12417724540147067,2.4198790710733227,0.020875084316445632,13.999372854500596,extreme_fear,True,-0.78,0.12417724540147067,2.4198790710733227
2020-03-19,118.11,143.13,115.46,136.3,1801071.18816,489147,231626928.1607049,12,Extreme Fear,0.0,0.1268822719973158,2.49838520844791,0.14324194507873111,14.403892150395244,extreme_fear,True,-0.76,0.1268822719973158,2.49838520844791
2020-03-20,136.3,152.55,116.74,133.48,2504057.63799,707216,345856006.7477989,9,Extreme Fear,1555.2557754508475,0.13152445050313025,2.4975550014169148,-0.020906684819313827,14.733423029303822,extreme_fear,True,-0.82,0.13152445050313025,2.4975550014169148
2020-03-21,133.49,137.49,125.69,132.66,1231842.11121,401288,162468451.7723149,9,Extreme Fear,353.5730395258728,0.1317347774499546,2.496471498548189,-0.006162189785763301,14.024021258377468,extreme_fear,True,-0.82,0.1317347774499546,2.496471498548189
2020-03-22,132.63,137.13,121.1,122.32,1055699.86532,337273,135927941.0795197,11,Extreme Fear,636.6742267328319,0.13233733145109572,2.4816384958423936,-0.08114890247660304,13.869714484403657,extreme_fear,True,-0.78,0.13233733145109572,2.4816384958423936
2020-03-23,122.31,137.5,119.5,135.92,1436796.12449,416820,184851609.124269,10,Extreme Fear,1137.0440645873432,0.13345222343107982,2.5289750796480397,0.10542591574286976,14.177926279206,extreme_fear,True,-0.8,0.13345222343107982,2.5289750796480397
2020-03-24,135.89,143.36,132.2,138.42,1244377.16334,381573,171156363.6923024,12,Extreme Fear,0.0,0.13379595213348325,2.5319828426519226,0.01822606405004066,14.034145692294315,extreme_fear,True,-0.76,0.13379595213348325,2.5319828426519226
2020-03-25,138.42,142.33,132.54,136.1,1034248.74369,317580,141795323.026871,13,Extreme Fear,648.6151490284229,0.13401322860155435,2.5272605443977714,-0.016902631756296835,13.849185869616612,extreme_fear,True,-0.74,0.13401322860155435,2.5272605443977714
2020-03-26,136.11,139.74,133.26,138.4,751060.63102,248508,101918769.6722933,14,Extreme Fear,346.86919143435586,0.13378110065648197,2.507585010053157,0.016758133526148893,13.529241661202528,extreme_fear,True,-0.72,0.13378110065648197,2.507585010053157
2020-03-27,138.4,141.27,129.68,131.33,706948.54559,224835,96581886.8789469,12,Extreme Fear,296.60125080054013,0.1339872702545154,2.5090118668865613,-0.05243480358650061,13.468713163715373,extreme_fear,True,-0.76,0.1339872702545154,2.5090118668865613
2020-03-28,131.33,132.97,124.88,130.98,896032.10594,274768,115166651.9700742,8,Extreme Fear,0.0,0.13171420742708237,2.451599269105441,-0.002668599807161183,13.70573152383742,extreme_fear,True,-0.84,0.13171420742708237,2.451599269105441
2020-03-29,130.94,131.84,123.81,124.5,543997.0,182914,69434202.2054717,12,Extreme Fear,421.10060530878326,0.13138578583684846,2.449499675960807,-0.050738923885145136,13.20669901111699,extreme_fear,True,-0.76,0.13138578583684846,2.449499675960807
2020-03-30,124.47,135.42,124.06,132.06,764831.92747,241576,100271145.862563,10,Extreme Fear,439.0432433511184,0.1317188213515515,2.467066290577574,0.058950648861662916,13.547411386016915,extreme_fear,True,-0.8,0.1317188213515515,2.467066290577574
2020-03-31,132.09,135.0,130.38,132.72,547669.27789,172692,72618183.4805954,12,Extreme Fear,160.9291927573048,0.13094744230028002,2.4684359369030733,0.004985281115763737,13.213426876246197,extreme_fear,True,-0.76,0.13094744230028002,2.4684359369030733
2020-04-01,132.72,136.99,128.62,135.69,680922.24747,199637,90063924.2303974,12,Extreme Fear,216.72057969116275,0.09692234415047372,1.239556446642695,0.022131226275672357,13.431203404560433,extreme_fear,True,-0.76,0.09692234415047372,1.239556446642695
2020-04-02,135.65,149.76,135.01,141.28,1138977.66114,314519,159989506.6049454,14,Extreme Fear,0.0,0.07311443671447107,0.9808377282749771,0.040370864697788396,13.94564162954164,extreme_fear,True,-0.72,0.07311443671447107,0.9808377282749771
2020-04-03,141.27,146.72,137.26,141.31,797546.11446,239800,113731706.7149998,14,Extreme Fear,472.4595185526704,0.07201131691258517,0.918327073944874,0.00021232173900503587,13.589294935743702,extreme_fear,True,-0.72,0.07201131691258517,0.918327073944874
2020-04-04,141.3,146.28,138.88,144.1,573508.14086,178768,81640622.8284323,12,Extreme Fear,430.4273168497385,0.07095319357218612,0.9193464505185515,0.019551444410821524,13.259527410498764,extreme_fear,True,-0.76,0.07095319357218612,0.9193464505185515
2020-04-05,144.1,145.58,140.68,142.68,414987.45246,134223,59383946.1274414,12,Extreme Fear,248.02120823975548,0.06545261372710183,0.8143019154027271,-0.009903142514785501,12.936003563719602,extreme_fear,True,-0.76,0.06545261372710183,0.8143019154027271
2020-04-06,142.69,172.0,142.6,171.32,1636338.7311,432858,257097597.7838753,12,Extreme Fear,0.0,0.06884663741166569,1.0119345815353857,0.1829287922564794,14.30797182306291,extreme_fear,True,-0.76,0.06884663741166569,1.0119345815353857
2020-04-07,171.32,176.22,162.22,164.63,1717962.82538,446557,292710722.5822484,20,Extreme Fear,0.0,0.06899330807590807,1.0336626052993694,-0.03983262108723979,14.356649742980235,extreme_fear,True,-0.6,0.06899330807590807,1.0336626052993694
2020-04-08,164.62,174.48,163.59,173.11,1023575.92076,287799,173916484.7861551,21,Extreme Fear,534.1181065798628,0.06326685220989019,0.9300600330608949,0.05022669892870782,13.838812858919173,extreme_fear,True,-0.58,0.06326685220989019,0.9300600330608949
2020-04-09,173.15,173.38,165.19,169.52,719837.24423,212541,122531131.9559583,22,Extreme Fear,389.70809736976605,0.0524793428591877,0.930083307079026,-0.020956316628594582,13.486780415758602,extreme_fear,True,-0.56,0.0524793428591877,0.930083307079026
2020-04-10,169.56,170.1,152.11,157.81,1314841.362,323430,209535613.3236714,15,Extreme Fear,0.0,0.05323731987722643,0.9748878540082514,-0.07157913620000234,14.089226579054385,extreme_fear,True,-0.7,0.05323731987722643,0.9748878540082514
2020-04-11,157.81,161.37,153.91,158.33,621599.61289,168046,98275533.0626367,15,Extreme Fear,231.9449191895356,0.050950238249853445,0.9159911075699088,0.0032896847533014973,13.340051455271546,extreme_fear,True,-0.7,0.050950238249853445,0.9159911075699088
2020-04-12,158.33,164.78,155.0,158.59,809100.24594,223429,129919934.4437653,10,Extreme Fear,220.00774456648907,0.048046075267340685,0.8485500024904378,0.001640792997166627,13.603678101763256,extreme_fear,True,-0.8,0.048046075267340685,0.8485500024904378
2020-04-13,158.56,158.97,150.0,156.29,1042091.03622,255965,160423270.303715,11,Extreme Fear,0.0,0.04744274273757037,0.8511549192668515,-0.01460899965640739,13.856739864293012,extreme_fear,True,-0.78,0.04744274273757037,0.8511549192668515
2020-04-14,156.28,161.85,155.23,158.45,698030.65089,178490,110710086.104009,15,Extreme Fear,0.0,0.046804713831783744,0.8471243112328242,0.013725830282827443,13.456018293230242,extreme_fear,True,-0.7,0.046804713831783744,0.8471243112328242
2020-04-15,158.46,161.29,152.0,152.73,729119.66505,186226,114640840.1155165,18,Extreme Fear,235.60335084329915,0.04704774161916025,0.8606502568490411,-0.03676742955457538,13.499593147108204,extreme_fear,True,-0.64,0.04704774161916025,0.8606502568490411
2020-04-16,152.74,174.79,148.33,172.29,1647207.59991,389854,273639160.0693875,13,Extreme Fear,250.84944585610378,0.05066791528916672,0.9243526580963374,0.12050744696196056,14.314592048520673,extreme_fear,True,-0.74,0.05066791528916672,0.9243526580963374
2020-04-17,172.31,174.96,168.31,170.69,723537.75591,191289,123553456.3196786,15,Extreme Fear,85.45554473064364,0.05023207653074498,0.9262056835580449,-0.009330057768073236,13.491908008778466,extreme_fear,True,-0.7,0.05023207653074498,0.9262056835580449
2020-04-18,170.61,189.54,170.48,187.4,1127296.36979,286172,203132211.9564091,18,Extreme Fear,0.0,0.051522857663168456,0.9354171216344701,0.0933963240280803,13.935332730757766,extreme_fear,True,-0.64,0.051522857663168456,0.9354171216344701
2020-04-19,187.4,188.35,175.75,180.03,995759.5775,270668,181415813.5026948,16,Extreme Fear,497.5373872746965,0.05101592050288196,0.9473595008225053,-0.04012186613479064,13.811261119375741,extreme_fear,True,-0.68,0.05101592050288196,0.9473595008225053
2020-04-20,180.02,186.46,166.7,170.2,1547821.52737,365589,273854539.803801,15,Extreme Fear,231.41317186699314,0.052981665033702885,0.980623471793925,-0.05614928753025744,14.252359034088489,extreme_fear,True,-0.7,0.052981665033702885,0.980623471793925
2020-04-21,170.21,174.7,168.0,170.74,906381.65398,228262,155292048.4357902,17,Extreme Fear,160.05315808337667,0.05256383098601685,0.9804472681127007,0.0031677154428867106,13.71721574795711,extreme_fear,True,-0.66,0.05256383098601685,0.9804472681127007
2020-04-22,170.73,184.0,169.78,182.7,988698.39076,246896,176079076.9274995,19,Extreme Fear,0.0,0.051824216208961923,0.9958065800433402,0.06770353180180066,13.804144600251655,extreme_fear,True,-0.62,0.051824216208961923,0.9958065800433402
2020-04-23,182.7,193.63,178.16,185.51,1457867.08713,363772,270862911.3685654,19,Extreme Fear,0.0,0.0522558792062015,0.9947047112814842,0.015263325566320774,14.19248502630478,extreme_fear,True,-0.62,0.0522558792062015,0.9947047112814842
2020-04-24,185.57,189.8,184.72,187.59,780904.21257,222074,146419748.0816482,20,Extreme Fear,104.0080116598333,0.0519167725287757,0.9944858944851243,0.011149941297034477,13.568207774142556,extreme_fear,True,-0.6,0.0519167725287757,0.9944858944851243
2020-04-25,187.6,198.36,185.76,194.21,866478.04928,244755,167703202.4250513,24,Extreme Fear,0.0,0.05245839608387517,0.993347704496495,0.03468131759004386,13.672192055191417,extreme_fear,True,-0.52,0.05245839608387517,0.993347704496495
2020-04-26,194.21,200.0,192.3,197.38,758525.81533,228826,148433709.7771867,21,Extreme Fear,63.0897113278787,0.04632510339643484,0.7721029376420845,0.016190756906501114,13.539132111904806,extreme_fear,True,-0.58,0.04632510339643484,0.7721029376420845
2020-04-27,197.39,199.05,189.29,196.34,896627.37271,238341,174775637.9272757,28,Fear,211.28557809945892,0.04547551549856688,0.7537832271407945,-0.005282954479485703,13.706395639693184,fear,False,-0.44,0.04547551549856688,0.7537832271407945
2020-04-28,196.33,198.5,192.36,196.24,636829.89397,183819,124476041.8893834,26,Fear,217.53169953719356,0.04484334080039838,0.7381596070539163,-0.0005094503141414406,13.36425785645884,fear,False,-0.48,0.04484334080039838,0.7381596070539163
2020-04-29,196.24,218.77,196.22,215.36,1620422.72431,445147,338324593.6372917,26,Fear,0.0,0.04671306564318793,0.7912916206630654,0.09297264650612909,14.298197614101502,fear,False,-0.48,0.04671306564318793,0.7912916206630654
2020-04-30,215.4,227.3,202.0,206.08,1749691.00151,557268,374893029.7743084,44,Fear,324.9525290662624,0.04698816259158286,0.7580744863424944,-0.044046603540374145,14.374949759743565,fear,False,-0.12,0.04698816259158286,0.7580744863424944
2020-05-01,206.07,217.14,205.91,212.02,794913.95828,291365,168339123.3579139,40,Fear,275.15754533017827,0.047099261534164175,0.7589009980210272,0.028416166928962833,13.585989159200718,fear,False,-0.2,0.047099261534164175,0.7589009980210272
2020-05-02,212.01,215.37,210.36,213.9,443494.67248,185802,94389501.5178164,40,Fear,120.286439084087,0.04648459469844199,0.7577010772110293,0.008828006243408303,13.002441068213173,fear,False,-0.2,0.04648459469844199,0.7577010772110293
2020-05-03,213.89,219.3,203.92,209.86,748383.91311,268841,158874887.0783411,45,Fear,89.67771572889009,0.04685436366448149,0.7601702355513087,-0.019067974358594923,13.525671378108292,fear,False,-0.1,0.04685436366448149,0.7601702355513087
2020-05-04,209.86,210.65,194.88,206.48,1114249.32658,349701,225451167.6553683,44,Fear,0.0,0.0476767623154274,0.768097618503884,-0.016237086319406596,13.923691486437967,fear,False,-0.12,0.0476767623154274,0.768097618503884
2020-05-05,206.47,211.68,201.0,205.29,640644.66268,246124,131906204.907813,40,Fear,260.0144656173304,0.04751781078930894,0.7489785964704282,-0.005779941777842336,13.370230233801793,fear,False,-0.2,0.04751781078930894,0.7489785964704282
2020-05-06,205.3,210.77,197.71,198.97,862700.67849,271299,178157452.6008412,42,Fear,338.3701388581067,0.04296316813510755,0.6523716169696617,-0.03126955404135943,13.667823071537063,fear,False,-0.16,0.04296316813510755,0.6523716169696617
2020-05-07,198.92,215.1,196.43,212.0,1305778.73764,380313,271197927.6650278,49,Neutral,489.25183017176613,0.04435568086526626,0.6785241483006277,0.0634322150808559,14.082310154587857,neutral,False,-0.02,0.04435568086526626,0.6785241483006277
2020-05-08,212.01,216.61,206.9,211.31,917908.1944,262122,194579529.4277633,55,Greed,94.8831658370725,0.042459398693293786,0.6053367988421036,-0.0032600250931766636,13.729852658501466,neutral,False,0.1,0.042459398693293786,0.6053367988421036
2020-05-09,211.32,214.6,208.4,210.07,587871.98073,194059,124626471.4270353,56,Greed,206.87366365156126,0.041615436175076,0.5825045233810875,-0.005885441071246809,13.28426448332942,greed,False,0.12,0.041615436175076,0.5825045233810875
2020-05-10,210.09,210.18,179.59,187.54,1473226.05475,426358,278394290.7597346,48,Neutral,0.0,0.04417792492225489,0.6911955759421889,-0.11344865251611,14.202965149216638,neutral,False,-0.04,0.04417792492225489,0.6911955759421889
2020-05-11,187.62,193.5,176.0,185.73,1093299.81927,303669,203391530.2061739,40,Fear,148.81199024904637,0.04567447297607053,0.6931171988148547,-0.009698149792228617,13.904711038115693,fear,False,-0.2,0.04567447297607053,0.6931171988148547
2020-05-12,185.8,192.24,185.48,189.76,669755.79567,193978,126810812.1681708,39,Fear,157.7424496497225,0.04463855656243144,0.65534013172325,0.02146610961011009,13.414668440852056,fear,False,-0.22,0.04463855656243144,0.65534013172325
2020-05-13,189.77,201.0,188.35,199.58,806143.00704,212710,156637596.3649246,41,Fear,0.0,0.04408815133949962,0.6764273664458804,0.050455042646805885,13.600016433839594,fear,False,-0.18,0.04408815133949962,0.6764273664458804
2020-05-14,199.61,206.02,195.67,203.29,1114700.24937,285245,224233786.1267099,40,Fear,0.0,0.04447924154010193,0.6779857224031313,0.01841837257680612,13.924096092088105,fear,False,-0.2,0.04447924154010193,0.6779857224031313
2020-05-15,203.29,204.08,191.66,194.86,904749.6357,230721,179634085.6227692,44,Fear,216.9163088332048,0.044405274628613246,0.6868614738250446,-0.04235217903577746,13.715413538773241,fear,False,-0.12,0.044405274628613246,0.6868614738250446
2020-05-16,194.87,203.5,193.21,200.45,669900.03754,174447,134060788.4941839,41,Fear,450.55135084353645,0.04463838137558332,0.6919257497532035,0.02828348709132059,13.414883782534572,fear,False,-0.18,0.04463838137558332,0.6919257497532035
2020-05-17,200.44,209.85,199.68,207.0,708711.89315,180088,145341278.6813549,40,Fear,0.0,0.04462628753562857,0.7002912004146125,0.03215395417685316,13.47120436629998,fear,False,-0.2,0.04462628753562857,0.7002912004146125
2020-05-18,207.02,217.07,207.0,214.91,1064139.2485,249528,226789027.1500804,50,Neutral,0.0,0.04488198093432073,0.7109378865983367,0.037500542571745524,13.877676812971025,neutral,False,0.0,0.04488198093432073,0.7109378865983367
2020-05-19,214.92,215.95,209.45,214.58,643702.98849,186027,136846948.5568056,50,Neutral,216.84490819376626,0.04263595190146784,0.6295132524081061,-0.0015367066285144793,13.37499270070509,neutral,False,0.0,0.04263595190146784,0.6295132524081061
2020-05-20,214.6,215.75,204.27,209.98,679532.61037,195172,143704806.1752408,52,Neutral,169.83582027070003,0.04025698458106785,0.6136441228218487,-0.021670341121805062,13.429160503136266,neutral,False,0.04,0.04025698458106785,0.6136441228218487
2020-05-21,209.99,211.64,191.71,198.74,1003923.4342,258415,203445710.9628449,49,Neutral,0.0,0.041787228938872004,0.635177619643641,-0.05501485028357788,13.81942631556884,neutral,False,-0.02,0.041787228938872004,0.635177619643641
2020-05-22,198.72,209.19,196.24,207.36,787672.36081,217659,159972608.5341661,42,Fear,454.98300405228156,0.042542069506496034,0.6545704430009167,0.042458975360692604,13.576837496603032,fear,False,-0.16,0.042542069506496034,0.6545704430009167
2020-05-23,207.36,211.2,204.55,206.6,478559.92006,150729,99461068.1046647,40,Fear,0.0,0.041628585532155114,0.6513799656908633,-0.0036718564783718424,13.078536706820966,fear,False,-0.2,0.041628585532155114,0.6513799656908633
2020-05-24,206.6,210.55,199.5,199.9,673535.05784,204534,138917619.2336207,43,Fear,137.51738155912483,0.0409408572917807,0.6593034833705362,-0.03296731517918375,13.420295326692385,fear,False,-0.14,0.0409408572917807,0.6593034833705362
2020-05-25,199.9,205.67,198.01,204.15,469931.62492,171792,95411610.7976347,41,Fear,109.23068981606208,0.04066693006944084,0.6639149875872968,0.02103777625923049,13.060342484209544,fear,False,-0.18,0.04066693006944084,0.6639149875872968
2020-05-26,204.22,205.0,196.9,200.89,477176.7353,167702,96116808.8580913,39,Fear,284.68874546281273,0.04011633003025098,0.6566664928929464,-0.016097523191526842,13.075642215502787,fear,False,-0.22,0.04011633003025098,0.6566664928929464
2020-05-27,200.92,208.44,200.76,208.29,494816.72727,167619,101445351.0256632,39,Fear,0.0,0.038549504009679866,0.628533654035877,0.036173844859233764,13.111942725052742,fear,False,-0.22,0.038549504009679866,0.628533654035877
2020-05-28,208.29,220.5,204.67,220.21,643945.97769,219160,136361627.3464155,41,Fear,0.0,0.03934742990619651,0.6595960976345729,0.055650297084809126,13.375370115993364,fear,False,-0.18,0.03934742990619651,0.6595960976345729
2020-05-29,220.24,224.79,217.57,220.67,603058.0759,217959,133220045.4954706,48,Neutral,0.0,0.039394677783538265,0.6589286644560955,0.002086736376888281,13.309768782680282,neutral,False,-0.04,0.039394677783538265,0.6589286644560955
2020-05-30,220.63,247.0,218.8,243.66,1019550.75146,341862,238678839.8093044,48,Neutral,0.0,0.03702477547123955,0.5915340856998385,0.09910543803127221,13.834872648493281,neutral,False,-0.04,0.03702477547123955,0.5915340856998385
2020-05-31,243.71,245.39,229.58,231.57,821608.68884,320066,194867426.2941862,51,Neutral,412.4845476195458,0.03589943644027986,0.6294389393427405,-0.050891607296389266,13.619019513051763,neutral,False,0.02,0.03589943644027986,0.6294389393427405
2020-06-01,231.56,250.68,230.66,248.23,823816.69936,318497,198791911.8470442,50,Neutral,450.67955758065574,0.03729062845917623,0.6622110520558797,0.06947353210232725,13.621703331912432,neutral,False,0.0,0.03729062845917623,0.6622110520558797
2020-06-02,248.23,253.8,225.0,237.71,955520.91863,355417,230680327.3092915,56,Greed,626.5376775789302,0.039699009463418214,0.6761675621784549,-0.0433042924150342,13.770011935285195,greed,False,0.12,0.039699009463418214,0.6761675621784549
2020-06-03,237.71,245.0,232.71,244.52,502928.13371,213792,120179301.1789864,48,Neutral,254.31233554258517,0.03969717239727833,0.6789270412338186,0.0282456618433596,13.128202563546193,neutral,False,-0.04,0.03969717239727833,0.6789270412338186
2020-06-04,244.54,246.6,236.0,243.21,669369.3392,253226,162460397.6276741,54,Neutral,234.02039696341373,0.03923747673226135,0.6538885467423345,-0.005371837492799228,13.41409126330432,neutral,False,0.08,0.03923747673226135,0.6538885467423345
2020-06-05,243.22,247.87,239.14,240.03,502547.41103,205337,122084004.5169755,53,Neutral,184.36254176260599,0.038912848968672885,0.6559742343754493,-0.013161352137583198,13.127445264773115,neutral,False,0.06,0.038912848968672885,0.6559742343754493
2020-06-06,240.04,244.7,237.83,241.94,389423.07798,161709,93979350.8126339,54,Neutral,107.18035348729089,0.03852700917837372,0.6502493127979971,0.007925846001559931,12.872421635649468,neutral,False,0.08,0.03852700917837372,0.6502493127979971
2020-06-07,241.94,245.37,234.6,244.56,571102.55515,226478,137165732.6476166,54,Neutral,199.6792281553562,0.038470409658513186,0.6409108127970987,0.01077091605087696,13.255324078728044,neutral,False,0.08,0.038470409658513186,0.6409108127970987
2020-06-08,244.57,247.7,240.59,246.4,383116.54719,159981,93355224.9683087,53,Neutral,0.0,0.03845029102687752,0.6402172700046589,0.00749555407678571,12.856094522629878,neutral,False,0.06,0.03845029102687752,0.6402172700046589
2020-06-09,246.37,249.82,238.0,243.8,420327.17133,185974,102374504.5738972,52,Neutral,194.98791648291933,0.038299839936022914,0.6348482530486518,-0.010608014612193545,12.948788666369746,neutral,False,0.04,0.038299839936022914,0.6348482530486518
2020-06-10,243.79,250.28,242.0,247.78,431285.61715,185330,105797248.2474257,54,Neutral,209.82975898300393,0.03620617374086372,0.5906783276141769,0.016193038640421677,12.974525834410054,neutral,False,0.08,0.03620617374086372,0.5906783276141769
2020-06-11,247.78,250.09,226.2,230.51,816456.89161,312655,195063781.2764491,52,Neutral,114.12208678434453,0.037669992976430325,0.6473380699035445,-0.07224701024400662,13.612729393440388,neutral,False,0.04,0.037669992976430325,0.6473380699035445
2020-06-12,230.46,239.38,228.19,237.55,446515.34124,181977,105069425.0901067,38,Fear,261.4340003722659,0.03797237102721227,0.6522096039323666,0.030083882189344102,13.009229037588618,fear,False,-0.24,0.03797237102721227,0.6522096039323666
2020-06-13,237.55,238.73,234.66,238.11,253797.7809,134555,60087772.6524653,38,Fear,72.29441732548398,0.03734734658248754,0.6353493936465229,0.0023546241379635777,12.444293090725381,fear,False,-0.24,0.03734734658248754,0.6353493936465229
2020-06-14,238.13,238.59,229.83,231.77,304943.21188,158093,71575514.0802726,40,Fear,76.68565253406295,0.03733736146435756,0.6458098953237212,-0.02698725115642562,12.627880847696558,fear,False,-0.2,0.03733736146435756,0.6458098953237212
2020-06-15,231.74,233.55,218.27,230.86,875026.92057,308126,197907504.7787736,37,Fear,0.0,0.03804384393771843,0.6416335504119587,-0.003934034427702026,13.68200993123219,fear,False,-0.26,0.03804384393771843,0.6416335504119587
2020-06-16,230.86,236.0,228.7,235.3,499194.66758,188136,116456364.2312683,39,Fear,0.0,0.03794367623060696,0.6341253882584142,0.019049829546550583,13.120751414049213,fear,False,-0.22,0.03794367623060696,0.6341253882584142
2020-06-17,235.31,237.3,227.65,233.82,478187.2917,189653,111415059.0562623,38,Fear,254.67990372526918,0.03702318965902805,0.6074880816064071,-0.00630970715464397,13.077757758370923,fear,False,-0.24,0.03702318965902805,0.6074880816064071
2020-06-18,233.82,234.65,227.93,231.27,334347.79917,145815,77542070.3332709,40,Fear,221.08622623594982,0.03696920926378397,0.6095113406329906,-0.010965729439392263,12.719937045046821,fear,False,-0.2,0.03696920926378397,0.6095113406329906
2020-06-19,231.26,231.95,226.74,229.0,397284.59808,160682,91117706.1551394,39,Fear,62.58261987061177,0.03333155456444934,0.4913569051851905,-0.009863855585040906,12.892408174577554,fear,False,-0.22,0.03333155456444934,0.4913569051851905
2020-06-20,229.0,230.85,225.62,228.89,303704.98826,129778,69343699.9095483,38,Fear,111.01957295035103,0.03225647114373849,0.45776332137142767,-0.0004804647496826767,12.623812075857794,fear,False,-0.24,0.03225647114373849,0.45776332137142767
2020-06-21,228.88,231.49,227.11,228.04,256305.23734,109238,58868166.5061044,37,Fear,100.16399935106847,0.030366583094744628,0.3755428468877626,-0.0037204866411758575,12.45412434655618,fear,False,-0.26,0.030366583094744628,0.3755428468877626
2020-06-22,228.03,246.89,227.51,243.13,749030.11114,256688,178707156.1893139,38,Fear,10.68119479718815,0.027946844435704624,0.41838959514729746,0.06407522755056082,13.526534463480338,fear,False,-0.24,0.027946844435704624,0.41838959514729746
2020-06-23,243.11,244.87,240.75,243.14,442296.31477,172649,107457002.5246246,41,Fear,42.06707493269089,0.02717449771692814,0.4059361009999674,4.112941370607536e-05,12.999735331852456,fear,False,-0.18,0.02717449771692814,0.4059361009999674
2020-06-24,243.15,249.24,231.07,234.58,921634.0534,289888,220763040.4337494,50,Neutral,45.35243731002018,0.02840724861169198,0.4249639041159162,-0.03584072803428882,13.733903518544938,neutral,False,0.0,0.02840724861169198,0.4249639041159162
2020-06-25,234.57,235.39,227.56,232.5,613748.59348,192323,142697463.3801044,43,Fear,0.0,0.028362411529090453,0.4237225968900651,-0.00890645606594809,13.327340666405961,fear,False,-0.14,0.028362411529090453,0.4237225968900651
2020-06-26,232.49,233.61,227.75,229.64,628340.07007,192182,144805505.1915824,40,Fear,204.6401039720174,0.028309734743603977,0.4238017069135684,-0.012377359727975035,13.35083681173548,fear,False,-0.2,0.028309734743603977,0.4238017069135684
2020-06-27,229.66,231.42,216.0,220.94,645950.61438,207051,145264632.2638192,43,Fear,0.0,0.02916945720488239,0.43910933481032244,-0.038621693855306935,13.378478331514243,fear,False,-0.14,0.02916945720488239,0.43910933481032244
2020-06-28,220.94,227.96,218.32,224.93,444766.56881,144728,99423540.1393194,40,Fear,299.79879943424436,0.029482688924729224,0.44457863993985175,0.01789807124407853,13.005304859044392,fear,False,-0.2,0.029482688924729224,0.44457863993985175
2020-06-29,224.89,229.96,221.26,227.93,597915.52242,183558,134510531.1976673,41,Fear,144.2071004392647,0.029217890132179954,0.44832268134077474,0.013249321582838747,13.30120475609748,fear,False,-0.18,0.029217890132179954,0.44832268134077474
2020-06-30,227.98,228.7,222.91,225.6,415036.02977,143612,93802207.2735736,44,Fear,187.02153880555505,0.029071162144147174,0.4428184992538132,-0.010275044647142581,12.9361206141672,fear,False,-0.12,0.029071162144147174,0.4428184992538132
2020-07-01,225.59,232.71,224.16,230.99,517351.58865,176455,118322932.8549573,42,Fear,56.70850658368394,0.026241467583639374,0.3742758734061987,0.023610899917558843,13.156477977773525,fear,False,-0.16,0.026241467583639374,0.3742758734061987
2020-07-02,230.99,232.01,222.87,226.46,592485.91115,210294,134976975.123197,42,Fear,282.90938947010875,0.026007975855232186,0.3629995425276497,-0.01980609065556911,13.292082373058918,fear,False,-0.16,0.026007975855232186,0.3629995425276497
2020-07-03,226.46,228.13,223.97,224.87,314578.5004,139167,71286978.5035675,41,Fear,96.88327421348065,0.026022880506462776,0.3629033992461878,-0.007045871437151933,12.658988927792363,fear,False,-0.18,0.026022880506462776,0.3629033992461878
2020-07-04,224.86,230.71,224.43,229.17,307726.46593,134338,69899468.2799188,40,Fear,85.02041694795521,0.025800997829231176,0.35900406284305836,0.01894162877263628,12.6369665697335,fear,False,-0.2,0.025800997829231176,0.35900406284305836
2020-07-05,229.24,229.85,223.05,227.56,355747.12006,152077,80528660.6191943,38,Fear,169.4820841092467,0.02448246616471013,0.35956198741734363,-0.007050146338931328,12.781975420515256,fear,False,-0.24,0.02448246616471013,0.35956198741734363
2020-07-06,227.54,242.0,226.93,241.6,864817.507,268187,203334727.8501395,40,Fear,0.0,0.02561519702208551,0.41435021977659997,0.05986952617821327,13.670273789089277,fear,False,-0.2,0.02561519702208551,0.41435021977659997
2020-07-07,241.6,243.77,234.4,239.39,600424.97209,213589,143122828.3751188,43,Fear,89.76009680731384,0.02554920577442255,0.4151788820978163,-0.009189444903626248,13.305392970298222,fear,False,-0.14,0.02554920577442255,0.4151788820978163
2020-07-08,239.39,248.88,237.78,246.95,958185.83708,309582,233460700.7551814,44,Fear,5.016524326629313,0.025982226070162744,0.42557483331919593,0.03109186582960024,13.772797022566339,fear,False,-0.12,0.025982226070162744,0.42557483331919593
2020-07-09,246.94,247.9,237.88,241.98,647641.58291,243580,157541370.0048182,44,Fear,383.5438404454925,0.026390677439796256,0.43144379287507967,-0.02033080887330209,13.381092709517892,fear,False,-0.12,0.026390677439796256,0.43144379287507967
2020-07-10,241.97,242.16,235.72,241.26,455025.12385,181124,108806462.4650965,41,Fear,0.0,0.02645939173974232,0.4317836062410002,-0.0029798879760941236,13.028107913661419,fear,False,-0.18,0.02645939173974232,0.4317836062410002
2020-07-11,241.27,241.67,237.54,239.19,294476.00626,140265,70548557.6778391,44,Fear,121.68265052194789,0.026436285178465652,0.43308686391996976,-0.00861697495472381,12.592952805953331,fear,False,-0.12,0.026436285178465652,0.43308686391996976
2020-07-12,239.19,244.0,236.52,242.79,469315.1172,201729,112487552.4340124,41,Fear,107.50289249255182,0.02440989345515473,0.37091822755979353,0.014938656993206505,13.059029713494688,fear,False,-0.18,0.02440989345515473,0.37091822755979353
2020-07-13,242.76,245.33,237.33,239.5,604093.04245,240032,146193291.9106761,43,Fear,215.08524606943777,0.024707717989723457,0.37403151894163855,-0.01364345532475022,13.311483508844816,fear,False,-0.14,0.024707717989723457,0.37403151894163855
2020-07-14,239.5,242.09,237.0,240.44,426320.89188,172704,102105027.1319308,43,Fear,116.70237836422582,0.022699876263898595,0.3504467880164574,0.003917161319991295,12.96294760901201,fear,False,-0.14,0.022699876263898595,0.3504467880164574
2020-07-15,240.45,241.45,236.83,238.61,368350.66518,154984,88059682.4834364,44,Fear,163.0099833643053,0.02239144573300376,0.34998935069348563,-0.007640158237027679,12.81679065794617,fear,False,-0.12,0.02239144573300376,0.34998935069348563
2020-07-16,238.59,239.39,230.02,233.57,587161.73894,222138,137208323.2015733,43,Fear,0.0,0.0227703284700421,0.35603479910695823,-0.0213486018845483,13.28305559567861,fear,False,-0.14,0.0227703284700421,0.35603479910695823
2020-07-17,233.58,234.84,231.65,232.67,325600.21444,149088,75931058.422653,41,Fear,54.982842136535766,0.02088331026401456,0.3249477175832763,-0.0038606774101835667,12.693425571709813,fear,False,-0.18,0.02088331026401456,0.3249477175832763
2020-07-18,232.66,236.8,232.32,235.67,341356.6182,136494,80046747.8322333,44,Fear,36.301608502180535,0.020224329757076234,0.32225925682226664,0.012811380760802054,12.740683010969594,fear,False,-0.12,0.020224329757076234,0.32225925682226664
2020-07-19,235.67,239.92,233.28,239.11,348803.52073,144896,82120072.993628,41,Fear,42.46612935425638,0.01990993047076265,0.32284685429545307,0.014491175694506546,12.762264064802029,fear,False,-0.18,0.01990993047076265,0.32284685429545307
2020-07-20,239.12,239.72,234.05,236.01,396657.91938,164435,94314378.9381991,44,Fear,212.95589708578703,0.019871583096842116,0.3244372052813204,-0.01304952008524958,12.890829524193261,fear,False,-0.12,0.019871583096842116,0.3244372052813204
2020-07-21,236.0,246.66,235.57,245.59,637462.08074,240019,154502240.9411989,44,Fear,0.0,0.020193424602775463,0.3431066323668464,0.03978930182240497,13.365250073053485,fear,False,-0.12,0.020193424602775463,0.3431066323668464
2020-07-22,245.53,269.61,241.51,263.74,718417.68296,273546,180692677.2139563,50,Neutral,0.0,0.02443585486766927,0.4086994419513789,0.07130029054788732,13.484806410032455,neutral,False,0.0,0.02443585486766927,0.4086994419513789
2020-07-23,263.75,279.98,259.7,275.3,1068774.57879,378573,287217202.7201216,55,Greed,0.0,0.026324136059826694,0.423125042842709,0.04289764276900866,13.88202329666691,neutral,False,0.1,0.026324136059826694,0.423125042842709
2020-07-24,275.31,287.34,266.0,279.15,926033.06692,362608,256347245.548149,53,Neutral,159.46669260912066,0.02804673173873984,0.4221061421257435,0.013887859607807657,13.738665222407597,neutral,False,0.06,0.02804673173873984,0.4221061421257435
2020-07-25,279.15,308.94,279.09,305.26,1058927.30554,424683,308799629.3611433,55,Greed,0.0,0.03092823886741454,0.5021361693092218,0.08941460073060663,13.872766977789258,neutral,False,0.1,0.03092823886741454,0.5021361693092218
2020-07-26,305.31,318.75,299.0,311.0,1270368.753,486058,392346895.3226708,55,Greed,0.0,0.030915799360245844,0.47343772727525724,0.01862903969225816,14.054817772982341,neutral,False,0.1,0.030915799360245844,0.47343772727525724
2020-07-27,311.02,333.31,310.78,321.93,1636122.34727,645395,527292799.2879138,58,Greed,0.0,0.03188126333086931,0.472158404755601,0.034541218427911684,14.307839577743481,greed,False,0.16,0.03188126333086931,0.472158404755601
2020-07-28,321.95,326.8,305.86,316.77,1093231.55578,458451,346187853.275929,76,Extreme Greed,251.19400467713663,0.03252624718673493,0.4802699372325558,-0.0161581721206131,13.904648598133535,extreme_greed,True,0.52,0.03252624718673493,0.4802699372325558
2020-07-29,316.77,325.0,312.38,317.71,792802.32148,347597,254201662.1334094,71,Greed,264.0906406728597,0.03248914161254413,0.46609125220630004,0.002963058529013788,13.583329190197462,greed,False,0.42,0.03248914161254413,0.46609125220630004
2020-07-30,317.76,342.0,314.05,334.87,1008827.56698,410721,328286452.5182911,76,Extreme Greed,82.51574286524162,0.03425681968632937,0.4813544554181511,0.052603379793376634,13.824299389766225,extreme_greed,True,0.52,0.03425681968632937,0.4813544554181511
2020-07-31,334.82,349.45,328.4,346.33,948088.44982,461788,323282981.0159196,75,Greed,0.0,0.035182095237580834,0.4755739501179446,0.03364968093680153,13.762203078382734,greed,False,0.5,0.035182095237580834,0.4755739501179446
2020-08-01,346.32,392.67,343.07,387.0,1440843.34203,598900,527543444.8628841,75,Greed,0.0,0.039359018660050406,0.5774293085676525,0.11103261528405725,14.180739154311198,greed,False,0.5,0.039359018660050406,0.5774293085676525
2020-08-02,387.01,415.85,325.0,372.42,2324909.09616,960835,878397036.2975191,80,Extreme Greed,833.9556330245521,0.05123547581928257,0.6044990824352666,-0.03840244337616544,14.659191497813424,extreme_greed,True,0.6,0.05123547581928257,0.6044990824352666
2020-08-03,372.45,398.0,366.5,385.94,1191565.09389,534803,462170587.4785027,75,Greed,324.07221240009,0.052340562750810116,0.6023511698101776,0.035659667314593343,13.990778205912846,greed,False,0.5,0.052340562750810116,0.6023511698101776
2020-08-04,385.91,402.98,380.77,389.61,1180792.42379,503335,461794422.2048685,72,Greed,124.91066548509578,0.0528276641397669,0.5935583373773199,0.009464321821898712,13.981696316640756,greed,False,0.44,0.0528276641397669,0.5935583373773199
2020-08-05,389.59,407.0,384.11,400.72,1124119.0672,459722,444335097.149393,75,Greed,347.7065487720424,0.05312660051589485,0.5682967840950641,0.028116690259252897,13.932510235498007,greed,False,0.5,0.05312660051589485,0.5682967840950641
2020-08-06,400.72,403.66,390.51,394.77,821379.08397,388529,325718417.7160069,79,Extreme Greed,212.5676807923415,0.05328079761879227,0.5775776757406671,-0.014959612219202561,13.618740016301642,extreme_greed,True,0.58,0.05328079761879227,0.5775776757406671
2020-08-07,394.77,398.26,362.85,379.34,1041207.35946,466548,398625567.063912,77,Extreme Greed,0.0,0.054668323026427525,0.6225775381545282,-0.03987041627398264,13.855891520325743,extreme_greed,True,0.54,0.054668323026427525,0.6225775381545282
2020-08-08,379.34,397.05,375.79,397.03,623029.78053,300577,240999198.0242852,77,Extreme Greed,363.21131218824297,0.05503667142755287,0.6261817398531855,0.04557894402662082,13.342349598440924,extreme_greed,True,0.54,0.05503667142755287,0.6261817398531855
2020-08-09,397.05,400.0,383.36,390.14,594900.58133,319111,233057462.9273968,79,Extreme Greed,171.21574930653114,0.055238216182015513,0.629995168852149,-0.01750619551601051,13.296149580364963,extreme_greed,True,0.58,0.055238216182015513,0.629995168852149
2020-08-10,390.14,399.18,385.13,395.44,826969.90633,395123,326372434.8970591,78,Extreme Greed,316.0287763732109,0.055102178302198684,0.6287942672161888,0.013493419931917243,13.625523584383638,extreme_greed,True,0.56,0.055102178302198684,0.6287942672161888
2020-08-11,395.43,398.21,367.0,379.0,992412.6023,459623,381981614.6216723,84,Extreme Greed,122.78615700604037,0.05420251369703261,0.6443293504359231,-0.04246286391627746,13.807894229530117,extreme_greed,True,0.68,0.05420251369703261,0.6443293504359231
2020-08-12,378.99,389.23,365.85,387.18,751848.7983,349082,285872467.6440937,75,Greed,427.4420209134957,0.05389952311616636,0.6378506373539444,0.021353496093377,13.530290516625055,greed,False,0.5,0.05389952311616636,0.6378506373539444
2020-08-13,387.18,431.49,376.59,424.54,1511330.7732,634978,604810975.131857,75,Greed,0.0,0.055961986020285306,0.6909393717788138,0.09211652864049456,14.228501127423296,greed,False,0.5,0.055961986020285306,0.6909393717788138
2020-08-14,424.54,444.71,417.05,438.11,1109670.94324,502635,477180580.0618325,78,Extreme Greed,0.0,0.05495370126438355,0.6438060613122061,0.03146379058189895,13.91957408180773,extreme_greed,True,0.56,0.05495370126438355,0.6438060613122061
2020-08-15,438.12,442.94,427.02,432.32,681698.5971,351377,296652970.4823194,79,Extreme Greed,234.1563350227199,0.05450036018996678,0.6533430635854856,-0.013303965626362815,13.432342899405382,extreme_greed,True,0.58,0.05450036018996678,0.6533430635854856
2020-08-16,432.3,436.99,412.47,433.62,716666.25258,371807,305445885.81667,82,Extreme Greed,0.0,0.054241055229882144,0.6513606088659875,0.003002519751110632,13.48236553364022,extreme_greed,True,0.64,0.054241055229882144,0.6513606088659875
2020-08-17,433.61,446.0,420.37,430.89,868870.64996,443560,375038999.5075165,83,Extreme Greed,109.438196232756,0.05409415295875977,0.6460531194059812,-0.0063157374111036686,13.67494954387033,extreme_greed,True,0.66,0.05409415295875977,0.6460531194059812
2020-08-18,430.89,433.81,415.0,421.95,743254.57018,374074,316635286.9929217,82,Extreme Greed,45.952121200725536,0.05416019507973521,0.6576347727210254,-0.020966013507865502,13.518793889754996,extreme_greed,True,0.64,0.05416019507973521,0.6576347727210254
2020-08-19,421.92,426.75,393.25,407.46,978339.69221,455992,400208683.3467271,80,Extreme Greed,0.0,0.054062631561596595,0.6632066009322408,-0.034944055250220575,13.793612222258679,extreme_greed,True,0.6,0.054062631561596595,0.6632066009322408
2020-08-20,407.46,418.98,402.07,415.94,663555.73445,322537,273292342.1903448,75,Greed,236.42318638108463,0.05370071207633667,0.6585862393613784,0.02059825073601981,13.405368129904762,greed,False,0.5,0.05370071207633667,0.6585862393613784
2020-08-21,415.94,418.68,385.1,387.97,860998.7256,414222,347455883.4533063,81,Extreme Greed,214.44264852293256,0.05177818241015845,0.5972753042677079,-0.06961300204344363,13.6658483032694,extreme_greed,True,0.62,0.05177818241015845,0.5972753042677079
2020-08-22,387.93,397.04,379.92,395.24,643235.76543,305450,250069873.3972314,78,Extreme Greed,0.0,0.04025235623080424,0.5825873587842716,0.018565158280430833,13.374266600758057,extreme_greed,True,0.56,0.04025235623080424,0.5825873587842716
2020-08-23,395.23,396.95,383.15,390.71,445317.81989,222729,173799978.0351114,76,Extreme Greed,300.44195683387386,0.03899009034678904,0.5714458022942049,-0.01152757850754229,13.006543508227498,extreme_greed,True,0.52,0.03899009034678904,0.5714458022942049
2020-08-24,390.72,410.42,387.44,407.68,717403.81877,307676,287991794.2205841,78,Extreme Greed,0.0,0.03901463111059541,0.5899788116879088,0.04251695612452415,13.48339416713557,extreme_greed,True,0.56,0.03901463111059541,0.5899788116879088
2020-08-25,407.68,409.06,370.0,382.93,970445.38395,411636,375681480.186943,75,Greed,290.78684014877956,0.04053827232255726,0.6241881871834855,-0.06263034809115628,13.785510403809802,greed,False,0.5,0.04053827232255726,0.6241881871834855
2020-08-26,382.91,392.91,377.37,385.81,738690.7794,351141,284504413.0936192,76,Extreme Greed,188.53106114833463,0.04065634054270992,0.6232217388423282,0.007492815449008584,13.512634681240469,extreme_greed,True,0.52,0.04065634054270992,0.6232217388423282
2020-08-27,385.81,397.1,371.48,383.27,877763.73658,392116,336647752.2942245,75,Greed,271.78721966408057,0.03970881783375686,0.6067778196385066,-0.006605318653611077,13.685132743671822,greed,False,0.5,0.03970881783375686,0.6067778196385066
2020-08-28,383.31,398.0,379.75,395.11,732601.46905,311832,286555001.9941838,74,Greed,304.1211828422563,0.03952098396422174,0.5941025319354291,0.030424505497155314,13.504357134580095,greed,False,0.48,0.03952098396422174,0.5941025319354291
2020-08-29,395.1,405.69,391.88,398.65,659802.63344,300090,263787683.0280837,79,Extreme Greed,0.0,0.03938249987421435,0.591316429605808,0.008919631803364098,13.399696029038735,extreme_greed,True,0.58,0.03938249987421435,0.591316429605808
2020-08-30,398.65,429.89,398.3,428.94,894979.71788,395838,370467271.0990347,75,Greed,0.0,0.040408911768391266,0.6436579209108007,0.07323321005831106,13.704556335413622,greed,False,0.5,0.040408911768391266,0.6436579209108007
2020-08-31,428.94,439.0,418.04,433.79,1040748.68881,456201,447866996.1851148,75,Greed,0.0,0.03944504336563673,0.6199615004794797,0.011243497022514051,13.855450905205359,greed,False,0.5,0.03944504336563673,0.6199615004794797
2020-09-01,433.8,488.84,429.03,475.4,1751354.57719,763508,813662129.650488,75,Greed,0.0,0.04235405639925794,0.6882796367066586,0.09159600889676413,14.375900090590626,greed,False,0.5,0.04235405639925794,0.6882796367066586
2020-09-02,475.4,481.39,420.0,439.5,1880642.46853,825133,844475154.7160805,83,Extreme Greed,893.0228362064474,0.04237353161939855,0.6856394961489488,-0.07851883780086184,14.44712401500659,extreme_greed,True,0.66,0.04237353161939855,0.6856394961489488
2020-09-03,439.5,450.7,372.0,381.4,2408569.34151,903066,995567239.0084027,79,Extreme Greed,0.0,0.048839610964430916,0.843604052789962,-0.14178902395891302,14.69454349496806,extreme_greed,True,0.58,0.048839610964430916,0.843604052789962
2020-09-04,381.35,400.21,357.0,385.26,1806488.22474,744610,696658932.1154275,40,Fear,0.0,0.05095640897908964,0.8453403115236054,0.01006973786769345,14.406895311275685,fear,False,-0.2,0.05095640897908964,0.8453403115236054
2020-09-05,385.3,395.0,308.42,335.01,2777166.51389,1074986,967730464.9055164,41,Fear,289.7405721161184,0.06033581054120278,0.9686091275304354,-0.13975804890820162,14.836941726281001,fear,False,-0.18,0.06033581054120278,0.9686091275304354
2020-09-06,335.04,360.0,316.1,352.8,2017811.14721,852597,691925087.3968109,41,Fear,774.4380332747365,0.06230750829977824,0.9953961606084198,0.05174094200682596,14.517523891378662,fear,False,-0.18,0.06230750829977824,0.9953961606084198
2020-09-07,352.85,358.51,323.0,353.59,1740618.42462,708066,596754172.7008404,41,Fear,884.5086296615491,0.06358447064622763,0.9954125039405434,0.0022367256879634143,14.369751024493523,fear,False,-0.18,0.06358447064622763,0.9954125039405434
2020-09-08,353.59,356.58,325.38,337.39,1400246.82962,554846,476444912.544635,41,Fear,832.1522343522994,0.06382517600709355,1.0004625542083865,-0.04689851855933938,14.152159085916686,fear,False,-0.18,0.06382517600709355,1.0004625542083865
2020-09-09,337.41,359.0,330.51,350.85,879760.56255,381038,304910633.8008896,38,Fear,604.4514013535572,0.06454719796511363,1.0099518305324908,0.03911925043703737,13.687405061420368,fear,False,-0.24,0.06454719796511363,1.0099518305324908
2020-09-10,350.85,377.25,349.91,367.93,1134287.61137,512819,416598205.666048,38,Fear,0.0,0.06436117424771977,1.0015181829985877,0.047533920985706406,13.94151535665905,fear,False,-0.24,0.06436117424771977,1.0015181829985877
2020-09-11,367.93,375.27,355.49,373.63,844017.59966,367615,308822715.1336563,41,Fear,421.47475245621564,0.0644996313273011,1.0006850851531324,0.015373300232695442,13.645928626038405,fear,False,-0.18,0.0644996313273011,1.0006850851531324
2020-09-12,373.62,388.57,364.73,387.78,766542.31635,318774,287133871.2472908,41,Fear,0.0,0.06488389286553588,1.0099474197496996,0.037172165586159454,13.549645183010847,fear,False,-0.18,0.06488389286553588,1.0099474197496996
2020-09-13,387.78,390.43,350.0,366.42,989195.69047,430236,367969518.5134887,38,Fear,410.6629214164157,0.06607228643758756,1.0154219482356697,-0.05665795203976063,13.804647458038833,fear,False,-0.24,0.06607228643758756,1.0154219482356697
2020-09-14,366.43,384.64,355.73,377.12,1042059.62265,476828,387238794.6809715,39,Fear,604.6655143069104,0.06552871866610711,0.9987190163178868,0.02878322272472259,13.856709719092262,fear,False,-0.22,0.06552871866610711,0.9987190163178868
2020-09-15,377.12,382.47,362.34,364.06,883856.33005,405048,328317009.5683461,47,Neutral,407.5218945278921,0.06570664117145542,1.0055309866429938,-0.0352447499700682,13.692049805843684,neutral,False,-0.06,0.06570664117145542,1.0055309866429938
2020-09-16,364.05,373.45,355.0,365.11,841709.98939,371665,306622238.0715521,43,Fear,0.0,0.06544801945229356,1.005631262189378,0.0028799888249770216,13.643190803241396,fear,False,-0.14,0.06544801945229356,1.005631262189378
2020-09-17,365.04,394.14,363.3,389.36,1256300.411,505247,479026710.8966147,48,Neutral,0.0,0.06605624696925277,1.0272698352875487,0.06430568748246898,14.043681778143615,neutral,False,-0.04,0.06605624696925277,1.0272698352875487
2020-09-18,389.35,392.58,375.33,384.39,804194.47219,323159,308748579.8160324,49,Neutral,279.2906578343722,0.06616803495094434,1.027462709837414,-0.01284670333560439,13.597596399745985,neutral,False,-0.02,0.06616803495094434,1.027462709837414
2020-09-19,384.4,388.72,377.0,385.25,570908.33553,230924,218785730.1401785,48,Neutral,227.8347520430171,0.0654985358328382,0.9888585503184381,0.002234812010630659,13.254983942528893,neutral,False,-0.04,0.0654985358328382,0.9888585503184381
2020-09-20,385.25,385.45,365.0,371.04,693164.40144,275295,259700927.4782103,52,Neutral,0.0,0.06557811278217167,0.9931568239226384,-0.0375826006930036,13.449022481552246,neutral,False,0.04,0.06557811278217167,0.9931568239226384
2020-09-21,371.04,376.8,331.0,340.36,1283946.03098,472560,452134893.6340581,48,Neutral,0.0,0.06554548008115937,0.9570904275321156,-0.08630599252586497,14.065448730401636,neutral,False,-0.04,0.06554548008115937,0.9570904275321156
2020-09-22,340.31,346.91,335.34,344.21,842731.12878,286593,288166815.515037,39,Fear,105.39461478270444,0.06309778160670962,0.9329363190886903,0.01124805525029054,13.644403240416047,fear,False,-0.22,0.06309778160670962,0.9329363190886903
2020-09-23,344.18,344.65,313.29,320.72,940904.49756,323226,313808761.0904388,43,Fear,0.0,0.05900254669220744,0.8304730174496177,-0.07068346789739553,13.754596923045076,fear,False,-0.14,0.05900254669220744,0.8304730174496177
2020-09-24,320.72,353.1,316.67,348.97,1071705.09721,371450,360708689.4043797,39,Fear,606.9477123670054,0.058819392833247414,0.8923447875370075,0.08441749028802611,13.884761486880876,fear,False,-0.22,0.058819392833247414,0.8923447875370075
2020-09-25,348.97,358.0,337.58,351.92,860643.77924,310536,298266918.8006485,46,Fear,25.27242952460214,0.049172478975737746,0.736913539501085,0.00841791841818661,13.665435968694677,neutral,False,-0.08,0.049172478975737746,0.736913539501085
2020-09-26,351.93,356.4,345.88,353.92,530879.20755,217834,186812160.3754369,45,Fear,173.8466114144704,0.04614259865882475,0.7138359923697233,0.005667021853450953,13.182289793272886,fear,False,-0.1,0.04614259865882475,0.7138359923697233
2020-09-27,353.95,362.14,347.24,357.49,569568.55041,230526,202411362.6832329,47,Neutral,136.75674119996967,0.04432581516543357,0.7146735962115678,0.010036490820950641,13.252634424089994,neutral,False,-0.06,0.04432581516543357,0.7146735962115678
2020-09-28,357.58,368.2,351.7,353.96,757758.4304,261317,273063157.7899911,43,Fear,86.35883471962177,0.043028922792120936,0.6938644901162141,-0.0099234773157165,13.53811992042728,fear,False,-0.14,0.043028922792120936,0.6938644901162141
2020-09-29,353.91,360.63,350.45,359.79,585143.16892,214988,208028826.4871165,45,Fear,112.18265742694439,0.04174901562153916,0.6824920306573364,0.01633661551259001,13.27961182946829,fear,False,-0.1,0.04174901562153916,0.6824920306573364
2020-09-30,359.78,361.5,351.56,359.83,498943.23226,173910,177784824.5178192,49,Neutral,215.39912718195953,0.04068084421435894,0.6602416261282008,0.00011116978416697862,13.120247605256143,neutral,False,-0.02,0.04068084421435894,0.6602416261282008
2020-10-01,359.83,370.45,345.51,352.85,758349.31959,288354,271468849.7985116,45,Fear,129.64221168277354,0.04110543053597638,0.6603263078996847,-0.019588660249067243,13.538899402254904,fear,False,-0.1,0.04110543053597638,0.6603263078996847
2020-10-02,352.83,354.55,334.24,345.6,733571.84211,286023,251829017.5194802,41,Fear,0.0,0.040989207017446225,0.6455991567711186,-0.020761000516938747,13.505680816022528,fear,False,-0.18,0.040989207017446225,0.6455991567711186
2020-10-03,345.6,351.0,343.7,345.95,303595.71901,136755,105401893.3573436,40,Fear,87.68764070598316,0.03837421419605351,0.6171208014062495,0.001012219014919437,12.62345222364662,fear,False,-0.2,0.03837421419605351,0.6171208014062495
2020-10-04,345.94,354.45,343.81,352.37,343932.91712,138736,119961274.7006572,42,Fear,150.25613556311845,0.037138022434244355,0.6111218340474895,0.01838750395991022,12.748201908966838,fear,False,-0.16,0.037138022434244355,0.6111218340474895
2020-10-05,352.34,356.1,348.54,353.62,376740.30692,145787,132656713.0440939,42,Fear,51.95528127438863,0.036535181168610834,0.5997125897927162,0.0035411303452131263,12.839311388009127,fear,False,-0.16,0.036535181168610834,0.5997125897927162
2020-10-06,353.63,355.1,336.8,340.75,640063.26951,240812,221765553.5868091,47,Neutral,33.16438059287411,0.03659249402569663,0.6125149297315602,-0.03707381967330129,13.36932230905904,neutral,False,-0.06,0.03659249402569663,0.6125149297315602
2020-10-07,340.8,342.85,332.18,341.58,541928.86376,195112,183873686.3904315,43,Fear,0.0,0.03517554926768441,0.5587502109724444,0.00243284161440357,13.202890024132776,fear,False,-0.14,0.03517554926768441,0.5587502109724444
2020-10-08,341.58,353.32,334.21,350.95,631794.8756,220053,217322066.9780238,46,Fear,54.73634761193639,0.035449468985931404,0.5706134962552272,0.027061850985385043,13.356320056522675,neutral,False,-0.08,0.035449468985931404,0.5706134962552272
2020-10-09,350.94,368.33,347.32,365.02,650478.19338,241168,232878561.8852136,48,Neutral,0.0,0.03608283625170365,0.5912620969274656,0.03930838342544397,13.385463053513455,neutral,False,-0.04,0.03608283625170365,0.5912620969274656
2020-10-10,365.01,378.4,364.71,370.52,591005.32129,253825,220607973.0122731,53,Neutral,0.0,0.0356772501715179,0.5794410496233388,0.014955277783952257,13.28958030022249,neutral,False,0.06,0.0356772501715179,0.5794410496233388
2020-10-11,370.51,377.6,368.87,374.16,373318.23779,164475,139329772.5403167,55,Greed,164.09519990552,0.0313026268681892,0.48195695958021395,0.009776089031804207,12.8301865192946,neutral,False,0.1,0.0313026268681892,0.48195695958021395
2020-10-12,374.17,394.8,365.58,386.51,844422.65444,309500,320587055.5297957,52,Neutral,83.99195851705768,0.03264556627517382,0.49155590620815565,0.03247422749635573,13.646408423634782,neutral,False,0.04,0.03264556627517382,0.49155590620815565
2020-10-13,386.51,387.75,374.51,381.04,645141.91394,239460,246276552.0090227,56,Greed,180.6841202823366,0.030387040358376596,0.4089870175866758,-0.01425338442138165,13.377225593189108,greed,False,0.12,0.030387040358376596,0.4089870175866758
2020-10-14,381.05,387.41,373.13,378.69,569557.82936,214375,216288026.9592086,53,Neutral,307.25446337746587,0.027110487853078496,0.2975334747165662,-0.006186428059725072,13.252615600805429,neutral,False,0.06,0.027110487853078496,0.2975334747165662
2020-10-15,378.69,381.79,369.85,377.64,634038.09453,228454,238396852.7839282,56,Greed,67.78750647079843,0.02628652117938026,0.2980251295740704,-0.0027765675685641512,13.359864317623735,greed,False,0.12,0.02628652117938026,0.2980251295740704
2020-10-16,377.63,379.83,361.18,365.5,654029.36404,255775,241127894.7024508,52,Neutral,97.54585202055006,0.02684222328419843,0.3242927083582322,-0.03267508167448254,13.39090752857513,neutral,False,0.04,0.02684222328419843,0.3242927083582322
2020-10-17,365.5,370.46,363.36,368.32,285578.24537,126045,104838880.4561034,56,Greed,86.69090650121902,0.026370901711404954,0.32358915785123427,0.007685846343684527,12.562271334872687,greed,False,0.12,0.026370901711404954,0.32358915785123427
2020-10-18,368.31,378.64,367.1,378.11,323468.47095,133043,120818450.6211803,55,Greed,0.0,0.025976791232607495,0.33201361087013015,0.02623303304324833,12.686856925885854,neutral,False,0.1,0.025976791232607495,0.33201361087013015
2020-10-19,378.12,384.32,372.5,379.3,577252.90265,224887,218372639.9570232,55,Greed,0.0,0.026030853727541523,0.3284262811584234,0.0031422901180872343,13.266035755614666,neutral,False,0.1,0.026030853727541523,0.3284262811584234
2020-10-20,379.3,380.73,365.27,368.52,617309.81677,251051,229928443.79691,56,Greed,25.769988959173222,0.026354798327329315,0.34693095946816815,-0.02883246445412198,13.333126311009469,greed,False,0.12,0.026354798327329315,0.34693095946816815
2020-10-21,368.53,401.49,367.74,390.38,1221663.63784,450963,472488832.7162745,61,Greed,61.659426962811516,0.02731324201895727,0.391046463859003,0.05762563947773333,14.015724125373861,greed,False,0.22,0.02731324201895727,0.391046463859003
2020-10-22,390.31,420.73,390.21,413.98,1095897.20667,412013,447211002.5012588,73,Greed,0.0,0.02802728336022261,0.42196880732678166,0.05869703976117985,13.907083952556913,greed,False,0.46,0.02802728336022261,0.42196880732678166
2020-10-23,413.94,419.33,401.3,409.11,727832.3224,293671,299943190.9306372,74,Greed,286.9407636129962,0.028502544678880505,0.4276304966119595,-0.011833594941792215,13.497825974276005,greed,False,0.48,0.028502544678880505,0.4276304966119595
2020-10-24,409.19,416.66,407.0,412.14,419236.87106,182680,172799824.648682,73,Greed,141.67084940560767,0.028382499462880524,0.4259973814831968,0.007379028915992946,12.946191363893988,greed,False,0.46,0.028382499462880524,0.4259973814831968
2020-10-25,412.14,417.4,402.5,405.86,415586.9761,177854,170054743.3187452,76,Extreme Greed,166.85842861326338,0.02865467620356569,0.43373319061079674,-0.01535482490502241,12.937447200131961,extreme_greed,True,0.52,0.02865467620356569,0.43373319061079674
2020-10-26,405.85,411.11,382.3,392.52,895142.67266,329493,356208480.5857119,75,Greed,0.0,0.029424500207456843,0.42899012553594273,-0.03342078121052994,13.704738395345737,greed,False,0.5,0.029424500207456843,0.42899012553594273
2020-10-27,392.52,410.25,389.9,403.45,754261.74114,286241,302529716.8760417,61,Greed,387.23933623827867,0.029907420644986877,0.43456580420445073,0.02746507295622274,13.533494723542509,greed,False,0.22,0.029907420644986877,0.43456580420445073
2020-10-28,403.41,409.2,380.52,388.23,855275.46882,348661,335751199.3037473,70,Greed,325.34590866829825,0.030560075416875065,0.4586570099688826,-0.0384546167928271,13.659178881782598,greed,False,0.4,0.030560075416875065,0.4586570099688826
2020-10-29,388.22,393.72,380.52,387.13,573096.01416,248649,222669504.875317,67,Greed,183.56881585189757,0.029877779321279233,0.44095887558599933,-0.002837393566833842,13.258808545638658,greed,False,0.34,0.029877779321279233,0.44095887558599933
2020-10-30,387.12,391.97,373.29,382.49,771750.74746,289735,294342545.9808745,74,Greed,151.4716237886164,0.030185968632663495,0.44162176518714763,-0.012058044800868684,13.556416910890015,greed,False,0.48,0.030185968632663495,0.44162176518714763
2020-10-31,382.59,394.88,379.9,386.46,467453.8105,218528,181136851.4537413,73,Greed,146.3804815034658,0.03046798386131141,0.44176122118758937,0.010325860652868219,13.055055821760213,greed,False,0.46,0.03046798386131141,0.44176122118758937
2020-11-01,386.44,398.29,384.61,396.67,438952.95565,181369,171238317.7003239,72,Greed,117.19729385371565,0.029046495284675147,0.4363850519089023,0.026076330976647653,12.992147523786521,greed,False,0.44,0.029046495284675147,0.4363850519089023
2020-11-02,396.68,404.5,377.92,383.02,779968.57957,290370,304223545.8920344,71,Greed,204.22437225535722,0.030087272984463037,0.4521389740364434,-0.035017493625088485,13.567008915251844,greed,False,0.42,0.030087272984463037,0.4521389740364434
2020-11-03,383.01,390.0,370.23,387.88,752954.37114,280412,286291773.9684845,71,Greed,0.0,0.03047314125655113,0.45350543662052284,0.01260880629793201,13.531759908850395,greed,False,0.42,0.03047314125655113,0.45350543662052284
2020-11-04,387.88,408.39,376.47,402.49,1157064.35076,392310,454481208.4020098,74,Greed,0.0,0.032091290062097294,0.47051553610076347,0.03697423839314045,13.961396623263553,greed,False,0.48,0.032091290062097294,0.47051553610076347
2020-11-05,402.5,420.4,396.14,416.69,1475139.77342,513574,601591250.401249,72,Greed,0.0,0.03237052604743788,0.46310741312395953,0.034672288230809624,14.204263304907135,greed,False,0.44,0.03237052604743788,0.46310741312395953
2020-11-06,416.73,458.27,414.76,455.91,1682440.96026,666505,736015135.6272103,90,Extreme Greed,0.0,0.03493658014485085,0.5497398894102387,0.08995288155332784,14.335756249400937,extreme_greed,True,0.8,0.03493658014485085,0.5497398894102387
2020-11-07,455.91,468.28,424.14,435.21,1653416.5961,674858,743871175.7821234,88,Extreme Greed,462.96626581412795,0.0371489781281434,0.5820567725062019,-0.046466748394703127,14.318354369309306,extreme_greed,True,0.76,0.0371489781281434,0.5820567725062019
2020-11-08,435.2,460.1,431.99,454.3,840908.46841,354341,375679148.2350396,82,Extreme Greed,443.35666478099347,0.03786975520919366,0.5955085117416672,0.04292909954643718,13.642238096420774,extreme_greed,True,0.64,0.03786975520919366,0.5955085117416672
2020-11-09,454.29,459.1,433.09,444.32,1099213.24641,469947,491928164.9812434,90,Extreme Greed,551.2829445738628,0.038268407278184285,0.5903689482292916,-0.02221274920686829,13.91010525133285,extreme_greed,True,0.8,0.038268407278184285,0.5903689482292916
2020-11-10,444.32,455.0,438.7,450.34,866872.41108,384228,388190148.2078951,90,Extreme Greed,252.75716391973285,0.03673462809756917,0.5626351054624155,0.013457829473024563,13.672647083549297,extreme_greed,True,0.8,0.03673462809756917,0.5626351054624155
2020-11-11,450.34,476.25,449.28,463.09,1205782.84262,560360,559228791.8903509,86,Extreme Greed,0.0,0.03617251359214341,0.535167802232172,0.027918566613755066,14.00263957589325,extreme_greed,True,0.72,0.03617251359214341,0.535167802232172
2020-11-12,463.09,470.0,451.2,462.39,990776.62912,411840,455971309.2168546,87,Extreme Greed,310.72553301427627,0.03610637761394456,0.5319515363951187,-0.001512728818530903,13.806244388430567,extreme_greed,True,0.74,0.03610637761394456,0.5319515363951187
2020-11-13,462.48,478.01,457.12,476.43,976665.09752,427363,456232937.2061303,89,Extreme Greed,67.68998437976786,0.03646583902051861,0.5386295317312892,0.02991211696392684,13.791899085689037,extreme_greed,True,0.78,0.03646583902051861,0.5386295317312892
2020-11-14,476.42,477.47,452.0,460.89,735252.7854,350772,340142257.1936976,90,Extreme Greed,356.6624586941447,0.036879845124346784,0.5520807367060022,-0.03316140497998663,13.507969644780369,extreme_greed,True,0.8,0.036879845124346784,0.5520807367060022
2020-11-15,460.9,462.89,440.19,448.08,665217.56671,311451,301406126.4593118,86,Extreme Greed,0.0,0.03620114918347602,0.5473721853974792,-0.02818761490910145,13.40786943411518,extreme_greed,True,0.72,0.03620114918347602,0.5473721853974792
2020-11-16,448.07,466.0,445.45,460.55,812060.44638,328762,370889706.6992328,90,Extreme Greed,255.08882221294488,0.03606281072985918,0.5473643925423325,0.027449639532667772,13.607330057727875,extreme_greed,True,0.8,0.03606281072985918,0.5473643925423325
2020-11-17,460.51,484.88,459.8,482.15,1151573.37456,464336,544239665.3817517,86,Extreme Greed,0.0,0.03544250004029997,0.5369803361416488,0.04583384152214885,13.956639717063853,extreme_greed,True,0.72,0.03544250004029997,0.5369803361416488
2020-11-18,482.11,495.31,456.6,478.41,1477696.29116,637641,706704397.4108689,91,Extreme Greed,381.3410052490275,0.03680516040210114,0.5389355043332845,-0.007787163528402725,14.205994873015124,extreme_greed,True,0.82,0.03680516040210114,0.5389355043332845
2020-11-19,478.43,480.75,464.86,471.25,817418.52685,404737,387199111.3794474,94,Extreme Greed,160.97795386947527,0.03649649498158029,0.5407228884694355,-0.015079366665770106,13.613906515441458,extreme_greed,True,0.88,0.03649649498158029,0.5407228884694355
2020-11-20,471.26,514.4,470.65,510.12,1516361.90736,607663,756660192.8607566,86,Extreme Greed,0.0,0.038046055515369,0.5933399575542796,0.07925725339647866,14.231824541865638,extreme_greed,True,0.72,0.038046055515369,0.5933399575542796
2020-11-21,510.12,553.32,502.82,552.35,1548851.29067,649077,815402228.5228121,91,Extreme Greed,0.0,0.039882946847648634,0.6366760360963337,0.07953591115958518,14.25302411134945,extreme_greed,True,0.82,0.039882946847648634,0.6366760360963337
2020-11-22,552.42,580.88,511.28,560.03,1850317.93581,768900,1014064539.0881493,94,Extreme Greed,367.21015312895526,0.04243914191494333,0.6071248947462403,0.013808450404584349,14.430868039483347,extreme_greed,True,0.88,0.04243914191494333,0.6071248947462403
2020-11-23,560.03,610.85,550.12,608.58,2076008.84846,896026,1218150934.3114774,90,Extreme Greed,0.0,0.044159023616437275,0.6475566410825085,0.08313802089309089,14.545957785522802,extreme_greed,True,0.8,0.044159023616437275,0.6475566410825085
2020-11-24,608.58,623.0,585.0,604.97,1606450.49193,838352,976376501.3114749,88,Extreme Greed,0.0,0.043611953481781235,0.6527545974123535,-0.005949504591442188,14.289537639714913,extreme_greed,True,0.76,0.043611953481781235,0.6527545974123535
2020-11-25,604.98,606.0,553.83,569.5,1219440.02727,657386,716972340.6745203,94,Extreme Greed,0.0,0.04454699340397807,0.7099026027817043,-0.06042008713728028,14.013902317298447,extreme_greed,True,0.88,0.04454699340397807,0.7099026027817043
2020-11-26,569.38,577.14,481.0,519.83,2683460.74171,1259051,1386030255.168072,93,Extreme Greed,0.0,0.04902800096627403,0.7486029490657397,-0.09125694783968574,14.80261784098204,extreme_greed,True,0.86,0.04902800096627403,0.7486029490657397
2020-11-27,519.83,530.62,493.72,518.68,1088064.28114,578800,558985308.9023646,86,Extreme Greed,331.6240353513864,0.048173383196594484,0.7230731317671512,-0.002214712366867659,13.899910786582904,extreme_greed,True,0.72,0.048173383196594484,0.7230731317671512
2020-11-28,518.59,547.94,506.59,537.52,900508.61431,456028,475169074.6903887,87,Extreme Greed,56.66936655882628,0.0485801462275295,0.7189771107453203,0.035678845931211,13.710715009693425,extreme_greed,True,0.74,0.0485801462275295,0.7189771107453203
2020-11-29,537.5,576.9,530.32,576.3,855276.46664,454026,471629262.2432986,89,Extreme Greed,0.0,0.049259575100419395,0.7407112997945298,0.06966238983072606,13.65918004844697,extreme_greed,True,0.78,0.049259575100419395,0.7407112997945298
2020-11-30,576.32,616.85,570.07,616.66,1501989.45408,717837,895373784.8300442,88,Extreme Greed,0.0,0.050146519087199554,0.7657436464648746,0.06768946009239209,14.222301090029903,extreme_greed,True,0.76,0.050146519087199554,0.7657436464648746
2020-12-01,616.65,635.7,560.0,585.26,2163875.81376,1018862,1300668283.3196802,95,Extreme Greed,543.7238655251333,0.05237642644561238,0.8008826482208128,-0.05226162559488984,14.587411529945046,extreme_greed,True,0.9,0.05237642644561238,0.8008826482208128
2020-12-02,585.26,604.93,575.0,596.89,1069538.65619,604591,632858653.2050232,92,Extreme Greed,236.0250769755632,0.05253257673381457,0.799774930674492,0.019676648869148508,13.882737951021586,extreme_greed,True,0.84,0.05253257673381457,0.799774930674492
2020-12-03,596.88,623.44,585.82,615.85,935687.91723,513555,568024618.941039,92,Extreme Greed,0.0,0.05285376836253466,0.8001756356939272,0.03127058557822175,13.749037278099514,extreme_greed,True,0.84,0.05285376836253466,0.8001756356939272
2020-12-04,615.84,620.0,565.82,567.24,1052452.78666,556641,624543865.9008652,92,Extreme Greed,329.2368185407193,0.05375986546270334,0.8546720660264967,-0.08222093279434803,13.866633985252225,extreme_greed,True,0.84,0.05375986546270334,0.8546720660264967
2020-12-05,567.24,597.11,560.88,596.8,701567.95564,389600,410382624.7425348,93,Extreme Greed,255.95300615744827,0.053992445014972204,0.8533842186330396,0.0507995542964057,13.461073045735938,extreme_greed,True,0.86,0.053992445014972204,0.8533842186330396
2020-12-06,596.82,607.5,583.0,601.54,602496.96339,363661,359236400.2949933,95,Extreme Greed,0.0,0.05393571633787449,0.8522178686598173,0.007910984729755429,13.308837904317649,extreme_greed,True,0.9,0.05393571633787449,0.8522178686598173
2020-12-07,601.59,603.15,584.22,591.28,498329.37589,347036,295598087.027998,94,Extreme Greed,263.28633004976547,0.05363331530517251,0.8497247046002164,-0.01720335514267521,13.119016534749422,extreme_greed,True,0.88,0.05363331530517251,0.8497247046002164
2020-12-08,591.27,595.0,549.22,554.94,804443.00717,422868,461781203.1617209,95,Extreme Greed,0.0,0.053597646080955394,0.887465058926923,-0.06342967868240751,13.597905400356957,extreme_greed,True,0.9,0.053597646080955394,0.887465058926923
2020-12-09,554.92,578.08,530.43,573.09,997192.16738,535975,555142155.8826528,86,Extreme Greed,63.81189586714519,0.054642358518327924,0.8874301334923632,0.03218277264944643,13.812698775987776,extreme_greed,True,0.72,0.054642358518327924,0.8874301334923632
2020-12-10,573.2,575.7,548.11,558.99,608414.51466,376548,341352126.267061,94,Extreme Greed,314.5810559129237,0.05372896319225675,0.8557354873155629,-0.024911188536239134,13.318611696183291,extreme_greed,True,0.88,0.05372896319225675,0.8557354873155629
2020-12-11,558.99,560.8,535.5,544.43,768921.78317,400545,419607430.4473458,89,Extreme Greed,0.0,0.052536239185601984,0.8142674539880794,-0.02639220810912035,13.552744530922007,extreme_greed,True,0.78,0.052536239185601984,0.8142674539880794
2020-12-12,544.46,574.0,543.1,568.04,573913.95311,321104,320867352.4615561,90,Extreme Greed,63.6109732005301,0.05021487011979344,0.8272908511587231,0.042452462978501596,13.260234756590588,extreme_greed,True,0.8,0.05021487011979344,0.8272908511587231
2020-12-13,568.09,595.0,563.22,590.7,657794.46158,359525,383072560.34673,91,Extreme Greed,0.0,0.0487660304014468,0.7826711102781969,0.03911643553637746,13.396647793090825,extreme_greed,True,0.82,0.0487660304014468,0.7826711102781969
2020-12-14,590.81,591.48,575.6,586.29,493012.02706,272746,288110223.9524879,95,Extreme Greed,153.93233602077626,0.04816694965791821,0.7828069650161866,-0.007493726603094527,13.108288848386486,extreme_greed,True,0.9,0.04816694965791821,0.7828069650161866
2020-12-15,586.29,597.2,578.58,588.64,569270.52011,329161,334543178.3693921,91,Extreme Greed,118.82118365680635,0.04681883863808423,0.7513377401197799,0.0040002436463691185,13.252111030900354,extreme_greed,True,0.82,0.04681883863808423,0.7513377401197799
2020-12-16,588.78,640.0,580.71,637.18,1185588.05078,589563,725009244.4077353,92,Extreme Greed,32.72297356383581,0.0419960047636034,0.7145466055995723,0.0792373988673141,13.985749454846314,extreme_greed,True,0.84,0.0419960047636034,0.7145466055995723
2020-12-17,637.18,676.25,625.76,642.7,2006130.01975,974504,1307445033.121825,92,Extreme Greed,0.0,0.04217296914934696,0.7130876966752085,0.00862586215346231,14.511718060832303,extreme_greed,True,0.84,0.04217296914934696,0.7130876966752085
2020-12-18,642.71,664.61,629.4,653.85,1000012.98018,554335,646217791.2296861,95,Extreme Greed,414.91233902658973,0.04148454509888069,0.7075041327928366,0.017199914975270656,13.815523538060033,extreme_greed,True,0.9,0.04148454509888069,0.7075041327928366
2020-12-19,653.76,669.95,645.42,658.03,858803.88459,562281,564029933.2588522,93,Extreme Greed,85.75111305933702,0.04022739185241287,0.6712120147312214,0.006372555638657232,13.663295868253199,extreme_greed,True,0.86,0.04022739185241287,0.6712120147312214
2020-12-20,658.05,661.39,621.01,638.18,823958.22843,505181,533109285.6519477,92,Extreme Greed,0.0,0.039719541610479546,0.6427152553349104,-0.030630147776589726,13.62187511395373,extreme_greed,True,0.84,0.039719541610479546,0.6427152553349104
2020-12-21,638.1,648.0,595.9,607.58,843251.16565,521589,524208673.9086238,92,Extreme Greed,14.036269267784355,0.03760893874350312,0.6393210590928202,-0.04913652142708068,13.645020135253212,extreme_greed,True,0.84,0.03760893874350312,0.6393210590928202
2020-12-22,607.68,637.73,588.0,636.45,918851.25654,522945,563872004.6334918,88,Extreme Greed,471.3565423244611,0.038559924394105355,0.6560308103570006,0.046422006528945556,13.730879534636376,extreme_greed,True,0.76,0.038559924394105355,0.6560308103570006
2020-12-23,636.41,638.44,551.28,585.56,1208807.36518,733896,733443630.3656118,93,Extreme Greed,505.8361745231304,0.042491867079622346,0.7145383294534645,-0.08333720601323273,14.005144782890337,extreme_greed,True,0.86,0.042491867079622346,0.7145383294534645
2020-12-24,585.48,615.02,565.43,612.31,886335.86333,571510,519843556.9816631,86,Extreme Greed,539.9215823830356,0.04221629285831759,0.6672167078305448,0.04467003591079995,13.694851236005775,extreme_greed,True,0.72,0.04221629285831759,0.6672167078305448
2020-12-25,612.31,634.24,604.28,626.82,798009.62915,468979,494089140.8572327,94,Extreme Greed,0.0,0.04187822256125067,0.6484641816161848,0.023420727863460878,13.589875942963156,extreme_greed,True,0.88,0.04187822256125067,0.6484641816161848
2020-12-26,626.78,652.91,615.26,637.44,958585.50647,541191,607664782.0108947,93,Extreme Greed,0.0,0.04227107365687816,0.6502218077784454,0.016800736878707048,13.773214046117047,extreme_greed,True,0.86,0.04227107365687816,0.6502218077784454
2020-12-27,637.44,717.13,625.0,685.11,1859968.15029,1047001,1247547956.8239436,91,Extreme Greed,0.0,0.04592910282844873,0.6897020152312255,0.07211925435543146,14.436069922042774,extreme_greed,True,0.82,0.04592910282844873,0.6897020152312255
2020-12-28,685.1,748.09,681.04,730.41,1627154.39266,961277,1180438285.4884064,92,Extreme Greed,0.0,0.04639936899083093,0.6640978601141154,0.06402661100357473,14.302343275774001,extreme_greed,True,0.84,0.04639936899083093,0.6640978601141154
2020-12-29,730.4,740.78,689.2,732.0,1106876.35855,820504,794643540.4901237,91,Extreme Greed,592.0598795607436,0.04597154879212693,0.6615810340437178,0.0021744936461266283,13.917052514892847,extreme_greed,True,0.82,0.04597154879212693,0.6615810340437178
2020-12-30,732.0,758.74,716.62,752.17,1008574.09906,692405,743546676.7544626,91,Extreme Greed,0.0,0.04613798302821447,0.648497747168258,0.02718184826973824,13.824048108203808,extreme_greed,True,0.82,0.04613798302821447,0.648497747168258
2020-12-31,752.17,755.74,722.0,736.42,863375.57981,623216,638503822.3940645,95,Extreme Greed,386.6098597391569,0.04612916660572518,0.6443392519703641,-0.02116175408829565,13.668605077953233,extreme_greed,True,0.9,0.04612916660572518,0.6443392519703641
2021-01-01,736.42,749.0,714.29,728.91,675114.09329,483671,496072043.7774074,94,Extreme Greed,228.1569295075737,0.04597045219037545,0.6418223112754912,-0.010250340545636229,13.422636982667493,extreme_greed,True,0.88,0.04597045219037545,0.6418223112754912
2021-01-02,728.91,787.69,714.91,774.56,1352618.57668,824134,1024472182.612087,94,Extreme Greed,244.34148342616768,0.047206390703574484,0.6581176685068958,0.06074485859426622,14.1175529580816,extreme_greed,True,0.88,0.047206390703574484,0.6581176685068958
2021-01-03,774.44,1011.07,768.71,978.28,2813603.88615,1636501,2522411859.73161,93,Extreme Greed,0.0,0.05974516392022752,1.0150784547522593,0.23350080143632587,14.849976741342974,extreme_greed,True,0.86,0.05974516392022752,1.0150784547522593
2021-01-04,978.33,1162.97,890.0,1041.43,4245010.94004,2477862,4303634203.219599,94,Extreme Greed,0.0,0.06958390067816037,1.0198217407269625,0.06255412006085227,15.261254954883274,extreme_greed,True,0.88,0.06958390067816037,1.0198217407269625
2021-01-05,1041.45,1134.6,974.45,1099.56,2706995.67525,1960503,2857050280.0081425,93,Extreme Greed,970.9044919634332,0.07133737841165809,1.0071435028007327,0.05431533107655984,14.811349970977874,extreme_greed,True,0.86,0.07133737841165809,1.0071435028007327
2021-01-06,1100.16,1213.0,1057.26,1208.42,2390136.59334,1600888,2725262121.288513,95,Extreme Greed,0.0,0.07294498799534153,1.0317945968006847,0.09440362142142147,14.686861074299683,extreme_greed,True,0.9,0.07294498799534153,1.0317945968006847
2021-01-07,1208.75,1289.0,1131.0,1224.87,1972922.82059,1402699,2406219891.368534,91,Extreme Greed,0.0,0.07467196301582171,1.0325565024166994,0.013520994711918555,14.495026666444396,extreme_greed,True,0.82,0.07467196301582171,1.0325565024166994
2021-01-08,1224.86,1273.75,1065.0,1216.93,2131172.92341,1718817,2543427452.5801253,93,Extreme Greed,742.6727327416263,0.078285155916361,1.0376922264537045,-0.006503422053272033,14.57218305439108,extreme_greed,True,0.86,0.078285155916361,1.0376922264537045
2021-01-09,1216.72,1304.37,1171.36,1276.0,1448871.11514,1131871,1780137376.4164696,93,Extreme Greed,146.6417209278801,0.07915561781480811,1.0131592059442311,0.047398891059545104,14.186295269893344,extreme_greed,True,0.86,0.07915561781480811,1.0131592059442311
2021-01-10,1276.0,1348.33,1170.0,1254.25,1951179.35003,1437486,2517791852.407762,94,Extreme Greed,872.4887443336332,0.08063403515677149,0.9840514913826477,-0.017192400540372875,14.483944542612388,extreme_greed,True,0.88,0.08063403515677149,0.9840514913826477
2021-01-11,1254.24,1260.0,915.0,1087.01,4099450.90046,2577496,4323564508.699637,90,Extreme Greed,0.0,0.09071366861549925,1.1703747793677592,-0.1431069766534545,15.226363595988479,extreme_greed,True,0.8,0.09071366861549925,1.1703747793677592
2021-01-12,1087.0,1150.02,1006.33,1050.16,2302645.34052,1516625,2491067092.510127,84,Extreme Greed,644.9356891864929,0.0903419757058455,1.121238723959431,-0.03448827421575572,14.649569168037997,extreme_greed,True,0.68,0.0903419757058455,1.121238723959431
2021-01-13,1050.36,1137.65,987.48,1129.89,1564202.39081,1123983,1664178969.0738044,78,Extreme Greed,1017.5222942811351,0.09162761827077051,1.1309773629895552,0.07317774934014597,14.26288659760392,extreme_greed,True,0.56,0.09162761827077051,1.1309773629895552
2021-01-14,1129.79,1247.55,1086.7,1231.62,1555737.38556,1255769,1825860914.1737955,83,Extreme Greed,0.0,0.09325774119523665,1.1475080518531495,0.0862100931218444,14.25746019412927,extreme_greed,True,0.66,0.09325774119523665,1.1475080518531495
2021-01-15,1231.89,1256.98,1069.42,1168.53,1944038.83738,1519266,2302781118.9587393,88,Extreme Greed,1228.0100023495115,0.09541648220268979,1.1868734145521531,-0.05258382736684979,14.480278241879095,extreme_greed,True,0.76,0.09541648220268979,1.1868734145521531
2021-01-16,1168.48,1298.0,1151.77,1227.83,1575384.43797,1252473,1927453174.611793,84,Extreme Greed,175.93304882778023,0.09497873774669453,1.178993429336707,0.04950183505149615,14.27000988805734,extreme_greed,True,0.68,0.09497873774669453,1.178993429336707
2021-01-17,1227.83,1269.02,1165.0,1232.45,1317285.00579,1121278,1606424364.4970417,79,Extreme Greed,662.3706621498318,0.09483591383147726,1.1747640040579737,0.003755674500836476,14.091083362620685,extreme_greed,True,0.58,0.09483591383147726,1.1747640040579737
2021-01-18,1232.5,1260.75,1182.58,1258.45,998050.11073,940604,1223628040.7372608,79,Extreme Greed,514.120371889903,0.09473015029148206,1.171571391089635,0.02087674680638684,13.813558765185368,extreme_greed,True,0.58,0.09473015029148206,1.171571391089635
2021-01-19,1258.52,1438.3,1251.49,1365.36,2278852.55758,1840481,3120980923.930309,80,Extreme Greed,0.0,0.09624989572991091,1.187406785754173,0.08153732516148945,14.639182610031384,extreme_greed,True,0.6,0.09624989572991091,1.187406785754173
2021-01-20,1365.36,1407.93,1235.42,1376.99,2219137.62144,1852253,2931656296.4670005,78,Extreme Greed,937.1196683450842,0.09764491926758151,1.1751279565678583,0.008481827427658765,14.612629219567982,extreme_greed,True,0.56,0.09764491926758151,1.1751279565678583
2021-01-21,1376.72,1390.0,1086.0,1110.96,2310208.57298,1864620,2857288905.5771327,75,Greed,474.5251879992696,0.1029193189468555,1.460393211792411,-0.21467545114703554,14.652848369755292,greed,False,0.5,0.1029193189468555,1.460393211792411
2021-01-22,1111.98,1273.79,1042.31,1232.62,2020593.21673,1652010,2360267831.3175545,40,Fear,727.6247076105285,0.10558533284939257,1.4838017174174314,0.10391747886940719,14.518901697912824,fear,False,-0.2,0.10558533284939257,1.4838017174174314
2021-01-23,1232.61,1272.44,1195.9,1233.6,1009545.08258,932871,1250575691.7627306,74,Greed,226.33916844356224,0.09931399419774735,1.2593720436694482,0.0007947385485328255,13.82501037406378,greed,False,0.48,0.09931399419774735,1.2593720436694482
2021-01-24,1233.46,1398.83,1220.0,1392.51,1510879.53817,1313986,1996765627.5405192,70,Greed,0.0,0.09439362031635613,1.307114119223022,0.1211711502951343,14.228202514827306,greed,False,0.4,0.09439362031635613,1.307114119223022
2021-01-25,1392.19,1475.0,1293.69,1317.88,1885441.31289,1661512,2644267236.8971877,74,Greed,0.0,0.0938234779020962,1.3205596722741548,-0.055083489227751255,14.449672469706881,greed,False,0.48,0.0938234779020962,1.3205596722741548
2021-01-26,1317.6,1378.49,1244.56,1365.97,1682923.65799,1423178,2216751668.3927126,71,Greed,0.0,0.09300911592761384,1.286276154430063,0.03584041408047057,14.336043111472696,greed,False,0.42,0.09300911592761384,1.286276154430063
2021-01-27,1366.54,1373.9,1207.0,1239.03,2009772.08358,1737296,2554649901.074845,78,Extreme Greed,775.4299859904642,0.09297759303698316,1.337209702520126,-0.09753598354584739,14.513531882352252,extreme_greed,True,0.56,0.09297759303698316,1.337209702520126
2021-01-28,1238.93,1360.0,1217.23,1329.69,1365269.71962,1275024,1790490878.1937943,55,Greed,988.954882371004,0.09104338119054263,1.3596283305175612,0.07061701692996554,14.12686256387273,neutral,False,0.1,0.09104338119054263,1.3596283305175612
2021-01-29,1329.44,1436.9,1285.35,1379.5,2253963.18682,1714076,3077996801.2317657,77,Extreme Greed,0.0,0.09112798464048537,1.3556926622335255,0.03677528231630388,14.628200641070489,extreme_greed,True,0.54,0.09112798464048537,1.3556926622335255
2021-01-30,1379.56,1406.0,1326.41,1378.05,1040042.2363,1013174,1414231402.5438833,76,Extreme Greed,345.5392902546274,0.0894573453678994,1.3535710475696436,-0.0010516582717556365,13.85477188211984,extreme_greed,True,0.52,0.0894573453678994,1.3535710475696436
2021-01-31,1378.04,1380.74,1281.12,1312.55,958704.85571,828176,1276842259.9713488,78,Extreme Greed,45.205285006729284,0.07910596635445423,1.2547054346322317,-0.0486976464073162,13.773338543942216,extreme_greed,True,0.56,0.07910596635445423,1.2547054346322317
2021-02-01,1312.45,1377.99,1269.99,1374.17,1096397.91862,915584,1449463766.7237952,77,Extreme Greed,655.3508928882534,0.0778243471118247,1.2498185056385689,0.04587810249698651,13.907540745032462,extreme_greed,True,0.54,0.0778243471118247,1.2498185056385689
2021-02-02,1374.09,1547.9,1360.28,1511.87,1944227.99878,1614541,2821617332.399785,76,Extreme Greed,0.0,0.07743577003847386,1.2663681145143206,0.09549738273185211,14.480375540448415,extreme_greed,True,0.52,0.07743577003847386,1.2663681145143206
2021-02-03,1511.93,1669.35,1508.39,1664.49,1535869.88801,1384979,2418887041.5875616,78,Extreme Greed,0.0,0.0764073030508294,1.274311917630196,0.096171474979772,14.24460748077498,extreme_greed,True,0.56,0.0764073030508294,1.274311917630196
2021-02-04,1664.67,1695.2,1554.44,1595.67,1646502.32962,1507993,2693099602.275608,80,Extreme Greed,401.63430525935047,0.07417999363656577,1.2675314145172765,-0.042225059473644654,14.314163795689751,extreme_greed,True,0.6,0.07417999363656577,1.2675314145172765
2021-02-05,1595.53,1760.49,1591.0,1719.19,1194123.29946,1326415,2011685911.1668868,81,Extreme Greed,212.35579129299117,0.07368743216561187,1.2794907167052587,0.07455953893923797,13.992922833482528,extreme_greed,True,0.62,0.07368743216561187,1.2794907167052587
2021-02-06,1718.95,1743.67,1642.94,1676.35,1149808.33101,1152167,1940057857.9438982,84,Extreme Greed,390.90311924918615,0.07322422612744728,1.2875326113974246,-0.025234438863582294,13.955105817761707,extreme_greed,True,0.68,0.07322422612744728,1.2875326113974246
2021-02-07,1676.35,1693.0,1490.46,1611.62,1281734.86814,1263737,2044371589.0232763,86,Extreme Greed,0.0,0.07470396346839363,1.3018075972693486,-0.03937892652140006,14.063725083951137,extreme_greed,True,0.72,0.07470396346839363,1.3018075972693486
2021-02-08,1611.46,1775.57,1563.89,1750.15,1339777.09536,1372788,2255426926.0199776,83,Extreme Greed,116.48582246902194,0.07431171199445016,1.302462927762065,0.08246161426252417,14.108013811343671,extreme_greed,True,0.66,0.07431171199445016,1.302462927762065
2021-02-09,1749.68,1821.88,1708.49,1769.13,1185071.89593,1173421,2080818891.698905,95,Extreme Greed,0.0,0.07272269435833444,1.3023963322434187,0.010786401775912181,13.985314002381804,extreme_greed,True,0.9,0.07272269435833444,1.3023963322434187
2021-02-10,1769.14,1837.86,1680.0,1740.78,1219932.25474,1279140,2149076144.4076576,92,Extreme Greed,497.7462705759716,0.06584513656242019,0.9981693532576243,-0.016154611680890132,14.014305886266014,extreme_greed,True,0.84,0.06584513656242019,0.9981693532576243
2021-02-11,1740.76,1819.0,1703.44,1785.62,735079.82699,935602,1301681871.563269,93,Extreme Greed,517.2309662725545,0.06072810051028245,0.9509781521260426,0.025432405216073647,13.507734380447195,extreme_greed,True,0.86,0.06072810051028245,0.9509781521260426
2021-02-12,1785.83,1864.88,1739.88,1840.26,909600.20653,996495,1635426867.7740927,92,Extreme Greed,119.78375364111952,0.06087121978929966,0.9494228486717533,0.030141172127228267,13.720760448474286,extreme_greed,True,0.84,0.06087121978929966,0.9494228486717533
2021-02-13,1840.24,1871.72,1765.0,1814.96,767589.07285,853189,1395594093.2839975,92,Extreme Greed,430.7237093801511,0.05856658286554193,0.8767808538606108,-0.013843437079733154,13.55100980754015,extreme_greed,True,0.84,0.05856658286554193,0.8767808538606108
2021-02-14,1815.25,1850.0,1784.11,1800.42,675261.77873,714827,1230043295.0342839,95,Extreme Greed,248.60966659870954,0.056067220462668634,0.8434226882979747,-0.008043457889004254,13.422855715012536,extreme_greed,True,0.9,0.056067220462668634,0.8434226882979747
2021-02-15,1800.03,1835.72,1655.67,1779.25,1053474.57879,1086589,1860338371.8974078,93,Extreme Greed,0.0,0.0561010543449591,0.8452212351501479,-0.011828043820220503,13.86760438169319,extreme_greed,True,0.86,0.0561010543449591,0.8452212351501479
2021-02-16,1779.33,1827.28,1724.0,1781.99,817493.47513,826125,1455884891.92438,95,Extreme Greed,368.52938229384904,0.05390613948848242,0.739602038478346,0.0015387901633503094,13.61399820022934,extreme_greed,True,0.9,0.05390613948848242,0.739602038478346
2021-02-17,1781.99,1855.0,1733.01,1849.88,795711.63311,862461,1437546812.9718318,95,Extreme Greed,392.8582198360878,0.05260703570470761,0.7174230494118898,0.037390054760958566,13.586992129228593,extreme_greed,True,0.9,0.05260703570470761,0.7174230494118898
2021-02-18,1849.7,1950.5,1849.69,1939.61,937227.10191,1053661,1787383532.102376,91,Extreme Greed,0.0,0.05093387919423534,0.7223591508904837,0.04736614981642389,13.750680903155407,extreme_greed,True,0.82,0.05093387919423534,0.7223591508904837
2021-02-19,1938.91,1972.82,1891.0,1955.0,793404.4115,988320,1533991632.1295462,93,Extreme Greed,83.38578131012954,0.05064957226188187,0.7200805765448319,0.007903271499352892,13.584088347293946,extreme_greed,True,0.86,0.05064957226188187,0.7200805765448319
2021-02-20,1955.46,2042.34,1803.14,1913.0,1261315.81279,1329067,2493836246.4871454,91,Extreme Greed,169.1087740169504,0.05238393561702357,0.6930521921436169,-0.021717502979213217,14.047666029895137,extreme_greed,True,0.82,0.05238393561702357,0.6930521921436169
2021-02-21,1912.9,1976.31,1883.01,1933.53,756568.19743,895138,1467970937.2850726,91,Extreme Greed,218.6693574037707,0.051634519902803946,0.6860634186566859,0.010674657390529932,13.536547956766043,extreme_greed,True,0.82,0.051634519902803946,0.6860634186566859
2021-02-22,1933.54,1936.29,1551.0,1777.58,1807244.98099,1799926,3200483176.9795847,94,Extreme Greed,0.0,0.057033467649082924,0.709560378687279,-0.08409445913382413,14.407314133705555,extreme_greed,True,0.88,0.057033467649082924,0.709560378687279
2021-02-23,1777.42,1782.39,1355.0,1577.89,2547837.82068,2396626,3931407907.5342765,94,Extreme Greed,0.0,0.0665044550426718,0.7646142079064254,-0.11916437721265055,14.750755643993834,extreme_greed,True,0.88,0.0665044550426718,0.7646142079064254
2021-02-24,1577.79,1712.7,1500.2,1623.39,1384388.81727,1319936,2261264845.4650745,76,Extreme Greed,731.8615316086874,0.06785133908548886,0.7572333871527532,0.028428043912497793,14.140769313038064,extreme_greed,True,0.52,0.06785133908548886,0.7572333871527532
2021-02-25,1623.16,1671.59,1459.16,1481.75,1032670.79409,1110019,1650582276.8718638,79,Extreme Greed,713.9105713978558,0.06893574474464619,0.771853555398441,-0.0912927337288582,13.847659008142118,extreme_greed,True,0.58,0.06893574474464619,0.771853555398441
2021-02-26,1482.08,1562.25,1400.0,1444.59,1355973.29378,1298739,2004016547.111193,55,Greed,0.0,0.07003658573745258,0.7719038939445352,-0.025398277406601846,14.120030052436025,neutral,False,0.1,0.07003658573745258,0.7719038939445352
2021-02-27,1444.56,1529.0,1425.0,1458.13,927423.0475,954919,1375946816.3325431,56,Greed,499.07277023671827,0.06856987793620543,0.7645010622187176,0.009329248569763962,13.740165102366735,greed,False,0.12,0.06856987793620543,0.7645010622187176
2021-02-28,1458.27,1468.75,1293.18,1419.18,1410207.56284,1190546,1929140046.6462586,55,Greed,0.0,0.06858198683648045,0.6939014646089127,-0.02707555282154277,14.159247459208306,neutral,False,0.1,0.06858198683648045,0.6939014646089127
2021-03-01,1418.67,1572.0,1409.91,1569.86,1094695.17839,989006,1642627276.3105588,38,Fear,0.0,0.06958869264274666,0.7966648903885876,0.10090720338220756,13.905986506579431,fear,False,-0.24,0.06958869264274666,0.7966648903885876
2021-03-02,1570.0,1602.9,1455.52,1486.78,1061142.38743,966176,1627312282.623529,78,Extreme Greed,413.3862261784809,0.06974883719175597,0.814493664842875,-0.05437373576751944,13.874856609751234,extreme_greed,True,0.56,0.06974883719175597,0.814493664842875
2021-03-03,1486.79,1656.94,1475.47,1567.69,1054846.31471,1237215,1676300215.0458324,78,Extreme Greed,512.8580136383187,0.07092144402474639,0.8350600179577069,0.052990490658437174,13.86890564102026,extreme_greed,True,0.56,0.07092144402474639,0.8350600179577069
2021-03-04,1567.68,1624.87,1506.36,1539.23,946365.67088,1125118,1476463517.9864872,84,Extreme Greed,543.8672627601896,0.07103852113826473,0.8245021743095797,-0.018320906916699742,13.760384317615639,extreme_greed,True,0.68,0.07103852113826473,0.8245021743095797
2021-03-05,1539.22,1548.96,1441.66,1528.31,910786.28976,1000913,1355798089.272699,77,Extreme Greed,0.0,0.07125486779810017,0.8243162869795411,-0.007119741635654105,13.722063560093998,extreme_greed,True,0.54,0.07125486779810017,0.8243162869795411
2021-03-06,1528.08,1671.58,1513.03,1650.35,1013300.93928,1188531,1611851701.8240168,77,Extreme Greed,0.0,0.07233693887313658,0.8783462878170331,0.07682483688188557,13.828723816387523,extreme_greed,True,0.54,0.07233693887313658,0.8783462878170331
2021-03-07,1650.68,1734.16,1630.35,1726.16,848470.78136,1166072,1414988218.19354,76,Extreme Greed,0.0,0.07147845627812842,0.8948766097420237,0.044911901618905486,13.651190927424134,extreme_greed,True,0.52,0.07147845627812842,0.8948766097420237
2021-03-08,1726.46,1843.59,1664.96,1833.18,1149711.39987,1407402,1995142128.6481345,81,Extreme Greed,0.0,0.07235626724747383,0.9213253247087783,0.060152875459970855,13.955021512209765,extreme_greed,True,0.62,0.07235626724747383,0.9213253247087783
2021-03-09,1833.22,1870.77,1798.2,1870.51,857229.47855,1196670,1570286249.4509006,81,Extreme Greed,0.0,0.07197366710519987,0.914406107730935,0.020158957246936827,13.661460931339303,extreme_greed,True,0.62,0.07197366710519987,0.914406107730935
2021-03-10,1870.5,1877.69,1757.0,1795.12,937230.62831,1098051,1706230875.2676637,68,Greed,262.85690539221673,0.07217350671843122,0.9082599924940121,-0.04113924888249015,13.75068466573692,greed,False,0.36,0.07217350671843122,0.9082599924940121
2021-03-11,1795.28,1846.7,1725.0,1825.78,909011.4961,1023958,1627027458.0887964,73,Greed,250.45457857309228,0.07252911035601564,0.9103763247881279,0.016935420913125228,13.720113020054342,greed,False,0.46,0.07252911035601564,0.9103763247881279
2021-03-12,1825.78,1841.88,1719.72,1766.1,869564.6361,1126153,1542873062.4201016,70,Greed,615.2590880398287,0.07117284859605905,0.91435541288797,-0.03323356726634715,13.675747947103892,greed,False,0.4,0.07117284859605905,0.91435541288797
2021-03-13,1766.13,1944.3,1727.75,1922.35,926283.22642,1265904,1718553131.9614732,74,Greed,333.96861849656153,0.0726281601760239,0.9664701924335066,0.08477467022646717,13.738935326927457,greed,False,0.48,0.0726281601760239,0.9664701924335066
2021-03-14,1922.35,1933.1,1836.0,1848.1,637963.63627,963564,1200354205.603357,78,Extreme Greed,259.6629017179534,0.0665956675638346,0.9272900324512264,-0.03939031163708202,13.366036564260561,extreme_greed,True,0.56,0.0665956675638346,0.9272900324512264
2021-03-15,1848.1,1891.76,1730.0,1793.48,1025326.79658,1496415,1842608872.76306,76,Extreme Greed,0.0,0.0567772278665681,0.8207263934265615,-0.03000021776153359,13.840521945672165,extreme_greed,True,0.52,0.0567772278665681,0.8207263934265615
2021-03-16,1793.99,1819.5,1711.68,1805.12,764993.40147,987906,1360127229.789916,71,Greed,198.76376050200085,0.05453873824977078,0.8166017285763746,0.0064692050214343365,13.54762248724206,greed,False,0.42,0.05453873824977078,0.8166017285763746
2021-03-17,1805.01,1838.88,1741.18,1823.58,658349.44843,872416,1177718486.9646137,71,Greed,247.3364618777462,0.05191427270492918,0.7325050917533598,0.010174530410139519,13.3974911459775,greed,False,0.42,0.05191427270492918,0.7325050917533598
2021-03-18,1823.58,1850.0,1759.04,1776.08,603721.61056,783517,1092346826.5536902,72,Greed,330.4793379950517,0.050240336636543495,0.7331576367949435,-0.026392913379087828,13.310868460996566,greed,False,0.44,0.050240336636543495,0.7331576367949435
2021-03-19,1775.92,1840.61,1733.47,1809.1,500258.42875,703977,901801564.202326,71,Greed,320.78248445170544,0.049994669818890516,0.7337032408326484,0.018420795444552582,13.122880101379499,greed,False,0.42,0.049994669818890516,0.7337032408326484
2021-03-20,1809.01,1868.83,1800.86,1806.1,451556.10639,743672,828404987.6527742,75,Greed,0.0,0.04724345916601961,0.7217584668002218,-0.0016596595975975677,13.020454910763236,greed,False,0.5,0.04724345916601961,0.7217584668002218
2021-03-21,1806.57,1817.16,1747.0,1782.98,465953.98749,748800,830951276.5130765,73,Greed,0.0,0.04523650255884953,0.6448930796462901,-0.012883702679304781,13.051842168940892,greed,False,0.46,0.04523650255884953,0.6448930796462901
2021-03-22,1783.23,1807.51,1655.15,1680.97,582727.49081,879976,1019780398.7821894,70,Greed,74.29957254584174,0.04492677788028256,0.6507410396566363,-0.058915114020876964,13.275474930343343,greed,False,0.4,0.04492677788028256,0.6507410396566363
2021-03-23,1681.17,1721.17,1650.0,1668.08,577213.99589,654415,975522491.0640426,66,Greed,156.575899443624,0.042519763699917924,0.628049003177128,-0.007697743330170708,13.26596835349155,greed,False,0.32,0.042519763699917924,0.628049003177128
2021-03-24,1668.2,1740.86,1536.92,1581.84,753834.52393,994542,1251031751.1563811,65,Greed,168.0648976862523,0.04454741956724324,0.6553085681314466,-0.05308453798669118,13.532928158620464,greed,False,0.3,0.04454741956724324,0.6553085681314466
2021-03-25,1581.88,1622.0,1549.4,1585.74,701697.00258,778215,1115502879.6291516,60,Greed,196.71039903232668,0.04392436279910335,0.6545452587758277,0.0024624489172728084,13.461256969576704,greed,False,0.2,0.04392436279910335,0.6545452587758277
2021-03-26,1585.83,1699.93,1585.79,1698.84,515470.92907,650812,844707873.9147714,54,Neutral,0.0,0.04286458945408897,0.642999860117057,0.0688944898645591,13.152836187192326,neutral,False,0.08,0.04286458945408897,0.642999860117057
2021-03-27,1698.84,1732.67,1666.41,1712.63,443845.49957,516929,753555521.6446562,65,Greed,0.0,0.04238012989909178,0.6229589938910062,0.008084535469532356,13.00323180691594,greed,False,0.3,0.04238012989909178,0.6229589938910062
2021-03-28,1712.52,1725.66,1661.4,1687.01,348895.51314,512231,592836644.5993392,74,Greed,299.5210900299421,0.04043193257319983,0.5818609799205846,-0.015072469453262603,12.762527767074978,greed,False,0.48,0.04043193257319983,0.5818609799205846
2021-03-29,1687.16,1841.0,1677.85,1816.74,647724.46387,846836,1148231088.8115873,72,Greed,0.0,0.04197382214917496,0.6403006075517915,0.07408595493625687,13.381220674829812,greed,False,0.44,0.04197382214917496,0.6403006075517915
2021-03-30,1816.76,1859.13,1786.3,1840.46,568842.00526,856093,1039262033.3867556,72,Greed,0.0,0.0413643409769068,0.6244366606170928,0.012971854211305785,13.251358003654458,greed,False,0.44,0.0413643409769068,0.6244366606170928
2021-03-31,1840.41,1947.29,1768.15,1919.37,746995.8591,1040362,1387448329.8618677,76,Extreme Greed,191.84865833497514,0.04236917158599207,0.6389429703546132,0.04198146681880179,13.523814920726096,extreme_greed,True,0.52,0.04236917158599207,0.6389429703546132
2021-04-01,1919.37,1984.77,1885.02,1968.05,741585.07266,994836,1438751530.7872293,74,Greed,0.0,0.04193051636060821,0.629128753008587,0.025046197616483582,13.51654516447133,greed,False,0.48,0.04193051636060821,0.629128753008587
2021-04-02,1968.05,2146.0,1948.48,2133.69,846197.93215,1218698,1719752062.5167284,74,Greed,0.0,0.04092489808252688,0.6226187562700917,0.08080967041185695,13.648508573575683,greed,False,0.48,0.04092489808252688,0.6226187562700917
2021-04-03,2133.69,2138.12,1996.3,2008.52,770176.32192,1107620,1601516390.597115,73,Greed,528.7437374868801,0.04137505178293383,0.6466596725947029,-0.06045474277576091,13.554374757122265,greed,False,0.46,0.04137505178293383,0.6466596725947029
2021-04-04,2008.59,2091.83,1975.24,2075.69,514345.76554,818926,1050448906.4424022,74,Greed,246.2706913313138,0.0403375701798852,0.6411058761569042,0.03289549607977363,13.150651013882145,greed,False,0.48,0.0403375701798852,0.6411058761569042
2021-04-05,2075.7,2130.64,2002.15,2107.38,684923.61494,947978,1419084945.8137891,71,Greed,214.17649684050133,0.040368270398455496,0.6416959752519307,0.015151841243722527,13.437062599990048,greed,False,0.42,0.040368270398455496,0.6416959752519307
2021-04-06,2107.43,2151.0,2044.65,2112.21,673386.05575,1106761,1420490813.0390558,75,Greed,206.13618134531688,0.04027673341741909,0.6419097453289906,0.0022893229482022137,13.420074078262756,greed,False,0.5,0.04027673341741909,0.6419097453289906
2021-04-07,2112.22,2129.01,1930.01,1963.47,892984.90422,1229155,1798606574.0535572,72,Greed,49.50163318881257,0.04183344557745118,0.6936679807617195,-0.07302147663878487,13.702324955146883,greed,False,0.44,0.04183344557745118,0.6936679807617195
2021-04-08,1963.46,2084.61,1947.35,2080.46,501355.998,911403,1015796231.0118822,73,Greed,514.6371909125429,0.04205758238339905,0.7175093989701408,0.057875707028077115,13.125071702578522,greed,False,0.46,0.04205758238339905,0.7175093989701408
2021-04-09,2080.39,2100.0,2047.57,2066.87,426387.4379,645172,885134116.0229065,70,Greed,0.0,0.04190007092647709,0.7185013220135378,-0.006553637468456162,12.963103690564896,greed,False,0.4,0.04190007092647709,0.7185013220135378
2021-04-10,2067.19,2200.0,2058.0,2133.49,655458.20894,1175161,1405364881.8583133,70,Greed,0.0,0.04251989555935426,0.7197860089344275,0.03172375086109794,13.39308982567599,greed,False,0.4,0.04251989555935426,0.7197860089344275
2021-04-11,2133.49,2165.02,2113.4,2151.36,392265.50773,830771,839653140.9405915,76,Extreme Greed,102.11451778004216,0.04097077365756516,0.6737723063399679,0.008341063797419682,12.87969420513564,extreme_greed,True,0.52,0.04097077365756516,0.6737723063399679
2021-04-12,2151.42,2203.46,2102.0,2137.69,579093.35694,914567,1244982956.770031,74,Greed,140.44925158298096,0.041067242412673316,0.6732665995426261,-0.0063743935312508965,13.269218981795987,greed,False,0.48,0.041067242412673316,0.6732665995426261
2021-04-13,2137.86,2318.0,2135.53,2299.19,782608.6209,1288668,1745821661.496614,74,Greed,0.0,0.039086779997588784,0.6590337405596524,0.07283108022698058,13.570388004414617,greed,False,0.48,0.039086779997588784,0.6590337405596524
2021-04-14,2299.19,2447.29,2281.33,2432.6,972931.60866,1554097,2294753430.627407,75,Greed,0.0,0.039735239439449184,0.6691455705876865,0.05640375720793445,13.788069069550776,greed,False,0.5,0.039735239439449184,0.6691455705876865
2021-04-15,2432.59,2543.47,2400.0,2514.04,681950.96645,1462768,1680063463.6011207,79,Extreme Greed,0.0,0.03940257791879056,0.6471004636703308,0.03293037673824547,13.432713037540028,extreme_greed,True,0.58,0.03940257791879056,0.6471004636703308
2021-04-16,2514.04,2548.29,2300.0,2422.67,999163.75205,1679215,2418566593.0473747,78,Extreme Greed,369.3354571597354,0.04140846867190149,0.6768665387507996,-0.0370207831812446,13.814673960163903,extreme_greed,True,0.56,0.04140846867190149,0.6768665387507996
2021-04-17,2422.38,2495.0,2310.0,2317.6,624232.25568,1242299,1504895144.9122343,76,Extreme Greed,620.7869240304436,0.04237601598773297,0.7029249839573557,-0.04433807028619631,13.344277782715995,extreme_greed,True,0.52,0.04237601598773297,0.7029249839573557
2021-04-18,2317.65,2340.0,1946.8,2235.64,1475383.69204,2113566,3190809322.5104613,79,Extreme Greed,0.0,0.04744203950184674,0.6905304408105668,-0.036004626931238994,14.204428644124674,extreme_greed,True,0.58,0.04744203950184674,0.6905304408105668
2021-04-19,2235.65,2300.0,2080.0,2161.12,820592.26555,1411498,1800575928.1074944,74,Greed,619.8111695812975,0.04903307007758984,0.7080151058823922,-0.03390093471144763,13.617781633586311,greed,False,0.48,0.04903307007758984,0.7080151058823922
2021-04-20,2161.12,2346.62,2055.0,2330.03,992240.809,1478664,2181209665.225936,73,Greed,815.230963285502,0.05053565057803406,0.7383767993384812,0.07525453720088406,13.807721107815816,greed,False,0.46,0.05053565057803406,0.7383767993384812
2021-04-21,2330.26,2469.54,2235.16,2357.06,1177885.8617,1905822,2771995884.0361485,73,Greed,0.0,0.05181917756672051,0.736205269683394,0.011533936687040168,13.97923174690345,greed,False,0.46,0.05181917756672051,0.736205269683394
2021-04-22,2357.06,2644.47,2303.44,2397.94,2220753.09746,3110597,5508778905.781418,65,Greed,52.02100610919329,0.05348705385964777,0.6869085988690906,0.01719495572334584,14.613356929412017,greed,False,0.3,0.05348705385964777,0.6869085988690906
2021-04-23,2397.94,2442.89,2107.0,2367.39,2532242.44185,2790382,5719925451.745558,55,Greed,0.0,0.05630707088699032,0.6454991534517799,-0.012821952956106254,14.74461580878795,neutral,False,0.1,0.05630707088699032,0.6454991534517799
2021-04-24,2367.39,2368.74,2154.8,2213.35,997688.94623,1275474,2246912953.2717814,37,Fear,668.3982985861378,0.05720809685160799,0.6910443038426858,-0.0672808775731172,13.813196829587943,fear,False,-0.26,0.05720809685160799,0.6910443038426858
2021-04-25,2214.08,2356.64,2168.0,2320.49,857517.38218,1307545,1948978895.4651551,31,Fear,760.590354111859,0.057693371749188475,0.7076121750024893,0.04727116536137015,13.661796728580631,fear,False,-0.38,0.057693371749188475,0.7076121750024893
2021-04-26,2320.44,2542.8,2303.64,2532.6,1076469.01367,1852607,2652330344.6620235,27,Fear,0.0,0.05880565704679431,0.7657825051641757,0.08746807276063732,13.889196811043435,fear,False,-0.46,0.05880565704679431,0.7657825051641757
2021-04-27,2532.06,2680.0,2480.29,2666.13,771728.46451,1255607,1995139023.6148367,50,Neutral,0.0,0.05824597904562057,0.7144965663870727,0.05138153972385659,13.556388037226114,neutral,False,0.0,0.05824597904562057,0.7144965663870727
2021-04-28,2666.13,2760.0,2559.44,2748.24,999383.1852,1587100,2673547154.2008715,59,Greed,30.395189391789724,0.05840864490013095,0.6992527330896776,0.030332724032828818,13.814893552855764,greed,False,0.18,0.05840864490013095,0.6992527330896776
2021-04-29,2748.23,2798.0,2668.0,2757.04,863890.01069,1379738,2366133509.254801,52,Neutral,1.7933742591540722,0.05865884367326937,0.6963169101764475,0.003196933669113188,13.66920073724042,neutral,False,0.04,0.05865884367326937,0.6963169101764475
2021-04-30,2757.04,2798.3,2723.09,2772.42,695339.20482,1382521,1917297701.0995226,51,Neutral,172.40914319977315,0.05808581089921964,0.6938753157728708,0.005562944541741023,13.452155069971404,neutral,False,0.02,0.05808581089921964,0.6938753157728708
2021-05-01,2772.42,2954.28,2743.41,2944.77,690260.07741,1437394,1979833188.0652046,68,Greed,0.0,0.058841775861951606,0.7133968508927715,0.06031013057980837,13.444823729338127,greed,False,0.36,0.058841775861951606,0.7133968508927715
2021-05-02,2944.83,2985.0,2852.26,2949.56,571982.5445,1132280,1672310882.2447007,66,Greed,60.60251306673554,0.05881832961169022,0.7106742618958877,0.0016252911032897802,13.256863753287902,greed,False,0.32,0.05881832961169022,0.7106742618958877
2021-05-03,2949.33,3454.0,2949.32,3431.04,1329088.0628,2502746,4243786480.415151,61,Greed,0.0,0.06154935361659906,0.8369056080602715,0.15120741553197212,14.100003597953096,greed,False,0.22,0.06154935361659906,0.8369056080602715
2021-05-04,3431.04,3527.0,3160.0,3239.01,1826039.38558,3634236,6103102520.709462,68,Greed,326.90072844853574,0.06258681333782018,0.8684013689224878,-0.0575956946599089,14.417659909225357,greed,False,0.36,0.06258681333782018,0.8684013689224878
2021-05-05,3239.01,3549.34,3200.23,3524.26,1174816.73588,2224441,3955994776.901158,48,Neutral,839.2616204532396,0.06363681390918541,0.9016207048051643,0.08440275759095238,13.976622723932065,neutral,False,-0.04,0.06363681390918541,0.9016207048051643
2021-05-06,3524.33,3605.4,3376.47,3489.73,920592.57706,1703109,3213427394.7772655,65,Greed,81.16850468578437,0.06275139884022057,0.8850785328645393,-0.009846115823277535,13.732772847178307,greed,False,0.3,0.06275139884022057,0.8850785328645393
2021-05-07,3489.74,3587.0,3353.23,3479.53,760544.64781,1382532,2641740668.4696465,64,Greed,519.925440448346,0.06255082303518204,0.8580338711360744,-0.002927142130709903,13.541790097452619,greed,False,0.28,0.06255082303518204,0.8580338711360744
2021-05-08,3479.79,3958.33,3449.27,3910.26,1130467.54852,2146967,4170897763.922394,67,Greed,0.0,0.06036586506506123,0.8954925041527542,0.11670664075614831,13.938141864865774,greed,False,0.34,0.06036586506506123,0.8954925041527542
2021-05-09,3910.26,3983.65,3726.08,3923.95,1000401.0082,2289303,3885039042.6637073,73,Greed,217.11354049997627,0.05951734767641516,0.8707289853241081,0.00349493157185186,13.815911485781974,greed,False,0.46,0.05951734767641516,0.8707289853241081
2021-05-10,3923.95,4208.0,3650.0,3945.88,1505897.92612,3033133,6079977785.411387,72,Greed,360.17434920411046,0.05991426558112075,0.8575395571426283,0.005573197073655093,14.224899906904163,greed,False,0.44,0.05991426558112075,0.8575395571426283
2021-05-11,3946.63,4180.22,3771.64,4173.45,1095927.10403,2290977,4350260231.588787,61,Greed,803.192163659512,0.06000976040055347,0.8619022234172955,0.056071035288974565,13.907111233356616,greed,False,0.22,0.06000976040055347,0.8619022234172955
2021-05-12,4173.46,4372.72,3701.58,3823.21,1601842.74017,3188941,6673102683.974241,68,Greed,704.373386657577,0.06130328247113663,0.9555176522440081,-0.08765264799631596,14.286665237104083,greed,False,0.36,0.06130328247113663,0.9555176522440081
2021-05-13,3810.15,4034.77,3500.0,3717.91,2068708.17427,3943562,7846531159.419687,31,Fear,0.0,0.061058280818094106,0.9645590298964298,-0.027928701444750428,14.542434900027597,fear,False,-0.38,0.061058280818094106,0.9645590298964298
2021-05-14,3717.92,4173.28,3691.35,4075.01,1153390.42631,2227244,4569415542.247888,26,Fear,286.69954651485006,0.061952147099977393,0.9327085920999861,0.09171151823394462,13.95821635972151,fear,False,-0.48,0.061952147099977393,0.9327085920999861
2021-05-15,4075.02,4134.05,3632.0,3646.68,1039174.88082,2055345,4030586492.9649377,27,Fear,952.0833974380632,0.06336281998296936,1.0561422922390389,-0.11105603605137421,13.853937572395118,fear,False,-0.46,0.06336281998296936,1.0561422922390389
2021-05-16,3646.24,3879.0,3343.06,3582.1,1324065.65875,2532983,4788918304.497996,20,Extreme Fear,0.0,0.06509689822482806,1.03633712827778,-0.017867944012732465,14.096217605450393,extreme_fear,True,-0.6,0.06509689822482806,1.03633712827778
2021-05-17,3581.81,3587.06,3102.0,3282.51,1904012.43998,2885352,6401071580.734826,27,Fear,0.0,0.06715735306818912,1.0914137870814795,-0.08734084696477265,14.459474027915045,fear,False,-0.46,0.06715735306818912,1.0914137870814795
2021-05-18,3282.25,3565.71,3240.0,3375.07,1287110.84143,2143887,4392873871.822427,21,Extreme Fear,693.4752268437147,0.06762353554618554,1.0908387752970978,0.027807691201481986,14.06791060674705,extreme_fear,True,-0.58,0.06762353554618554,1.0908387752970978
2021-05-19,3375.08,3441.73,1888.0,2438.92,4309836.31939,5548968,11641524166.98746,23,Extreme Fear,0.0,0.10504345592909543,1.6147877537858562,-0.32486074648231034,15.276410484419113,extreme_fear,True,-0.54,0.10504345592909543,1.6147877537858562
2021-05-20,2438.92,2990.05,2155.0,2768.62,2942777.9301,4243052,7750201898.667441,11,Extreme Fear,2009.1988880057932,0.11381985800929376,1.682356361955307,0.1267936827452267,14.894864567385918,extreme_fear,True,-0.78,0.11381985800929376,1.682356361955307
2021-05-21,2767.87,2938.54,2101.0,2430.98,2727031.93514,3676164,6898701128.841128,19,Extreme Fear,2781.579225076716,0.12200792979750504,1.7268578000296018,-0.130054532879971,14.818724372481562,extreme_fear,True,-0.62,0.12200792979750504,1.7268578000296018
2021-05-22,2430.98,2485.0,2145.0,2294.87,1684318.01157,2484734,3934313840.470727,12,Extreme Fear,744.3129108162981,0.1234464104292939,1.7345435613173392,-0.057618271205140875,14.336871298930879,extreme_fear,True,-0.76,0.1234464104292939,1.7345435613173392
2021-05-23,2295.45,2381.57,1728.74,2096.39,2914548.73125,3761018,5907260139.54496,14,Extreme Fear,0.0,0.12899592926797476,1.64156993136096,-0.0904593791755005,14.88522555660588,extreme_fear,True,-0.72,0.12899592926797476,1.64156993136096
2021-05-24,2096.63,2675.0,2079.94,2648.43,2186632.92245,3299296,5180244966.7212305,10,Extreme Fear,0.0,0.13252889384733185,1.8733709075719294,0.23375019374596437,14.597873440326689,extreme_fear,True,-0.8,0.13252889384733185,1.8733709075719294
2021-05-25,2647.92,2750.0,2378.54,2705.11,2115349.50445,2976859,5442737549.401259,22,Extreme Fear,270.2821537191998,0.13323038609731241,1.8443018685345764,0.02117556530759306,14.564730607141152,extreme_fear,True,-0.56,0.13323038609731241,1.8443018685345764
2021-05-26,2705.1,2910.0,2643.0,2884.94,1583799.59251,2726537,4416389128.58148,22,Extreme Fear,0.0,0.133565530172441,1.8648025806102495,0.06436152561075188,14.275337323472142,extreme_fear,True,-0.56,0.133565530172441,1.8648025806102495
2021-05-27,2884.82,2889.74,2633.68,2742.23,1099029.91206,1732113,3033719144.340213,27,Fear,818.2196008352764,0.13383982349814086,1.870275087792751,-0.050732644515115596,13.909938450540391,fear,False,-0.46,0.13383982349814086,1.870275087792751
2021-05-28,2742.23,2762.45,2327.38,2412.1,1554584.61362,2184249,3934662309.0444226,21,Extreme Fear,0.0,0.13453993505272732,1.8488756047453603,-0.1282737206263049,14.256718938405207,extreme_fear,True,-0.58,0.13453993505272732,1.8488756047453603
2021-05-29,2412.34,2574.27,2204.1,2278.74,1379427.18851,1887733,3288804154.831871,18,Extreme Fear,131.3068587530255,0.135849411845159,1.8493196744288538,-0.05687507874505124,14.137178890173656,extreme_fear,True,-0.64,0.135849411845159,1.8493196744288538
2021-05-30,2278.74,2476.42,2180.53,2385.98,1151113.19883,1519005,2726606138.631717,10,Extreme Fear,838.0466360420845,0.13558056748854158,1.8643145685758848,0.0459872827806308,13.956240031113152,extreme_fear,True,-0.8,0.13558056748854158,1.8643145685758848
2021-05-31,2385.82,2720.0,2271.44,2706.15,1307958.04068,1849177,3277131772.1340704,18,Extreme Fear,0.0,0.13702926676883034,1.920319240374599,0.12591701917386455,14.083977731493913,extreme_fear,True,-0.64,0.13702926676883034,1.920319240374599
2021-06-01,2706.15,2740.0,2523.74,2634.57,1179577.10806,1790186,3081355010.9534516,20,Extreme Fear,254.48787902129473,0.13564007465729447,1.9046684898937503,-0.026806979763833352,13.980666549207312,extreme_fear,True,-0.6,0.13564007465729447,1.9046684898937503
2021-06-02,2634.31,2802.99,2550.0,2706.22,970070.53563,1349232,2616566301.6287875,23,Extreme Fear,492.02056532154205,0.13488887016072484,1.9110267143535375,0.026832846435921022,13.785124064980133,extreme_fear,True,-0.54,0.13488887016072484,1.9110267143535375
2021-06-03,2706.21,2891.95,2662.4,2857.25,1024290.89423,1620340,2874856613.490244,24,Extreme Fear,0.0,0.1343384051618702,1.8875640831164713,0.054306796538697875,13.839511120636015,extreme_fear,True,-0.52,0.1343384051618702,1.8875640831164713
2021-06-04,2857.25,2860.0,2552.0,2689.51,1188314.11191,1775946,3175186750.490876,27,Fear,379.9717104658927,0.13408443349058946,1.8627868393780633,-0.06050060290809493,13.988046147920805,fear,False,-0.46,0.13408443349058946,1.8627868393780633
2021-06-05,2689.54,2816.87,2552.23,2627.73,961824.12413,1670498,2575726370.430859,24,Extreme Fear,887.2897405585782,0.13324962025365966,1.862985528088322,-0.023238665269225783,13.776586889783966,extreme_fear,True,-0.52,0.13324962025365966,1.862985528088322
2021-06-06,2627.63,2745.0,2614.0,2711.92,673792.69369,1336460,1814112037.5335102,17,Extreme Fear,276.49391325722297,0.13197699773159904,1.8499210091538478,0.0315365154997358,13.42067776645561,extreme_fear,True,-0.66,0.13197699773159904,1.8499210091538478
2021-06-07,2711.92,2847.55,2570.0,2592.05,1152128.07856,1926275,3149245176.9112635,15,Extreme Fear,267.0343472101564,0.13206861460354113,1.848521238366717,-0.045207802690552336,13.957121293363569,extreme_fear,True,-0.7,0.13206861460354113,1.848521238366717
2021-06-08,2592.05,2620.99,2304.91,2507.23,1693747.42759,2128256,4201646662.8817344,13,Extreme Fear,0.0,0.10600915450303817,1.4414205477494713,-0.03327051034015327,14.342454044842944,extreme_fear,True,-0.74,0.10600915450303817,1.4414205477494713
2021-06-09,2507.43,2626.63,2405.28,2610.18,1276718.24011,1763686,3223323188.070379,14,Extreme Fear,606.0902220031327,0.09717760746501009,1.372642123675742,0.0402406263865517,14.059803468625786,extreme_fear,True,-0.72,0.09717760746501009,1.372642123675742
2021-06-10,2610.2,2624.46,2425.11,2471.09,741237.49926,978237,1874571746.4354444,21,Extreme Fear,729.9270322843207,0.08675345009908764,1.3044952027342318,-0.05475983562962982,13.516076364747144,extreme_fear,True,-0.58,0.08675345009908764,1.3044952027342318
2021-06-11,2471.01,2497.99,2321.37,2354.01,587364.27358,885172,1424975261.8077207,21,Extreme Fear,0.0,0.08504548481080816,1.2994893941346393,-0.04853909192677941,13.28340047461675,extreme_fear,True,-0.58,0.08504548481080816,1.2994893941346393
2021-06-12,2354.09,2454.53,2256.22,2370.74,767439.4984,1127302,1807036943.9986246,28,Fear,238.81784394212295,0.07422824738478276,1.2534774012744268,0.007081885780932287,13.55081492589003,fear,False,-0.44,0.07422824738478276,1.2534774012744268
2021-06-13,2370.64,2548.41,2308.41,2509.33,715948.75986,1217504,1724097564.334307,23,Extreme Fear,196.6550565209519,0.06741357159934679,0.9473271949309995,0.0568136425416618,13.481363878940584,extreme_fear,True,-0.54,0.06741357159934679,0.9473271949309995
2021-06-14,2509.33,2609.17,2461.0,2580.77,684183.55622,1118498,1730260219.1338103,28,Fear,0.0,0.06501134743987816,0.9499449320397655,0.028072018778686522,13.43598151765016,fear,False,-0.44,0.06501134743987816,0.9499449320397655
2021-06-15,2580.58,2640.0,2507.7,2543.54,599826.64933,1044834,1548303436.0627651,38,Fear,184.52943269929918,0.06408680384271227,0.9171713830040883,-0.014530992500364865,13.304395974670166,fear,False,-0.24,0.06408680384271227,0.9171713830040883
2021-06-16,2543.55,2556.19,2351.18,2367.89,624741.78358,896073,1533734359.4130068,33,Fear,0.0,0.06385848155128918,0.9333884904638304,-0.07155754827824162,13.345093697078104,fear,False,-0.34,0.06385848155128918,0.9333884904638304
2021-06-17,2368.02,2460.5,2306.0,2373.28,560667.58566,961448,1338389545.0014825,26,Fear,67.62326955258824,0.06020058101513708,0.8167985752770905,0.0022737013530689876,13.236883469953781,fear,False,-0.48,0.06020058101513708,0.8167985752770905
2021-06-18,2373.28,2378.0,2139.0,2234.09,778905.20197,1067542,1758827532.8833418,25,Extreme Fear,0.0,0.058239128988621665,0.820134174502817,-0.060438978275987466,13.5656446254966,extreme_fear,True,-0.5,0.058239128988621665,0.820134174502817
2021-06-19,2234.09,2278.82,2161.67,2164.67,496872.24997,763820,1104923869.4185991,23,Extreme Fear,299.8265575753832,0.0561251595632102,0.8073179788402991,-0.03156606142284994,13.116088229723845,extreme_fear,True,-0.54,0.0561251595632102,0.8073179788402991
2021-06-20,2165.34,2280.01,2040.68,2243.47,743883.64741,1035537,1599009750.5269032,21,Extreme Fear,287.7067073766416,0.05278358175752729,0.6643787833746562,0.03575584948671751,13.519639913695583,extreme_fear,True,-0.58,0.05278358175752729,0.6643787833746562
2021-06-21,2243.49,2260.16,1865.54,1885.49,1629819.66576,2014010,3252129521.677504,23,Extreme Fear,506.79060376226846,0.05769060968540905,0.8841757507342228,-0.17383604031182356,14.303979932159429,extreme_fear,True,-0.54,0.05769060968540905,0.8841757507342228
2021-06-22,1885.27,1998.0,1700.48,1879.28,1695338.08052,1856357,3158928001.1311445,10,Extreme Fear,0.0,0.06029648508317358,0.8708559845384386,-0.0032990093058491046,14.343392736441603,extreme_fear,True,-0.8,0.06029648508317358,0.8708559845384386
2021-06-23,1879.29,2045.0,1821.95,1968.14,918612.30494,1141790,1817518228.910071,14,Extreme Fear,334.18351356628295,0.061260537616611765,0.8623336525068145,0.046200209547868486,13.730619446103077,extreme_fear,True,-0.72,0.061260537616611765,0.8623336525068145
2021-06-24,1967.95,2036.61,1884.79,1989.52,701231.67478,833337,1377799766.499455,22,Extreme Fear,569.0393563736143,0.060224152080576736,0.8535235626699476,0.010804469300155899,13.460593603256557,extreme_fear,True,-0.56,0.060224152080576736,0.8535235626699476
2021-06-25,1989.53,2019.99,1791.22,1808.82,858808.54767,1041338,1612556879.1072812,27,Fear,352.65536398872223,0.060925764281060855,0.8996529118258458,-0.09521870463650212,13.663301297976357,fear,False,-0.46,0.060925764281060855,0.8996529118258458
2021-06-26,1808.97,1852.8,1717.32,1829.64,832315.14904,923226,1478550576.564645,20,Extreme Fear,0.0,0.06142317621780565,0.8875259019694024,0.011444527214784062,13.631966432986301,extreme_fear,True,-0.6,0.06142317621780565,0.8875259019694024
2021-06-27,1829.84,1984.5,1804.26,1982.28,696055.79307,1091206,1299521992.0717993,22,Extreme Fear,0.0,0.06120980658931634,0.9490811442521813,0.08012847118323362,13.453185098560615,extreme_fear,True,-0.56,0.06120980658931634,0.9490811442521813
2021-06-28,1982.27,2145.0,1960.52,2084.41,1044244.68308,1657087,2138998047.8776278,25,Extreme Fear,0.0,0.05995548519192374,0.9719203606912034,0.05023814421215937,13.858804390730468,extreme_fear,True,-0.5,0.05995548519192374,0.9719203606912034
2021-06-29,2084.42,2245.0,2073.57,2165.33,831257.23277,1536044,1804733069.9829893,25,Extreme Fear,0.0,0.05973845259907298,0.9704953024318894,0.038086933196143376,13.630694571991038,extreme_fear,True,-0.5,0.05973845259907298,0.9704953024318894
2021-06-30,2165.46,2287.78,2087.99,2275.68,910583.6032,1464112,1973676680.873127,28,Fear,549.5410891718097,0.0600560261796944,0.9764785341036448,0.049706134058565464,13.721840995131636,fear,False,-0.44,0.0600560261796944,0.9764785341036448
2021-07-01,2275.68,2275.93,2073.12,2106.41,787865.25137,1414518,1688043308.127257,28,Fear,774.3986558771198,0.06055454347537648,0.9989044915491355,-0.07729383221470298,13.57708235341822,fear,False,-0.44,0.06055454347537648,0.9989044915491355
2021-07-02,2106.41,2160.0,2018.5,2154.13,672282.37476,862561,1397269246.2664564,21,Extreme Fear,0.0,0.060180144645003035,1.0029474274863555,0.02240185311990071,13.41843373178148,extreme_fear,True,-0.58,0.060180144645003035,1.0029474274863555
2021-07-03,2153.95,2240.0,2112.01,2226.99,569264.801,922576,1248888441.2531536,24,Extreme Fear,0.0,0.059225389503487304,0.9871210291767436,0.03326396817441365,13.252100984466317,extreme_fear,True,-0.52,0.059225389503487304,0.9871210291767436
2021-07-04,2226.99,2389.93,2189.58,2322.69,590656.25069,1204553,1365904900.349907,27,Fear,0.0,0.05986858963960867,0.9947476428525192,0.04207509883646496,13.288989487051559,fear,False,-0.46,0.05986858963960867,0.9947476428525192
2021-07-05,2322.69,2324.64,2157.32,2196.53,781806.31605,1264204,1753862827.3791046,29,Fear,306.39445727687774,0.06030924714568426,1.0105361015415162,-0.05584715432301095,13.569362311164843,fear,False,-0.42,0.06030924714568426,1.0105361015415162
2021-07-06,2196.85,2350.0,2193.0,2322.5,785330.17152,1326163,1803108194.4684093,20,Extreme Fear,392.0123058892938,0.059978214477162194,1.0042578842978802,0.05576534927301046,13.573859508999302,extreme_fear,True,-0.6,0.059978214477162194,1.0042578842978802
2021-07-07,2322.51,2409.0,2291.9,2316.57,666501.35572,1113578,1570553094.6375713,28,Fear,0.0,0.059718706662920444,1.0041974652455954,-0.0025565482865500294,13.409797452687354,fear,False,-0.44,0.059718706662920444,1.0041974652455954
2021-07-08,2316.25,2325.6,2084.79,2116.33,880265.04124,1234614,1926184139.309848,20,Extreme Fear,0.0,0.059828725329808055,1.0328630022784975,-0.0904041869515329,13.687978324335099,extreme_fear,True,-0.6,0.059828725329808055,1.0328630022784975
2021-07-09,2116.32,2189.4,2046.51,2146.99,738611.36304,867603,1568646237.310995,20,Extreme Fear,15.086019060513085,0.06009485274884784,1.0287051234084228,0.014383404756169537,13.512527165847652,extreme_fear,True,-0.6,0.06009485274884784,1.0287051234084228
2021-07-10,2146.99,2194.82,2074.16,2110.69,499071.85904,646476,1058023794.511424,20,Extreme Fear,436.4959157776455,0.058713446105793356,1.0211318864250412,-0.01705195297545401,13.120505370457957,extreme_fear,True,-0.6,0.058713446105793356,1.0211318864250412
2021-07-11,2110.68,2174.0,2081.02,2140.45,342294.40302,479138,727911535.268998,20,Extreme Fear,360.2877276146172,0.05308225843292491,0.7976920066239973,0.014001179053283614,12.743426473289066,extreme_fear,True,-0.6,0.05308225843292491,0.7976920066239973
2021-07-12,2140.54,2167.83,2006.68,2031.58,540630.10742,725803,1126108847.3713691,25,Extreme Fear,209.24775479921402,0.04956315378138028,0.8239851887383872,-0.05220227186284738,13.200490603874522,extreme_fear,True,-0.5,0.04956315378138028,0.8239851887383872
2021-07-13,2031.57,2047.35,1918.0,1940.15,647388.24969,902810,1287490852.461495,20,Extreme Fear,0.0,0.047883013776479744,0.8262305087022513,-0.04604852576506507,13.380701470309567,extreme_fear,True,-0.6,0.047883013776479744,0.8262305087022513
2021-07-14,1940.44,2019.18,1865.0,1994.58,690505.60937,936438,1342931974.3496466,21,Extreme Fear,229.7735428196022,0.04794089426647122,0.831500861185833,0.02766821218840126,13.445179375433534,extreme_fear,True,-0.58,0.04794089426647122,0.831500861185833
2021-07-15,1994.41,2042.88,1881.0,1919.51,645271.32563,865033,1251834409.941772,20,Extreme Fear,566.3255042697995,0.04648342142319831,0.7670247217440341,-0.038363556727093254,13.377426167216814,extreme_fear,True,-0.6,0.04648342142319831,0.7670247217440341
2021-07-16,1919.54,1965.0,1850.0,1876.26,577068.89724,721120,1097832472.3221335,22,Extreme Fear,73.94152998234307,0.04606859822626147,0.7716202300725921,-0.022789511403690434,13.265716944323783,extreme_fear,True,-0.56,0.04606859822626147,0.7716202300725921
2021-07-17,1876.47,1919.19,1844.45,1899.59,430300.51578,576008,810628641.2579023,15,Extreme Fear,214.90457349903693,0.044578846430967684,0.7151796796322061,0.012357639681334047,12.972239117478075,extreme_fear,True,-0.7,0.044578846430967684,0.7151796796322061
2021-07-18,1899.5,1993.79,1877.1,1891.64,534837.63654,768528,1038104997.5220178,19,Extreme Fear,0.0,0.043669449419552135,0.6878951646993043,-0.004193895729117328,13.189718496715024,extreme_fear,True,-0.62,0.043669449419552135,0.6878951646993043
2021-07-19,1891.65,1919.0,1805.0,1818.73,547419.93771,641063,1011627398.9238826,24,Extreme Fear,0.0,0.04313784500134802,0.678614543036615,-0.039305722370065674,13.21297149748663,extreme_fear,True,-0.52,0.04313784500134802,0.678614543036615
2021-07-20,1818.73,1841.34,1706.0,1786.03,786257.272,943640,1386498470.3401668,19,Extreme Fear,0.0,0.04260738497409257,0.6429340336357424,-0.018143175687965012,13.57503933592063,extreme_fear,True,-0.62,0.04260738497409257,0.6429340336357424
2021-07-21,1786.03,2035.23,1747.55,1995.5,1115949.82033,1304423,2138345813.7854452,10,Extreme Fear,0.0,0.04557528599476737,0.730912316583789,0.11089936588098752,13.925216457050482,extreme_fear,True,-0.8,0.04557528599476737,0.730912316583789
2021-07-22,1995.5,2046.0,1947.62,2024.56,768854.3659,1074800,1536669128.5204518,21,Extreme Fear,60.15095983625875,0.04514548493293336,0.7278305936974646,0.01445774749165598,13.552656849408564,extreme_fear,True,-0.58,0.04514548493293336,0.7278305936974646
2021-07-23,2024.27,2130.9,1993.22,2124.25,708160.91322,1035643,1455496732.0516536,23,Extreme Fear,0.0,0.045344705676995674,0.7394439309285166,0.04806640590320617,13.470426625411319,extreme_fear,True,-0.54,0.045344705676995674,0.7394439309285166
2021-07-24,2124.26,2199.5,2105.58,2184.75,633075.18592,1056670,1360667031.9830072,22,Extreme Fear,0.0,0.044184196491768205,0.7298977600816976,0.028082606624002943,13.358344471197672,extreme_fear,True,-0.56,0.044184196491768205,0.7298977600816976
2021-07-25,2184.9,2197.41,2105.93,2189.79,535630.27,941623,1154562327.653945,27,Fear,417.3876257682882,0.04340766217863964,0.7028045162104481,0.0023042432941544413,13.19119940725894,fear,False,-0.46,0.04340766217863964,0.7028045162104481
2021-07-26,2189.82,2433.65,2171.57,2228.08,1393738.163,2252910,3222622416.2567244,26,Fear,0.0,0.04507917871596955,0.6749356253549296,0.01733457924346726,14.147500021239702,fear,False,-0.48,0.04507917871596955,0.6749356253549296
2021-07-27,2227.81,2319.26,2150.5,2299.49,906359.23478,1502763,2025582065.4137945,32,Fear,314.31164492120615,0.04571957907102377,0.6853883683062651,0.03154713115377506,13.717191012816926,fear,False,-0.36,0.04571957907102377,0.6853883683062651
2021-07-28,2299.47,2345.0,2243.15,2300.9,718202.57727,1287050,1649860557.2934496,50,Neutral,25.254291562864573,0.043707655938751575,0.5972965512786047,0.0006129915264366464,13.48450694928063,neutral,False,0.0,0.043707655938751575,0.5972965512786047
2021-07-29,2300.9,2400.0,2266.12,2382.92,499364.83496,1036449,1157988358.946293,50,Neutral,120.29257476523817,0.04344685785711096,0.6063984624814431,0.03502627568090282,13.121092239771095,neutral,False,0.0,0.04344685785711096,0.6063984624814431
2021-07-30,2382.93,2471.7,2315.92,2461.81,762577.28797,1428312,1824191451.558631,53,Neutral,0.0,0.04366230781479953,0.607813819831563,0.03257022532996052,13.544459143599129,neutral,False,0.06,0.04366230781479953,0.607813819831563
2021-07-31,2461.77,2553.86,2420.68,2531.05,507601.05026,1007386,1253810139.1383708,60,Greed,0.0,0.04385965625809187,0.6116479109657972,0.02773738465118003,13.137451083890364,greed,False,0.2,0.04385965625809187,0.6116479109657972
2021-08-01,2531.1,2697.61,2511.24,2555.69,853495.94078,1810440,2217485596.778454,60,Greed,0.0,0.04368626612171829,0.5682566388420659,0.009688009499400239,13.657096065235786,greed,False,0.2,0.04368626612171829,0.5682566388420659
2021-08-02,2555.5,2666.0,2507.0,2606.93,726701.84952,1596914,1887684672.4710493,48,Neutral,509.14976537632805,0.0435874989149241,0.526382228802031,0.01985103789973777,13.49627156169575,neutral,False,-0.04,0.0435874989149241,0.526382228802031
2021-08-03,2606.92,2632.44,2442.32,2509.04,792960.84375,1701919,1986976146.0041504,48,Neutral,225.15347862515327,0.043444571850681624,0.5561525453432516,-0.03827307394071198,13.583529122033443,neutral,False,-0.04,0.043444571850681624,0.5561525453432516
2021-08-04,2508.51,2772.71,2457.68,2724.78,954590.7536,1839302,2498364633.894655,42,Fear,365.1983797463664,0.04502043736013134,0.5775504812102692,0.0824874810472735,13.769037997355754,fear,False,-0.16,0.04502043736013134,0.5775504812102692
2021-08-05,2724.55,2843.98,2529.91,2826.99,1307720.20654,2690052,3553456266.77197,50,Neutral,532.4720217903264,0.04699153143926125,0.5608978781838668,0.03682485047539158,14.083795878744318,neutral,False,0.0,0.04699153143926125,0.5608978781838668
2021-08-06,2827.01,2946.75,2720.06,2891.58,825399.48637,1873337,2334160884.1259294,52,Neutral,0.0,0.047909357085351705,0.5601040557350359,0.02259052414762768,13.623622774020319,neutral,False,0.04,0.047909357085351705,0.5601040557350359
2021-08-07,2891.54,3171.0,2865.5,3160.31,1205277.10095,2318608,3673732670.317354,69,Greed,0.0,0.04914046563065477,0.600519556042707,0.08886705851891687,14.002220057764912,greed,False,0.38,0.04914046563065477,0.600519556042707
2021-08-08,3160.48,3189.99,2949.03,3011.85,966349.70579,1771162,2979960615.1300263,74,Greed,504.69710202448584,0.0495821591041026,0.6138274030715635,-0.04811561615229547,13.78128106195866,greed,False,0.48,0.0495821591041026,0.6138274030715635
2021-08-09,3011.84,3186.0,2893.23,3160.52,1129584.61614,2114151,3453771928.0603356,65,Greed,644.2574602204394,0.05020805647236069,0.5965894052715527,0.048182063122100834,13.937360526772144,greed,False,0.3,0.05020805647236069,0.5965894052715527
2021-08-10,3160.51,3233.0,3051.22,3141.66,880675.74443,1824522,2763516346.6677885,71,Greed,33.61609154372342,0.04650190559441304,0.5222015603502976,-0.005985248375036194,13.688444783174361,greed,False,0.42,0.04650190559441304,0.5222015603502976
2021-08-11,3141.14,3274.0,3120.27,3160.5,732546.60433,1786853,2351996141.79722,70,Greed,115.24455897285542,0.046479515168223164,0.5248356506654742,0.005978920282418204,13.504282241508163,greed,False,0.4,0.046479515168223164,0.5248356506654742
2021-08-12,3160.4,3239.0,2979.29,3045.96,737628.45808,1587719,2283938414.771762,70,Greed,50.727056091648606,0.04696665658658619,0.5552409159048075,-0.03691412051983386,13.511195532475917,greed,False,0.4,0.04696665658658619,0.5552409159048075
2021-08-13,3046.11,3327.83,3033.8,3322.32,579333.40323,1311322,1867199038.7077763,70,Greed,338.79452475625476,0.04822696022614065,0.6062092647564813,0.08684721165506971,13.26963341678953,greed,False,0.4,0.04822696022614065,0.6062092647564813
2021-08-14,3322.33,3330.98,3200.0,3263.16,486102.53787,1014420,1587713825.6861787,76,Extreme Greed,178.10953138690957,0.048189764504752014,0.6186260316090287,-0.01796728302571902,13.094174863900395,extreme_greed,True,0.52,0.048189764504752014,0.6186260316090287
2021-08-15,3263.16,3320.0,3111.13,3307.09,565579.67765,1224556,1813755247.625386,71,Greed,195.15410086677178,0.046521710036606136,0.6190074711336796,0.013372597588089221,13.245606462314313,greed,False,0.42,0.046521710036606136,0.6190074711336796
2021-08-16,3307.35,3335.0,3135.22,3146.53,635667.05422,1940766,2062860388.3954494,72,Greed,486.8327650719115,0.046153638369903605,0.664100896064081,-0.049768390285118105,13.362430205594386,greed,False,0.44,0.046153638369903605,0.664100896064081
2021-08-17,3147.18,3290.0,2991.89,3011.72,804996.06971,1644472,2535149204.5375986,72,Greed,114.32730472311846,0.047510987036165575,0.6954266579491627,-0.043788914213628044,13.598592674040956,greed,False,0.44,0.047510987036165575,0.6954266579491627
2021-08-18,3011.73,3125.81,2950.0,3014.55,625103.25568,1093813,1902429362.9636242,73,Greed,51.90969954950313,0.047521677634866304,0.691923915797512,0.0009392211792826106,13.34567212416102,greed,False,0.46,0.047521677634866304,0.691923915797512
2021-08-19,3014.18,3188.0,2958.33,3184.12,634769.92174,1297759,1931520693.610396,70,Greed,409.64819651880197,0.047777610212137236,0.705106893009208,0.054725390405797096,13.361017884249687,greed,False,0.4,0.047777610212137236,0.705106893009208
2021-08-20,3184.11,3300.0,3177.16,3284.82,558127.4554,1137843,1809283029.2179065,70,Greed,0.0,0.04750708894268638,0.7061601096863899,0.031135900200595323,13.232342629976124,greed,False,0.4,0.04750708894268638,0.7061601096863899
2021-08-21,3284.81,3309.16,3207.0,3223.43,421156.09084,777622,1375973641.1631632,78,Extreme Greed,205.47137682048137,0.04671437900597938,0.7151709059455685,-0.01886584590860062,12.9507588060395,extreme_greed,True,0.56,0.04671437900597938,0.7151709059455685
2021-08-22,3223.36,3272.0,3126.42,3238.0,406479.07654,803263,1304347038.5713573,76,Extreme Greed,0.0,0.04638315917859899,0.7148983559396459,0.004509845249292537,12.91528773441894,extreme_greed,True,0.52,0.04638315917859899,0.7148983559396459
2021-08-23,3238.0,3377.89,3230.02,3321.28,602103.44614,1520784,2000534992.1483486,79,Extreme Greed,0.0,0.045674862979277336,0.692250349225415,0.025394395539343882,13.308184546970457,extreme_greed,True,0.58,0.045674862979277336,0.692250349225415
2021-08-24,3321.28,3357.85,3147.31,3170.62,540480.07853,984324,1758604481.5998473,79,Extreme Greed,193.50786714485167,0.0435830981825944,0.6741505810633603,-0.04642309843336153,13.200213057898335,extreme_greed,True,0.58,0.0435830981825944,0.6741505810633603
2021-08-25,3170.63,3248.0,3080.0,3226.87,483697.69444,1031704,1534476278.2531996,73,Greed,0.0,0.04127229706748399,0.6664955318315355,0.017585474802417882,13.089215392291548,greed,False,0.46,0.04127229706748399,0.6664955318315355
2021-08-26,3226.88,3250.0,3053.3,3093.2,442298.47372,959232,1382397989.4504704,75,Greed,471.50246018452765,0.040720223751886345,0.6854058649052818,-0.042306473411100186,12.999740213070451,greed,False,0.5,0.040720223751886345,0.6854058649052818
2021-08-27,3093.06,3280.0,3060.18,3273.45,451027.80711,802187,1434311977.245256,71,Greed,523.9202354456409,0.03949488886753789,0.640137940317005,0.056638320858238035,13.01928427314732,greed,False,0.42,0.03949488886753789,0.640137940317005
2021-08-28,3273.89,3287.0,3210.31,3244.48,262360.34921,539377,850631439.0532795,78,Extreme Greed,42.856681715419725,0.038192294455230244,0.6142219115289859,-0.008889383828903476,12.47747421644048,extreme_greed,True,0.56,0.038192294455230244,0.6142219115289859
2021-08-29,3244.75,3285.0,3152.34,3223.47,335806.7827,661232,1078681950.902087,72,Greed,136.95358082680542,0.03635565536870384,0.5919887842665191,-0.006496671711105125,12.724291222051725,greed,False,0.44,0.03635565536870384,0.5919887842665191
2021-08-30,3223.47,3347.95,3143.0,3229.64,625347.27541,1228525,2027490192.4973872,73,Greed,295.9568933999977,0.036514458308701786,0.5914187619299898,0.0019122568436510993,13.346062415063427,greed,False,0.46,0.036514458308701786,0.5914187619299898
2021-08-31,3229.14,3476.0,3188.77,3429.2,863071.13092,1772849,2895209449.707765,73,Greed,149.73278071803432,0.03775896206333275,0.6269533111881189,0.0599563219078398,13.66825238951951,greed,False,0.46,0.03775896206333275,0.6269533111881189
2021-09-01,3429.19,3842.0,3382.22,3826.82,845759.95868,2022132,3038498667.85424,71,Greed,0.0,0.039909192821571425,0.7102844839443453,0.10970717328448963,13.647990861542594,greed,False,0.42,0.039909192821571425,0.7102844839443453
2021-09-02,3826.82,3836.8,3717.04,3785.82,525165.7996,1402190,1981758437.085756,74,Greed,93.8031121458153,0.03816493769247553,0.6551603313513183,-0.010771663031670611,13.171469300478575,greed,False,0.48,0.03816493769247553,0.6551603313513183
2021-09-03,3785.82,4027.88,3705.05,3938.11,655903.75739,1678132,2557662974.330016,74,Greed,140.40654475021992,0.03941329152531249,0.6583720902730422,0.03943840471242703,13.393769345867339,greed,False,0.48,0.03941329152531249,0.6583720902730422
2021-09-04,3938.11,3970.0,3832.5,3885.52,364478.1193,996623,1422981232.233712,72,Greed,172.1703217031016,0.03872559065311603,0.6630906277761707,-0.013444089791113096,12.806221799273734,greed,False,0.44,0.03872559065311603,0.6630906277761707
2021-09-05,3885.61,3980.0,3830.0,3950.29,365759.8597,1083584,1432553302.476841,73,Greed,331.2169407980858,0.03817684042236903,0.6271949502943392,0.016532170943003768,12.809732276003645,greed,False,0.46,0.03817684042236903,0.6271949502943392
2021-09-06,3950.28,3970.0,3864.3,3926.77,397768.5783,865160,1562560096.37577,79,Extreme Greed,205.94166056632758,0.03616504302588747,0.5967044037335579,-0.005971788941050193,12.893625653594455,extreme_greed,True,0.58,0.03616504302588747,0.5967044037335579
2021-09-07,3926.67,3947.15,3005.0,3434.57,1203536.00209,2359100,4298119218.282754,79,Extreme Greed,0.0,0.050879451498366715,0.7933014074114741,-0.1339254691106614,14.000774450248903,extreme_greed,True,0.58,0.050879451498366715,0.7933014074114741
2021-09-08,3434.84,3560.0,3215.16,3499.0,780611.7657,1783652,2665272033.980108,47,Neutral,444.3790844901415,0.051721342615440445,0.7743212208943682,0.018585477497661956,13.567833206251494,neutral,False,-0.06,0.051721342615440445,0.7743212208943682
2021-09-09,3499.01,3567.06,3390.4,3424.93,628553.8831,1147283,2194182935.338638,45,Fear,240.88972920729805,0.05191987208085515,0.7729990830398892,-0.021396179836424688,13.351177036193594,fear,False,-0.1,0.05191987208085515,0.7729990830398892
2021-09-10,3424.94,3514.11,3150.0,3208.86,633026.2659,1128069,2107283581.30531,46,Fear,0.0,0.05379321096466083,0.8063947859852827,-0.06516529967132847,13.358267194578245,neutral,False,-0.08,0.05379321096466083,0.8063947859852827
2021-09-11,3208.85,3348.37,3200.0,3267.21,413524.1761,833958,1355587141.453793,31,Fear,217.704111058035,0.05379031813973522,0.8088696203630629,0.01802067583050709,12.932471258725872,fear,False,-0.38,0.05379031813973522,0.8088696203630629
2021-09-12,3267.1,3474.16,3231.1,3404.21,408858.9595,1089138,1379322044.697631,32,Fear,80.26106690137932,0.05433352681392283,0.8171571062773499,0.04107649122685121,12.921125533254873,fear,False,-0.36,0.05433352681392283,0.8171571062773499
2021-09-13,3404.3,3430.3,3108.49,3285.35,647855.7199,1363198,2103663103.067748,44,Fear,268.34085127281645,0.05524059620706188,0.8096171996827018,-0.03553970977302178,13.381423296067915,fear,False,-0.12,0.05524059620706188,0.8096171996827018
2021-09-14,3285.09,3437.05,3269.95,3434.37,373634.9026,894664,1249733657.132103,30,Fear,239.57450892740093,0.05518560283868918,0.8220343115061942,0.044360311577683144,12.831034403350099,fear,False,-0.4,0.05518560283868918,0.8220343115061942
2021-09-15,3434.37,3616.16,3357.78,3613.55,428507.5278,977023,1486156273.791875,49,Neutral,0.0,0.05544606970428173,0.820274054715,0.05085716590548916,12.968063584660293,neutral,False,-0.02,0.05544606970428173,0.820274054715
2021-09-16,3613.55,3676.28,3481.14,3567.98,467985.4919,1081868,1680487713.224465,53,Neutral,34.12745877634275,0.055146459849450755,0.8022147815925428,-0.012691059324419891,13.056192574205593,neutral,False,0.06,0.055146459849450755,0.8022147815925428
2021-09-17,3567.97,3594.17,3350.07,3399.81,398888.3705,867583,1383268101.517886,48,Neutral,0.0,0.05585952234983861,0.8227323935710245,-0.048280061613189144,12.896436883545226,neutral,False,-0.04,0.05585952234983861,0.8227323935710245
2021-09-18,3399.89,3541.96,3368.88,3435.64,315162.7627,692204,1090387917.429689,50,Neutral,386.69865564729935,0.05599024522950604,0.8225217996111417,0.010483677933386986,12.66084449134481,neutral,False,0.0,0.05599024522950604,0.8225217996111417
2021-09-19,3435.64,3456.53,3277.74,3328.62,312948.0013,687285,1052980779.84908,53,Neutral,0.0,0.05580155109756281,0.831784910007777,-0.031645421956531194,12.653792325689219,neutral,False,0.06,0.05580155109756281,0.831784910007777
2021-09-20,3328.57,3347.82,2913.39,2977.28,917939.57849,1708278,2834781758.8926153,50,Neutral,0.0,0.05768932169618253,0.8925138248919732,-0.1115476716565549,13.729886848798142,neutral,False,0.0,0.05768932169618253,0.8925138248919732
2021-09-21,2977.32,3105.83,2652.0,2765.9,971519.88941,1754962,2827179157.4349656,27,Fear,0.0,0.05903458797230415,0.807602968531721,-0.07364405272892738,13.786617020477353,fear,False,-0.46,0.05903458797230415,0.807602968531721
2021-09-22,2766.72,3088.88,2737.54,3076.92,677457.64825,1200519,1993084668.614384,21,Extreme Fear,985.750926443005,0.061072779798476695,0.9179823377042801,0.10656301735282846,13.42610231797393,extreme_fear,True,-0.58,0.061072779798476695,0.9179823377042801
2021-09-23,3076.92,3174.5,3033.85,3152.5,459293.8858,885568,1428616217.718121,27,Fear,0.0,0.060341145996146706,0.9085966193573485,0.02426669220503795,13.037445558228763,fear,False,-0.46,0.060341145996146706,0.9085966193573485
2021-09-24,3152.41,3158.52,2733.0,2928.53,932090.8856,1607374,2715718192.370976,33,Fear,45.47587058332063,0.06321595964949246,0.9354113210631693,-0.07369519820941212,13.745185605651479,fear,False,-0.34,0.06321595964949246,0.9354113210631693
2021-09-25,2928.22,2967.52,2801.57,2921.73,491974.0226,934301,1428143403.478111,28,Fear,266.1006781894246,0.06347726220012168,0.92958778283696,-0.002324684052454036,13.106181194487002,fear,False,-0.44,0.06347726220012168,0.92958778283696
2021-09-26,2921.84,3115.51,2738.17,3059.37,703594.478,1347301,2062409598.894876,27,Fear,295.5937121010391,0.06570242447164523,0.9543458096577117,0.04603310581959574,13.463957443605533,fear,False,-0.46,0.06570242447164523,0.9543458096577117
2021-09-27,3059.36,3164.94,2922.71,2925.59,510130.7319,1043885,1564096695.372967,26,Fear,165.0703830559288,0.05558685436154158,0.8506823077894689,-0.0447128426697441,13.142422308910602,fear,False,-0.48,0.05558685436154158,0.8506823077894689
2021-09-28,2924.76,2970.82,2789.0,2804.91,511325.4643,928494,1477983245.669702,25,Extreme Fear,0.0,0.05454019280542421,0.8527924604505432,-0.042124716846513546,13.144761582879006,extreme_fear,True,-0.5,0.05454019280542421,0.8527924604505432
2021-09-29,2805.15,2950.0,2782.0,2850.45,411305.0893,748804,1180681056.162314,24,Extreme Fear,495.05133680006315,0.05468186739490179,0.8571396269105824,0.01610542365492962,12.92709052783513,extreme_fear,True,-0.52,0.05468186739490179,0.8571396269105824
2021-09-30,2850.45,3048.42,2837.19,3000.61,506896.7612,992243,1514341937.307116,20,Extreme Fear,30.274012138131326,0.0535474442037913,0.8559748333628227,0.05133872477868343,13.136062635014106,extreme_fear,True,-0.6,0.0535474442037913,0.8559748333628227
2021-10-01,3000.62,3330.0,2969.07,3309.91,648714.6151,1446386,2063112280.667791,27,Fear,0.0,0.055386233551047555,0.926775750259282,0.09810539735495885,13.382748168776242,fear,False,-0.46,0.055386233551047555,0.926775750259282
2021-10-02,3309.91,3469.0,3257.0,3387.76,422551.1811,1046194,1417055615.816637,54,Neutral,0.0,0.05517679178964344,0.918585432344363,0.023247937341022602,12.954065857140892,neutral,False,0.08,0.05517679178964344,0.918585432344363
2021-10-03,3387.77,3488.0,3342.51,3417.73,360586.8905,816339,1231536168.315363,49,Neutral,183.04696950976245,0.053872163207403956,0.909426447272308,0.008807651981751716,12.795488234403873,neutral,False,-0.02,0.053872163207403956,0.909426447272308
2021-10-04,3417.73,3437.19,3270.0,3386.31,485204.642,1090407,1631562261.554976,54,Neutral,25.331935140738498,0.05387258776227254,0.896097778148158,-0.00923575503416948,13.092326023195055,neutral,False,0.08,0.05387258776227254,0.896097778148158
2021-10-05,3386.31,3545.0,3363.78,3515.27,393900.8818,1025512,1355905889.610947,59,Greed,0.0,0.053411635250183984,0.8870410772182802,0.03737550299278515,12.88385458759574,greed,False,0.18,0.053411635250183984,0.8870410772182802
2021-10-06,3515.48,3632.11,3342.0,3574.89,618265.5402,1444856,2172519696.562985,68,Greed,365.9052911647353,0.0540751612138138,0.8882335646348394,0.016818070473447688,13.334673320854257,greed,False,0.36,0.0540751612138138,0.8882335646348394
2021-10-07,3574.88,3653.98,3470.8,3587.47,486102.3591,1252503,1736906584.27609,76,Extreme Greed,207.7024306549638,0.05369005090022755,0.8696520866922727,0.003512812239617455,13.094174496138413,extreme_greed,True,0.52,0.05369005090022755,0.8696520866922727
2021-10-08,3587.47,3695.0,3532.0,3563.13,403597.1437,1084792,1455713871.288283,74,Greed,140.51247188334125,0.05361029920969596,0.869761832579143,-0.006807846616126461,12.908172490380057,greed,False,0.48,0.05361029920969596,0.869761832579143
2021-10-09,3563.13,3635.0,3538.07,3574.82,361906.7514,1175683,1299757023.499163,72,Greed,180.48839262213937,0.053257568988070055,0.8607261469264393,0.0032754531627249253,12.7991418648075,greed,False,0.44,0.053257568988070055,0.8607261469264393
2021-10-10,3574.83,3604.0,3405.0,3414.22,580223.6302,1765439,2049128230.344259,71,Greed,0.0,0.050459483447985266,0.7712208666835981,-0.04596576239303148,13.271168877520202,greed,False,0.42,0.050459483447985266,0.7712208666835981
2021-10-11,3414.22,3623.8,3371.0,3542.12,493521.882,1110340,1743391083.658808,71,Greed,474.05717583456817,0.04680233107051822,0.7159939485226748,0.03677635511606598,13.109322477298198,greed,False,0.42,0.04680233107051822,0.7159939485226748
2021-10-12,3542.12,3547.11,3403.21,3491.46,409377.1918,925699,1425455761.406618,78,Extreme Greed,266.0147971326397,0.04425439980005895,0.6283074168321405,-0.014405431106841837,12.922392239372588,extreme_greed,True,0.56,0.04425439980005895,0.6283074168321405
2021-10-13,3491.43,3613.0,3412.7,3607.42,393463.1222,902525,1376610269.516408,70,Greed,257.4682098223126,0.0444980787018325,0.632188660847601,0.03267284855359334,12.882742625039967,greed,False,0.4,0.0444980787018325,0.632188660847601
2021-10-14,3607.41,3824.0,3586.04,3790.82,481894.1473,1430307,1792792932.944189,70,Greed,0.0,0.04095008641824678,0.5728224380314494,0.04958951913336564,13.085479757503832,greed,False,0.4,0.04095008641824678,0.5728224380314494
2021-10-15,3790.82,3907.77,3734.1,3868.99,504321.732,1399937,1924965953.858499,71,Greed,0.0,0.040675025559648824,0.5704859955828498,0.020411136536652923,13.130969700533111,greed,False,0.42,0.040675025559648824,0.5704859955828498
2021-10-16,3868.38,3971.0,3803.56,3829.96,373727.8549,1037769,1452752901.397648,78,Extreme Greed,27.01727069260117,0.037247129846855125,0.563508233244863,-0.010139131794052639,12.831283150827938,extreme_greed,True,0.56,0.037247129846855125,0.563508233244863
2021-10-17,3829.96,3919.19,3640.0,3846.85,368898.9831,1025324,1406207658.840768,79,Extreme Greed,0.0,0.03703387728030563,0.524451365525968,0.004400272314298231,12.818278127007371,extreme_greed,True,0.58,0.03703387728030563,0.524451365525968
2021-10-18,3847.0,3893.14,3676.0,3744.96,401819.9734,994548,1520728621.310328,78,Extreme Greed,474.7247120328113,0.03686431385805228,0.5053393386577749,-0.026843695583821218,12.903759439933353,extreme_greed,True,0.56,0.03686431385805228,0.5053393386577749
2021-10-19,3744.96,3886.89,3732.0,3877.03,341268.3723,925015,1300066269.933142,75,Greed,312.5333469997726,0.036425236901681056,0.5104103185106335,0.03465846059629758,12.740424462273838,greed,False,0.5,0.036425236901681056,0.5104103185106335
2021-10-20,3876.98,4169.0,3828.05,4161.15,537383.09732,1766454,2149449047.3673105,82,Extreme Greed,0.0,0.03694704496396531,0.5326741517243054,0.0707220817771679,13.194466521970705,extreme_greed,True,0.64,0.03694704496396531,0.5326741517243054
2021-10-21,4161.37,4375.0,4013.13,4052.99,798566.55805,2380751,3335123440.9982123,84,Extreme Greed,0.0,0.03552678340654447,0.45714923250395445,-0.026336598042769006,13.590573597014435,extreme_greed,True,0.68,0.03552678340654447,0.45714923250395445
2021-10-22,4053.0,4167.41,3888.0,3972.2,463222.5428,1133846,1872218697.851097,75,Greed,0.0,0.0357392915138818,0.46647579648171655,-0.020134782952406817,13.045962871586921,greed,False,0.5,0.0357392915138818,0.46647579648171655
2021-10-23,3972.19,4172.0,3937.51,4167.12,326576.9601,940891,1323345505.757517,74,Greed,479.0461383953175,0.03612348060960684,0.4875876887269041,0.04790505233930084,12.696420912327106,greed,False,0.48,0.03612348060960684,0.4875876887269041
2021-10-24,4167.13,4186.57,3961.5,4082.33,350115.8386,917969,1421627004.334803,73,Greed,450.5545313767321,0.036264762633653,0.4950831315148105,-0.020557245877644018,12.766019346136531,greed,False,0.46,0.036264762633653,0.4950831315148105
2021-10-25,4082.33,4236.0,4067.71,4220.37,347438.6534,939963,1445430078.54488,72,Greed,37.128525139318256,0.035987723132376234,0.49219664374871636,0.03325489808536082,12.75834339142408,greed,False,0.44,0.035987723132376234,0.49219664374871636
2021-10-26,4220.36,4297.0,4090.21,4131.52,414498.1599,1285913,1739912498.469915,76,Extreme Greed,217.42540888629705,0.0348427518277887,0.5027771660381685,-0.021277423925354973,12.934823814223146,extreme_greed,True,0.52,0.0348427518277887,0.5027771660381685
2021-10-27,4131.52,4307.0,3909.0,3922.0,704604.25,1872190,2874313313.398058,73,Greed,285.41758656978124,0.036549324176308726,0.5451249990493985,-0.052043650230062355,13.46539157666217,greed,False,0.46,0.036549324176308726,0.5451249990493985
2021-10-28,3921.99,4295.0,3890.17,4286.02,626378.5055,1711575,2587268364.261439,66,Greed,887.4247357199152,0.0384173066028316,0.6194143553705885,0.0887568356219197,13.347710108734093,greed,False,0.32,0.0384173066028316,0.6194143553705885
2021-10-29,4286.01,4460.47,4265.97,4418.89,559231.07691,1799386,2440933126.0486555,70,Greed,0.0,0.03871127637422966,0.6234775969650019,0.03052996993308751,13.234318042230958,greed,False,0.4,0.03871127637422966,0.6234775969650019
2021-10-30,4418.89,4434.06,4232.2,4322.68,340223.069,1035476,1469664811.936835,73,Greed,288.6285554327995,0.03846470815419248,0.6000112452344668,-0.02201295305292249,12.737356766756596,greed,False,0.46,0.03846470815419248,0.6000112452344668
2021-10-31,4322.68,4399.14,4164.35,4287.21,412856.2893,1303438,1764886607.687624,74,Greed,222.39781890935743,0.03794052025846693,0.5964207085631821,-0.008239408555731414,12.930854843591717,greed,False,0.48,0.03794052025846693,0.5964207085631821
2021-11-01,4287.48,4386.58,4146.3,4319.43,417620.7073,1134036,1794319887.30236,74,Greed,469.0469497788046,0.03828553630750994,0.5897860702783392,0.007487277385632659,12.942328900767558,greed,False,0.48,0.03828553630750994,0.5897860702783392
2021-11-02,4319.43,4599.6,4284.43,4589.89,468184.79301,1657233,2083371519.8068273,73,Greed,0.0,0.03870375674983237,0.6116924291457605,0.06073260953753246,13.056618353823303,greed,False,0.46,0.03870375674983237,0.6116924291457605
2021-11-03,4589.68,4665.87,4455.0,4603.35,448658.35125,1580640,2051737308.012625,76,Extreme Greed,0.0,0.03823755682013612,0.5959263538925366,0.00292824066767199,13.014016966728823,extreme_greed,True,0.52,0.03823755682013612,0.5959263538925366
2021-11-04,4603.35,4606.65,4420.08,4532.32,368218.25695,1019675,1663942873.793036,73,Greed,191.10885204571275,0.03815319351874359,0.6010115651088361,-0.0155503496356356,12.816431130881021,greed,False,0.46,0.03815319351874359,0.6010115651088361
2021-11-05,4532.31,4570.05,4438.8,4474.24,305651.7244,893068,1375503505.227947,73,Greed,223.0033911389034,0.03791451106440612,0.6021889492497416,-0.012897444774280788,12.630201577188053,greed,False,0.46,0.03791451106440612,0.6021889492497416
2021-11-06,4474.24,4530.0,4326.17,4518.0,322154.0973,868676,1429791261.319524,71,Greed,0.0,0.0371112573017402,0.6020901848106026,0.009732913144382904,12.68278527309525,greed,False,0.42,0.0371112573017402,0.6020901848106026
2021-11-07,4518.0,4637.98,4502.37,4612.59,243596.5952,834745,1115635571.36518,73,Greed,0.0,0.03652024515062435,0.5890707381708302,0.020720103325595696,12.403268837708705,greed,False,0.46,0.03652024515062435,0.5890707381708302
2021-11-08,4612.59,4822.97,4612.0,4807.98,391102.31806,1344244,1850800839.6928575,75,Greed,0.0,0.03660581290121452,0.5932814943895628,0.04148751611907041,12.876724487752377,greed,False,0.5,0.03660581290121452,0.5932814943895628
2021-11-09,4807.98,4838.28,4713.89,4732.33,311267.57998,995668,1489567265.6696913,84,Extreme Greed,93.22277319975474,0.03494196610994989,0.55562906082998,-0.015859355851561986,12.648408207029467,extreme_greed,True,0.68,0.03494196610994989,0.55562906082998
2021-11-10,4732.33,4868.0,4461.93,4628.78,553596.99163,1492374,2600175501.1604886,75,Greed,92.00119919218244,0.03497626495500499,0.5525268113570263,-0.02212434718279934,13.224192249076467,greed,False,0.5,0.03497626495500499,0.5525268113570263
2021-11-11,4628.68,4779.0,4576.47,4719.0,303688.9765,909164,1425610198.742417,77,Extreme Greed,245.52587005533536,0.03420963569951481,0.544858835682307,0.01930357828813424,12.623759353042182,extreme_greed,True,0.54,0.03420963569951481,0.544858835682307
2021-11-12,4719.0,4809.71,4507.85,4665.46,461580.0415,1206412,2146130116.871767,74,Greed,317.0686444573427,0.03443422972529054,0.528564527059677,-0.01141047666102849,13.042410755589605,greed,False,0.48,0.03443422972529054,0.528564527059677
2021-11-13,4665.47,4707.6,4584.08,4644.28,220720.6611,731125,1026142451.546252,72,Greed,126.54267939840895,0.03381417402110117,0.5210392336400362,-0.004550081214127238,12.304653204084218,greed,False,0.44,0.03381417402110117,0.5210392336400362
2021-11-14,4644.27,4696.05,4514.12,4626.5,245309.0674,623491,1126786539.405778,74,Greed,136.5656254348207,0.03379222784573148,0.5122905330633966,-0.003835712162146753,12.410274194096633,greed,False,0.48,0.03379222784573148,0.5122905330633966
2021-11-15,4626.5,4772.01,4540.0,4563.78,375421.6601,1061676,1752738875.791921,72,Greed,194.21413138211105,0.033805978558960705,0.507877801755335,-0.013649415199348564,12.835805100191402,greed,False,0.44,0.033805978558960705,0.507877801755335
2021-11-16,4563.77,4563.77,4103.0,4209.76,735857.063,1741259,3163788841.066021,71,Greed,0.0,0.03431590383455501,0.5583292132427455,-0.08074558856416793,13.508791170969786,greed,False,0.42,0.03431590383455501,0.5583292132427455
2021-11-17,4209.59,4299.91,4063.48,4287.8,472852.1842,1146593,1980248927.711231,52,Neutral,106.56322735403515,0.03253485156940922,0.46373115990402175,0.018368141946262656,13.066538111656845,neutral,False,0.04,0.03253485156940922,0.46373115990402175
2021-11-18,4288.07,4344.81,3956.44,3996.9,576945.1837,1319866,2387588164.850108,54,Neutral,380.2759103920635,0.03436259908347764,0.5113384666466565,-0.07025472023755505,13.265502538724204,neutral,False,0.08,0.03436259908347764,0.5113384666466565
2021-11-19,3996.9,4308.97,3973.01,4294.76,420045.0897,984517,1740904041.283998,34,Fear,730.8741387147461,0.03550307216900785,0.5746422227781356,0.07187661429380714,12.948117340925833,fear,False,-0.32,0.03550307216900785,0.5746422227781356
2021-11-20,4294.75,4435.88,4199.86,4412.17,365584.578,888090,1577172914.216076,43,Fear,0.0,0.03549823072151209,0.581757490791949,0.026970956981331097,12.80925293495907,fear,False,-0.14,0.03549823072151209,0.581757490791949
2021-11-21,4412.17,4451.0,4242.41,4258.31,340206.3203,836925,1479842945.950397,49,Neutral,354.2712607774288,0.03527662168333931,0.5956680802044912,-0.0354942639726857,12.737307536960627,neutral,False,-0.02,0.03527662168333931,0.5956680802044912
2021-11-22,4259.7,4320.0,4022.74,4085.97,518501.3338,1162581,2167112891.865733,50,Neutral,0.0,0.03528790482282185,0.5654226520305847,-0.04131321373002092,13.158697879068853,neutral,False,0.0,0.03528790482282185,0.5654226520305847
2021-11-23,4086.28,4385.59,4059.62,4339.44,502811.7902,1098270,2125825553.222323,33,Fear,452.52811759909054,0.036252454006387325,0.6117931355616437,0.060186153304300265,13.127971204508427,fear,False,-0.34,0.036252454006387325,0.6117931355616437
2021-11-24,4339.45,4373.94,4167.65,4269.36,448727.0306,990018,1913428104.737214,42,Fear,334.70984706288584,0.036407520990749044,0.6119982636169704,-0.016281374425884006,13.014170032182134,fear,False,-0.16,0.036407520990749044,0.6119982636169704
2021-11-25,4270.1,4550.0,4248.27,4524.85,445868.2434,1123629,1962939107.447745,32,Fear,0.0,0.037351014541825614,0.6476292674059326,0.05812049432818608,13.007778768971944,fear,False,-0.36,0.037351014541825614,0.6476292674059326
2021-11-26,4524.48,4551.0,3913.0,4041.2,720245.1612,1654553,2994490664.021844,47,Neutral,358.5874595189459,0.04205106606198195,0.7612410496410436,-0.1130427498597328,13.487346934701367,neutral,False,-0.06,0.04205106606198195,0.7612410496410436
2021-11-27,4041.2,4183.66,4028.34,4095.29,275326.5202,723831,1133169071.35039,21,Extreme Fear,112.6432874055374,0.04216897673501347,0.7582899603700783,0.013295855296929508,12.525713018492523,extreme_fear,True,-0.58,0.04216897673501347,0.7582899603700783
2021-11-28,4095.29,4298.51,3964.0,4294.78,346471.3551,842343,1421535999.752079,27,Fear,202.74070723128386,0.04313358745695045,0.7636184374601782,0.04756279890436802,12.755555424930733,fear,False,-0.46,0.04313358745695045,0.7636184374601782
2021-11-29,4294.77,4458.92,4276.89,4444.53,406881.2284,947503,1772611136.392454,33,Fear,0.0,0.043354374998646326,0.7753683149653262,0.03427379481970036,12.916276599723352,fear,False,-0.34,0.043354374998646326,0.7753683149653262
2021-11-30,4444.54,4753.0,4346.36,4630.26,743024.4662,1808789,3391424543.472383,40,Fear,0.0,0.04344004260097092,0.7871108355129631,0.04093889543660272,13.518484252094494,fear,False,-0.2,0.04344004260097092,0.7871108355129631
2021-12-01,4630.25,4778.75,4523.99,4582.95,508198.3105,1367302,2382156066.737272,34,Fear,242.43395551888548,0.04367317756336069,0.7844951998971813,-0.010270126445922146,13.138627025384123,fear,False,-0.32,0.04367317756336069,0.7844951998971813
2021-12-02,4582.95,4634.83,4433.0,4511.21,451861.9545,1062149,2047468326.802657,32,Fear,0.0,0.04321263522192686,0.7853823063559907,-0.015777485369650516,13.021132001768885,fear,False,-0.36,0.04321263522192686,0.7853823063559907
2021-12-03,4511.35,4654.88,4032.5,4215.73,677974.8659,1516700,2972156867.637412,31,Fear,162.88210125696722,0.04718145935954239,0.8197256870024607,-0.06774264277089759,13.426865495291436,fear,False,-0.38,0.04718145935954239,0.8197256870024607
2021-12-04,4215.01,4238.59,3503.68,4117.25,1111773.1451,2264288,4370074804.513231,25,Extreme Fear,0.0,0.05340236300644634,0.8224128082831431,-0.023637302670389607,13.921466726775533,extreme_fear,True,-0.5,0.05340236300644634,0.8224128082831431
2021-12-05,4117.25,4248.19,4031.39,4196.44,536325.4413,1088546,2224220852.279197,18,Extreme Fear,116.14966794301556,0.053446205913481114,0.8264709329847799,0.01905108203737565,13.19249642240635,extreme_fear,True,-0.64,0.053446205913481114,0.8264709329847799
2021-12-06,4196.44,4376.15,3921.0,4347.59,726742.9638,1447061,2991267298.82173,16,Extreme Fear,286.12751607862504,0.05356981595036993,0.7856008916396424,0.035385121775086834,13.496328136640509,extreme_fear,True,-0.68,0.05356981595036993,0.7856008916396424
2021-12-07,4347.57,4425.0,4255.92,4306.4,420749.751,986492,1830621575.426944,25,Extreme Fear,0.0,0.0532861933293078,0.783946209543404,-0.009519380320032963,12.949793520252522,extreme_fear,True,-0.5,0.0532861933293078,0.783946209543404
2021-12-08,4306.4,4450.49,4222.95,4436.91,429403.9351,991178,1868281437.565388,28,Fear,310.9335622712619,0.05225866143841164,0.744116794292785,0.02985589995078007,12.970153328567408,fear,False,-0.44,0.05225866143841164,0.744116794292785
2021-12-09,4436.91,4488.0,4076.16,4105.64,462173.711,1038790,1970732612.694487,29,Fear,322.9337877560133,0.05271819994805879,0.7556043843671574,-0.07759655003333575,13.043696097229901,fear,False,-0.42,0.05271819994805879,0.7556043843671574
2021-12-10,4105.64,4231.08,3887.37,3897.94,563236.5671,1098758,2287155262.156313,24,Extreme Fear,0.0,0.05342985892559104,0.7669392560260526,-0.05191342972413053,13.24145500909754,extreme_fear,True,-0.52,0.05342985892559104,0.7669392560260526
2021-12-11,3898.31,4097.08,3828.22,4089.37,427853.4343,831899,1711893271.974861,16,Extreme Fear,205.25596706368162,0.05381714749317695,0.781708580938887,0.047942715502466884,12.966535972692565,extreme_fear,True,-0.68,0.05381714749317695,0.781708580938887
2021-12-12,4089.68,4173.63,3986.25,4130.0,260535.5157,591319,1061361793.041272,27,Fear,0.0,0.05331678706157009,0.7685947762745989,0.00988648301255014,12.47049446754283,fear,False,-0.46,0.05331678706157009,0.7685947762745989
2021-12-13,4130.0,4142.75,3671.45,3781.93,533467.2307,1144882,2068534029.551105,28,Fear,24.486833868463815,0.05475533842624886,0.7956383408629611,-0.08804294563350627,13.187152924594724,fear,False,-0.44,0.05475533842624886,0.7956383408629611
2021-12-14,3781.92,3882.74,3685.0,3858.99,395145.7462,915721,1499985094.813692,21,Extreme Fear,261.3505987311699,0.05482086865260343,0.8004298963853305,0.020171029867780976,12.887009953549239,extreme_fear,True,-0.58,0.05482086865260343,0.8004298963853305
2021-12-15,3858.99,4092.22,3643.73,4019.08,542068.0573,1238234,2102151850.114585,28,Fear,270.99987642342273,0.05624427727025637,0.7843815367904925,0.04064752951085382,13.20314683951308,fear,False,-0.44,0.05624427727025637,0.7843815367904925
2021-12-16,4019.54,4113.43,3942.11,3958.11,368780.031,848885,1489983161.888796,29,Fear,57.461461266232874,0.05276965721738164,0.6766824660248463,-0.015286382109833728,12.81795562332011,fear,False,-0.42,0.05276965721738164,0.6766824660248463
2021-12-17,3959.11,3994.1,3700.0,3875.42,463370.9225,1052871,1789265513.242975,23,Extreme Fear,0.0,0.05351937245320036,0.6780362852975454,-0.021112594579608644,13.046283140845933,extreme_fear,True,-0.54,0.05351937245320036,0.6780362852975454
2021-12-18,3875.43,3996.93,3767.01,3959.93,339593.2543,740899,1326617546.276588,24,Extreme Fear,471.9709558538073,0.05300243887318739,0.6584458939600923,0.021572304313848916,12.735503869558912,extreme_fear,True,-0.52,0.05300243887318739,0.6584458939600923
2021-12-19,3959.93,4032.43,3884.0,3924.14,306006.323,688078,1208752533.595065,29,Fear,49.010747531634905,0.05294614300295099,0.6427676717612876,-0.009079129396085642,12.631361044119725,fear,False,-0.42,0.05294614300295099,0.6427676717612876
2021-12-20,3924.14,3983.37,3753.0,3944.73,366916.4771,844070,1416566980.691001,25,Extreme Fear,0.0,0.052182774032419076,0.6201144234429654,0.005233291944611536,12.812889518302017,extreme_fear,True,-0.5,0.052182774032419076,0.6201144234429654
2021-12-21,3944.72,4063.0,3913.21,4014.15,340826.3553,799127,1364232642.488108,27,Fear,0.0,0.05190724724098299,0.6265460699240079,0.017445107992705444,12.739128404573968,fear,False,-0.46,0.05190724724098299,0.6265460699240079
2021-12-22,4014.41,4074.87,3933.4,3979.51,303191.8076,675826,1215914916.525937,45,Fear,267.722926789986,0.05177962896500196,0.6256763407207176,-0.008666922744595622,12.622120912596394,fear,False,-0.1,0.05177962896500196,0.6256763407207176
2021-12-23,3979.51,4150.0,3893.23,4111.41,380207.8166,911905,1525274496.506047,34,Fear,220.23175660677532,0.04881789510247129,0.5955840040436127,0.032607339228882204,12.848473268004508,fear,False,-0.32,0.04881789510247129,0.5955840040436127
2021-12-24,4111.41,4134.84,4017.17,4046.36,230833.1661,593513,943702137.854923,41,Fear,150.2148524732367,0.04176533100553743,0.5923678594131626,-0.01594832381346089,12.349450503898725,fear,False,-0.18,0.04176533100553743,0.5923678594131626
2021-12-25,4046.35,4137.91,4018.62,4094.83,208126.8805,515115,846912042.129082,39,Fear,277.3043524217679,0.041355682370124595,0.58971863373078,0.011907490847253626,12.245903175111462,fear,False,-0.22,0.041355682370124595,0.58971863373078
2021-12-26,4094.36,4105.0,4000.0,4063.56,189309.255,496076,767315615.268866,37,Fear,125.09311747365881,0.038792986837490676,0.5738570502025798,-0.007665765703513949,12.151137226652068,fear,False,-0.26,0.038792986837490676,0.5738570502025798
2021-12-27,4063.57,4127.46,4031.0,4037.23,222225.3761,557367,905682624.776776,40,Fear,89.62152695320863,0.038569527856513755,0.5735285217202156,-0.0065006234506166825,12.311447353537288,fear,False,-0.2,0.038569527856513755,0.5735285217202156
2021-12-28,4037.22,4037.23,3759.36,3792.75,358064.7163,846780,1393962041.501678,41,Fear,0.0,0.03911066474161408,0.5960805016325699,-0.06246746360159126,12.788469020833295,fear,False,-0.18,0.03911066474161408,0.5960805016325699
2021-12-29,3792.75,3827.78,3604.2,3630.19,302753.6375,719559,1136202240.431213,27,Fear,0.0,0.03778750117004325,0.5542350712808295,-0.043806361141283154,12.62067467620691,fear,False,-0.46,0.03778750117004325,0.5542350712808295
2021-12-30,3630.18,3769.1,3585.0,3709.27,249263.7305,583361,921537785.386881,22,Extreme Fear,308.22313473920065,0.03665610238878174,0.5347942010258037,0.021550103255039157,12.426266773568623,extreme_fear,True,-0.56,0.03665610238878174,0.5347942010258037
2021-12-31,3709.27,3815.0,3622.29,3676.23,268014.2942,617370,1001765030.138141,28,Fear,238.78305750778173,0.03618068673470504,0.5006909047171242,-0.008947321214971451,12.498795594637814,fear,False,-0.44,0.03618068673470504,0.5006909047171242
2022-01-01,3676.22,3776.45,3673.46,3765.54,154143.8968,408666,574718328.452744,21,Extreme Fear,166.91039205506243,0.03584379700891948,0.5088209740722153,0.02400350671726048,11.945641839925882,extreme_fear,True,-0.58,0.03584379700891948,0.5088209740722153
2022-01-02,3765.54,3857.44,3717.3,3828.27,154791.4263,450610,585374957.73046,29,Fear,0.0,0.03234860144593608,0.40653517924996024,0.016521726756629256,11.949833852945007,fear,False,-0.42,0.03234860144593608,0.40653517924996024
2022-01-03,3828.11,3853.09,3680.0,3765.89,236245.8586,594541,892944105.552994,29,Fear,287.6980612263965,0.03217541819566956,0.4039271068024365,-0.016428782919867397,12.372628315466892,fear,False,-0.42,0.03217541819566956,0.4039271068024365
2022-01-04,3765.89,3900.73,3713.11,3785.11,288258.5549,676651,1098182607.925726,23,Extreme Fear,220.8140915103574,0.028915089964535522,0.3736268659374356,0.005090727455432364,12.571613116441984,extreme_fear,True,-0.54,0.028915089964535522,0.3736268659374356
2022-01-05,3785.1,3848.0,3415.0,3540.63,397942.0363,962670,1464819255.093511,24,Extreme Fear,0.0,0.032564360830026985,0.4356319745192315,-0.06677027114101414,12.894061636223228,extreme_fear,True,-0.52,0.032564360830026985,0.4356319745192315
2022-01-06,3539.82,3550.43,3300.0,3406.81,496745.7413,1006279,1698727637.365026,15,Extreme Fear,0.0,0.03242571611421166,0.4480800605546234,-0.03852830782695031,13.115833587251998,extreme_fear,True,-0.7,0.03242571611421166,0.4480800605546234
2022-01-07,3406.81,3416.76,3064.42,3199.24,669631.7262,1307591,2149562773.329257,18,Extreme Fear,0.0,0.034666080958387864,0.47734247000995644,-0.06286308798825013,13.41448317785934,extreme_fear,True,-0.64,0.034666080958387864,0.47734247000995644
2022-01-08,3198.68,3250.0,3000.0,3080.95,400692.1061,814600,1252795163.486269,10,Extreme Fear,121.15940874353265,0.03594316710204977,0.4867811666073043,-0.03767529061248328,12.900948596155663,extreme_fear,True,-0.8,0.03594316710204977,0.4867811666073043
2022-01-09,3080.98,3211.72,3057.35,3151.97,275874.1643,591523,864505480.881738,23,Extreme Fear,336.56678581218966,0.035660449429763395,0.49890846424542556,0.02278966319823475,12.527700114283947,extreme_fear,True,-0.54,0.035660449429763395,0.49890846424542556
2022-01-10,3151.97,3185.0,2928.83,3082.68,529818.3866,935157,1616550523.097201,23,Extreme Fear,121.76697185732468,0.0370541644942939,0.4884438786344994,-0.02222830567176738,13.18028956001217,extreme_fear,True,-0.54,0.0370541644942939,0.4884438786344994
2022-01-11,3082.87,3263.54,3051.8,3239.72,362446.7087,668961,1145852583.62298,21,Extreme Fear,0.0,0.0378370749945918,0.5371242233521475,0.049687557804675944,12.800632731987008,extreme_fear,True,-0.58,0.0378370749945918,0.5371242233521475
2022-01-12,3239.73,3411.43,3206.2,3371.26,370465.8015,737196,1226038697.472902,22,Extreme Fear,0.0,0.037782301983127584,0.5452863427866411,0.03979965540945987,12.822516415814311,extreme_fear,True,-0.56,0.037782301983127584,0.5452863427866411
2022-01-13,3371.6,3410.0,3233.43,3240.61,336234.8799,666486,1116293607.687924,21,Extreme Fear,474.6621314679417,0.0382550714929915,0.5550753584550473,-0.03952497803790752,12.725565242046999,extreme_fear,True,-0.58,0.0382550714929915,0.5550753584550473
2022-01-14,3240.61,3342.79,3188.0,3307.42,285326.3505,572125,931347172.762881,21,Extreme Fear,94.61835998605811,0.03858182325691345,0.5605414239678985,0.02040684557339173,12.561388893609584,extreme_fear,True,-0.58,0.03858182325691345,0.5605414239678985
2022-01-15,3307.42,3371.64,3261.0,3326.04,203100.3778,444485,675484534.656949,23,Extreme Fear,47.55754629733286,0.038684948570250365,0.5634622958869703,0.005613977894932952,12.221455607734152,extreme_fear,True,-0.54,0.038684948570250365,0.5634622958869703
2022-01-16,3326.51,3393.6,3269.62,3346.88,210782.2277,495317,701885138.83374,21,Extreme Fear,244.46367790231196,0.03887698306865993,0.5663258113230482,0.006246161427139561,12.258580783271626,extreme_fear,True,-0.58,0.03887698306865993,0.5663258113230482
2022-01-17,3346.89,3357.57,3141.1,3209.67,284063.6548,646419,922568646.923763,22,Extreme Fear,0.0,0.0387274126880789,0.5450270498532311,-0.04186044046482609,12.556953628648202,extreme_fear,True,-0.56,0.0387274126880789,0.5450270498532311
2022-01-18,3209.68,3243.87,3082.0,3159.85,299134.2728,579484,943140782.389924,24,Extreme Fear,0.0,0.038493409290429,0.5296766574197512,-0.015643570001207946,12.60864782447946,extreme_fear,True,-0.52,0.038493409290429,0.5296766574197512
2022-01-19,3159.85,3174.87,3000.0,3084.02,332996.5703,647383,1035249881.473593,24,Extreme Fear,0.0,0.038657484159411705,0.5219133067158275,-0.02429061735337126,12.715887469510143,extreme_fear,True,-0.52,0.038657484159411705,0.5219133067158275
2022-01-20,3084.02,3273.37,2987.15,3001.48,357596.7062,718946,1124982397.810134,24,Extreme Fear,389.1106109936159,0.0399616296016998,0.5257586054286074,-0.027128440411799574,12.787161111388965,extreme_fear,True,-0.52,0.0399616296016998,0.5257586054286074
2022-01-21,3001.48,3034.12,2403.0,2568.15,1022021.70024,1723216,2828122722.883165,19,Extreme Fear,0.0,0.05063482835384262,0.7220535940312556,-0.15591970501576202,13.837293282631913,extreme_fear,True,-0.62,0.05063482835384262,0.7220535940312556
2022-01-22,2567.47,2626.0,2300.0,2412.18,1081357.54893,1994513,2652383041.9991856,13,Extreme Fear,0.0,0.05344197902253525,0.7248868075546315,-0.06265489239063485,13.893727799500187,extreme_fear,True,-0.74,0.05344197902253525,0.7248868075546315
2022-01-23,2412.18,2556.78,2370.8,2539.01,580497.7613,1053655,1431696375.615066,11,Extreme Fear,482.8553718308725,0.05404444486849547,0.7714451711693888,0.05124333832710833,13.271641223609633,extreme_fear,True,-0.78,0.05404444486849547,0.7714451711693888
2022-01-24,2539.0,2539.75,2159.0,2439.29,1123134.70389,1848889,2592832133.2002006,13,Extreme Fear,241.8008710446926,0.05790266299498456,0.7688389551623318,-0.040067227918663954,13.931634176562769,extreme_fear,True,-0.74,0.05790266299498456,0.7688389551623318
2022-01-25,2439.56,2506.55,2348.96,2458.83,510152.954,946366,1237051148.4309,12,Extreme Fear,301.73609924539187,0.056318433573407704,0.756756769531708,0.007978613695370262,13.142465869540475,extreme_fear,True,-0.76,0.056318433573407704,0.756756769531708
2022-01-26,2459.04,2722.0,2402.03,2462.99,806441.62289,1384921,2058599145.3419724,23,Extreme Fear,0.0,0.05794215178740204,0.7559150520957026,0.0016904319908573088,13.600386790654202,extreme_fear,True,-0.54,0.05794215178740204,0.7559150520957026
2022-01-27,2463.0,2521.0,2316.43,2424.25,599481.7159,1029204,1448742950.458556,20,Extreme Fear,0.0,0.05720875779512332,0.7355874131349367,-0.01585386083831807,13.303820754068841,extreme_fear,True,-0.6,0.05720875779512332,0.7355874131349367
2022-01-28,2424.02,2558.98,2357.88,2544.99,485149.8065,884305,1183543182.408244,24,Extreme Fear,438.10955929055143,0.05725474734226805,0.7618411871501203,0.04860452251916326,13.092213001607648,extreme_fear,True,-0.52,0.05725474734226805,0.7618411871501203
2022-01-29,2544.99,2636.66,2520.01,2601.43,376666.8246,656017,966725225.782995,24,Extreme Fear,0.0,0.057195062197491084,0.7613655759606875,0.02193457311118982,12.83911632131236,extreme_fear,True,-0.52,0.057195062197491084,0.7613655759606875
2022-01-30,2601.43,2640.0,2542.5,2601.68,290770.0859,564478,755039834.565121,29,Fear,297.8168857574147,0.056302958763929,0.7605773046681124,9.609637320470698e-05,12.580288151055836,fear,False,-0.42,0.056302958763929,0.7605773046681124
2022-01-31,2601.67,2706.77,2476.07,2686.94,444584.851,814997,1154488527.579429,20,Extreme Fear,184.00801456968384,0.056850567483581874,0.7452500498441941,0.03224560944220077,13.004896206607388,extreme_fear,True,-0.6,0.056850567483581874,0.7452500498441941
2022-02-01,2686.94,2813.0,2673.52,2787.23,390034.27362,790343,1075341490.803359,26,Fear,0.0,0.05664984485261617,0.7425699294638806,0.036645271460084596,12.873989895321436,fear,False,-0.48,0.05664984485261617,0.7425699294638806
2022-02-02,2787.48,2810.88,2612.72,2680.67,447852.1228,819863,1215958780.122614,28,Fear,366.79909031798957,0.05704914843575884,0.7422810421134043,-0.038981507830389076,13.012218373872011,fear,False,-0.44,0.05704914843575884,0.7422810421134043
2022-02-03,2680.25,2726.64,2576.05,2695.46,405043.3931,726013,1068724165.621823,20,Extreme Fear,129.05134388912177,0.05720380028474454,0.7361807404448133,0.005502112974112725,12.911749483806016,extreme_fear,True,-0.6,0.05720380028474454,0.7361807404448133
2022-02-04,2695.21,2995.0,2671.4,2994.99,664002.9328,1235215,1889746043.715049,20,Extreme Fear,0.0,0.059059047233644316,0.8421873676032751,0.10537201641158946,13.406041845316286,extreme_fear,True,-0.6,0.059059047233644316,0.8421873676032751
2022-02-05,2994.99,3060.47,2958.01,3012.65,356803.3071,730502,1073972573.348673,33,Fear,0.0,0.059024590185445744,0.8421219805183974,0.005879197444611901,12.784939948423064,fear,False,-0.34,0.059024590185445744,0.8421219805183974
2022-02-06,3012.64,3074.56,2950.21,3054.99,249394.5966,522276,749957614.968609,37,Fear,295.2610022441016,0.05860498410809419,0.8332072762038938,0.013956229187492217,12.426791646395937,fear,False,-0.26,0.05860498410809419,0.8332072762038938
2022-02-07,3055.0,3186.0,2991.8,3139.77,455070.2529,898923,1410603197.756882,45,Fear,0.0,0.058810030888866535,0.8381631373588844,0.02737322953394406,13.028207087992351,fear,False,-0.1,0.058810030888866535,0.8381631373588844
2022-02-08,3139.77,3232.87,3025.21,3116.69,514773.5837,910882,1602652876.881495,48,Neutral,336.84050234521726,0.05899340605343489,0.8338866967135103,-0.007378007594245728,13.151482439673451,neutral,False,-0.04,0.05899340605343489,0.8338866967135103
2022-02-09,3116.69,3269.7,3055.0,3243.94,370267.8913,738015,1171445663.964222,54,Neutral,416.60454659774615,0.058415981145406505,0.8384013775093496,0.0400170991623015,12.821982053177285,neutral,False,0.08,0.058415981145406505,0.8384013775093496
2022-02-10,3243.6,3283.66,3056.74,3072.49,578212.8383,1039160,1839815885.635639,50,Neutral,639.9552866870191,0.050241029246548406,0.6342439808005093,-0.05430033262362314,13.267697312226561,neutral,False,0.0,0.050241029246548406,0.6342439808005093
2022-02-11,3072.36,3138.62,2879.0,2927.54,462025.8751,912879,1404238408.517842,50,Neutral,0.0,0.04839152702679775,0.614515997094939,-0.04832582784232587,13.043376175205516,neutral,False,0.0,0.04839152702679775,0.614515997094939
2022-02-12,2927.54,2985.98,2858.3,2918.88,336250.3131,608416,981432045.703354,44,Fear,77.58473407404493,0.04767940725191059,0.5957275191447355,-0.002962498874057581,12.72561114105017,fear,False,-0.12,0.04767940725191059,0.5957275191447355
2022-02-13,2918.58,2954.4,2836.7,2871.13,242751.3547,444540,705260941.483037,44,Fear,202.79635849957862,0.04274804132141588,0.5766104067370507,-0.016494300553863334,12.399792966776516,fear,False,-0.12,0.04274804132141588,0.5766104067370507
2022-02-14,2871.14,2964.97,2829.01,2929.75,381778.238,607853,1107566192.889658,46,Fear,365.898213922166,0.042321280729265956,0.5781949942082627,0.0202114146526657,12.852595190220816,neutral,False,-0.08,0.042321280729265956,0.5781949942082627
2022-02-15,2929.75,3196.19,2912.06,3183.52,448971.754,795924,1381094746.210811,46,Fear,0.0,0.04080908686282666,0.6344217261777697,0.08307040769222607,13.014715256059588,neutral,False,-0.08,0.04080908686282666,0.6344217261777697
2022-02-16,3183.53,3186.77,3044.03,3122.3,319997.6244,633447,999219896.168787,51,Neutral,257.5133452858032,0.039674868855556204,0.6366808977582714,-0.019417593123566165,12.676068850998353,neutral,False,0.02,0.039674868855556204,0.6366808977582714
2022-02-17,3122.31,3160.0,2851.55,2891.87,488693.2624,840552,1467352492.887897,52,Neutral,31.950840396820862,0.040540514257282466,0.6954309128081123,-0.07666655802966413,13.099490296381951,neutral,False,0.04,0.040540514257282466,0.6954309128081123
2022-02-18,2891.88,2943.97,2750.0,2779.48,502977.4069,742459,1428246802.953186,30,Fear,0.0,0.04111427991197112,0.7113395710600717,-0.0396394918488373,13.12830053137329,fear,False,-0.4,0.04111427991197112,0.7113395710600717
2022-02-19,2779.3,2830.96,2694.45,2763.63,293838.0025,474447,812399991.55453,25,Extreme Fear,0.0,0.04133877177845949,0.7119872140108667,-0.005718826867157603,12.59078388255321,extreme_fear,True,-0.5,0.04133877177845949,0.7119872140108667
2022-02-20,2763.63,2764.64,2576.0,2621.99,386384.904,615990,1023095361.857724,27,Fear,0.0,0.040692170266107296,0.7292929813376026,-0.05261146152787277,12.864589312234331,fear,False,-0.46,0.040692170266107296,0.7292929813376026
2022-02-21,2621.99,2759.51,2558.0,2568.02,761838.9858,1116485,2030019705.147237,25,Extreme Fear,626.7794039079396,0.041387225746374275,0.7181519380685009,-0.020798397492321857,13.543490507616385,extreme_fear,True,-0.5,0.041387225746374275,0.7181519380685009
2022-02-22,2568.03,2665.74,2500.0,2636.29,692639.4942,1047915,1787436157.608267,20,Extreme Fear,14.168430361795293,0.04111969926292765,0.7134306465640818,0.02623745180416111,13.44826493242606,extreme_fear,True,-0.6,0.04111969926292765,0.7134306465640818
2022-02-23,2636.28,2753.55,2575.83,2579.71,504470.1412,839481,1347740672.085344,25,Extreme Fear,0.0,0.04138717600751483,0.716750996867027,-0.021695636248493144,13.131263932088723,extreme_fear,True,-0.5,0.04138717600751483,0.716750996867027
2022-02-24,2579.7,2740.0,2300.0,2596.2,1395732.7753,1774038,3417715584.187025,23,Extreme Fear,177.45951040943308,0.04505236741322832,0.5956032979145468,0.006371847961708061,14.148930122276111,extreme_fear,True,-0.54,0.04505236741322832,0.5956032979145468
2022-02-25,2596.26,2834.97,2571.72,2768.49,679394.1762,1102014,1818778014.603611,27,Fear,0.0,0.04669137906529763,0.6464091385682089,0.06425320773330942,13.42895676269661,fear,False,-0.46,0.04669137906529763,0.6464091385682089
2022-02-26,2768.05,2878.0,2727.5,2779.47,418485.2529,781683,1169315477.8095,26,Fear,0.0,0.04691875889111482,0.6436475608889691,0.00395821683492336,12.944396930297962,fear,False,-0.48,0.04691875889111482,0.6436475608889691
2022-02-27,2779.47,2836.33,2557.98,2616.79,650198.7785,1149184,1757950720.803781,26,Fear,0.0,0.0481918188681734,0.660680240938693,-0.0603118862715815,13.385033408197454,fear,False,-0.48,0.0481918188681734,0.660680240938693
2022-02-28,2616.79,2951.6,2568.62,2920.95,733794.4488,1203874,2004492152.838274,20,Extreme Fear,724.6916010850041,0.05090469249869495,0.7844555312672044,0.10996053006015137,13.505984225870616,extreme_fear,True,-0.6,0.05090469249869495,0.7844555312672044
2022-03-01,2920.83,3037.94,2854.09,2976.33,673901.6976,1237486,1983738648.091627,51,Neutral,0.0,0.050777732220201544,0.7724533888431814,0.018782092086540015,13.420839529999247,neutral,False,0.02,0.050777732220201544,0.7724533888431814
2022-03-02,2976.33,3043.91,2914.21,2947.3,614623.7461,1050193,1828572588.461256,52,Neutral,283.00062967000196,0.050200555957877535,0.7500799590080054,-0.009801500906561036,13.328765564606403,neutral,False,0.04,0.050200555957877535,0.7500799590080054
2022-03-03,2947.31,2970.97,2785.0,2833.99,446192.2353,770738,1282099960.458349,39,Fear,0.0,0.049608602994599155,0.743288772842841,-0.03920388433278596,13.008505158991415,fear,False,-0.22,0.049608602994599155,0.743288772842841
2022-03-04,2834.0,2836.17,2573.0,2622.1,556178.7588,934846,1499282207.482794,33,Fear,0.0,0.05096657070339599,0.790905307435406,-0.07771008924118722,13.228845030192987,fear,False,-0.34,0.05096657070339599,0.790905307435406
2022-03-05,2622.11,2685.12,2589.38,2665.15,268730.3036,531829,709708518.862464,22,Extreme Fear,158.0798501627478,0.05090734569583536,0.7933405453627197,0.016284817772527285,12.501463566808011,extreme_fear,True,-0.56,0.05090734569583536,0.7933405453627197
2022-03-06,2665.16,2676.29,2535.0,2551.29,336487.9099,528787,881200532.285509,22,Extreme Fear,186.76887120519126,0.05103796102747221,0.8001516389125305,-0.043661227604156416,12.726317498446718,extreme_fear,True,-0.56,0.05103796102747221,0.8001516389125305
2022-03-07,2551.3,2649.0,2445.0,2491.12,620171.6787,870430,1575658962.135642,23,Extreme Fear,154.01956579647177,0.05063970983092385,0.727372726157189,-0.023866705063867934,13.337751619820265,extreme_fear,True,-0.54,0.05063970983092385,0.727372726157189
2022-03-08,2491.12,2624.0,2480.15,2575.97,561659.7421,812094,1438848034.008704,21,Extreme Fear,430.78195126598246,0.05083143934708579,0.7445159854055232,0.03349375366749058,13.23865150441915,extreme_fear,True,-0.58,0.05083143934708579,0.7445159854055232
2022-03-09,2575.98,2775.85,2567.7,2726.98,562771.7403,840331,1524779168.022153,22,Extreme Fear,0.0,0.05003159520904391,0.7359616083068149,0.05696860755825763,13.240629390275105,extreme_fear,True,-0.56,0.05003159520904391,0.7359616083068149
2022-03-10,2726.98,2733.25,2550.27,2606.7,559029.9377,740676,1460470256.475736,28,Fear,471.53708029181144,0.05005967948064132,0.7398259677206274,-0.0451097162386842,13.233958306517128,fear,False,-0.44,0.05005967948064132,0.7398259677206274
2022-03-11,2606.69,2676.78,2522.57,2556.86,494583.6568,684407,1281060913.835518,22,Extreme Fear,265.86073234202723,0.05025352803472776,0.742005935382309,-0.0193051103831143,13.111471590256226,extreme_fear,True,-0.56,0.05025352803472776,0.742005935382309
2022-03-12,2556.86,2616.79,2553.39,2568.8,219236.5711,327122,567134036.896676,22,Extreme Fear,117.551216747659,0.04945901148111924,0.7196391891240888,0.0046589206451485956,12.29790665909978,extreme_fear,True,-0.56,0.04945901148111924,0.7196391891240888
2022-03-13,2568.8,2603.32,2493.0,2515.65,316942.1601,444352,811775081.557994,21,Extreme Fear,31.454972669069438,0.048747472741942924,0.7196791057939702,-0.020907644329557794,12.666474575959155,extreme_fear,True,-0.58,0.048747472741942924,0.7196791057939702
2022-03-14,2515.66,2609.6,2498.67,2589.41,386630.1912,609122,991479973.091494,23,Extreme Fear,377.14580472029684,0.048332559086127935,0.7210771549169587,0.028898831069852558,12.865223936861343,extreme_fear,True,-0.54,0.048332559086127935,0.7210771549169587
2022-03-15,2589.42,2669.0,2507.0,2617.73,461202.3014,686797,1189436494.535537,21,Extreme Fear,247.77144420739594,0.04823347835736337,0.7178789042694691,0.01087747947380333,13.04159205739061,extreme_fear,True,-0.58,0.04823347835736337,0.7178789042694691
2022-03-16,2617.74,2788.0,2603.38,2773.81,666224.7217,1055171,1792497068.36131,24,Extreme Fear,0.0,0.043110690031125776,0.7460128729379556,0.05791429638892648,13.40938231257918,extreme_fear,True,-0.52,0.043110690031125776,0.7460128729379556
2022-03-17,2773.8,2836.0,2746.42,2811.92,379312.541,597885,1058301299.033757,27,Fear,0.0,0.04130169428270887,0.7120333333467452,0.013645697645398072,12.8461157906685,fear,False,-0.46,0.04130169428270887,0.7120333333467452
2022-03-18,2811.91,2984.0,2765.59,2938.92,556535.7966,794774,1590887965.76135,25,Extreme Fear,0.0,0.04192849351842135,0.7285345278165658,0.044174642881809834,13.229486772157305,extreme_fear,True,-0.5,0.04192849351842135,0.7285345278165658
2022-03-19,2938.84,2987.7,2890.86,2950.84,325971.5398,556406,961244629.511118,28,Fear,135.07957310147933,0.039814166660831964,0.6893665926647707,0.004047708658660071,12.694565355310877,fear,False,-0.44,0.039814166660831964,0.6893665926647707
2022-03-20,2950.85,2964.17,2817.21,2861.38,377608.8214,651827,1089196046.052685,31,Fear,44.31005296516727,0.03582563870742687,0.5802741572201481,-0.030785849641907954,12.841614074739075,fear,False,-0.38,0.03582563870742687,0.5802741572201481
2022-03-21,2861.39,2960.57,2829.81,2890.03,450223.9073,690648,1305282353.585495,30,Fear,414.3782738146336,0.035355282046038355,0.5771162602427206,0.009962856753148086,13.01750030977649,fear,False,-0.4,0.035355282046038355,0.5771162602427206
2022-03-22,2890.03,3052.85,2886.43,2969.64,564868.9839,920670,1692559175.066055,26,Fear,0.0,0.03567166322246197,0.584909466871064,0.027173850653313385,13.244349096335998,fear,False,-0.48,0.03567166322246197,0.584909466871064
2022-03-23,2969.64,3045.2,2920.65,3036.0,453962.7298,813052,1350911495.416662,31,Fear,334.2304100745994,0.035050890051752326,0.5701807009744174,0.022100126186770305,13.025770380702133,fear,False,-0.38,0.035050890051752326,0.5701807009744174
2022-03-24,3035.99,3129.11,2999.11,3110.76,577171.5239,853822,1768485489.446136,40,Fear,0.0,0.033015414301689264,0.4864541312448653,0.02432620979389752,13.265894769772261,fear,False,-0.2,0.033015414301689264,0.4864541312448653
2022-03-25,3110.75,3193.28,3076.0,3102.14,489099.5572,745999,1532535177.917052,47,Neutral,0.0,0.033037788891488465,0.4871360280677908,-0.0027748734185679743,13.100321341190707,neutral,False,-0.06,0.033037788891488465,0.4871360280677908
2022-03-26,3102.13,3153.2,3084.9,3145.0,207134.847,403089,646551585.682247,51,Neutral,143.32702789394827,0.03235881582583331,0.44808026193493333,0.013721694243691004,12.24112529493858,neutral,False,0.02,0.03235881582583331,0.44808026193493333
2022-03-27,3145.01,3299.37,3126.02,3295.65,335467.4145,645675,1072163952.322084,49,Neutral,0.0,0.0313657626089603,0.4464759177498918,0.046789526935948046,12.723280105490629,neutral,False,-0.02,0.0313657626089603,0.4464759177498918
2022-03-28,3295.65,3431.15,3275.01,3332.92,527237.1133,964079,1766636914.051384,60,Greed,0.0,0.031074171000469306,0.4405329009640676,0.01124537954894856,13.175405656695716,greed,False,0.2,0.031074171000469306,0.4405329009640676
2022-03-29,3332.91,3481.87,3329.68,3400.51,465899.8226,884317,1590016971.388558,56,Greed,79.69878479131623,0.02986737146523733,0.40996791922962167,0.02007662373594018,13.05172591703641,greed,False,0.12,0.02986737146523733,0.40996791922962167
2022-03-30,3400.51,3446.9,3331.84,3385.79,356082.5231,675015,1206555998.567904,55,Greed,275.9932406415982,0.028744726262693827,0.35818386191152074,-0.00433815866831539,12.782917789431876,neutral,False,0.1,0.028744726262693827,0.35818386191152074
2022-03-31,3385.8,3444.83,3261.35,3281.51,455091.2395,770564,1526047563.602515,52,Neutral,219.0535590924047,0.028579545616810823,0.3746894924821877,-0.031283579391062265,13.028253204203988,neutral,False,0.04,0.028579545616810823,0.3746894924821877
2022-04-01,3281.51,3481.29,3210.68,3455.21,532169.2392,883079,1780259682.532936,50,Neutral,404.86303284785146,0.03039783194029614,0.39799758494491566,0.051579554534772795,13.184716836531718,neutral,False,0.0,0.03039783194029614,0.39799758494491566
2022-04-02,3455.2,3532.2,3433.14,3443.77,499893.29,763785,1740311567.806437,52,Neutral,0.0,0.030080024027892466,0.38161306436465675,-0.003316435323907816,13.12214993462704,neutral,False,0.04,0.030080024027892466,0.38161306436465675
2022-04-03,3443.77,3580.34,3412.11,3521.91,381581.7683,619758,1334671716.892238,48,Neutral,187.77061119379684,0.030208439820701868,0.37933164207307896,0.02243665456009444,12.852080440423297,neutral,False,-0.04,0.030208439820701868,0.37933164207307896
2022-04-04,3521.9,3547.0,3405.97,3519.5,449984.1586,810677,1564866359.686716,52,Neutral,314.27948360638095,0.029521640328331225,0.3833501848516822,-0.0006845220187730097,13.016967658015748,neutral,False,0.04,0.029521640328331225,0.3833501848516822
2022-04-05,3519.5,3555.0,3400.0,3406.99,397782.7437,674184,1383264215.874245,53,Neutral,378.95199414059283,0.02868298246632163,0.38281240961124996,-0.032489730525075915,12.893661265124749,neutral,False,0.06,0.02868298246632163,0.38281240961124996
2022-04-06,3407.0,3407.5,3162.39,3168.51,736273.1047,1098773,2411228209.986985,48,Neutral,0.0,0.030077113017505736,0.4821844665453675,-0.07256775769697918,13.509356395051467,neutral,False,-0.04,0.030077113017505736,0.4821844665453675
2022-04-07,3168.52,3268.98,3143.15,3227.19,458179.3272,706382,1470465124.58207,34,Fear,86.62612231019766,0.02877892365851461,0.46339339942343255,0.01835034370763697,13.035015930567736,fear,False,-0.32,0.02877892365851461,0.46339339942343255
2022-04-08,3227.2,3314.02,3173.52,3192.39,502422.5048,810752,1634901495.645322,37,Fear,133.3191440868964,0.029025691232848802,0.46666477980799126,-0.010841936976364482,13.127196687718866,fear,False,-0.26,0.029025691232848802,0.46666477980799126
2022-04-09,3192.39,3268.4,3181.28,3258.57,212444.2566,386154,683630508.159035,30,Fear,186.71399467273662,0.02844334098000087,0.4513205002987705,0.020518596261411837,12.266434911051853,fear,False,-0.4,0.02844334098000087,0.4513205002987705
2022-04-10,3258.57,3307.22,3193.0,3203.04,232303.2326,439811,756032282.614135,34,Fear,132.93873837127197,0.028186922710566036,0.4587853794062976,-0.01718808999540962,12.355798834288024,fear,False,-0.32,0.028186922710566036,0.4587853794062976
2022-04-11,3203.04,3213.63,2950.0,2979.74,693394.2912,969832,2127486125.62208,32,Fear,0.0,0.029495159403678153,0.526267305217419,-0.0722643104524599,13.449354079144655,fear,False,-0.36,0.029495159403678153,0.526267305217419
2022-04-12,2979.75,3085.0,2950.0,3027.66,579522.9505,742214,1750871209.720005,20,Extreme Fear,265.3150790068201,0.029574023379659413,0.5233142858139935,0.015953995545066883,13.269960544946667,extreme_fear,True,-0.6,0.029574023379659413,0.5233142858139935
2022-04-13,3027.65,3128.97,2996.86,3118.28,419101.494,623328,1285303924.978813,25,Extreme Fear,78.60578294055595,0.029592431021232237,0.5268263084459689,0.029491523824412797,12.945868398688484,extreme_fear,True,-0.5,0.029592431021232237,0.5268263084459689
2022-04-14,3118.28,3145.0,2976.3,3021.98,408382.5572,540399,1249759777.271426,28,Fear,358.9868706569333,0.030087840493668316,0.5385578720898566,-0.03136932206332718,12.919959654272397,fear,False,-0.44,0.030087840493668316,0.5385578720898566
2022-04-15,3021.98,3060.92,2993.13,3040.56,249626.2981,388136,755644733.734266,22,Extreme Fear,105.62501884259338,0.030094441008149782,0.5364175431058154,0.006129463284808756,12.427720270904896,extreme_fear,True,-0.56,0.030094441008149782,0.5364175431058154
2022-04-16,3040.57,3086.1,3010.03,3059.3,176352.4165,298000,536234354.297344,28,Fear,71.09350023114669,0.02940032485705428,0.506252768892813,0.006144422645443129,12.080239638433937,fear,False,-0.44,0.02940032485705428,0.506252768892813
2022-04-17,3059.3,3083.0,2981.7,2988.06,243772.074,389959,742151590.621933,28,Fear,175.94396117800738,0.02907558718170921,0.5076798528715142,-0.023561784234964658,12.403988944759785,fear,False,-0.44,0.02907558718170921,0.5076798528715142
2022-04-18,2988.07,3069.6,2883.22,3055.56,510251.6536,703622,1508168472.867298,24,Extreme Fear,96.4927379267007,0.029666928069089212,0.5092500097892745,0.02233853449045376,13.142659321431172,extreme_fear,True,-0.52,0.029666928069089212,0.5092500097892745
2022-04-19,3055.56,3131.0,3030.34,3101.77,359375.0038,521060,1106468538.117098,27,Fear,0.0,0.029641138641893154,0.5143644304108373,0.015010034412271361,12.792121701107664,fear,False,-0.46,0.029641138641893154,0.5143644304108373
2022-04-20,3101.74,3166.5,3036.45,3076.04,415000.0685,571292,1285353922.303612,27,Fear,222.43129700353455,0.029262436286828387,0.5048057247746726,-0.008329860832956325,12.936033964273063,fear,False,-0.46,0.029262436286828387,0.5048057247746726
2022-04-21,3076.03,3180.0,2942.31,2983.58,562699.697,719659,1736496193.473973,27,Fear,255.82049421593777,0.029103955742595847,0.46945260956052093,-0.030519133695049935,13.240501366946017,fear,False,-0.46,0.029103955742595847,0.46945260956052093
2022-04-22,2983.57,3034.32,2930.35,2962.39,452433.082,604084,1350044345.250315,26,Fear,81.88968976456695,0.02922960840947701,0.4692144569537055,-0.007127546794771479,13.022395146103168,fear,False,-0.48,0.02922960840947701,0.4692144569537055
2022-04-23,2962.39,2978.03,2913.89,2933.03,187576.7324,348435,554261385.85153,24,Extreme Fear,14.658449027855978,0.028655707285024548,0.4556703510791633,-0.0099603565921431,12.141943280143638,extreme_fear,True,-0.52,0.028655707285024548,0.4556703510791633
2022-04-24,2933.04,2967.06,2912.09,2921.0,218957.0222,354013,643702920.89106,24,Extreme Fear,152.34639487603243,0.028244831483385108,0.45498818262929985,-0.0041099949724494895,12.296630743877838,extreme_fear,True,-0.52,0.028244831483385108,0.45498818262929985
2022-04-25,2920.99,3025.65,2797.01,3006.62,619198.3616,804935,1789151245.676505,23,Extreme Fear,52.9840380129293,0.02955117233336801,0.4655747270734716,0.02889050081606422,13.336180955259321,extreme_fear,True,-0.54,0.02955117233336801,0.4655747270734716
2022-04-26,3006.63,3039.54,2767.0,2809.67,531184.3504,775652,1544470478.04639,27,Fear,688.4738477721526,0.030527453213120066,0.45670152872296,-0.06774948549478285,13.182864415867009,fear,False,-0.46,0.030527453213120066,0.45670152872296
2022-04-27,2809.68,2919.87,2794.46,2888.96,488951.2416,669916,1401317315.552324,21,Extreme Fear,235.40839990491824,0.030641390833807663,0.4645791126500383,0.027829537040039223,13.100018053056147,extreme_fear,True,-0.58,0.030641390833807663,0.4645791126500383
2022-04-28,2888.95,2980.0,2853.83,2936.93,537392.9978,736818,1567476627.908683,24,Extreme Fear,0.0,0.030639881877848846,0.47051823778946567,0.01646824232146928,13.194484945305659,extreme_fear,True,-0.52,0.030639881877848846,0.47051823778946567
2022-04-29,2936.92,2946.46,2776.63,2817.13,525978.147,678273,1503869186.333024,23,Extreme Fear,66.91248040616294,0.03145150029647031,0.47892340789521604,-0.041646181874155655,13.173014945229427,extreme_fear,True,-0.54,0.03145150029647031,0.47892340789521604
2022-04-30,2817.13,2841.63,2709.26,2726.66,367757.2469,577285,1028113961.632706,20,Extreme Fear,0.0,0.031748313532819324,0.4862495140656335,-0.032641219258456255,12.815178344319829,extreme_fear,True,-0.6,0.031748313532819324,0.4862495140656335
2022-05-01,2726.67,2849.9,2716.13,2824.81,442544.8792,539462,1230927404.406151,22,Extreme Fear,413.19441281161363,0.030290419908968313,0.4461696599200711,0.035363688743625235,13.00029716020817,extreme_fear,True,-0.56,0.030290419908968313,0.4461696599200711
2022-05-02,2824.81,2894.22,2778.78,2856.54,521706.8567,625431,1476062750.216177,28,Fear,0.0,0.03018740831417521,0.4438382018659601,0.01116999653563879,13.164861131918174,fear,False,-0.44,0.03018740831417521,0.4438382018659601
2022-05-03,2856.54,2861.47,2755.19,2781.7,371331.1796,490176,1046307600.938906,27,Fear,153.36224444200099,0.03005917358637277,0.4340486137310271,-0.026548850637668365,12.824849610784437,fear,False,-0.46,0.03005917358637277,0.4340486137310271
2022-05-04,2781.7,2965.85,2771.74,2940.64,548738.0668,742950,1572901182.250391,21,Extreme Fear,93.537103941538,0.030518243460563643,0.47376604786547377,0.05556499313764938,13.215376496984726,extreme_fear,True,-0.58,0.030518243460563643,0.47376604786547377
2022-05-05,2940.65,2954.65,2683.0,2747.97,734845.3194,935371,2055752498.216567,27,Fear,424.81961169376643,0.03301604899937503,0.5277935807176684,-0.06776478746508298,13.50741530625139,fear,False,-0.46,0.03301604899937503,0.5277935807176684
2022-05-06,2747.96,2758.18,2632.95,2692.85,711449.3234,813458,1918267933.165302,22,Extreme Fear,0.0,0.03343295930950565,0.5286819269038153,-0.0202623449546493,13.475059468957854,extreme_fear,True,-0.56,0.03343295930950565,0.5286819269038153
2022-05-07,2692.86,2704.36,2584.75,2635.34,371271.4532,505005,987464053.430564,23,Extreme Fear,0.0,0.03368288401725376,0.5278768815592959,-0.021587906387850193,12.824688753826782,extreme_fear,True,-0.54,0.03368288401725376,0.5278768815592959
2022-05-08,2635.35,2642.0,2484.0,2519.71,757615.3415,867730,1930282594.659069,18,Extreme Fear,0.0,0.0336504741222576,0.5334271069939778,-0.044868390391330004,13.53793107078097,extreme_fear,True,-0.64,0.0336504741222576,0.5334271069939778
2022-05-09,2519.71,2530.78,2225.0,2228.55,1574924.9793,1758980,3725676633.136297,11,Extreme Fear,0.0,0.03757831774369348,0.6585621225799264,-0.12279266576677982,14.269718196916946,extreme_fear,True,-0.78,0.03757831774369348,0.6585621225799264
2022-05-10,2229.0,2457.34,2200.0,2342.05,1550626.1387,1851225,3650912006.062748,10,Extreme Fear,716.5161482569697,0.040013690486879104,0.6990831251850963,0.049675464452423136,14.254169367776985,extreme_fear,True,-0.8,0.040013690486879104,0.6990831251850963
2022-05-11,2342.04,2451.37,2005.0,2084.99,2022864.83806,2825340,4605757119.998099,12,Extreme Fear,627.4289630443916,0.047126003219055815,0.7872504863400681,-0.1162625551455644,14.520025301293005,extreme_fear,True,-0.76,0.047126003219055815,0.7872504863400681
2022-05-12,2084.99,2195.0,1800.0,1960.22,2305192.90836,2958830,4485518775.573885,12,Extreme Fear,0.0,0.05393289794123914,0.8010466510538841,-0.06170734723479563,14.65067492217344,extreme_fear,True,-0.76,0.05393289794123914,0.8010466510538841
2022-05-13,1960.22,2147.54,1940.23,2009.69,1134042.3387,1380079,2355144482.314068,10,Extreme Fear,590.4426014770123,0.055552283651592864,0.8166379534695005,0.0249237694793723,13.94129909828716,extreme_fear,True,-0.8,0.055552283651592864,0.8166379534695005
2022-05-14,2009.69,2070.06,1951.21,2056.48,563788.3078,794510,1136170835.745817,9,Extreme Fear,385.3615731981926,0.0560606581549236,0.8287414007758759,0.023015302058914555,13.242434119242072,extreme_fear,True,-0.82,0.0560606581549236,0.8287414007758759
2022-05-15,2056.47,2167.0,2000.68,2145.29,514398.2587,677163,1067795595.552432,10,Extreme Fear,0.0,0.056093307861829665,0.8399778623217795,0.042278957997049504,13.150753066790953,extreme_fear,True,-0.8,0.056093307861829665,0.8399778623217795
2022-05-16,2145.29,2145.29,1979.12,2023.66,822070.8531,1046115,1672324751.612644,14,Extreme Fear,549.9565003756705,0.055718282627589336,0.8330730604602087,-0.058366988252162674,13.619581866309058,extreme_fear,True,-0.72,0.055718282627589336,0.8330730604602087
2022-05-17,2023.66,2122.42,2008.0,2090.72,568249.0448,820184,1175068276.038261,8,Extreme Fear,415.4162814680397,0.05590309223307351,0.8365980968035649,0.03260075113412737,13.250315060763091,extreme_fear,True,-0.84,0.05590309223307351,0.8365980968035649
2022-05-18,2090.72,2110.72,1908.0,1915.11,631577.2341,803676,1262292139.414203,12,Extreme Fear,209.5497421640475,0.0572299762500359,0.8639987133795354,-0.08773344202251154,13.355975515907154,extreme_fear,True,-0.76,0.0572299762500359,0.8639987133795354
2022-05-19,1915.11,2040.39,1903.18,2019.55,741476.9794,946509,1461787984.391026,13,Extreme Fear,462.05571427219786,0.05743786057952621,0.8992584099925321,0.05309965208226872,13.516399394090325,extreme_fear,True,-0.74,0.05743786057952621,0.8992584099925321
2022-05-20,2019.55,2064.0,1923.0,1959.08,576981.5371,840589,1151839844.607967,13,Extreme Fear,437.9444884884951,0.057865055944257865,0.8987645520201889,-0.03039973902804933,13.2655655468847,extreme_fear,True,-0.74,0.057865055944257865,0.8987645520201889
2022-05-21,1959.08,1990.86,1937.36,1975.07,238869.7632,417873,470714672.584742,13,Extreme Fear,122.21427729824288,0.05762000940728841,0.8829685433768032,0.008128865472563522,12.383673758539315,extreme_fear,True,-0.74,0.05762000940728841,0.8829685433768032
2022-05-22,1975.06,2056.41,1966.33,2043.19,355735.1927,540257,715445185.627839,14,Extreme Fear,0.0,0.05767469391556007,0.8964805145719538,0.03390847123771363,12.781941892317048,extreme_fear,True,-0.72,0.05767469391556007,0.8964805145719538
2022-05-23,2043.19,2088.5,1957.12,1973.32,636085.0224,809254,1296599784.113311,10,Extreme Fear,336.6100196718575,0.058109061723028654,0.8981516448426653,-0.034794908552463054,13.363087516406349,extreme_fear,True,-0.8,0.058109061723028654,0.8981516448426653
2022-05-24,1973.33,1993.83,1913.02,1979.41,534096.972,598082,1047864199.932369,12,Extreme Fear,0.0,0.0576620186310401,0.8603056902205647,0.0030814170554417973,13.188332696961481,extreme_fear,True,-0.76,0.0576620186310401,0.8603056902205647
2022-05-25,1979.4,2022.34,1934.61,1942.63,524786.3091,600224,1034922798.422685,11,Extreme Fear,122.64639520712231,0.05650342390751613,0.8414409527242936,-0.018756095416388646,13.170746428428735,extreme_fear,True,-0.78,0.05650342390751613,0.8414409527242936
2022-05-26,1942.64,1966.01,1735.0,1792.23,1168740.57514,1124028,2157585473.515414,12,Extreme Fear,0.0,0.05861288945405235,0.8709431318722678,-0.08058207055617697,13.971437295501183,extreme_fear,True,-0.76,0.05861288945405235,0.8709431318722678
2022-05-27,1792.24,1822.26,1703.0,1727.27,1296693.28537,1226454,2284866824.037575,12,Extreme Fear,0.0,0.059001588114709305,0.8729283294334413,-0.03691852711164214,14.075327955278793,extreme_fear,True,-0.76,0.059001588114709305,0.8729283294334413
2022-05-28,1727.26,1808.98,1722.26,1792.22,558271.1818,645423,988074924.551089,13,Extreme Fear,384.98377632566053,0.058788877542187735,0.8914953042722782,0.03691294745507008,13.232600112197984,extreme_fear,True,-0.74,0.058788877542187735,0.8914953042722782
2022-05-29,1792.21,1827.4,1759.96,1813.64,432430.611,447003,776046677.057929,14,Extreme Fear,62.978159403493365,0.056414530377473175,0.80341746308126,0.011880800673498414,12.97717715548846,extreme_fear,True,-0.72,0.056414530377473175,0.80341746308126
2022-05-30,1813.64,2013.0,1803.18,1998.78,814922.8359,848129,1557925971.047644,10,Extreme Fear,0.0,0.0563952062523079,0.8657655277264578,0.09720111888622697,13.610848707863276,extreme_fear,True,-0.8,0.0563952062523079,0.8657655277264578
2022-05-31,1998.78,2016.45,1925.0,1941.9,751103.4226,791367,1477853073.767754,16,Extreme Fear,185.22303552393723,0.04990656695378742,0.7711241226747781,-0.028870119196813194,13.529298634447105,extreme_fear,True,-0.68,0.04990656695378742,0.7711241226747781
2022-06-01,1941.9,1972.58,1763.75,1817.95,1037841.2706,973159,1954005475.230421,17,Extreme Fear,0.0,0.04479573176030978,0.7755101458343274,-0.06595738261063266,13.852653412517636,extreme_fear,True,-0.66,0.04479573176030978,0.7755101458343274
2022-06-02,1817.96,1853.05,1782.42,1834.08,788784.4017,793304,1434781730.184754,13,Extreme Fear,158.26817843886016,0.04298887848260168,0.7696962158628524,0.008833500757757908,13.578248307353945,extreme_fear,True,-0.74,0.04298887848260168,0.7696962158628524
2022-06-03,1834.09,1843.91,1737.0,1775.12,741282.5346,807046,1319239612.462907,10,Extreme Fear,158.96244607634623,0.043003857064229774,0.7686069303675837,-0.03267496710853838,13.516137119865437,extreme_fear,True,-0.8,0.043003857064229774,0.7686069303675837
2022-06-04,1775.13,1816.0,1748.43,1804.58,388279.4579,402734,689062742.981284,14,Extreme Fear,266.01593523306104,0.041955428091296196,0.7517722807324853,0.01645985145239517,12.869480611667775,extreme_fear,True,-0.72,0.041955428091296196,0.7517722807324853
2022-06-05,1804.58,1830.17,1773.05,1806.23,371974.5061,403935,670583716.956391,10,Extreme Fear,90.233741921393,0.04075745297669696,0.7288734223418807,0.0009139224245239042,12.826580598917612,extreme_fear,True,-0.8,0.04075745297669696,0.7288734223418807
2022-06-06,1806.22,1920.0,1804.35,1859.84,804250.3567,817039,1509754495.64725,13,Extreme Fear,0.0,0.040931491803877694,0.726631875847282,0.029248662366728604,13.59766588861998,extreme_fear,True,-0.74,0.040931491803877694,0.726631875847282
2022-06-07,1859.84,1874.98,1725.13,1813.33,1397598.2288,1225296,2491786694.534087,15,Extreme Fear,0.0,0.04020748961901395,0.6644660167269735,-0.02532552855691377,14.150265770485783,extreme_fear,True,-0.7,0.04020748961901395,0.6644660167269735
2022-06-08,1813.33,1838.77,1765.28,1791.88,941510.1373,820627,1696874614.384348,17,Extreme Fear,228.1378892138281,0.03948731810896407,0.6312582837261251,-0.011899585937941203,13.75524039420141,extreme_fear,True,-0.66,0.03948731810896407,0.6312582837261251
2022-06-09,1791.88,1833.0,1777.33,1788.81,535310.9618,528098,963245550.843159,11,Extreme Fear,249.80795666027706,0.038550090350417385,0.6247190287536866,-0.0017147537219068558,13.190603094034685,extreme_fear,True,-0.78,0.038550090350417385,0.6247190287536866
2022-06-10,1788.8,1804.32,1655.93,1662.91,955035.79239,990969,1648304410.4463153,13,Extreme Fear,0.0,0.04006931749513674,0.667754990259742,-0.07298151461854453,13.769504097702958,extreme_fear,True,-0.74,0.04006931749513674,0.667754990259742
2022-06-11,1662.91,1682.21,1496.74,1532.89,1220325.2542,1030360,1914818053.8337584,12,Extreme Fear,0.0,0.042608300815931706,0.695288312307901,-0.08141423709847077,14.014627982980773,extreme_fear,True,-0.76,0.042608300815931706,0.695288312307901
2022-06-12,1532.89,1547.0,1423.0,1434.84,1563225.37018,1192382,2311178755.269472,14,Extreme Fear,0.0,0.04318827536495564,0.7160577695014207,-0.0661014978485426,14.262261789783276,extreme_fear,True,-0.72,0.04318827536495564,0.7160577695014207
2022-06-13,1434.84,1455.0,1165.45,1209.82,3626351.66536,3047112,4611744120.817471,11,Extreme Fear,0.0,0.05217583021052963,0.8972999797694858,-0.17058175652519614,15.103737649973734,extreme_fear,True,-0.78,0.05217583021052963,0.8972999797694858
2022-06-14,1209.35,1268.45,1075.8,1208.9,2716493.80131,2225812,3217818700.1241937,8,Extreme Fear,0.0,0.05635792281779696,0.9011242713075319,-0.0007607329863464822,14.81485256310474,extreme_fear,True,-0.84,0.05635792281779696,0.9011242713075319
2022-06-15,1208.9,1250.0,1014.4,1237.52,3114823.13621,2868796,3493040697.137657,7,Extreme Fear,1025.0490894909199,0.060671376450179004,0.8896111970571334,0.023398521720463156,14.951682930489024,extreme_fear,True,-0.86,0.060671376450179004,0.8896111970571334
2022-06-16,1237.53,1257.85,1051.55,1068.5,1447386.8304,1443117,1649596819.734239,7,Extreme Fear,1447.0377954521207,0.06463055880457445,0.998673358983637,-0.14685358116920716,14.185270302574926,extreme_fear,True,-0.86,0.06463055880457445,0.998673358983637
2022-06-17,1068.5,1118.0,1051.11,1086.94,1220677.9491,1118997,1329091114.650089,9,Extreme Fear,239.1782466952425,0.0648245940846839,0.9850306047136117,0.01711061304646468,14.014916958351208,extreme_fear,True,-0.82,0.0648245940846839,0.9850306047136117
2022-06-18,1086.93,1097.58,881.56,995.13,2308983.5187,1911260,2263399396.7537208,6,Extreme Fear,0.0,0.07101397930051644,0.9993205655493529,-0.08824830591513726,14.652317950459274,extreme_fear,True,-0.88,0.07101397930051644,0.9993205655493529
2022-06-19,995.12,1158.62,936.15,1128.53,2018599.4499,1796154,2092850317.951397,6,Extreme Fear,783.6251086577474,0.07512829555894368,1.0514009765028074,0.1257977979747236,14.517914487271254,extreme_fear,True,-0.88,0.07512829555894368,1.0514009765028074
2022-06-20,1128.53,1170.0,1053.0,1128.24,1721772.9132,1585055,1910020862.813687,9,Extreme Fear,358.18408175243025,0.07619450765195095,1.0561914426260637,-0.0002570044812685736,14.358865081406094,extreme_fear,True,-0.82,0.07619450765195095,1.0561914426260637
2022-06-21,1128.24,1194.0,1109.23,1125.85,1306095.3757,1295971,1500605189.572539,9,Extreme Fear,69.53864609833634,0.07534980776087104,1.0493679436815,-0.00212059047831573,14.082552615018804,extreme_fear,True,-0.82,0.07534980776087104,1.0493679436815
2022-06-22,1125.86,1127.33,1043.65,1050.19,1306959.8593,1132300,1420433701.91995,11,Extreme Fear,0.0,0.07587909173163007,1.0537666151733542,-0.06956720574305485,14.083214280045981,extreme_fear,True,-0.78,0.07587909173163007,1.0537666151733542
2022-06-23,1050.19,1155.0,1045.3,1144.72,1278257.0899,1031001,1415452039.241517,11,Extreme Fear,597.3609602796334,0.07663487551535561,1.1284156169553627,0.0861889654358654,14.061008059494437,extreme_fear,True,-0.78,0.07663487551535561,1.1284156169553627
2022-06-24,1144.71,1245.43,1132.0,1225.02,1337137.483,1232149,1589113478.228719,11,Extreme Fear,0.0,0.07753341082008862,1.1656824066264864,0.06779710477768376,14.106041680266452,extreme_fear,True,-0.78,0.07753341082008862,1.1656824066264864
2022-06-25,1225.02,1256.77,1180.0,1242.36,861986.6177,824872,1048516642.219459,14,Extreme Fear,238.07415162323952,0.07787775176736325,1.1696418396352415,0.014055626189858719,13.666995024815344,extreme_fear,True,-0.72,0.07787775176736325,1.1696418396352415
2022-06-26,1242.31,1280.0,1194.6,1197.79,884184.273,812743,1094067725.453475,14,Extreme Fear,293.19348024506706,0.07798283789137168,1.1571075781090099,-0.03653460440968186,13.692420773516252,extreme_fear,True,-0.72,0.07798283789137168,1.1571075781090099
2022-06-27,1197.79,1238.93,1172.49,1192.51,868734.2061,794157,1047407117.877672,12,Extreme Fear,14.963805262337042,0.07753057172168853,1.158689683439299,-0.004417862684769171,13.674792495667104,extreme_fear,True,-0.76,0.07753057172168853,1.158689683439299
2022-06-28,1192.51,1237.99,1136.32,1144.05,1104065.2211,952584,1314982778.267405,10,Extreme Fear,372.62993012531297,0.078188351777327,1.1603810120974145,-0.041485731193213714,13.914509581157528,extreme_fear,True,-0.8,0.078188351777327,1.1603810120974145
2022-06-29,1144.05,1156.8,1087.42,1100.21,1295517.796,1145867,1449586742.872254,13,Extreme Fear,0.0,0.07851910717607292,1.1591102295414326,-0.039073527621807665,14.074421015671119,extreme_fear,True,-0.74,0.07851910717607292,1.1591102295414326
2022-06-30,1100.21,1106.62,998.0,1071.01,1420670.3656,1180758,1481000138.963289,11,Extreme Fear,0.0,0.07889809310632653,1.144896776668428,-0.02689894218423035,14.166639406629454,extreme_fear,True,-0.78,0.07889809310632653,1.144896776668428
2022-07-01,1071.02,1117.0,1033.44,1059.73,1562255.1439,1218279,1669000120.550048,11,Extreme Fear,401.99943054136435,0.07802457105833856,1.123550877513728,-0.010587969793218431,14.261640940408727,extreme_fear,True,-0.78,0.07802457105833856,1.123550877513728
2022-07-02,1059.73,1078.88,1028.29,1067.01,714812.0804,608900,752813687.02771,14,Extreme Fear,208.59633979155336,0.07748252689076214,1.112304879169529,0.006846185649962798,13.479774962516318,extreme_fear,True,-0.72,0.07748252689076214,1.112304879169529
2022-07-03,1067.01,1088.34,1040.78,1074.26,644746.3337,562962,686056543.195206,11,Extreme Fear,213.44905087462618,0.071774557024327,0.949057711279155,0.006771708102821149,13.37661223733735,extreme_fear,True,-0.78,0.071774557024327,0.949057711279155
2022-07-04,1074.26,1160.9,1045.37,1151.0,1150108.9861,842895,1266934953.326424,14,Extreme Fear,114.08785157829584,0.06971640239763828,0.9857054893389082,0.06899907728999789,13.95536726637073,extreme_fear,True,-0.72,0.06971640239763828,0.9857054893389082
2022-07-05,1151.01,1174.9,1076.34,1132.5,1398961.4495,1130646,1578654373.510018,19,Extreme Fear,478.1007478667445,0.06490180730408596,0.9819461349546986,-0.01620355136469359,14.151240697513842,extreme_fear,True,-0.62,0.06490180730408596,0.9819461349546986
2022-07-06,1132.51,1205.0,1111.44,1186.57,1211768.0757,1040498,1388074909.874991,18,Extreme Fear,151.8159456709022,0.06124813872759057,0.8396224674494578,0.046639213828519155,14.007591070617202,extreme_fear,True,-0.64,0.06124813872759057,0.8396224674494578
2022-07-07,1186.57,1254.29,1163.18,1237.49,1001316.079,877397,1208160386.338313,18,Extreme Fear,0.0,0.061524396307615276,0.8488966589622606,0.04201834241640652,13.816825771691402,extreme_fear,True,-0.64,0.061524396307615276,0.8488966589622606
2022-07-08,1237.49,1276.46,1193.15,1214.04,1189518.3631,1233964,1466331923.650613,20,Extreme Fear,199.68913705204653,0.054782710240830784,0.7791856645934734,-0.019131493596315344,13.989059046268874,extreme_fear,True,-0.6,0.054782710240830784,0.7791856645934734
2022-07-09,1214.03,1235.4,1204.67,1217.02,576337.1809,716361,702039918.546905,24,Extreme Fear,109.77805782110819,0.04682744117199817,0.6478878217429959,0.0024516067004322632,13.264448151914884,extreme_fear,True,-0.52,0.04682744117199817,0.6478878217429959
2022-07-10,1217.02,1219.95,1153.0,1168.36,1018038.6506,680105,1200593502.215751,24,Extreme Fear,0.0,0.045277714053896245,0.6669408420953532,-0.04080419162975006,13.83338844256244,extreme_fear,True,-0.52,0.045277714053896245,0.6669408420953532
2022-07-11,1168.37,1171.29,1091.71,1096.4,1201652.3048,1165044,1370709630.79611,22,Extreme Fear,0.0,0.0451834817138951,0.7061804409447479,-0.06356897064785066,13.999208088338909,extreme_fear,True,-0.56,0.0451834817138951,0.7061804409447479
2022-07-12,1096.37,1098.26,1033.46,1038.58,1261349.6321,1142194,1347752238.274621,16,Extreme Fear,0.0,0.04473216211724707,0.6883434965070497,-0.05417768989552516,14.04769284225749,extreme_fear,True,-0.68,0.04473216211724707,0.6883434965070497
2022-07-13,1038.58,1119.18,1006.32,1115.0,2035605.8299,1423956,2158672347.758078,15,Extreme Fear,390.26398834973315,0.04500137035875415,0.6646604795824385,0.0710000093611134,14.526304037664024,extreme_fear,True,-0.7,0.04500137035875415,0.6646604795824385
2022-07-14,1115.01,1214.65,1072.11,1193.42,1605101.9262,1611421,1816929082.732882,18,Extreme Fear,0.0,0.04627815427043088,0.6648974086792192,0.06796872989362288,14.28869781795043,extreme_fear,True,-0.64,0.04627815427043088,0.6648974086792192
2022-07-15,1193.42,1287.82,1181.05,1231.25,1466037.2584,1170632,1794058728.784521,15,Extreme Fear,0.0,0.04695851093290395,0.6728924153201464,0.03120677869845652,14.198073576112598,extreme_fear,True,-0.7,0.04695851093290395,0.6728924153201464
2022-07-16,1231.25,1422.91,1191.23,1355.85,1493809.9226,1678529,1936527899.325491,21,Extreme Fear,274.5063388764335,0.05185258448929998,0.7404028236573311,0.09639865042623087,14.216840409405467,extreme_fear,True,-0.58,0.05185258448929998,0.7404028236573311
2022-07-17,1355.84,1387.0,1319.04,1338.65,1246202.8795,1163593,1687064377.69842,24,Extreme Fear,168.135081225482,0.05176311057230564,0.742580387772211,-0.012766920485781647,14.035611789713887,extreme_fear,True,-0.52,0.05176311057230564,0.742580387772211
2022-07-18,1338.65,1597.47,1336.07,1581.04,2029918.76521,1750043,2980357374.792685,20,Extreme Fear,0.0,0.05588200639695546,0.9139985062259466,0.16642121490543102,14.523506333079332,extreme_fear,True,-0.6,0.05588200639695546,0.9139985062259466
2022-07-19,1581.03,1631.0,1493.11,1542.32,1846048.6816,1818358,2856463586.860909,30,Fear,0.0,0.0565201022863107,0.9039005995603255,-0.024795082040965585,14.428558065094832,fear,False,-0.4,0.0565201022863107,0.9039005995603255
2022-07-20,1542.33,1620.4,1484.23,1521.58,1351177.4247,1506300,2109332407.426856,31,Fear,729.5246649015054,0.05604450236424799,0.8965303718332175,-0.013538507645356856,14.116486936742904,fear,False,-0.38,0.05604450236424799,0.8965303718332175
2022-07-21,1521.63,1605.98,1463.56,1575.45,1247327.4963,1282430,1897833300.997763,34,Fear,627.0225381725377,0.056457715852995284,0.8920952694538448,0.03479167709103766,14.036513817527279,fear,False,-0.32,0.056457715852995284,0.8920952694538448
2022-07-22,1575.45,1650.05,1516.11,1535.27,1170723.0873,1295899,1865036182.28467,33,Fear,138.2328792009319,0.057228706773332916,0.9058387272488059,-0.025834684417970613,13.9731321392095,fear,False,-0.34,0.057228706773332916,0.9058387272488059
2022-07-23,1535.27,1596.51,1488.0,1548.67,851284.7339,950665,1310964570.189478,31,Fear,162.3280552175847,0.05769284245384466,0.9055434647006081,0.008690236730156871,13.654501939020177,fear,False,-0.38,0.05769284245384466,0.9055434647006081
2022-07-24,1548.66,1664.34,1545.67,1597.7,1009935.8997,1238522,1616289077.628875,30,Fear,0.0,0.056824128905187815,0.8872163703466919,0.031168596984445608,13.825397421159849,fear,False,-0.4,0.056824128905187815,0.8872163703466919
2022-07-25,1597.7,1609.55,1435.58,1440.79,1418390.9809,1407648,2151224738.816661,30,Fear,0.0,0.05767579361680118,0.9789161298269092,-0.10337352078442748,14.165033675078377,fear,False,-0.4,0.05767579361680118,0.9789161298269092
2022-07-26,1440.79,1454.11,1356.17,1449.12,1199643.7408,1175787,1684928509.399578,26,Fear,0.0,0.0574140906126737,0.9704698626035857,0.005764901377539924,13.99753518801318,fear,False,-0.48,0.0574140906126737,0.9704698626035857
2022-07-27,1449.12,1644.44,1420.83,1635.74,1513426.0413,1547390,2305847817.810582,28,Fear,0.0,0.059825269306626586,1.0430240965263513,0.12113882570088544,14.229886540243982,fear,False,-0.44,0.059825269306626586,1.0430240965263513
2022-07-28,1635.74,1784.79,1593.27,1724.52,1578145.07555,1719118,2644280824.310781,32,Fear,0.0,0.061067804161056956,1.0440404308758637,0.05285344954663206,14.271760712505543,fear,False,-0.36,0.061067804161056956,1.0440404308758637
2022-07-29,1724.52,1765.99,1655.02,1721.68,1205266.5703,1439533,2061258807.226787,39,Fear,416.21265759137117,0.06159373888106607,1.0449278295927251,-0.001648192584826196,14.002211320607294,fear,False,-0.22,0.06159373888106607,1.0449278295927251
2022-07-30,1721.68,1744.85,1673.01,1697.0,735132.5286,1028313,1257726968.665854,42,Fear,300.0386893130958,0.06138579540680216,1.029545836631919,-0.014438572055103257,13.507806072961303,fear,False,-0.16,0.06138579540680216,1.029545836631919
2022-07-31,1697.0,1754.69,1666.0,1678.12,696326.8079,886708,1186613538.121665,39,Fear,359.6930800229639,0.06105286077888792,0.9900892405342294,-0.011187867057264347,13.453574380692169,fear,False,-0.22,0.06105286077888792,0.9900892405342294
2022-08-01,1678.12,1704.68,1606.12,1630.28,801566.5648,1029570,1328136208.959454,33,Fear,0.0,0.06103048132967386,0.9683803557425991,-0.028922339987396926,13.594323297863985,fear,False,-0.34,0.06103048132967386,0.9683803557425991
2022-08-02,1630.28,1678.0,1559.28,1630.91,1081964.5104,1458878,1745550410.998945,31,Fear,129.21731171885816,0.06015030979748776,0.9538477049562497,0.000386362038297038,13.894288937850632,fear,False,-0.38,0.06015030979748776,0.9538477049562497
2022-08-03,1630.91,1685.03,1589.71,1618.16,777724.7413,1112406,1276328467.022254,34,Fear,389.06299003455297,0.0582941898594628,0.9401055103262034,-0.00784843998302193,13.564127937601198,fear,False,-0.32,0.0582941898594628,0.9401055103262034
2022-08-04,1618.16,1662.79,1580.39,1607.96,735552.181,1051634,1190650505.148946,30,Fear,318.18767953919723,0.057530149606123133,0.941081044369165,-0.006323406437222392,13.508376762802097,fear,False,-0.4,0.057530149606123133,0.941081044369165
2022-08-05,1607.97,1742.07,1605.64,1736.81,1005846.4712,1404516,1688798692.307331,31,Fear,0.0,0.05347977050537857,0.9207509862134562,0.07708380245522739,13.821340004873981,fear,False,-0.38,0.05347977050537857,0.9207509862134562
2022-08-06,1736.81,1749.93,1685.26,1690.6,523314.6444,752873,899479880.987209,31,Fear,91.06929272961113,0.053292972503218086,0.9272514786675653,-0.0269666017680178,13.167938176681137,fear,False,-0.38,0.053292972503218086,0.9272514786675653
2022-08-07,1690.6,1729.79,1668.0,1700.19,439904.764,692491,745750151.382087,30,Fear,106.34329720616462,0.047835055501463976,0.7249239886632629,0.005656514010153265,12.9943135370122,fear,False,-0.4,0.047835055501463976,0.7249239886632629
2022-08-08,1700.2,1818.0,1693.87,1777.05,781620.5443,987727,1379905145.703021,30,Fear,0.0,0.04730410806602868,0.7303977637139897,0.04421467656389727,13.56912466429362,fear,False,-0.4,0.04730410806602868,0.7303977637139897
2022-08-09,1777.05,1790.83,1667.93,1702.76,818171.1019,1062267,1406671817.085673,42,Fear,341.00981640736654,0.04679622202337623,0.7484338478919452,-0.04270422211195693,13.61482676473857,fear,False,-0.16,0.04679622202337623,0.7484338478919452
2022-08-10,1702.76,1885.0,1656.78,1853.57,1317767.5127,1590681,2346974815.067056,31,Fear,441.4372046131874,0.04831888229244949,0.7940293283347114,0.08486304530864872,14.091449584479268,fear,False,-0.38,0.04831888229244949,0.7940293283347114
2022-08-11,1853.58,1942.0,1850.32,1880.19,1105261.9009,1324999,2093718964.800632,41,Fear,0.0,0.0474093127522225,0.7839744191800517,0.014259326281607759,13.915592879239657,fear,False,-0.18,0.0474093127522225,0.7839744191800517
2022-08-12,1880.19,1964.71,1853.06,1958.28,717628.1015,1027178,1363895150.810113,42,Fear,384.2841372009844,0.04711716332496014,0.791388649220118,0.04069370138366628,13.483706749355738,fear,False,-0.16,0.04711716332496014,0.791388649220118
2022-08-13,1958.28,2020.0,1946.5,1983.55,695876.0293,940869,1382235354.292491,46,Fear,0.0,0.04632629875118096,0.7880854477730576,0.012821631671543106,13.452926804629676,neutral,False,-0.08,0.04632629875118096,0.7880854477730576
2022-08-14,1983.55,2030.0,1906.0,1935.31,569583.4852,856767,1122186881.223951,47,Neutral,243.59089002897068,0.04451756089406423,0.6787334824327003,-0.024620648251884012,13.252660644979803,neutral,False,-0.06,0.04451756089406423,0.6787334824327003
2022-08-15,1935.32,2012.47,1872.31,1899.06,949162.3305,1295615,1824203091.995667,45,Fear,361.38076646534273,0.04458822887190651,0.6886457026606961,-0.018908493460727118,13.763335117231602,fear,False,-0.1,0.04458822887190651,0.6886457026606961
2022-08-16,1899.05,1915.0,1853.0,1876.67,622729.1499,908578,1173013843.338048,44,Fear,0.0,0.040279047362356546,0.5634137037827661,-0.011860097226792179,13.34186695187345,fear,False,-0.12,0.040279047362356546,0.5634137037827661
2022-08-17,1876.67,1959.43,1818.74,1834.25,951824.8975,1179058,1781033503.423426,41,Fear,167.6641164587272,0.03860251875230908,0.5452653743726738,-0.022863251068879643,13.766136365658607,fear,False,-0.18,0.03860251875230908,0.5452653743726738
2022-08-18,1834.24,1882.37,1821.25,1846.39,606254.024,848806,1126844899.607746,30,Fear,168.6101149246073,0.03786620004586256,0.5451016575749003,0.006596702760469762,13.315054358737575,fear,False,-0.4,0.03786620004586256,0.5451016575749003
2022-08-19,1846.39,1848.0,1602.37,1609.01,1419826.9515,1681256,2447147973.005891,33,Fear,0.0,0.04205692887636614,0.739529599015494,-0.13761329834110575,14.166045557010438,fear,False,-0.34,0.04205692887636614,0.739529599015494
2022-08-20,1609.0,1657.08,1523.67,1576.04,914615.9226,1130991,1468671141.090122,29,Fear,0.0,0.04298047399932632,0.7417526806421416,-0.020703711207068178,13.726259499413834,fear,False,-0.42,0.04298047399932632,0.7417526806421416
2022-08-21,1576.03,1646.52,1562.34,1618.13,780662.6062,1000876,1255041865.224435,27,Fear,363.43624971836306,0.04281381895936769,0.7422197681893202,0.026355789690766056,13.567898333177206,fear,False,-0.46,0.04281381895936769,0.7422197681893202
2022-08-22,1618.13,1629.72,1529.92,1624.66,941192.8954,1193059,1483442567.236265,29,Fear,209.88499756599072,0.042519842620434185,0.7423817521528613,0.004027401605630431,13.754903387358066,fear,False,-0.42,0.042519842620434185,0.7423817521528613
2022-08-23,1624.65,1676.07,1563.76,1665.41,940246.932,1195279,1528222432.851831,28,Fear,62.60025691098081,0.042819843716882376,0.7469361304872947,0.024772776244363897,13.753897813365281,fear,False,-0.44,0.042819843716882376,0.7469361304872947
2022-08-24,1665.4,1694.13,1604.92,1656.56,744667.6078,993324,1228169659.887394,25,Extreme Fear,190.32256063847595,0.042892033183384325,0.7468072944626633,-0.00532817631539061,13.520693233774066,extreme_fear,True,-0.5,0.042892033183384325,0.7468072944626633
2022-08-25,1656.56,1722.0,1653.68,1695.11,603090.713,869479,1023691864.190439,25,Extreme Fear,0.0,0.04182518137297345,0.6972287134507843,0.02300447243224016,13.309822900547509,extreme_fear,True,-0.5,0.04182518137297345,0.6972287134507843
2022-08-26,1695.11,1706.45,1486.85,1508.18,1149912.8292,1488212,1862598061.318201,27,Fear,0.0,0.04545318221288099,0.8057943624384619,-0.11684400962412589,13.955196696770763,fear,False,-0.46,0.04545318221288099,0.8057943624384619
2022-08-27,1508.18,1518.42,1447.52,1491.06,756136.6768,1015752,1125859038.154537,28,Fear,0.0,0.045643917088934984,0.8048788872859386,-0.011416349436118464,13.535977428239223,fear,False,-0.44,0.045643917088934984,0.8048788872859386
2022-08-28,1491.06,1511.0,1424.0,1426.76,544846.4486,756843,805616000.739226,28,Fear,289.1801353520898,0.045349656201352194,0.7919171650779554,-0.044081137075116225,13.208259288259535,fear,False,-0.44,0.045349656201352194,0.7919171650779554
2022-08-29,1426.76,1559.99,1422.08,1551.8,826252.0831,1099487,1230281044.880169,24,Extreme Fear,419.2327299107792,0.04604275075456141,0.8501771445514382,0.08400940813119989,13.624655191294629,extreme_fear,True,-0.52,0.04604275075456141,0.8501771445514382
2022-08-30,1551.79,1606.13,1473.61,1524.59,1003075.0172,1292499,1551625838.938324,27,Fear,113.82551426152727,0.04419639051359322,0.7821970505378878,-0.017690026024654703,13.818580856968765,fear,False,-0.46,0.04419639051359322,0.7821970505378878
2022-08-31,1524.59,1619.78,1524.59,1554.1,949227.6775,1471691,1497596316.300993,23,Extreme Fear,258.3729373691945,0.04446679039636345,0.7843895231464704,0.019171078486372013,13.763403961883913,extreme_fear,True,-0.54,0.04446679039636345,0.7843895231464704
2022-09-01,1554.11,1599.0,1512.77,1586.16,728710.482,1195229,1133222116.032772,20,Extreme Fear,332.09730522278824,0.044395794802549265,0.770349930571258,0.020419400908740976,13.499031788075296,extreme_fear,True,-0.6,0.044395794802549265,0.770349930571258
2022-09-02,1586.17,1650.0,1546.41,1575.35,919009.6598,1160858,1471855448.359926,25,Extreme Fear,0.0,0.0449669647620206,0.7655893929630154,-0.0068385310360521735,13.731051912490416,extreme_fear,True,-0.5,0.0449669647620206,0.7655893929630154
2022-09-03,1575.35,1582.71,1534.28,1557.46,321397.2189,562893,500057144.518217,21,Extreme Fear,0.0,0.044359928968869256,0.7640259029176856,-0.011421180645425143,12.680433079167837,extreme_fear,True,-0.58,0.044359928968869256,0.7640259029176856
2022-09-04,1557.45,1583.66,1540.66,1579.28,296591.1166,520856,463177013.875988,20,Extreme Fear,237.5132615014084,0.043445235201715726,0.7683111281646273,0.013912757808582676,12.600109757461981,extreme_fear,True,-0.6,0.043445235201715726,0.7683111281646273
2022-09-05,1579.29,1631.99,1556.56,1617.8,503492.937,718867,797702531.399046,23,Extreme Fear,0.0,0.04368453583161486,0.7772226383963415,0.02409815462643991,13.129324963237002,extreme_fear,True,-0.54,0.04368453583161486,0.7772226383963415
2022-09-06,1617.8,1687.4,1555.0,1559.01,1010722.8578,1294086,1650513284.852848,22,Extreme Fear,306.90712148011175,0.04391620908661737,0.7825573964395506,-0.03701619717846296,13.826176333617845,extreme_fear,True,-0.56,0.04391620908661737,0.7825573964395506
2022-09-07,1559.01,1657.5,1490.66,1630.0,850991.4243,1132986,1326011621.853752,24,Extreme Fear,240.01590075981866,0.045956076099540236,0.8033324441924573,0.044529010395418796,13.654157330301446,extreme_fear,True,-0.52,0.045956076099540236,0.8033324441924573
2022-09-08,1630.0,1663.56,1595.06,1635.37,645124.0085,1015658,1050551822.40818,20,Extreme Fear,105.73063483620219,0.042154849651823825,0.6359604383835676,0.0032890636228218167,13.377197838538397,extreme_fear,True,-0.6,0.042154849651823825,0.6359604383835676
2022-09-09,1635.37,1746.13,1630.51,1718.23,837458.2126,1066278,1425281242.15555,22,Extreme Fear,0.0,0.041648806694754355,0.6529839200147892,0.04942561276059681,13.638126646033557,extreme_fear,True,-0.56,0.041648806694754355,0.6529839200147892
2022-09-10,1718.24,1789.0,1706.03,1774.12,411046.2466,687951,713890164.182501,28,Fear,0.0,0.04154063729925555,0.6558169741006817,0.03200983414051685,12.92646100928935,fear,False,-0.44,0.04154063729925555,0.6558169741006817
2022-09-11,1774.12,1789.0,1720.1,1766.11,409287.7263,645729,720937620.963401,26,Fear,341.25496410026096,0.04100520308858813,0.6566184771258633,-0.004525137444914798,12.922173674979812,fear,False,-0.48,0.04100520308858813,0.6566184771258633
2022-09-12,1766.12,1783.0,1693.0,1716.37,630774.6032,979874,1093457780.4845,25,Extreme Fear,237.71675989680293,0.04053459487276732,0.6617037151465256,-0.028567792358462483,13.354703872004965,extreme_fear,True,-0.5,0.04053459487276732,0.6617037151465256
2022-09-13,1716.37,1760.51,1560.54,1574.4,1134549.7256,1337439,1871967439.649553,34,Fear,0.0,0.04304005311553094,0.7315921647871121,-0.0863373482233775,13.941746412651382,fear,False,-0.32,0.04304005311553094,0.7315921647871121
2022-09-14,1574.4,1647.01,1552.38,1638.39,764562.5393,1088561,1222499363.046366,27,Fear,205.07012337871888,0.043428484081800035,0.7417597093275052,0.039839805012948044,13.547059105191217,fear,False,-0.46,0.043428484081800035,0.7417597093275052
2022-09-15,1638.4,1655.2,1458.0,1472.75,1335499.8047,1748683,2095367507.332334,28,Fear,316.76299409380243,0.04282549642746439,0.7212439967708268,-0.1065826509091404,14.104816165294778,fear,False,-0.44,0.04282549642746439,0.7212439967708268
2022-09-16,1472.76,1483.35,1405.52,1433.9,693597.2425,1111984,1006033555.197481,20,Extreme Fear,0.0,0.042955445777266406,0.7261574159463904,-0.02673339668080316,13.449646728806195,extreme_fear,True,-0.6,0.042955445777266406,0.7261574159463904
2022-09-17,1433.9,1476.13,1409.12,1468.83,421391.3743,694945,608805593.714315,22,Extreme Fear,416.63227984360435,0.04266936425612656,0.713910796240105,0.0240681607732495,12.951317310992279,extreme_fear,True,-0.56,0.04266936425612656,0.713910796240105
2022-09-18,1468.82,1469.63,1325.55,1334.51,804113.468,990605,1118416540.560697,27,Fear,134.3136913666707,0.04310659087217236,0.72354386265206,-0.09590198223450286,13.597495667556528,fear,False,-0.46,0.04310659087217236,0.72354386265206
2022-09-19,1334.51,1393.35,1280.0,1375.98,974855.198,1235360,1293086590.941432,21,Extreme Fear,0.0,0.043061452737607586,0.7347798720182,0.030602021244195365,13.790044224078764,extreme_fear,True,-0.58,0.043061452737607586,0.7347798720182
2022-09-20,1375.98,1384.78,1312.71,1322.93,658027.1465,981235,889324871.236183,23,Extreme Fear,372.47752918331616,0.042891202107896056,0.7384477719025493,-0.039317230841676196,13.397001465535473,extreme_fear,True,-0.54,0.042891202107896056,0.7384477719025493
2022-09-21,1322.94,1408.9,1220.0,1245.78,1192266.7379,1445950,1582450799.937471,23,Extreme Fear,231.79205136900026,0.04645390682853437,0.7524405882348972,-0.060087133912322815,13.991366874979938,extreme_fear,True,-0.54,0.04645390682853437,0.7524405882348972
2022-09-22,1245.79,1350.08,1237.32,1326.46,904282.2725,1094636,1165151398.830096,22,Extreme Fear,587.9032584551248,0.047109718951729954,0.79803375659275,0.06275189983117246,13.714896838975655,extreme_fear,True,-0.56,0.047109718951729954,0.79803375659275
2022-09-23,1326.47,1360.0,1262.15,1327.25,974052.3644,1233506,1273403019.692522,20,Extreme Fear,489.40374554127067,0.047983875227634455,0.7986096964504785,0.000595392882671749,13.789220343397195,extreme_fear,True,-0.6,0.047983875227634455,0.7986096964504785
2022-09-24,1327.24,1349.33,1306.52,1317.13,517557.3497,616390,687931980.008602,24,Extreme Fear,160.8649953077279,0.04803678334019038,0.7944202530232735,-0.007654005404383535,13.156875618657832,extreme_fear,True,-0.52,0.04803678334019038,0.7944202530232735
2022-09-25,1317.13,1337.0,1269.27,1294.63,515533.8409,640687,674560079.182339,24,Extreme Fear,0.14980308583738025,0.04812365498355861,0.7850201422611329,-0.01723018703557612,13.152958227035226,extreme_fear,True,-0.52,0.04812365498355861,0.7850201422611329
2022-09-26,1294.62,1340.42,1277.85,1336.17,799166.4333,934159,1048795559.358857,21,Extreme Fear,388.2373765675409,0.04729360425241447,0.7927591196687498,0.031582372486728946,13.591324505059065,extreme_fear,True,-0.58,0.04729360425241447,0.7927591196687498
2022-09-27,1336.17,1400.0,1303.75,1328.02,860584.8944,1055212,1170630640.626625,20,Extreme Fear,0.0,0.04609989148336082,0.768506721150838,-0.006118201346611302,13.665367546827293,extreme_fear,True,-0.6,0.04609989148336082,0.768506721150838
2022-09-28,1328.01,1355.7,1253.2,1337.2,919314.9131,1075441,1199743172.385301,20,Extreme Fear,0.0,0.04695504704956177,0.7694531371648624,0.006888764382004825,13.731384011954576,extreme_fear,True,-0.6,0.04695504704956177,0.7694531371648624
2022-09-29,1337.2,1352.02,1288.52,1335.7,770591.6895,950476,1022673511.086711,22,Extreme Fear,327.0965310277842,0.04649589166057084,0.7378921787957691,-0.0011223765628838153,13.554913926662369,extreme_fear,True,-0.56,0.04649589166057084,0.7378921787957691
2022-09-30,1335.69,1373.19,1313.35,1328.72,740753.611,926935,991505362.265307,21,Extreme Fear,46.521219461197056,0.04644351972902941,0.7196506573845532,-0.005239426192316352,13.515423340212996,extreme_fear,True,-0.58,0.04644351972902941,0.7196506573845532
2022-10-01,1328.71,1333.69,1302.68,1311.79,252081.9056,347396,332930112.025412,20,Extreme Fear,0.0,0.04625110824922494,0.7187343451132077,-0.012823456073443866,12.437509335907503,extreme_fear,True,-0.6,0.04625110824922494,0.7187343451132077
2022-10-02,1311.79,1317.93,1270.0,1276.72,371740.0407,462476,482595051.281717,24,Extreme Fear,0.0,0.04599493423440131,0.7183817283859827,-0.027098327626368574,12.825950073647462,extreme_fear,True,-0.52,0.04599493423440131,0.7183817283859827
2022-10-03,1276.72,1329.9,1263.04,1323.09,483775.2435,598748,631178676.535611,24,Extreme Fear,287.8601467778667,0.04360449129253814,0.6870972785135294,0.03567562092116324,13.089375704910383,extreme_fear,True,-0.52,0.04360449129253814,0.6870972785135294
2022-10-04,1323.1,1369.55,1318.66,1361.49,476207.6702,771766,641511283.398288,20,Extreme Fear,0.0,0.04317483938677979,0.6776677228340471,0.028609778234496886,13.07360932000304,extreme_fear,True,-0.6,0.04317483938677979,0.6776677228340471
2022-10-05,1361.5,1364.77,1316.29,1352.2,483508.7782,695638,649745323.368146,25,Extreme Fear,306.56387769711336,0.039968123837875284,0.5719098497692453,-0.0068467925900135215,13.088824749243251,extreme_fear,True,-0.5,0.039968123837875284,0.5719098497692453
2022-10-06,1352.2,1383.99,1345.01,1352.06,573975.324,789673,783638743.155702,26,Fear,0.0,0.03949413490185323,0.565816348995313,-0.0001035403401485927,13.260341684830587,fear,False,-0.48,0.03949413490185323,0.565816348995313
2022-10-07,1352.07,1361.75,1317.26,1331.1,491999.8776,679464,659508723.354053,23,Extreme Fear,0.0,0.03925252446362482,0.5581792353899122,-0.01562368726345552,13.106233746693926,extreme_fear,True,-0.54,0.03925252446362482,0.5581792353899122
2022-10-08,1331.1,1337.35,1303.51,1315.48,203391.6612,383251,269448439.339348,24,Extreme Fear,0.0,0.03688639086786517,0.44465769836781993,-0.011804050032933833,12.222888764706047,extreme_fear,True,-0.52,0.03688639086786517,0.44465769836781993
2022-10-09,1315.48,1329.0,1307.26,1323.13,186201.9185,328378,245547831.320531,22,Extreme Fear,117.05062545624455,0.03515217033364787,0.42995954478781306,0.005798523794401447,12.134586947209188,extreme_fear,True,-0.56,0.03515217033364787,0.42995954478781306
2022-10-10,1323.13,1338.0,1288.0,1290.03,393663.0114,587314,515800751.338415,22,Extreme Fear,82.51716653900198,0.03478961036047113,0.4164997193738401,-0.02533466791518214,12.883250521286232,extreme_fear,True,-0.56,0.03478961036047113,0.4164997193738401
2022-10-11,1290.03,1298.0,1267.01,1280.11,429430.3941,583107,550448836.809297,24,Extreme Fear,0.0,0.029105275014225773,0.3553965954548955,-0.007719462178011686,12.970214944641913,extreme_fear,True,-0.52,0.029105275014225773,0.3553965954548955
2022-10-12,1280.11,1306.87,1275.25,1294.44,369712.5759,477911,478797824.541982,20,Extreme Fear,82.84796634577475,0.026846962807991707,0.27534848952226343,0.011132157454090616,12.82048116084604,extreme_fear,True,-0.6,0.026846962807991707,0.27534848952226343
2022-10-13,1294.44,1301.58,1190.0,1287.08,945618.3163,1135833,1183462907.930145,20,Extreme Fear,0.0,0.027660004856818014,0.27570442072766144,-0.0057020824489079506,13.759594295475985,extreme_fear,True,-0.6,0.027660004856818014,0.27570442072766144
2022-10-14,1287.08,1343.12,1283.39,1296.27,669742.8093,788710,883059208.714464,24,Extreme Fear,0.0,0.027993719839925393,0.27634157822547667,0.0071148228207480535,13.414649050955044,extreme_fear,True,-0.52,0.027993719839925393,0.27634157822547667
2022-10-15,1296.26,1301.69,1263.64,1274.92,287100.9529,396464,368914560.658213,24,Extreme Fear,0.0,0.02740041613792956,0.27585889045069795,-0.016607478021246645,12.567589185156242,extreme_fear,True,-0.52,0.02740041613792956,0.27585889045069795
2022-10-16,1274.93,1315.35,1274.67,1305.95,293321.3632,397092,379290237.639458,24,Extreme Fear,74.91649049497967,0.02696979422006685,0.26523121456185306,0.024047313738358313,12.589024089680914,extreme_fear,True,-0.52,0.02696979422006685,0.26523121456185306
2022-10-17,1305.96,1338.57,1295.64,1331.4,459848.4941,553275,606979972.119024,20,Extreme Fear,0.0,0.025593759282759476,0.27410660399049414,0.01930027490231382,13.038652353561972,extreme_fear,True,-0.6,0.025593759282759476,0.27410660399049414
2022-10-18,1331.39,1341.73,1286.72,1310.71,572728.9189,603600,755297911.29191,22,Extreme Fear,270.2364356082552,0.023982994809571723,0.27838329659078653,-0.0156620450592596,13.2581677928291,extreme_fear,True,-0.56,0.023982994809571723,0.27838329659078653
2022-10-19,1310.71,1313.5,1280.31,1285.09,368637.5105,472022,478516630.187023,23,Extreme Fear,53.336562935532754,0.023350883569504807,0.2862253325809111,-0.019740220320127733,12.81756908382585,extreme_fear,True,-0.54,0.023350883569504807,0.2862253325809111
2022-10-20,1285.09,1310.87,1270.36,1282.57,428531.6103,558080,552593958.212735,23,Extreme Fear,171.56529424942218,0.022961567894653426,0.28595924526311195,-0.0019628773350881907,12.968119783960734,extreme_fear,True,-0.54,0.022961567894653426,0.28595924526311195
2022-10-21,1282.57,1306.97,1252.65,1299.75,468076.7986,572819,600999941.106533,23,Extreme Fear,177.82740554562244,0.023446739344664232,0.28759740141666335,0.013306060811697405,13.056387661009571,extreme_fear,True,-0.54,0.023446739344664232,0.28759740141666335
2022-10-22,1299.76,1320.2,1294.32,1313.61,221776.7007,323066,290111447.628081,20,Extreme Fear,0.0,0.023066624243798788,0.27199895966383875,0.010607134072841059,12.309426301942407,extreme_fear,True,-0.6,0.023066624243798788,0.27199895966383875
2022-10-23,1313.62,1371.55,1299.44,1364.2,432269.46,496386,576212623.600304,23,Extreme Fear,0.0,0.023166536428039536,0.2756083239349975,0.03778910388395278,12.976804422775071,extreme_fear,True,-0.54,0.023166536428039536,0.2756083239349975
2022-10-24,1364.19,1370.6,1324.17,1343.61,611830.797,698241,822740466.673396,22,Extreme Fear,242.82686682756346,0.023070525908764253,0.2620618169504065,-0.015208154818900862,13.324211047777872,extreme_fear,True,-0.56,0.023070525908764253,0.2620618169504065
2022-10-25,1343.61,1525.16,1334.94,1459.74,1127932.9012,1205998,1612140846.305157,20,Extreme Fear,0.0,0.028786772190656503,0.3942500982486325,0.08289831625036694,13.93589722451908,extreme_fear,True,-0.6,0.028786772190656503,0.3942500982486325
2022-10-26,1459.74,1594.99,1457.44,1566.1,1236044.7023,1357864,1896388070.249785,33,Fear,0.0,0.030994135501557534,0.4589098280439294,0.07033011482030309,14.027427083255152,fear,False,-0.34,0.030994135501557534,0.4589098280439294
2022-10-27,1566.11,1578.58,1503.2,1514.05,869454.4851,1122874,1345399838.037334,32,Fear,299.77855909175304,0.031367392180631205,0.4752231897027771,-0.03380027292123538,13.675621265345418,fear,False,-0.36,0.031367392180631205,0.4752231897027771
2022-10-28,1514.04,1574.9,1479.82,1554.41,858954.4425,999855,1309517416.241141,30,Fear,352.1865958640205,0.032279979850304,0.4750742384180332,0.026307872841872658,13.663471164053558,fear,False,-0.4,0.032279979850304,0.4750742384180332
2022-10-29,1554.4,1663.06,1547.66,1619.55,914161.0846,1094332,1477815830.639173,34,Fear,0.0,0.033620794169867,0.48884974577023366,0.04105228046823375,13.725762076264278,fear,False,-0.32,0.033620794169867,0.48884974577023366
2022-10-30,1619.55,1640.06,1576.56,1590.44,476036.4243,705583,762732547.091583,34,Fear,244.4961405232359,0.03364995426254213,0.48255615027863286,-0.01813762536979552,13.07324965192458,fear,False,-0.32,0.03364995426254213,0.48255615027863286
2022-10-31,1590.45,1635.8,1545.43,1572.69,810334.2414,1024808,1283098004.765737,31,Fear,235.88652580332692,0.03435157795994594,0.48446403655302045,-0.011223178506764802,13.605202085238325,fear,False,-0.38,0.03435157795994594,0.48446403655302045
2022-11-01,1572.69,1612.92,1563.69,1578.48,527539.2965,702747,836251567.424643,30,Fear,190.81817953975798,0.034446197377198125,0.48501539099735685,0.003674829676506621,13.175978637292287,fear,False,-0.4,0.034446197377198125,0.48501539099735685
2022-11-02,1578.47,1621.68,1502.32,1518.34,981395.3648,1171091,1534786415.439207,30,Fear,145.9388626214799,0.03386865615179831,0.512653588401561,-0.03884472586553249,13.796730679578081,fear,False,-0.4,0.03386865615179831,0.512653588401561
2022-11-03,1518.33,1559.01,1515.17,1531.01,560202.8813,678608,863253444.76684,30,Fear,124.27171383180837,0.033532663318796216,0.5126356678925466,0.008310015519320951,13.236054285136582,fear,False,-0.4,0.033532663318796216,0.5126356678925466
2022-11-04,1531.01,1680.0,1528.4,1644.78,935531.4781,1072186,1503427052.720768,30,Fear,0.0,0.03563508924296818,0.5501124439224317,0.07167898833885042,13.748870072553489,fear,False,-0.4,0.03563508924296818,0.5501124439224317
2022-11-05,1644.78,1666.97,1621.42,1626.98,351385.5362,480888,577061606.733728,38,Fear,95.95601092845614,0.03557954370992258,0.5545408848940122,-0.010881101073359998,12.769639293387163,fear,False,-0.24,0.03557954370992258,0.5545408848940122
2022-11-06,1626.98,1639.02,1564.39,1568.29,414863.9525,545053,668569491.577513,40,Fear,0.0,0.03585955031524732,0.5785600314873734,-0.036739681791493305,12.93570592016517,fear,False,-0.2,0.03585955031524732,0.5785600314873734
2022-11-07,1568.25,1608.04,1545.03,1568.1,642409.4494,851962,1013046543.980439,33,Fear,56.54093283170105,0.0358206217822298,0.5726630392303491,-0.0001211584020051137,13.37298115103328,fear,False,-0.34,0.0358206217822298,0.5726630392303491
2022-11-08,1568.09,1579.98,1233.0,1334.77,2339916.5089,2874276,3356475001.545905,31,Fear,0.0,0.048786355881038704,0.8290868061184924,-0.16110570303953478,14.665625806740074,fear,False,-0.38,0.048786355881038704,0.8290868061184924
2022-11-09,1334.78,1337.16,1073.53,1102.73,2494797.9357,3172468,3021176147.396161,29,Fear,0.0,0.05685036291930372,1.0755712285656691,-0.19097006900385916,14.729718296192685,fear,False,-0.42,0.05685036291930372,1.0755712285656691
2022-11-10,1102.73,1350.0,1085.93,1299.28,1975955.6767,2800795,2443394252.530366,22,Extreme Fear,1926.4105278911989,0.06367016550026319,1.2354998763009157,0.16402134152275558,14.496562726218537,extreme_fear,True,-0.56,0.06367016550026319,1.2354998763009157
2022-11-11,1299.28,1310.0,1201.26,1289.28,1308087.1498,2118330,1652414528.520891,25,Extreme Fear,401.074240570972,0.06467025388746887,1.2351225683611995,-0.007726341863364996,14.084076437067177,extreme_fear,True,-0.5,0.06467025388746887,1.2351225683611995
2022-11-12,1289.35,1292.16,1238.7,1257.25,547772.9172,933438,693031301.598889,21,Extreme Fear,235.43023325940524,0.0645122877789257,1.2291433506822065,-0.02515712695090829,13.213616095377565,extreme_fear,True,-0.58,0.0645122877789257,1.2291433506822065
2022-11-13,1257.25,1274.23,1200.66,1221.49,547410.5304,896665,676891239.244159,22,Extreme Fear,0.0,0.06483978590101551,1.231733672906148,-0.028855371043540967,13.21295431252462,extreme_fear,True,-0.56,0.06483978590101551,1.231733672906148
2022-11-14,1221.5,1291.2,1171.13,1243.28,934742.0059,1471485,1152982945.602032,24,Extreme Fear,402.9008339456803,0.06368651624585267,1.191262126953336,0.017681623598823245,13.748025840676554,extreme_fear,True,-0.52,0.06368651624585267,1.191262126953336
2022-11-15,1243.29,1291.0,1234.01,1253.23,632825.568,961779,798023541.208052,22,Extreme Fear,239.87148874589636,0.06281762540089773,1.1569315032692724,0.007971169901038475,13.35795009917054,extreme_fear,True,-0.56,0.06281762540089773,1.1569315032692724
2022-11-16,1253.22,1268.67,1187.06,1216.17,673339.7215,969295,826025937.836291,23,Extreme Fear,0.0,0.06310787411844093,1.1560265546462187,-0.030017642122180853,13.42000526804051,extreme_fear,True,-0.54,0.06310787411844093,1.1560265546462187
2022-11-17,1216.16,1228.22,1181.05,1200.43,530537.3488,719509,638342419.855931,20,Extreme Fear,135.20055839539708,0.06277206346410291,1.1476118915313722,-0.013026750462845106,13.181645637574022,extreme_fear,True,-0.6,0.06277206346410291,1.1476118915313722
2022-11-18,1200.42,1234.0,1199.18,1212.58,360218.5337,493436,437658373.674359,23,Extreme Fear,112.26171669759762,0.06214370432832473,1.1334683854980585,0.01007049509316885,12.794466164314777,extreme_fear,True,-0.54,0.06214370432832473,1.1334683854980585
2022-11-19,1212.58,1235.0,1197.67,1217.67,209789.5888,330573,254211466.151609,23,Extreme Fear,272.1916401959834,0.0620540846255869,1.1352793328538824,0.00418887558293517,12.253860349308807,extreme_fear,True,-0.54,0.0620540846255869,1.1352793328538824
2022-11-20,1217.67,1227.07,1132.65,1142.21,531108.7607,693003,625008081.79912,24,Extreme Fear,0.0,0.062514659914724,1.1493214447970381,-0.06397421437289094,13.182722101661376,extreme_fear,True,-0.52,0.062514659914724,1.1493214447970381
2022-11-21,1142.21,1146.99,1079.76,1107.34,922647.9454,1063296,1031424505.498328,21,Extreme Fear,0.0,0.06290111007306491,1.1480427475271526,-0.031004239269978077,13.735003016455561,extreme_fear,True,-0.58,0.06290111007306491,1.1480427475271526
2022-11-22,1107.34,1146.13,1075.0,1139.6,748884.5791,899796,831782462.696527,22,Extreme Fear,560.7532745811756,0.06265119918230785,1.156574945295722,0.02871658066714913,13.526340150624732,extreme_fear,True,-0.56,0.06265119918230785,1.156574945295722
2022-11-23,1139.59,1190.0,1127.75,1184.52,636927.1594,767861,741271142.430098,22,Extreme Fear,0.0,0.06294887015196915,1.1694069963796079,0.038660305594043654,13.364410578565353,extreme_fear,True,-0.56,0.06294887015196915,1.1694069963796079
2022-11-24,1184.52,1217.71,1180.6,1203.73,486080.6123,616769,583303022.423642,20,Extreme Fear,0.0,0.0617943515938154,1.132180421571564,0.016087440010925196,13.094129758057942,extreme_fear,True,-0.6,0.0617943515938154,1.132180421571564
2022-11-25,1203.72,1207.77,1171.2,1199.3,391430.1658,581961,465159072.757305,20,Extreme Fear,113.05089117854934,0.061820287757479365,1.132866660423722,-0.0036870159910469204,12.877562402512323,extreme_fear,True,-0.6,0.061820287757479365,1.132866660423722
2022-11-26,1199.29,1235.66,1196.2,1205.6,379840.8116,566155,461938380.004201,22,Extreme Fear,0.0,0.06165694039600735,1.1321044802813072,0.005239315074610342,12.84750752709029,extreme_fear,True,-0.56,0.06165694039600735,1.1321044802813072
2022-11-27,1205.61,1223.33,1188.65,1193.88,286386.7986,458378,347218857.867976,26,Fear,110.48629428491293,0.061544118047362796,1.131149378034034,-0.009768860923016917,12.565098618732511,fear,False,-0.48,0.061544118047362796,1.131149378034034
2022-11-28,1193.88,1199.25,1151.02,1167.77,478795.6093,708380,560568777.560251,28,Fear,0.0,0.05205055375968868,0.9895405384958101,-0.02211256020017287,13.079029082406699,fear,False,-0.44,0.05205055375968868,0.9895405384958101
2022-11-29,1167.77,1228.37,1158.27,1216.49,512143.5861,789552,617963786.601915,26,Fear,160.26147984919535,0.043610798356356506,0.7232582212075518,0.04087371569654329,13.146360306306812,fear,False,-0.48,0.043610798356356506,0.7232582212075518
2022-11-30,1216.49,1309.77,1212.5,1294.46,815679.2717,985173,1038748742.503758,29,Fear,0.0,0.033983306297906406,0.4731328348803337,0.06212395686716445,13.611776507294833,fear,False,-0.42,0.033983306297906406,0.4731328348803337
2022-12-01,1294.46,1299.9,1262.77,1276.41,430018.7391,587711,550769676.044084,27,Fear,127.03742063664372,0.03216504348922296,0.47499536167051254,-0.014042169844776358,12.97158406602252,fear,False,-0.46,0.03216504348922296,0.47499536167051254
2022-12-02,1276.4,1297.18,1265.24,1295.59,371559.585,547512,475691291.455063,27,Fear,223.26185896492166,0.03183713703000939,0.4686633242445754,0.014914739927744848,12.825464520588357,fear,False,-0.46,0.03183713703000939,0.4686633242445754
2022-12-03,1295.58,1309.0,1236.26,1240.51,347148.2588,594082,441457418.331919,27,Fear,125.52008267765494,0.03176113485191179,0.48381219865675845,-0.0434436044707897,12.757507226469576,fear,False,-0.46,0.03176113485191179,0.48381219865675845
2022-12-04,1240.5,1287.19,1240.1,1279.41,324129.5466,498321,409404653.048475,26,Fear,267.3554978697013,0.02936024387603383,0.4921242630528732,0.030876448784335594,12.688898550046865,fear,False,-0.48,0.02936024387603383,0.4921242630528732
2022-12-05,1279.4,1305.11,1246.61,1259.41,391628.5166,612914,501560285.699509,26,Fear,193.10095141243505,0.029380119742825506,0.49514054045550177,-0.015755676837173074,12.878069007722635,fear,False,-0.48,0.029380119742825506,0.49514054045550177
2022-12-06,1259.41,1274.76,1241.56,1271.32,301631.839,471097,379095106.355305,25,Extreme Fear,72.22025824491004,0.028213929504125535,0.4828043140920309,0.009412373448134082,12.616962476520264,extreme_fear,True,-0.5,0.028213929504125535,0.4828043140920309
2022-12-07,1271.31,1278.69,1218.01,1231.18,398559.5166,530298,492706380.526734,29,Fear,161.7544575258004,0.028477957188988642,0.4953595806330134,-0.032082671682039744,12.895612117628954,fear,False,-0.42,0.028477957188988642,0.4953595806330134
2022-12-08,1231.18,1292.58,1222.01,1280.18,406653.5447,559884,509776313.423839,25,Extreme Fear,358.380392053876,0.029207237842666572,0.5125528322106513,0.03902763394865509,12.915716860389587,extreme_fear,True,-0.5,0.029207237842666572,0.5125528322106513
2022-12-09,1280.18,1296.64,1250.0,1263.1,406008.0032,540078,518804946.771469,26,Fear,187.29294347814937,0.029330435028108164,0.5156863782732293,-0.01343167624696493,12.914128150704855,fear,False,-0.48,0.029330435028108164,0.5156863782732293
2022-12-10,1263.11,1283.61,1259.6,1266.35,182278.6396,322453,231301933.590191,27,Fear,110.57145634179925,0.027405998810593465,0.4533966080677265,0.0025697300112286145,12.113291782106607,fear,False,-0.46,0.027405998810593465,0.4533966080677265
2022-12-11,1266.35,1284.75,1255.85,1263.01,180494.902,314531,229443304.733031,26,Fear,164.5210778730792,0.026355810125481494,0.43416225310241724,-0.002640985815637715,12.103457812588896,fear,False,-0.48,0.026355810125481494,0.43416225310241724
2022-12-12,1263.0,1278.9,1240.03,1275.4,363750.5481,489887,456347758.277843,27,Fear,70.38508744728897,0.02525429999153688,0.42648798557743256,0.009762093905650984,12.804223604270828,fear,False,-0.46,0.02525429999153688,0.42648798557743256
2022-12-13,1275.41,1349.0,1255.1,1320.69,659393.8825,813791,859595295.378895,27,Fear,0.0,0.026068995095351034,0.42281329530941464,0.03489447239766374,13.399076332203363,fear,False,-0.46,0.026068995095351034,0.42281329530941464
2022-12-14,1320.69,1352.72,1301.0,1307.44,554465.5717,548806,734778540.993996,30,Fear,171.52244022288662,0.026262631371136127,0.424275740567918,-0.010083300494032527,13.225759994936036,fear,False,-0.4,0.026262631371136127,0.424275740567918
2022-12-15,1307.45,1311.14,1259.27,1266.54,390051.2447,445162,499233719.985679,31,Fear,0.0,0.02649641390609341,0.44247380097415584,-0.03178225373876851,12.87403340614071,fear,False,-0.38,0.02649641390609341,0.44247380097415584
2022-12-16,1266.53,1280.06,1155.32,1166.83,751422.2779,883071,907833696.288013,29,Fear,0.0,0.029540480397490288,0.534659905135549,-0.08199810303572418,13.529723060205255,fear,False,-0.42,0.029540480397490288,0.534659905135549
2022-12-17,1166.82,1190.03,1161.92,1187.16,328881.6281,443309,387145994.352974,28,Fear,66.38602026015836,0.029462354641026738,0.5378105239839338,0.017273230112821638,12.703453171997356,fear,False,-0.44,0.029462354641026738,0.5378105239839338
2022-12-18,1187.16,1199.54,1170.32,1183.06,252260.144,385205,298608427.352787,26,Fear,59.89445529554727,0.029130950912231578,0.5318106724004993,-0.0034595979186281527,12.438216151480631,fear,False,-0.48,0.029130950912231578,0.5318106724004993
2022-12-19,1183.06,1195.0,1150.51,1167.82,296832.7228,443756,349312990.374414,29,Fear,84.94042328532954,0.028500967496918612,0.5117622370841071,-0.01296553928147506,12.600924036219618,fear,False,-0.42,0.028500967496918612,0.5117622370841071
2022-12-20,1167.82,1230.47,1163.12,1216.94,465184.1943,624202,561079146.680025,29,Fear,16.707207317035568,0.027605430069726645,0.48146003637351054,0.041200748287920794,13.05018872291015,fear,False,-0.42,0.027605430069726645,0.48146003637351054
2022-12-21,1216.95,1223.39,1203.02,1213.78,245723.8377,413931,297776619.126343,26,Fear,59.16882162972101,0.027422598388523338,0.4797171206923908,-0.002600054124051634,12.411963573339198,fear,False,-0.48,0.027422598388523338,0.4797171206923908
2022-12-22,1213.78,1237.99,1182.54,1217.71,336761.6598,488758,406520096.766709,28,Fear,71.92626722641053,0.02790445597033134,0.47586414076206296,0.0032325885956782634,12.727130718172083,fear,False,-0.44,0.02790445597033134,0.47586414076206296
2022-12-23,1217.72,1231.99,1210.0,1219.99,278604.2882,439410,340146608.67751,27,Fear,82.37898497168402,0.02693624132138679,0.45146993977352073,0.0018706162898215746,12.537547732169186,fear,False,-0.46,0.02693624132138679,0.45146993977352073
2022-12-24,1219.98,1227.99,1214.69,1220.41,123701.5301,296993,150864338.673479,29,Fear,73.30154304880548,0.026507556574388493,0.43576198904064145,0.000344205871288915,11.725626927746278,fear,False,-0.42,0.026507556574388493,0.43576198904064145
2022-12-25,1220.42,1225.0,1193.18,1218.51,231652.0612,379422,280833354.711449,29,Fear,0.0,0.02602336786401999,0.4328782731154084,-0.0015580670004475847,12.352991788711533,fear,False,-0.42,0.02602336786401999,0.4328782731154084
2022-12-26,1218.52,1231.09,1211.67,1228.11,162723.0857,308520,198389481.179895,28,Fear,0.0,0.025869218089049264,0.4323832182032891,0.007847601399340806,11.99980517435234,fear,False,-0.44,0.025869218089049264,0.4323832182032891
2022-12-27,1228.12,1233.73,1200.58,1211.55,262437.6398,372190,319100139.542709,27,Fear,103.84513577734766,0.025297612277032585,0.41996382124660675,-0.013575870686164657,12.47776877012467,fear,False,-0.46,0.025297612277032585,0.41996382124660675
2022-12-28,1211.55,1215.78,1181.06,1190.15,367828.8914,474792,439875906.992195,28,Fear,0.0,0.02445944846302009,0.3962638140012323,-0.017821181974358467,12.815373139997714,fear,False,-0.44,0.02445944846302009,0.3962638140012323
2022-12-29,1190.15,1206.57,1186.77,1200.49,249130.4869,377201,298245107.21298,28,Fear,106.02651019539167,0.02406244828298991,0.39678335995246344,0.008650457182000732,12.425732081958959,fear,False,-0.44,0.02406244828298991,0.39678335995246344
2022-12-30,1200.48,1202.15,1181.08,1199.99,266014.2115,364383,317524824.577787,28,Fear,69.14957243965648,0.024046002458741642,0.39641452453890735,-0.00041658335602117456,12.491305013028411,fear,False,-0.44,0.024046002458741642,0.39641452453890735
2022-12-31,1199.98,1208.46,1191.66,1196.13,139379.2811,261569,167161720.78087,25,Extreme Fear,0.0,0.023925087192566398,0.39641890978750804,-0.003221878152229308,11.844954137137337,extreme_fear,True,-0.5,0.023925087192566398,0.39641890978750804
2023-01-01,1196.13,1204.67,1190.57,1200.34,117762.0685,233151,141014996.655708,26,Fear,81.53927182883318,0.02361630881806159,0.3944248110039877,0.0035135047223095435,11.676421499195662,fear,False,-0.48,0.02361630881806159,0.3944248110039877
2023-01-02,1200.33,1224.29,1193.0,1214.0,252794.14,330000,306657437.527479,27,Fear,12.368934200179607,0.021816177675677693,0.37263143196228804,0.011315842641327302,12.440330760606424,fear,False,-0.46,0.021816177675677693,0.37263143196228804
2023-01-03,1213.99,1219.89,1204.93,1214.55,205519.4944,296709,249325343.252245,26,Fear,67.35895521139945,0.021243454481839206,0.3723061852192224,0.00045294518078942554,12.233296171679532,fear,False,-0.48,0.021243454481839206,0.3723061852192224
2023-01-04,1214.56,1272.6,1212.71,1256.9,457799.6648,526420,571805761.158055,29,Fear,0.0,0.02153616072043404,0.3799456785521231,0.03427473413055879,13.03418695430287,fear,False,-0.42,0.02153616072043404,0.3799456785521231
2023-01-05,1256.91,1259.95,1242.81,1251.24,272805.33,339445,341379819.27811,29,Fear,46.068270826113675,0.016661743107170845,0.2285939878228536,-0.004513312341289764,12.516513742883745,fear,False,-0.42,0.016661743107170845,0.2285939878228536
2023-01-06,1251.25,1276.7,1236.0,1269.14,342344.2023,444840,429648347.112603,26,Fear,67.02827259990691,0.016918558409849262,0.22638915167677331,0.01420444612878775,12.743571949397777,fear,False,-0.48,0.016918558409849262,0.22638915167677331
2023-01-07,1269.13,1271.09,1261.3,1264.07,129474.2884,242794,163760550.011656,25,Extreme Fear,21.965273484033787,0.016623727194941335,0.2266136158321599,-0.004002831798053262,11.771237595235283,extreme_fear,True,-0.5,0.016623727194941335,0.2266136158321599
2023-01-08,1264.06,1296.0,1257.77,1290.16,213636.7848,341498,271373377.530058,25,Extreme Fear,23.711766843740456,0.01632656056320874,0.22580204234621876,0.020429567752023686,12.272032584724283,extreme_fear,True,-0.5,0.01632656056320874,0.22580204234621876
2023-01-09,1290.15,1344.91,1285.44,1320.39,581727.6968,667559,766640085.930397,25,Extreme Fear,0.0,0.01569399061022406,0.19430640094601223,0.02316090581551178,13.273757742311865,extreme_fear,True,-0.5,0.01569399061022406,0.19430640094601223
2023-01-10,1320.4,1347.69,1316.8,1335.62,459660.2307,467419,611680590.741332,26,Fear,85.28855252532107,0.015840238447612336,0.19430938398403955,0.011468456012886432,13.0382428666315,fear,False,-0.48,0.015840238447612336,0.19430938398403955
2023-01-11,1335.63,1398.0,1321.04,1389.39,472465.9556,534745,635118946.429521,26,Fear,32.56784382778898,0.01645795427410026,0.22980641296386561,0.039469198380846296,13.065720971679879,fear,False,-0.48,0.01645795427410026,0.22980641296386561
2023-01-12,1389.4,1438.0,1361.92,1415.92,877712.4492,873540,1231660847.868249,30,Fear,0.0,0.017840963729854747,0.23309973509897902,0.018914694600993435,13.68507431236933,fear,False,-0.4,0.017840963729854747,0.23309973509897902
2023-01-13,1415.91,1464.0,1401.03,1451.2,499377.8649,670535,709963291.541629,31,Fear,0.0,0.01873549295310177,0.239130593880722,0.02461130387837389,13.121118332457433,fear,False,-0.38,0.01873549295310177,0.239130593880722
2023-01-14,1451.21,1599.98,1449.14,1549.9,940691.7774,1187799,1444283818.189171,46,Fear,0.0,0.022701315923530765,0.3099884920561059,0.06579961234213291,13.754370816984242,neutral,False,-0.08,0.022701315923530765,0.3099884920561059
2023-01-15,1549.91,1566.66,1516.03,1552.52,387832.7138,590180,596626752.297843,52,Neutral,128.12163943398573,0.023027202178989483,0.31185526370687056,0.0016890044693156662,12.868329375633525,neutral,False,0.04,0.023027202178989483,0.31185526370687056
2023-01-16,1552.52,1604.5,1521.31,1576.94,574622.8953,802443,897953752.929984,45,Fear,141.05083841137449,0.023832551662866106,0.2973253323021434,0.015606843142374753,13.261469270365254,fear,False,-0.1,0.023832551662866106,0.2973253323021434
2023-01-17,1576.94,1609.0,1541.15,1565.57,506771.7219,703325,797552620.187337,51,Neutral,300.5013398386876,0.02421418060216611,0.2847978205186568,-0.007236285399048733,13.13581592851643,neutral,False,0.02,0.02421418060216611,0.2847978205186568
2023-01-18,1565.56,1610.0,1501.39,1511.43,752534.8857,913587,1172243167.729863,52,Neutral,294.98694711437497,0.025871953893802573,0.3334870796878647,-0.0351937523795323,13.531202634264808,neutral,False,0.04,0.025871953893802573,0.3334870796878647
2023-01-19,1511.44,1564.43,1509.15,1551.09,308679.4645,477203,473220810.93493,45,Fear,210.5270842905836,0.026211803630118068,0.33408136704092833,0.025901687036221963,12.640058685763762,fear,False,-0.1,0.026211803630118068,0.33408136704092833
2023-01-20,1551.09,1669.9,1542.02,1658.52,440570.9974,710633,702227917.870663,51,Neutral,0.0,0.02824873638696898,0.3792025608643541,0.06696772883159907,12.995826885945492,neutral,False,0.02,0.02824873638696898,0.3792025608643541
2023-01-21,1658.53,1679.26,1616.21,1626.66,494248.6009,648695,815990095.346851,53,Neutral,75.44727700088008,0.028668840893991174,0.3977488374763373,-0.019396805593906385,13.11079391027519,neutral,False,0.06,0.028668840893991174,0.3977488374763373
2023-01-22,1626.65,1663.89,1604.0,1627.44,431729.6909,550009,703883818.617405,53,Neutral,172.39383849662917,0.02887989132056075,0.4009976938030876,0.0004793952336671706,12.97555495587534,neutral,False,0.06,0.02887989132056075,0.4009976938030876
2023-01-23,1627.43,1648.09,1585.29,1626.29,407267.1156,602844,662442276.006642,50,Neutral,121.27450913648802,0.02930052203207514,0.40156322040477826,-0.0007068810552112466,12.917224552837157,neutral,False,0.0,0.02930052203207514,0.40156322040477826
2023-01-24,1626.28,1641.46,1535.0,1555.97,462275.3243,664260,742483248.778448,52,Neutral,154.75325664769468,0.02996170952637306,0.44484520259419735,-0.04420220164166934,13.043915932605415,neutral,False,0.04,0.02996170952637306,0.44484520259419735
2023-01-25,1555.97,1641.0,1518.0,1611.94,646474.9166,832576,1010958308.523259,51,Neutral,593.7793904710311,0.03168265513450691,0.44927200191682837,0.035339277183372556,13.37928967767879,neutral,False,0.02,0.03168265513450691,0.44927200191682837
2023-01-26,1611.95,1632.84,1577.43,1601.09,532777.8466,661710,856294452.549072,54,Neutral,176.38767514249434,0.03172311386874723,0.4544492177126746,-0.006753775247761214,13.185859818139674,neutral,False,0.08,0.03172311386874723,0.4544492177126746
2023-01-27,1601.08,1621.0,1552.54,1597.62,512093.3875,721339,810894459.592812,55,Greed,116.69205529514709,0.032231299477387496,0.4536594082070006,-0.0021696254810138083,13.146262284850188,neutral,False,0.1,0.032231299477387496,0.4536594082070006
2023-01-28,1597.61,1606.83,1555.99,1572.1,313675.6574,461988,496009423.632769,52,Neutral,257.36160927702224,0.03226964923192617,0.46278723321935367,-0.01610271660394524,12.656114792825496,neutral,False,0.04,0.03226964923192617,0.46278723321935367
2023-01-29,1572.1,1660.0,1566.33,1644.72,551767.9134,747055,892135111.02851,55,Greed,40.59707920054531,0.03263865634899169,0.47751101283917824,0.04515785174820973,13.22088279010759,neutral,False,0.1,0.03263865634899169,0.47751101283917824
2023-01-30,1644.73,1647.53,1535.0,1566.2,595055.3281,783703,945663093.918117,61,Greed,319.8036158026574,0.033850355226911454,0.5226698488632678,-0.0489178536288406,13.296409668607975,greed,False,0.22,0.033850355226911454,0.5226698488632678
2023-01-31,1566.21,1605.18,1561.63,1585.33,348856.6751,565125,550862274.147693,51,Neutral,124.54535922476381,0.03319142323473284,0.5096609155666854,0.012140284216281837,12.762416443769384,neutral,False,0.02,0.03319142323473284,0.5096609155666854
2023-02-01,1585.32,1647.77,1555.18,1641.68,474617.1709,795274,757974339.888151,56,Greed,149.86977147072918,0.03329712709596062,0.5178970565692309,0.03492752019938955,13.070263802059628,greed,False,0.12,0.03329712709596062,0.5178970565692309
2023-02-02,1641.67,1714.68,1626.85,1643.12,629188.8874,939545,1052104526.872657,60,Greed,0.0,0.03352163401558638,0.5142736294696076,0.0008767657648843299,13.352186788535406,greed,False,0.2,0.03352163401558638,0.5142736294696076
2023-02-03,1643.12,1676.0,1625.93,1663.52,464815.032,714675,766949169.430422,60,Greed,182.38536045659296,0.031039760039188354,0.4647410533667981,0.012338965732266772,13.049394824788624,greed,False,0.2,0.031039760039188354,0.4647410533667981
2023-02-04,1663.52,1695.29,1645.43,1666.38,308227.1295,559308,514857995.985798,58,Greed,18.895163260208623,0.03098508901958542,0.464739547290321,0.0017177697247712745,12.63859222362683,greed,False,0.16,0.03098508901958542,0.464739547290321
2023-02-05,1666.39,1673.81,1609.3,1629.02,413579.6748,680427,680127291.926744,58,Greed,0.0,0.030607448590386912,0.47137377825873245,-0.02267500195691283,12.932605458802497,greed,False,0.16,0.030607448590386912,0.47137377825873245
2023-02-06,1629.01,1658.56,1605.01,1614.29,384119.4197,636588,626831152.687586,56,Greed,222.86562133522574,0.0303770638801307,0.47187962443097997,-0.009083375488667503,12.858708772024952,greed,False,0.12,0.0303770638801307,0.47187962443097997
2023-02-07,1614.28,1678.37,1613.14,1671.03,451922.4,746572,743635216.728552,54,Neutral,163.45166791564586,0.029379157048077403,0.4647692698028534,0.03454497124674816,13.021265762659498,neutral,False,0.08,0.029379157048077403,0.4647692698028534
2023-02-08,1671.03,1697.91,1630.47,1650.43,417966.2539,671033,695793337.577435,58,Greed,132.22284339305696,0.029485911227092435,0.4618225196296787,-0.012404342752227635,12.943155975951216,greed,False,0.16,0.029485911227092435,0.4618225196296787
2023-02-09,1650.42,1656.17,1524.4,1545.35,658011.6964,973879,1054014372.583392,55,Greed,0.0,0.02964637282274561,0.4587390083518235,-0.0657854381103781,13.39697798583336,neutral,False,0.1,0.02964637282274561,0.4587390083518235
2023-02-10,1545.35,1555.01,1490.0,1513.06,484654.2199,682215,743164643.511499,48,Neutral,0.0,0.029755436722646866,0.45956750234641364,-0.021116331578965423,13.09119096699107,neutral,False,-0.04,0.029755436722646866,0.45956750234641364
2023-02-11,1513.05,1543.0,1505.0,1538.51,289691.5708,440506,440657107.728338,49,Neutral,162.88169375347735,0.02953583713866428,0.465049480241305,0.01668032526444855,12.576572087027612,neutral,False,-0.02,0.02953583713866428,0.465049480241305
2023-02-12,1538.5,1548.02,1493.08,1514.83,286758.374,490609,438014692.308034,50,Neutral,187.54256604085816,0.029473641025226524,0.4671260541166116,-0.015511194152279388,12.566395237703837,neutral,False,0.0,0.029473641025226524,0.4671260541166116
2023-02-13,1514.82,1526.1,1461.93,1505.24,643152.3904,788402,959644223.335073,48,Neutral,0.0,0.028651121562649123,0.4420880765507076,-0.006350867518422775,13.374136974206788,neutral,False,-0.04,0.028651121562649123,0.4420880765507076
2023-02-14,1505.25,1569.0,1482.66,1555.71,668964.3768,861338,1021642935.313975,50,Neutral,9.065771727794738,0.02773428016090763,0.4395410661834764,0.032979679139187305,13.413486089262124,neutral,False,0.0,0.02773428016090763,0.4395410661834764
2023-02-15,1555.7,1680.0,1542.55,1674.92,581207.8586,852734,928452953.945049,53,Neutral,0.0,0.02964938144403364,0.5141809326619882,0.07383336987757323,13.27286373192202,neutral,False,0.06,0.02964938144403364,0.5141809326619882
2023-02-16,1674.92,1742.97,1633.72,1637.84,832723.6731,1220762,1408096156.866216,62,Greed,0.0,0.03034913279314485,0.5214447478629166,-0.02238710238021172,13.632457141146093,greed,False,0.24,0.03034913279314485,0.5214447478629166
2023-02-17,1637.83,1722.0,1630.51,1693.87,579934.663,940022,970891863.058295,61,Greed,434.04110088109275,0.030922111108258085,0.5293312818181443,0.03363755128252365,13.270670726177114,greed,False,0.22,0.030922111108258085,0.5293312818181443
2023-02-18,1693.81,1713.13,1679.77,1691.62,267305.7813,457982,452969773.61025,60,Greed,82.89951396557584,0.03003853115116521,0.5062954358553134,-0.0013292021723714732,12.496148530400413,greed,False,0.2,0.03003853115116521,0.5062954358553134
2023-02-19,1691.62,1726.59,1666.14,1679.75,401023.0477,634114,680092027.331298,60,Greed,122.2920313434535,0.028895635255558872,0.47173088099065186,-0.007041676854215978,12.901774180198148,greed,False,0.2,0.028895635255558872,0.47173088099065186
2023-02-20,1679.74,1719.89,1650.56,1703.27,451314.8335,752116,765198951.963577,58,Greed,226.93982573399265,0.029186375908588726,0.4722009459626292,0.013904960042027494,13.019920453655175,greed,False,0.16,0.029186375908588726,0.4722009459626292
2023-02-21,1703.27,1716.66,1636.3,1659.76,520354.4688,837901,874136698.284591,60,Greed,322.4034539431059,0.02886142679885266,0.4679849534855093,-0.02587691925740261,13.162265529094853,greed,False,0.2,0.02886142679885266,0.4679849534855093
2023-02-22,1659.77,1666.95,1595.07,1643.14,528875.4809,887617,861982489.016571,59,Greed,0.0,0.028603504967309786,0.4694918699231505,-0.010063968196039556,13.17850829731054,greed,False,0.18,0.028603504967309786,0.4694918699231505
2023-02-23,1643.15,1679.0,1628.75,1650.53,501305.9717,849095,829754759.565515,56,Greed,54.45664791676136,0.028604566940267383,0.4675784656546429,0.004487403049425096,13.12497191560833,greed,False,0.12,0.028604566940267383,0.4675784656546429
2023-02-24,1650.52,1664.66,1575.64,1607.8,512515.4982,829249,831164574.11824,53,Neutral,0.0,0.029268104091774633,0.47634748453301745,-0.0262296635444092,13.147086229927712,neutral,False,0.06,0.029268104091774633,0.47634748453301745
2023-02-25,1607.8,1608.98,1557.33,1594.58,290188.0391,532834,462128193.104393,52,Neutral,0.0,0.029119796628439543,0.4706784776135496,-0.008256406234486072,12.578284402524929,neutral,False,0.04,0.029119796628439543,0.4706784776135496
2023-02-26,1594.58,1651.26,1587.76,1641.36,308607.9941,544008,499002379.520129,51,Neutral,0.0,0.029262082452079497,0.4813025838383723,0.02891478779857588,12.639827122982684,neutral,False,0.02,0.029262082452079497,0.4813025838383723
2023-02-27,1641.37,1665.22,1608.0,1633.45,431861.4129,679771,707841123.057607,50,Neutral,118.45078941090487,0.029154422641758788,0.46473039504027497,-0.004830824006812237,12.975860012285583,neutral,False,0.0,0.029154422641758788,0.46473039504027497
2023-02-28,1633.45,1647.52,1596.66,1605.23,393523.1647,626287,640150766.311205,53,Neutral,118.86727147063846,0.02894976925382087,0.46668347374804847,-0.01742729397311297,12.882895213467785,neutral,False,0.06,0.02894976925382087,0.46668347374804847
2023-03-01,1605.24,1669.72,1595.0,1665.22,474456.8235,725546,780632253.606366,50,Neutral,234.38723112389948,0.027421390606856215,0.41840036126127933,0.036690198339970156,13.069925899214388,neutral,False,0.0,0.027421390606856215,0.41840036126127933
2023-03-02,1665.23,1677.86,1619.18,1647.86,423023.8082,644400,694364877.504408,51,Neutral,177.40927453943274,0.02723779187272568,0.41167039265226146,-0.010479770413468176,12.955183740605278,neutral,False,0.02,0.02723779187272568,0.41167039265226146
2023-03-03,1647.86,1649.25,1544.39,1569.45,742816.5976,1008133,1166573996.744236,50,Neutral,0.0,0.02843425004516798,0.4493028827031257,-0.04875223690936088,13.518204452852945,neutral,False,0.0,0.02843425004516798,0.4493028827031257
2023-03-04,1569.45,1577.53,1549.12,1566.73,237640.2606,442158,371865636.794456,50,Neutral,59.56917406084194,0.028123202047341596,0.445232784168047,-0.0017345947503006707,12.378513299085808,neutral,False,0.0,0.028123202047341596,0.445232784168047
2023-03-05,1566.74,1588.77,1553.05,1564.58,299240.7415,505034,469729098.462738,47,Neutral,92.61231856884679,0.027694046265816907,0.44439111215389165,-0.0013732273954761823,12.609003683927396,neutral,False,-0.06,0.027694046265816907,0.44439111215389165
2023-03-06,1564.57,1583.49,1554.44,1565.84,307709.3011,495130,482146763.966397,48,Neutral,158.97230927339265,0.02674639079988463,0.42898687184735057,0.0008050038448790274,12.636910788672587,neutral,False,-0.04,0.02674639079988463,0.42898687184735057
2023-03-07,1565.84,1584.49,1536.14,1561.96,437947.9032,601157,682865640.744412,49,Neutral,123.3685260264425,0.02452138961485288,0.3295509442966174,-0.002480978317154744,12.989855239818613,neutral,False,-0.02,0.02452138961485288,0.3295509442966174
2023-03-08,1561.95,1570.89,1523.61,1532.38,460101.7658,647197,714552395.993279,50,Neutral,104.85204622624623,0.02329329123157893,0.3272620519680321,-0.019119360558395224,13.03920297399753,neutral,False,0.0,0.02329329123157893,0.3272620519680321
2023-03-09,1532.38,1546.45,1408.0,1437.32,718485.1364,914935,1072396877.907578,44,Fear,0.0,0.025445414495068458,0.36268488931469267,-0.06404181387886924,13.48490029730046,fear,False,-0.12,0.025445414495068458,0.36268488931469267
2023-03-10,1437.32,1439.43,1368.39,1426.44,960262.4509,1155209,1353741388.827259,34,Fear,0.0,0.02620477740159214,0.36178858472100883,-0.007598438659315794,13.774961912434946,fear,False,-0.32,0.02620477740159214,0.36178858472100883
2023-03-11,1426.43,1478.07,1408.4,1471.97,1374859.6201,1467256,1987926852.348374,33,Fear,0.0,0.026567388482600998,0.38864325146007944,0.03141980986582175,14.133862189398085,fear,False,-0.34,0.026567388482600998,0.38864325146007944
2023-03-12,1471.93,1594.19,1448.3,1580.33,1002355.0929,1253899,1506839740.469654,33,Fear,0.0,0.029007044946516396,0.47248241758128057,0.07103204632577907,13.817862881979458,fear,False,-0.34,0.029007044946516396,0.47248241758128057
2023-03-13,1580.33,1693.49,1565.0,1673.45,1228063.6053,1671283,1992277884.796341,49,Neutral,0.0,0.030203267493261552,0.5113824693800731,0.05725367773066491,14.020949182194771,neutral,False,-0.02,0.030203267493261552,0.5113824693800731
2023-03-14,1673.44,1780.02,1655.24,1699.4,1283321.2355,1750035,2195733827.910122,56,Greed,0.0,0.031184249337725026,0.5124474114895743,0.015387883866641848,14.064961990668307,greed,False,0.12,0.031184249337725026,0.5124474114895743
2023-03-15,1699.41,1716.9,1611.0,1649.96,963142.4833,1388384,1602460705.895695,50,Neutral,0.0,0.0320765104359705,0.5240687310638528,-0.02952420239290944,13.777956637571837,neutral,False,0.0,0.0320765104359705,0.5240687310638528
2023-03-16,1649.95,1691.42,1632.18,1673.73,627985.6119,1004406,1040043241.140285,52,Neutral,224.57732769826396,0.03158089654783637,0.5168806810406584,0.014303623541625463,13.350272534200615,neutral,False,0.04,0.03158089654783637,0.5168806810406584
2023-03-17,1673.73,1800.0,1662.65,1789.27,907528.2825,1293055,1569265196.452905,51,Neutral,0.0,0.03304196310892906,0.563588849832291,0.06675304670589965,13.718480009924772,neutral,False,0.02,0.03304196310892906,0.563588849832291
2023-03-18,1789.26,1841.0,1747.47,1758.84,711614.731,1115890,1280189359.424549,64,Greed,0.0,0.03336263533007579,0.5622074634267571,-0.017153214596847183,13.4752919357962,greed,False,0.28,0.03336263533007579,0.5622074634267571
2023-03-19,1758.84,1841.36,1757.92,1780.68,541131.8908,919093,972006261.580209,63,Greed,421.0506184684508,0.033612465512992705,0.5621544888017873,0.012340812978825897,13.201418318874337,greed,False,0.26,0.033612465512992705,0.5621544888017873
2023-03-20,1780.67,1803.05,1722.0,1732.78,682848.1248,1083767,1205036446.951221,66,Greed,0.0,0.03391480388406622,0.5682548994832373,-0.027268258638845883,13.434027748965288,greed,False,0.32,0.03391480388406622,0.5682548994832373
2023-03-21,1732.77,1835.0,1717.01,1801.23,742348.4999,1166036,1324018564.211035,68,Greed,346.71172635093393,0.03452635027783362,0.5698738327363037,0.03874270968448265,13.517574088301169,greed,False,0.36,0.03452635027783362,0.5698738327363037
2023-03-22,1801.23,1819.98,1710.12,1734.33,891287.6009,1286030,1581074700.20938,62,Greed,496.9284215575833,0.03520118037070525,0.587071101361115,-0.03784859319942085,13.70042243876882,greed,False,0.24,0.03520118037070525,0.587071101361115
2023-03-23,1734.34,1857.16,1729.35,1813.79,732061.103,1074713,1312199315.577505,57,Greed,293.92840888257837,0.03539753723333455,0.5723601091759257,0.0447974070589959,13.503619263503401,greed,False,0.14,0.03539753723333455,0.5723601091759257
2023-03-24,1813.78,1818.99,1726.4,1749.57,564770.1417,855600,1001546184.532135,61,Greed,371.34786978213504,0.036003468463832816,0.5921114285120258,-0.03604853527210302,13.244174098501713,greed,False,0.22,0.036003468463832816,0.5921114285120258
2023-03-25,1749.57,1763.23,1713.09,1741.88,355679.3743,620651,620341997.183512,64,Greed,0.0,0.036082312383311214,0.5926770242345806,-0.004405053737011967,12.781784970030934,greed,False,0.28,0.036082312383311214,0.5926770242345806
2023-03-26,1741.88,1801.0,1739.31,1773.88,354933.2372,592618,627660488.27267,64,Greed,0.0,0.03629955143553743,0.5941168160073559,0.01820424813649747,12.779684986545906,greed,False,0.28,0.03629955143553743,0.5941168160073559
2023-03-27,1773.88,1780.48,1686.13,1715.22,570563.5023,810253,987197970.21984,64,Greed,0.0,0.036794006808196625,0.6102471736391417,-0.033627885582368316,13.254379751993373,greed,False,0.28,0.036794006808196625,0.6102471736391417
2023-03-28,1715.21,1795.73,1701.13,1772.99,536511.3973,766887,935507384.149678,59,Greed,332.9468550596718,0.03727968979231719,0.6114011262355855,0.0331260346441161,13.192843084629667,greed,False,0.18,0.03727968979231719,0.6114011262355855
2023-03-29,1773.0,1827.99,1772.48,1793.07,536865.5972,810500,967342311.082234,57,Greed,0.0,0.035331061307797174,0.550244989600603,0.011261847656573554,13.193503057620836,greed,False,0.14,0.035331061307797174,0.550244989600603
2023-03-30,1793.06,1829.69,1763.0,1793.61,579690.0394,876484,1039397383.7804,60,Greed,268.82498391650955,0.03502784725948247,0.5473998159199147,0.000301114124527503,13.270248824844515,greed,False,0.2,0.03502784725948247,0.5473998159199147
2023-03-31,1793.6,1847.28,1777.91,1821.52,554525.4762,902956,1006896937.025254,63,Greed,160.02174048745064,0.034804156040180285,0.5425866398781628,0.015440968668430453,13.225868029171608,greed,False,0.26,0.034804156040180285,0.5425866398781628
2023-04-01,1821.52,1842.83,1807.81,1820.79,272904.9674,579259,497460628.076191,61,Greed,109.59213128605627,0.0324323094869271,0.4942523105144248,-0.0004008445243675286,12.516878908802665,greed,False,0.22,0.0324323094869271,0.4942523105144248
2023-04-02,1820.8,1824.81,1771.7,1794.51,322122.9385,637705,580909276.164171,63,Greed,0.0,0.030908050475488016,0.46225626888121735,-0.01453846867051438,12.682688548244627,greed,False,0.26,0.030908050475488016,0.46225626888121735
2023-04-03,1794.51,1839.99,1762.77,1810.51,628503.6619,1098681,1131436800.437073,63,Greed,221.8386536689178,0.02988643761295204,0.46060876236821807,0.008876569371509933,13.351097133407558,greed,False,0.26,0.02988643761295204,0.46060876236821807
2023-04-04,1810.51,1891.91,1802.01,1870.37,622208.6411,1087425,1151551698.653268,62,Greed,0.0,0.029374247979842755,0.4548258064499653,0.03252769871276309,13.341030751327379,greed,False,0.24,0.029374247979842755,0.4548258064499653
2023-04-05,1870.38,1942.98,1864.58,1908.69,548595.5155,1077031,1045846831.791563,62,Greed,0.0,0.029504516362180544,0.45671715920780026,0.020280870614801574,13.215116683008189,greed,False,0.24,0.029504516362180544,0.45671715920780026
2023-04-06,1908.68,1909.91,1853.7,1872.41,396241.4352,916688,743618300.024,63,Greed,92.71498833785564,0.027802748875734407,0.40552495862660026,-0.019190771703289936,12.889778989302803,greed,False,0.26,0.027802748875734407,0.40552495862660026
2023-04-07,1872.41,1882.61,1841.46,1863.72,284256.4873,829061,528718750.378566,64,Greed,15.972904572852173,0.02706982080165884,0.3999729198965947,-0.0046518807808922,12.557632233867745,greed,False,0.28,0.02706982080165884,0.3999729198965947
2023-04-08,1863.73,1879.38,1847.0,1848.82,197905.5407,902787,368792680.929658,61,Greed,145.20810852475083,0.0264469504310306,0.4001281272943115,-0.008026892640481205,12.195545128672206,greed,False,0.22,0.0264469504310306,0.4001281272943115
2023-04-09,1848.82,1873.99,1824.01,1858.92,287131.3079,953458,529878494.840373,61,Greed,53.89782655673433,0.025970584708972927,0.3850908597732057,0.00544807617683312,12.567694908927269,greed,False,0.22,0.025970584708972927,0.3850908597732057
2023-04-10,1858.91,1918.79,1846.4,1910.2,434739.7984,586284,816212712.862947,62,Greed,0.0,0.02492966616716223,0.37308836249999394,0.027212274694365286,12.982502966501304,greed,False,0.24,0.02492966616716223,0.37308836249999394
2023-04-11,1910.21,1937.37,1881.11,1889.86,405203.4892,590527,774389695.845932,68,Greed,8.59957227796961,0.023816820546000168,0.34512607395467376,-0.010705196364642943,12.912144662375859,greed,False,0.36,0.023816820546000168,0.34512607395467376
2023-04-12,1889.86,1933.0,1852.65,1917.39,630844.4186,801456,1195663632.078732,65,Greed,168.19600185038058,0.022540234536034428,0.3132324198768185,0.01446213399745325,13.354814547888676,greed,False,0.3,0.022540234536034428,0.3132324198768185
2023-04-13,1917.4,2023.0,1899.55,2012.01,676164.5188,911569,1333377092.124591,61,Greed,0.0,0.02302905267064673,0.31740412855888456,0.048169336152757536,13.424191696421099,greed,False,0.22,0.02302905267064673,0.31740412855888456
2023-04-14,2012.0,2128.76,2009.22,2099.99,896307.3934,1182309,1877719501.123732,68,Greed,0.0,0.023990875122982272,0.3384587854826261,0.04279836040920956,13.706038706112057,greed,False,0.36,0.023990875122982272,0.3384587854826261
2023-04-15,2099.99,2111.85,2071.13,2090.6,321823.7851,505299,674260851.49151,68,Greed,77.04957267369312,0.023674701342420792,0.34016122001268206,-0.004481476696807716,12.681759423487694,greed,False,0.36,0.023674701342420792,0.34016122001268206
2023-04-16,2090.61,2141.54,2072.72,2118.67,319880.4393,529231,673034613.415835,68,Greed,110.93707349351017,0.022940600367086093,0.30228223611944355,0.013337427205203917,12.67570257777238,greed,False,0.36,0.022940600367086093,0.30228223611944355
2023-04-17,2118.66,2120.51,2056.25,2074.0,426972.7071,674817,889433328.786508,69,Greed,102.23570660368262,0.02214791769080255,0.3100480475116788,-0.021309423514337927,12.964475372369337,greed,False,0.38,0.02214791769080255,0.3100480475116788
2023-04-18,2073.99,2125.0,2051.0,2103.5,414244.6135,636801,867291463.569828,58,Greed,277.4853564709925,0.022271888902182006,0.31063271081479443,0.014123514241102865,12.934211932186768,greed,False,0.16,0.022271888902182006,0.31063271081479443
2023-04-19,2103.51,2104.6,1923.03,1933.73,775389.0602,1116849,1547934187.85902,63,Greed,0.0,0.02485909096494219,0.45118770644638184,-0.0841518437953626,13.561120195530323,greed,False,0.26,0.02485909096494219,0.45118770644638184
2023-04-20,1933.74,1982.99,1914.43,1942.98,625336.2495,869619,1218184973.299396,52,Neutral,51.570584248992844,0.024776621312437453,0.44910916907087883,0.004772096728467839,13.346044783248855,neutral,False,0.04,0.024776621312437453,0.44910916907087883
2023-04-21,1942.98,1957.27,1825.0,1848.78,688876.6186,868887,1306179482.091942,50,Neutral,0.0,0.026372969863434688,0.4868911784759198,-0.049696914889803157,13.442817460810792,neutral,False,0.0,0.026372969863434688,0.4868911784759198
2023-04-22,1848.77,1887.31,1841.64,1874.16,331007.5879,451499,616579601.311765,53,Neutral,100.52736667371838,0.026279693215602504,0.4854161825910857,0.013634596948651653,12.70989657826563,neutral,False,0.06,0.026279693215602504,0.4854161825910857
2023-04-23,1874.17,1882.01,1836.37,1862.0,344514.3444,463928,641362428.689366,56,Greed,176.68610919285075,0.025852313864016093,0.4856696917837188,-0.006509380185517005,12.7498910068854,greed,False,0.12,0.025852313864016093,0.4856696917837188
2023-04-24,1862.01,1890.0,1806.0,1841.84,447864.0517,682824,826968889.241232,53,Neutral,149.7969766049067,0.025746302602126354,0.4730523684930115,-0.010886106900897575,13.01224500931824,neutral,False,0.06,0.025746302602126354,0.4730523684930115
2023-04-25,1841.84,1877.86,1801.66,1866.1,457870.6047,631766,839226421.378246,53,Neutral,329.1760849829319,0.025753167796514573,0.4694819463522004,0.01308561960331121,13.034341900690242,neutral,False,0.06,0.025753167796514573,0.4694819463522004
2023-04-26,1866.1,1964.72,1785.0,1866.01,897709.7298,1182620,1695903568.960903,56,Greed,206.69095564664144,0.028514799543757286,0.4646058894612145,-4.823008969043831e-05,13.707602054273544,greed,False,0.12,0.028514799543757286,0.4646058894612145
2023-04-27,1866.01,1940.96,1861.19,1908.68,727472.9466,959609,1383094120.67767,59,Greed,211.90876328625362,0.02891446959506809,0.4711502131257258,0.02260944219517275,13.497332090532215,greed,False,0.18,0.02891446959506809,0.4711502131257258
2023-04-28,1908.68,1923.88,1873.94,1890.94,387630.7791,574483,736203306.614156,64,Greed,182.52015405896685,0.02903573988709232,0.4715132631753786,-0.009337843733620253,12.86780856528871,greed,False,0.28,0.02903573988709232,0.4715132631753786
2023-04-29,1890.93,1918.0,1883.05,1907.8,182046.1406,335962,346028241.295737,64,Greed,139.8224259324548,0.028913577363311967,0.4720867837412052,0.00887668579981968,12.112015453708443,greed,False,0.28,0.028913577363311967,0.4720867837412052
2023-04-30,1907.79,1939.0,1866.16,1870.09,355336.4888,552933,677913240.814662,60,Greed,101.09106376241279,0.028909569394562337,0.46741719519933195,-0.019964187678360883,12.780820475300574,greed,False,0.2,0.028909569394562337,0.46741719519933195
2023-05-01,1870.08,1886.49,1806.12,1830.73,445519.1779,647788,818821593.694849,63,Greed,0.0,0.02922814384271769,0.47179320307422107,-0.02127176363574112,13.006995573002376,greed,False,0.26,0.02922814384271769,0.47179320307422107
2023-05-02,1830.73,1881.87,1822.94,1870.08,373753.2027,563768,690907892.110455,55,Greed,250.7265530506062,0.02898330987497715,0.4754675238999445,0.02126641628521955,12.831350972747309,neutral,False,0.1,0.02898330987497715,0.4754675238999445
2023-05-03,1870.09,1916.52,1842.64,1905.12,465185.2501,751579,871222153.959792,64,Greed,12.374096829610322,0.0282206759177582,0.44531277398787683,0.01856378802063968,13.050190992546167,greed,False,0.28,0.0282206759177582,0.44531277398787683
2023-05-04,1905.12,1918.26,1866.71,1877.07,354528.6144,525802,670584503.659619,64,Greed,183.6788509115966,0.02737801382464153,0.4129796746718835,-0.014832948258200517,12.778544339327292,greed,False,0.28,0.02737801382464153,0.4129796746718835
2023-05-05,1877.07,1998.36,1875.65,1993.3,546608.875,803612,1061183389.068112,61,Greed,20.01738178522721,0.028550690648121015,0.4743468751586072,0.06007950628405556,13.211488789080478,greed,False,0.22,0.028550690648121015,0.4743468751586072
2023-05-06,1993.3,2019.0,1860.0,1896.33,608106.9915,868626,1169939393.312777,60,Greed,522.0363907266194,0.0302859170860402,0.4989867222706118,-0.04987111742589557,13.318106118328739,greed,False,0.2,0.0302859170860402,0.4989867222706118
2023-05-07,1896.33,1933.33,1867.59,1870.4,413268.8357,625667,787566158.198456,64,Greed,168.91734639740682,0.030360215491075482,0.49653846468812596,-0.013768127585020303,12.931853594075896,greed,False,0.28,0.030360215491075482,0.49653846468812596
2023-05-08,1870.41,1883.97,1810.73,1847.56,625316.6168,885693,1157603209.761854,60,Greed,0.0,0.03045389640847496,0.49175714851541813,-0.012286462103440953,13.346013387326725,greed,False,0.2,0.03045389640847496,0.49175714851541813
2023-05-09,1847.55,1861.88,1830.99,1846.52,304396.186,517737,561440259.790895,51,Neutral,81.7189201589979,0.0280301347713788,0.39705862684401094,-0.0005630630779391869,12.626085375324813,neutral,False,0.02,0.0280301347713788,0.39705862684401094
2023-05-10,1846.53,1887.47,1790.51,1840.84,639933.3855,802140,1182254717.032215,52,Neutral,62.52915529304673,0.028522214086865245,0.3961790643884466,-0.0030807973686073453,13.36911936476237,neutral,False,0.04,0.028522214086865245,0.3961790643884466
2023-05-11,1840.83,1842.02,1772.68,1794.3,522096.0725,679625,944525427.027942,52,Neutral,59.71995921994699,0.027418539065461784,0.3663852599650649,-0.02560701544919554,13.165606896865082,neutral,False,0.04,0.027418539065461784,0.3663852599650649
2023-05-12,1794.31,1818.63,1740.0,1807.45,565539.8309,696930,1002104362.594411,49,Neutral,37.47858763373016,0.02786007472258661,0.3635957665362157,0.007302038414395143,13.245536006894323,neutral,False,-0.02,0.02786007472258661,0.3635957665362157
2023-05-13,1807.45,1817.03,1785.23,1795.11,212895.4373,342566,383397322.744781,48,Neutral,81.98819761751014,0.027765751431312664,0.36365626495174835,-0.00685071075121409,12.268556419463568,neutral,False,-0.04,0.027765751431312664,0.36365626495174835
2023-05-14,1795.12,1824.0,1789.82,1799.21,218101.0977,348092,393557662.80186,48,Neutral,106.02302080603766,0.027205104781039272,0.36230798418415827,0.0022813782736472547,12.292713985189435,neutral,False,-0.04,0.027205104781039272,0.36230798418415827
2023-05-15,1799.2,1846.7,1785.05,1816.2,388171.9261,503728,708011632.174709,50,Neutral,118.63336292182639,0.02701782153671221,0.3606162354542693,0.009398726600278535,12.869203628966982,neutral,False,0.0,0.02701782153671221,0.3606162354542693
2023-05-16,1816.21,1832.64,1796.2,1824.21,311238.6786,466058,565367254.106777,54,Neutral,132.6678179711249,0.023901386321973396,0.3611754278966543,0.0044006103303645,12.648315352123602,neutral,False,0.08,0.023901386321973396,0.3611754278966543
2023-05-17,1824.21,1837.5,1783.68,1822.12,352097.9913,524718,637776970.833855,50,Neutral,148.44040230843586,0.023568028664517477,0.3501386882767535,-0.001146358244524827,12.771664800213493,neutral,False,0.0,0.023568028664517477,0.3501386882767535
2023-05-18,1822.12,1831.92,1771.12,1800.56,293755.311,480171,531357170.827152,51,Neutral,197.55589219702426,0.023738618343656228,0.3509379958221803,-0.011902930731227146,12.590502424277064,neutral,False,0.02,0.023738618343656228,0.3509379958221803
2023-05-19,1800.56,1829.54,1796.81,1812.32,243116.4676,390917,440291732.350879,48,Neutral,109.21944632016735,0.023733932699010196,0.3500243688625958,0.0065100648420629,12.401295898034643,neutral,False,-0.04,0.023733932699010196,0.3500243688625958
2023-05-20,1812.31,1828.87,1807.06,1819.42,127754.4349,272744,232010582.306628,48,Neutral,87.46698973523337,0.023226195712940385,0.3445015506399913,0.0039099765100741425,11.757865222923266,neutral,False,-0.04,0.023226195712940385,0.3445015506399913
2023-05-21,1819.42,1828.98,1797.21,1804.91,161517.8053,308391,292535613.878124,52,Neutral,89.64928867244188,0.02260112995383524,0.3374860233533706,-0.008007039934466744,11.992370665103419,neutral,False,0.04,0.02260112995383524,0.3374860233533706
2023-05-22,1804.91,1828.27,1792.01,1817.35,237498.9423,411867,430673377.916653,49,Neutral,149.53934364198278,0.022356068858315127,0.32880912602725093,0.006868667024691615,12.377918448973231,neutral,False,-0.02,0.022356068858315127,0.32880912602725093
2023-05-23,1817.36,1872.5,1815.24,1854.05,396869.6097,548587,734581474.722466,50,Neutral,0.0,0.022120538751783766,0.3299987932376345,0.019993039425737928,12.891363066678592,neutral,False,0.0,0.022120538751783766,0.3299987932376345
2023-05-24,1854.06,1854.09,1777.6,1799.89,420846.1445,554307,761360360.597887,50,Neutral,7.953242140419927,0.022537621805247952,0.34199293026602146,-0.029646883572655332,12.95002259337642,neutral,False,0.0,0.022537621805247952,0.34199293026602146
2023-05-25,1799.89,1818.81,1761.41,1805.6,350633.0089,482899,628769352.442571,51,Neutral,40.23373542022846,0.02130884165497365,0.25278644530272254,0.0031673945975410098,12.76749539678076,neutral,False,0.02,0.02130884165497365,0.25278644530272254
2023-05-26,1805.61,1838.2,1796.99,1827.79,275690.6854,375854,501773973.879937,49,Neutral,0.0,0.018493319805504085,0.19616381419266826,0.012214640261706482,12.527034811167304,neutral,False,-0.02,0.018493319805504085,0.19616381419266826
2023-05-27,1827.8,1836.12,1812.18,1829.89,138824.9406,276383,253710138.250563,48,Neutral,85.08503451828379,0.017986827841230825,0.19121792791686726,0.001148268974181205,11.840968998232894,neutral,False,-0.04,0.017986827841230825,0.19121792791686726
2023-05-28,1829.89,1918.65,1823.6,1908.64,378392.4371,549727,705699886.229488,50,Neutral,0.0,0.01848590075465539,0.24026130948893765,0.0421350907944223,12.843687129437928,neutral,False,0.0,0.01848590075465539,0.24026130948893765
2023-05-29,1908.64,1927.62,1873.65,1892.6,313593.4942,445895,596236148.909885,52,Neutral,65.98220346161685,0.018740969735314614,0.24282622192465064,-0.008439401459503443,12.655852821707484,neutral,False,0.04,0.018740969735314614,0.24282622192465064
2023-05-30,1892.6,1917.0,1881.19,1900.59,272665.8402,422249,519059196.247416,51,Neutral,137.38121409533437,0.017535154474168004,0.24248785673398132,0.00421281919287129,12.516002295860837,neutral,False,0.02,0.017535154474168004,0.24248785673398132
2023-05-31,1900.58,1907.13,1846.95,1873.63,319255.5681,451133,597360395.544034,51,Neutral,0.0,0.01730523986752436,0.22857381808536756,-0.014286638596147112,12.67374721493298,neutral,False,0.02,0.01730523986752436,0.22857381808536756
2023-06-01,1873.63,1889.2,1840.0,1861.78,270496.6097,422899,504448237.27338,52,Neutral,137.41770728666947,0.01663730266805169,0.2296350650600794,-0.006344706338571053,12.508014843733568,neutral,False,0.04,0.01663730266805169,0.2296350650600794
2023-06-02,1861.78,1910.0,1847.51,1906.68,313004.0658,456788,591169483.099447,50,Neutral,123.66040993898734,0.017062614174332375,0.24044213601220768,0.023830490355990427,12.653971459214281,neutral,False,0.0,0.017062614174332375,0.24044213601220768
2023-06-03,1906.69,1907.92,1881.6,1892.06,148818.2427,292512,282550389.946688,53,Neutral,67.21055265033887,0.016975257528091734,0.24343625799788174,-0.0076973271057092845,11.910480992656833,neutral,False,0.06,0.016975257528091734,0.24343625799788174
2023-06-04,1892.05,1914.63,1884.22,1890.01,172683.0119,289973,328166899.062354,52,Neutral,91.6129686223921,0.0164921694475437,0.24234667811700353,-0.0010840625375848512,12.059212891606716,neutral,False,0.04,0.0164921694475437,0.24234667811700353
2023-06-05,1890.0,1890.63,1778.0,1810.5,555361.2683,688879,1017689609.362256,53,Neutral,0.0,0.018241436923166397,0.2898092321231122,-0.042979069839285816,13.227374114836882,neutral,False,0.06,0.018241436923166397,0.2898092321231122
2023-06-06,1810.49,1898.29,1797.18,1884.64,491407.2174,616201,907660359.425966,44,Fear,405.679231453133,0.01925721531689446,0.32344732446414004,0.04013377100477853,13.105028426385044,fear,False,-0.12,0.01925721531689446,0.32344732446414004
2023-06-07,1884.65,1897.8,1821.18,1832.13,429196.7064,594071,796856688.866713,53,Neutral,332.63789818381565,0.01951724352359389,0.3374670077405234,-0.028257596795300086,12.969670615897494,neutral,False,0.06,0.01951724352359389,0.3374670077405234
2023-06-08,1832.12,1861.28,1828.31,1845.64,189270.4853,347990,349160385.10498,50,Neutral,89.53303877848774,0.019514267201290715,0.3376655453792328,0.007346876378127145,12.150932410091599,neutral,False,0.0,0.019514267201290715,0.3376655453792328
2023-06-09,1845.65,1855.0,1827.0,1840.37,198324.3252,354623,365037779.742887,50,Neutral,117.78530309868056,0.01955460835101472,0.33772308647124544,-0.0028594624490205275,12.197658975668512,neutral,False,0.0,0.01955460835101472,0.33772308647124544
2023-06-10,1840.37,1844.99,1715.03,1751.53,652324.6695,877410,1148312156.525596,49,Neutral,0.0,0.021749963285839058,0.3810033869981755,-0.049476946677575705,13.388297676324001,neutral,False,-0.02,0.021749963285839058,0.3810033869981755
2023-06-11,1751.52,1778.25,1738.72,1752.76,219956.2434,378921,385656545.950238,47,Neutral,81.62791757717599,0.021793069721414968,0.37983367525242495,0.0007019967243075934,12.301183911916173,neutral,False,-0.06,0.021793069721414968,0.37983367525242495
2023-06-12,1752.77,1759.33,1720.0,1742.57,302132.4819,467392,525467514.619609,47,Neutral,0.0,0.021604676347786282,0.3711351142829275,-0.005830653396786246,12.618620881952362,neutral,False,-0.06,0.021604676347786282,0.3711351142829275
2023-06-13,1742.57,1770.13,1724.22,1740.12,284268.0018,498880,495907901.668493,45,Fear,143.3259664089327,0.021147260960973954,0.35763642843439475,-0.00140695864642246,12.55767274047818,fear,False,-0.1,0.021147260960973954,0.35763642843439475
2023-06-14,1740.12,1750.03,1630.43,1650.95,415847.327,572996,705586390.233981,46,Fear,0.0,0.022782240230226663,0.3998880761459594,-0.05260319656222012,12.93807346947769,neutral,False,-0.08,0.022782240230226663,0.3998880761459594
2023-06-15,1650.95,1680.91,1626.01,1666.96,370774.7696,458568,611499814.542176,41,Fear,113.14610350030706,0.023013999175649585,0.39857004020440817,0.009650728476360676,12.823350067208851,fear,False,-0.18,0.023013999175649585,0.39857004020440817
2023-06-16,1666.96,1729.5,1649.86,1717.92,311734.5904,408176,525393264.962201,47,Neutral,0.0,0.02380368337878265,0.41695231478721706,0.03011264842388073,12.64990743297017,neutral,False,-0.06,0.02380368337878265,0.41695231478721706
2023-06-17,1717.91,1770.0,1714.26,1727.76,210914.9216,359758,366944179.320637,47,Neutral,0.0,0.023206123928964834,0.3831511759729586,0.0057115151433317,12.259210115979233,neutral,False,-0.06,0.023206123928964834,0.3831511759729586
2023-06-18,1727.75,1747.84,1712.0,1720.95,156535.0128,273858,270948973.417484,49,Neutral,115.94537357571605,0.023059105713723563,0.3829446564153769,-0.00394930791589547,11.961034987901533,neutral,False,-0.02,0.023059105713723563,0.3829446564153769
2023-06-19,1720.95,1752.19,1698.0,1737.11,245162.7589,366143,422827205.775489,47,Neutral,150.084082764312,0.023304672544933902,0.38496710263280637,0.0093463488990178,12.409677591003472,neutral,False,-0.06,0.023304672544933902,0.38496710263280637
2023-06-20,1737.1,1796.99,1714.72,1791.99,328855.6846,459724,577529266.789217,49,Neutral,0.0,0.02375231373516889,0.40295461486554696,0.031103921349883094,12.703374284880836,neutral,False,-0.02,0.02375231373516889,0.40295461486554696
2023-06-21,1791.99,1901.0,1787.38,1889.11,613755.8869,699689,1132377905.488902,59,Greed,0.0,0.02490200770418966,0.4471690735802074,0.052779084512651064,13.327352549735295,greed,False,0.18,0.02490200770418966,0.4471690735802074
2023-06-22,1889.1,1933.17,1865.98,1872.01,416714.5719,536410,791056016.146176,65,Greed,0.0,0.024954401592323334,0.4398207651637185,-0.00909309877120227,12.940156786561536,greed,False,0.3,0.024954401592323334,0.4398207651637185
2023-06-23,1872.0,1936.42,1861.01,1892.63,401147.9324,531784,760352485.336681,65,Greed,325.12822622957265,0.025449870093295475,0.44098909542762305,0.01095467625486762,12.902085546986791,greed,False,0.3,0.025449870093295475,0.44098909542762305
2023-06-24,1892.63,1906.0,1864.77,1874.96,226910.2941,356654,427721477.76198,62,Greed,135.7305337913067,0.02552837569603933,0.44224477080082175,-0.009380070314859884,12.332310038183065,greed,False,0.24,0.02552837569603933,0.44224477080082175
2023-06-25,1874.95,1930.0,1868.83,1898.8,338757.6158,482753,644415530.040616,64,Greed,109.80010539862684,0.0245432663544403,0.41441121267592623,0.012634781833543817,12.73304013298975,greed,False,0.28,0.0245432663544403,0.41441121267592623
2023-06-26,1898.8,1909.1,1837.18,1858.97,458743.861,518009,859537162.355614,55,Greed,20.051003505228053,0.023977842919853262,0.3971312014786812,-0.021199536794378554,13.036247296245028,neutral,False,0.1,0.023977842919853262,0.3971312014786812
2023-06-27,1858.97,1912.53,1855.19,1889.58,366634.5707,437184,690855987.041332,59,Greed,212.59733719385565,0.023685854861840074,0.38749575298699523,0.01633201125366475,12.81212091081458,greed,False,0.18,0.023685854861840074,0.38749575298699523
2023-06-28,1889.58,1890.19,1816.56,1828.02,337836.5792,437585,626358502.58848,62,Greed,0.0,0.024160484132593956,0.4056575597473884,-0.033121168263168056,12.730317564053365,greed,False,0.24,0.024160484132593956,0.4056575597473884
2023-06-29,1828.03,1880.0,1827.84,1851.99,241844.8281,350823,448678322.176822,54,Neutral,216.15363915860638,0.024368714820054274,0.40833229967478113,0.01302732275023142,12.396051593279864,neutral,False,0.08,0.024368714820054274,0.40833229967478113
2023-06-30,1851.99,1948.6,1825.01,1933.79,716538.1035,824889,1353630452.615445,56,Greed,139.67401906738542,0.023980168800810258,0.3906040982405673,0.04322107124698339,13.482186704878226,greed,False,0.12,0.023980168800810258,0.3906040982405673
2023-07-01,1933.8,1944.56,1909.44,1924.5,178373.3688,307019,343093755.612736,59,Greed,60.05321186551365,0.023914955916933912,0.39188881640550033,-0.00481561414669504,12.091634209958066,greed,False,0.18,0.023914955916933912,0.39188881640550033
2023-07-02,1924.5,1959.2,1885.75,1937.48,255852.7832,381133,491981842.960139,63,Greed,99.56379462891157,0.024270088170308214,0.3899544993935051,0.006721965869777927,12.452357492423044,greed,False,0.26,0.024270088170308214,0.3899544993935051
2023-07-03,1937.49,1976.16,1933.55,1955.54,322102.4295,404084,631158998.811416,62,Greed,0.0,0.024189931240100587,0.38936062574396696,0.00927821051935302,12.68262487797945,greed,False,0.24,0.024189931240100587,0.38936062574396696
2023-07-04,1955.55,1967.08,1931.58,1936.2,205525.0984,307691,401186997.249838,64,Greed,134.8881657133351,0.0223777877582053,0.3292416698117451,-0.009939080826960508,12.233323438794091,greed,False,0.28,0.0223777877582053,0.3292416698117451
2023-07-05,1936.19,1942.5,1894.51,1910.36,267633.4783,362985,512774138.218949,61,Greed,0.0,0.02218480711392464,0.3377656075156836,-0.013435583330342312,12.497373705165996,greed,False,0.22,0.02218480711392464,0.3377656075156836
2023-07-06,1910.35,1958.0,1846.0,1846.17,456362.741,519031,868009586.22327,56,Greed,122.92800399026818,0.022686032838612726,0.3555741789832176,-0.03417848312536383,13.031043256915426,greed,False,0.12,0.022686032838612726,0.3555741789832176
2023-07-07,1846.17,1878.0,1826.0,1870.91,232944.3466,355260,432733381.054967,55,Greed,0.0,0.02259227203827344,0.3571925468262403,0.013311720667936329,12.358554848223259,neutral,False,0.1,0.02259227203827344,0.3571925468262403
2023-07-08,1870.92,1876.0,1842.8,1865.24,125819.8273,228589,234001180.804625,58,Greed,125.4497038690988,0.022548155528970302,0.3569380592188588,-0.0030352123725826893,11.742606220527307,greed,False,0.16,0.022548155528970302,0.3569380592188588
2023-07-09,1865.24,1879.36,1856.15,1862.8,135046.3743,234925,252189550.05161,55,Greed,50.92106759745316,0.022212751220063547,0.35683534128456806,-0.0013089990173964256,11.813373511766702,neutral,False,0.1,0.022212751220063547,0.35683534128456806
2023-07-10,1862.81,1905.5,1846.63,1880.4,247868.1494,338462,464186441.163382,56,Greed,57.237609279018365,0.021715469229283708,0.3425947497471872,0.009403788041753397,12.420652228122984,greed,False,0.12,0.021715469229283708,0.3425947497471872
2023-07-11,1880.41,1891.99,1862.38,1878.3,177771.6117,256360,333339876.932696,57,Greed,90.3225100811225,0.02018796398909881,0.28628235516535394,-0.0011174077306010499,12.08825492508478,greed,False,0.14,0.02018796398909881,0.28628235516535394
2023-07-12,1878.31,1902.0,1864.37,1871.82,264406.8673,338468,498567734.559133,64,Greed,106.40889645233483,0.01980373858182696,0.284677303790007,-0.0034558928510683502,12.48524435976912,greed,False,0.28,0.01980373858182696,0.284677303790007
2023-07-13,1871.82,2012.63,1862.59,2004.49,548861.4207,618276,1069502144.026194,57,Greed,61.21370030742943,0.021725044890797275,0.3734404634939911,0.06847844472655594,13.21560126731657,greed,False,0.14,0.021725044890797275,0.3734404634939911
2023-07-14,2004.49,2029.11,1898.39,1937.83,498724.0359,604687,982369872.0199,60,Greed,399.03190528075913,0.02330924718426813,0.3936078865935633,-0.03382087398995878,13.119808187485264,greed,False,0.2,0.02330924718426813,0.3936078865935633
2023-07-15,1937.82,1946.37,1926.23,1931.41,135181.7663,242818,261553961.167515,56,Greed,19.493315190850005,0.022947011945955307,0.39177162419232026,-0.0033184841941049197,11.814375568850977,greed,False,0.12,0.022947011945955307,0.39177162419232026
2023-07-16,1931.41,1943.55,1914.0,1922.11,148667.1051,253770,286787440.456901,57,Greed,42.18248386438029,0.02245454205224504,0.38377822561628316,-0.004826765168303919,11.909464891432881,greed,False,0.14,0.02245454205224504,0.38377822561628316
2023-07-17,1922.12,1936.18,1873.26,1911.2,277159.0349,391391,528662412.297658,54,Neutral,0.0,0.022520638216056182,0.3805676435501582,-0.005692223930894661,12.532346753631055,neutral,False,0.08,0.022520638216056182,0.3805676435501582
2023-07-18,1911.21,1917.19,1875.73,1897.21,215780.5006,315100,409583830.876333,56,Greed,158.8262934973843,0.022075533540591594,0.3607885073951259,-0.007346931096489898,12.28201696905815,greed,False,0.12,0.022075533540591594,0.3607885073951259
2023-07-19,1897.21,1922.04,1882.17,1888.63,218045.0005,266831,415268112.543401,50,Neutral,142.41026952602175,0.021931168688314396,0.3589577964098554,-0.004532687429924358,12.292456744780585,neutral,False,0.0,0.021931168688314396,0.3589577964098554
2023-07-20,1888.64,1929.05,1878.0,1891.59,292907.5164,353180,556981450.455301,56,Greed,174.29544147780786,0.020408785477441335,0.3225500316968909,0.0015660467406395737,12.587612194487244,greed,False,0.12,0.020408785477441335,0.3225500316968909
2023-07-21,1891.59,1905.74,1884.64,1891.73,165554.0428,260385,313414135.895111,50,Neutral,53.57289230276796,0.02031658276763187,0.3222704695959292,7.400907143141417e-05,12.017052963094011,neutral,False,0.0,0.02031658276763187,0.3222704695959292
2023-07-22,1891.73,1897.35,1851.18,1866.52,131901.6487,240897,247820592.768613,52,Neutral,0.0,0.019934334610028786,0.32391131290457054,-0.013416019757593498,11.78981183824821,neutral,False,0.04,0.019934334610028786,0.32391131290457054
2023-07-23,1866.52,1905.25,1857.82,1888.73,153501.0178,254227,288736391.861338,54,Neutral,155.8990198240623,0.02000674296527719,0.32519919195113733,0.011828910977324096,11.941462476606299,neutral,False,0.08,0.02000674296527719,0.32519919195113733
2023-07-24,1888.74,1890.86,1833.19,1850.0,276504.5547,336366,512402907.457845,55,Greed,33.33464269361725,0.020287679601568548,0.3310042424460527,-0.020719006444616717,12.529982572503247,neutral,False,0.1,0.020287679601568548,0.3310042424460527
2023-07-25,1850.0,1868.71,1845.45,1857.66,152251.21,248856,282696600.921257,50,Neutral,58.82475507567317,0.020078196626853312,0.32901750920465206,0.0041319920912332355,11.933287132995407,neutral,False,0.0,0.020078196626853312,0.32901750920465206
2023-07-26,1857.66,1888.0,1848.35,1872.0,272090.5333,319851,507049348.717311,51,Neutral,44.661616261635366,0.018673247858410544,0.3064867494329874,0.007689746873933568,12.513890132912893,neutral,False,0.02,0.018673247858410544,0.3064867494329874
2023-07-27,1871.99,1886.11,1854.84,1861.28,163766.4259,252294,306463587.40202,51,Neutral,139.86444251090083,0.01842583996249069,0.3035319924411583,-0.005742954969081114,12.006196459306397,neutral,False,0.02,0.01842583996249069,0.3035319924411583
2023-07-28,1861.29,1883.39,1856.52,1874.19,138695.7147,219389,259228467.502262,52,Neutral,128.5998343528944,0.018370782590580573,0.304377449787912,0.006912142997172488,11.840037709646824,neutral,False,0.04,0.018370782590580573,0.304377449787912
2023-07-29,1874.2,1886.58,1869.54,1880.46,72867.0269,166385,136676328.67955,52,Neutral,22.511902093258623,0.01833535871842967,0.3045110917302342,0.003339861679952561,11.19639150977709,neutral,False,0.04,0.01833535871842967,0.3045110917302342
2023-07-30,1880.45,1885.3,1848.17,1861.79,158657.5902,247858,296504225.221497,52,Neutral,31.214593432136393,0.018043287655817686,0.30474261793007024,-0.009978037223819103,11.974503638287352,neutral,False,0.04,0.018043287655817686,0.30474261793007024
2023-07-31,1861.79,1877.4,1851.02,1856.14,168204.4534,246487,313517086.161755,50,Neutral,109.12425673795723,0.01801900098592679,0.3048708225597189,-0.0030393279859110174,12.032935502983797,neutral,False,0.0,0.01801900098592679,0.3048708225597189
2023-08-01,1856.13,1875.62,1813.8,1873.47,358476.0966,411508,659100582.108448,53,Neutral,46.26686388882371,0.018377703777861396,0.3066368775044174,0.009293263759436142,12.789617260648232,neutral,False,0.06,0.018377703777861396,0.3066368775044174
2023-08-02,1873.48,1879.74,1821.21,1839.9,254213.0553,331270,470466371.262786,53,Neutral,250.4885990762687,0.01573345181287642,0.17691740091426938,-0.018081103995239624,12.445927994797923,neutral,False,0.06,0.01573345181287642,0.17691740091426938
2023-08-03,1839.9,1859.12,1826.0,1835.81,171148.052,254918,315081750.38648,52,Neutral,114.68976250071255,0.013168156534696444,0.13828506397838602,-0.0022254213134208136,12.050284262064753,neutral,False,0.04,0.013168156534696444,0.13828506397838602
2023-08-04,1835.81,1851.31,1815.74,1830.23,187699.4552,256002,344687096.602038,54,Neutral,68.50965447485873,0.013350533503838014,0.1382723280711578,-0.003044158988505136,12.142597320066391,neutral,False,0.08,0.013350533503838014,0.1382723280711578
2023-08-05,1830.24,1839.0,1827.5,1836.48,93657.3255,174254,171683574.022643,50,Neutral,23.875870231087298,0.013217917297351493,0.13966804490240883,0.0034090539218758144,11.447397926916622,neutral,False,0.0,0.013217917297351493,0.13966804490240883
2023-08-06,1836.48,1838.58,1825.86,1830.28,90403.9915,169928,165701947.019345,49,Neutral,52.77177781999978,0.012485995490787745,0.139158944797197,-0.003381735324192536,11.412043699166581,neutral,False,-0.02,0.012485995490787745,0.139158944797197
2023-08-07,1830.28,1847.0,1802.0,1829.1,224092.9059,289161,409166592.891649,49,Neutral,23.137733370109867,0.012579821759986022,0.13787526612077333,-0.0006449180139251584,12.319816003330796,neutral,False,-0.02,0.012579821759986022,0.13787526612077333
2023-08-08,1829.1,1876.51,1826.33,1856.3,236336.03,322607,436891258.634858,54,Neutral,0.0,0.012789729628901804,0.1493845999926032,0.01476121663329752,12.373009927218291,neutral,False,0.08,0.012789729628901804,0.1493845999926032
2023-08-09,1856.3,1871.99,1846.28,1855.35,191926.8343,266834,356559464.883318,50,Neutral,80.24939803058469,0.012411847777651978,0.1491182628023484,-0.0005119017260491729,12.164869507029612,neutral,False,0.0,0.012411847777651978,0.1491182628023484
2023-08-10,1855.36,1865.95,1845.38,1852.47,127321.4553,208017,236043286.656351,53,Neutral,82.24711554423904,0.012411065309465787,0.14907943829955522,-0.0015534737819997478,11.754470311585182,neutral,False,0.06,0.012411065309465787,0.14907943829955522
2023-08-11,1852.47,1857.26,1838.05,1848.84,113209.3103,197546,209237745.63836,51,Neutral,3.207995118523766,0.012043243165950217,0.14184526075204576,-0.0019614683254447346,11.636993687835595,neutral,False,0.02,0.012043243165950217,0.14184526075204576
2023-08-12,1848.84,1854.01,1846.08,1849.93,63292.6476,154110,117106742.569844,54,Neutral,20.49465474057001,0.011571962385376418,0.13432502276328187,0.0005893851369798252,11.055524449727374,neutral,False,0.08,0.011571962385376418,0.13432502276328187
2023-08-13,1849.94,1862.0,1834.51,1840.73,120674.1364,211874,222956657.347428,54,Neutral,14.61367134884394,0.010981731194944132,0.11379056425740816,-0.0049855684653567585,11.700849104091237,neutral,False,0.08,0.010981731194944132,0.11379056425740816
2023-08-14,1840.73,1856.5,1835.0,1845.5,150196.1203,244296,277387603.677403,50,Neutral,97.01382505867852,0.010964316427908362,0.11313183474759533,0.0025880114167464037,11.9196971877522,neutral,False,0.0,0.010964316427908362,0.11313183474759533
2023-08-15,1845.5,1847.36,1814.0,1828.98,186081.6989,264314,341622741.956271,53,Neutral,0.0,0.010866508510022514,0.1129471120007624,-0.008991809076098535,12.133941097654924,neutral,False,0.06,0.010866508510022514,0.1129471120007624
2023-08-16,1828.98,1831.52,1798.17,1807.81,205430.7368,311372,373631455.899558,52,Neutral,0.0,0.010914704005877584,0.11795059841995834,-0.011642266459590973,12.232864208903306,neutral,False,0.04,0.010914704005877584,0.11795059841995834
2023-08-17,1807.81,1809.99,1550.0,1681.49,812138.2159,906515,1390504308.003381,50,Neutral,0.0,0.023431552714570897,0.2750035505799252,-0.07243586284279085,13.607425821284224,neutral,False,0.0,0.023431552714570897,0.2750035505799252
2023-08-18,1681.49,1699.4,1641.02,1661.59,538083.1018,597838,901117750.717323,37,Fear,93.94719172857872,0.023866092901960633,0.27388130475218714,-0.011905329843399048,13.195768291527806,fear,False,-0.26,0.023866092901960633,0.27388130475218714
2023-08-19,1661.6,1696.72,1654.31,1669.67,231919.0485,312174,387407573.3804,39,Fear,198.01713131805894,0.02395851314210585,0.2762073640993745,0.004851026845808832,12.354143660879291,fear,False,-0.22,0.02395851314210585,0.2762073640993745
2023-08-20,1669.68,1694.75,1662.03,1685.24,195623.5263,275035,327342264.94863,37,Fear,160.23547783561597,0.02402609474984693,0.281051318764674,0.009281984784250725,12.183947306957444,fear,False,-0.26,0.02402609474984693,0.281051318764674
2023-08-21,1685.23,1688.59,1649.4,1667.55,250835.1518,297843,418860905.067397,38,Fear,82.00295228032988,0.023810515846547798,0.2766182631206086,-0.010552503530499763,12.432551236611776,fear,False,-0.24,0.023810515846547798,0.2766182631206086
2023-08-22,1667.56,1669.38,1580.0,1634.99,402012.045,484314,657589420.923018,37,Fear,0.0,0.024566286452821818,0.27764009601745243,-0.01971879524303507,12.904237329838853,fear,False,-0.26,0.024566286452821818,0.27764009601745243
2023-08-23,1635.0,1702.11,1629.05,1679.61,374761.1088,472134,622717740.76397,37,Fear,0.0,0.025147270878315604,0.30105654608077276,0.026924935486139112,12.834044058754312,fear,False,-0.26,0.025147270878315604,0.30105654608077276
2023-08-24,1679.61,1683.37,1635.28,1661.16,231539.7805,287178,383948287.500426,41,Fear,210.25796817488524,0.025312982342606153,0.3019008608389267,-0.011045470103193834,12.352506975758924,fear,False,-0.18,0.025312982342606153,0.3019008608389267
2023-08-25,1661.16,1677.22,1635.51,1653.8,236261.6898,307211,390502520.582296,39,Fear,227.2184019366102,0.025523990286876484,0.3003357504819931,-0.0044404831995776915,12.372695324766784,fear,False,-0.22,0.025523990286876484,0.3003357504819931
2023-08-26,1653.79,1655.59,1644.0,1647.04,79175.425,157980,130634757.648333,38,Fear,23.213253230175727,0.025524398442730436,0.3002878765138151,-0.004095932823676615,11.27942123924845,fear,False,-0.24,0.025524398442730436,0.3002878765138151
2023-08-27,1647.03,1660.24,1646.32,1658.33,87789.9196,163046,145109143.683836,38,Fear,27.41797810316841,0.02533380832648624,0.302977221429432,0.0068313344079224,11.382701962097988,fear,False,-0.24,0.02533380832648624,0.302977221429432
2023-08-28,1658.33,1664.34,1621.75,1653.08,214351.0143,274580,352868062.83225,39,Fear,32.18311262660816,0.025311483149418737,0.29409904399146064,-0.0031708573681733664,12.275370203995333,fear,False,-0.22,0.025311483149418737,0.29409904399146064
2023-08-29,1653.08,1745.84,1640.0,1729.42,494371.0823,504683,842464924.522092,39,Fear,0.0,0.02660367657327559,0.34519832254230404,0.04514587765984236,13.111041692921455,fear,False,-0.22,0.02660367657327559,0.34519832254230404
2023-08-30,1729.41,1730.93,1694.34,1705.23,202841.4402,308391,347291135.28552,49,Neutral,85.67726921211171,0.026716507686384613,0.3471153036517976,-0.014086093183490871,12.220179870061228,neutral,False,-0.02,0.026716507686384613,0.3471153036517976
2023-08-31,1705.23,1729.0,1630.0,1645.76,330518.2668,396774,554219312.094311,52,Neutral,63.637678375250026,0.027830187367853355,0.36430908469418793,-0.035497715393938846,12.708417206943208,neutral,False,0.04,0.027830187367853355,0.36430908469418793
2023-09-01,1645.77,1654.53,1602.33,1629.12,302406.1686,368740,493457144.938849,40,Fear,0.0,0.028155313488485396,0.3637998140473451,-0.010162291872580201,12.619526321888985,fear,False,-0.2,0.028155313488485396,0.3637998140473451
2023-09-02,1629.13,1645.0,1628.03,1637.03,102145.9476,208209,166937240.933972,39,Fear,39.482029897173305,0.028118877586356797,0.36595735825848164,0.004843632695716121,11.534157928386897,fear,False,-0.22,0.028118877586356797,0.36595735825848164
2023-09-03,1637.02,1647.5,1625.14,1635.84,116767.2862,216339,190979647.353311,40,Fear,84.2333940585219,0.028135241344075374,0.365130120112869,-0.0007271905406814061,11.667938226241333,fear,False,-0.2,0.028135241344075374,0.365130120112869
2023-09-04,1635.84,1644.82,1616.32,1630.51,168010.9056,275381,274049115.417922,40,Fear,74.34868787324454,0.028126724446168466,0.36507992655364546,-0.0032635845704295906,12.031784170564269,fear,False,-0.2,0.028126724446168466,0.36507992655364546
2023-09-05,1630.52,1648.02,1609.69,1634.45,204365.4907,299045,333010633.963955,40,Fear,139.56643173129893,0.02819591499413838,0.36547673515355167,0.0024135070031771496,12.227665290866147,fear,False,-0.2,0.02819591499413838,0.36547673515355167
2023-09-06,1634.46,1670.0,1609.2,1633.15,219541.0193,331227,358419121.474319,42,Fear,165.03817232919795,0.019651531312603575,0.2648879375941679,-0.0007956910690343726,12.299294370120208,fear,False,-0.16,0.019651531312603575,0.2648879375941679
2023-09-07,1633.15,1660.0,1623.4,1648.11,228558.2782,319517,374542954.194732,41,Fear,149.32977577303382,0.019316035086612192,0.26440270912151914,0.009118511581993099,12.339546503624616,fear,False,-0.18,0.019316035086612192,0.26440270912151914
2023-09-08,1648.11,1658.93,1616.21,1636.44,221570.0458,312966,362938822.785618,46,Fear,183.08492957516523,0.0193346446295317,0.26465527354433427,-0.007106026156969444,12.308494052335984,neutral,False,-0.08,0.0193346446295317,0.26465527354433427
2023-09-09,1636.43,1637.52,1629.74,1635.54,58519.6229,156305,95627623.417556,41,Fear,10.408053071614086,0.01916724701472599,0.2618730198921138,-0.0005501256258888519,10.977117411162512,fear,False,-0.18,0.01916724701472599,0.2618730198921138
2023-09-10,1635.53,1635.7,1600.0,1617.42,207957.8428,292581,336517904.443572,40,Fear,0.0,0.01913690136436218,0.2621509900939316,-0.011140737921668128,12.245090659295169,fear,False,-0.2,0.01913690136436218,0.2621509900939316
2023-09-11,1617.42,1619.0,1531.01,1551.85,417424.8189,470056,657137141.34232,40,Fear,0.0,0.019181455015353954,0.2917073021568008,-0.04138451952242031,12.941859732566671,fear,False,-0.2,0.019181455015353954,0.2917073021568008
2023-09-12,1551.84,1626.0,1549.67,1592.97,329739.9685,444268,525392019.744392,30,Fear,326.45742238355945,0.019362551121870113,0.29068102713134497,0.026152430753237553,12.706059648585354,fear,False,-0.4,0.019362551121870113,0.29068102713134497
2023-09-13,1592.97,1619.3,1581.88,1607.62,223409.2889,349327,357304191.673901,41,Fear,129.956411387701,0.019225418395983084,0.29178279521833195,0.009154626062353411,12.316760744430535,fear,False,-0.18,0.019225418395983084,0.29178279521833195
2023-09-14,1607.61,1644.29,1607.05,1626.47,275301.1505,414952,447913522.75155,45,Fear,0.0,0.019174047991349582,0.29530600864624257,0.011657197827190198,12.525620870199337,fear,False,-0.1,0.019174047991349582,0.29530600864624257
2023-09-15,1626.48,1654.08,1611.42,1641.29,181340.024,313776,295616593.107865,45,Fear,142.5522946788786,0.01946962567084557,0.297069641392572,0.009070495757411094,12.108129133548113,fear,False,-0.1,0.01946962567084557,0.297069641392572
2023-09-16,1641.3,1653.17,1631.31,1634.4,99555.4671,245713,163144495.691079,43,Fear,77.140639591089,0.019518793321492593,0.2961994858823462,-0.004206753484545366,11.508470226115989,fear,False,-0.14,0.019518793321492593,0.2961994858823462
2023-09-17,1634.4,1635.0,1612.0,1622.48,120227.4117,264713,195464805.891003,46,Fear,0.0,0.019299851987959492,0.29701857915780927,-0.007319921657535613,11.697140325832377,neutral,False,-0.08,0.019299851987959492,0.29701857915780927
2023-09-18,1622.48,1669.5,1603.88,1636.66,279041.6978,453410,458235380.246686,46,Fear,58.64390087353463,0.018191952069005753,0.24578057458620342,0.008701736946528362,12.539116504116581,neutral,False,-0.08,0.018191952069005753,0.24578057458620342
2023-09-19,1636.66,1661.04,1626.32,1643.12,184282.4258,350549,302910996.591828,46,Fear,126.11397293807137,0.018186866768742854,0.24307358291739783,0.0039392937049882275,12.124224782627202,neutral,False,-0.08,0.018186866768742854,0.24307358291739783
2023-09-20,1643.13,1649.34,1604.51,1622.26,232844.2347,382581,379255954.951705,47,Neutral,2.3255830113436025,0.016785694001591137,0.21286825548767185,-0.012776634737105578,12.358124988387441,neutral,False,-0.06,0.016785694001591137,0.21286825548767185
2023-09-21,1622.27,1625.3,1567.77,1583.94,240627.544,368163,384503484.655841,47,Neutral,0.0,0.01693065585243967,0.2261302806493758,-0.02390482489121464,12.39100555643583,neutral,False,-0.06,0.01693065585243967,0.2261302806493758
2023-09-22,1583.94,1602.68,1576.58,1593.08,124886.091,267398,198987470.055888,43,Fear,86.04527005037183,0.017016747365219232,0.22648673523661772,0.005753835491244666,11.735157328823691,fear,False,-0.14,0.017016747365219232,0.22648673523661772
2023-09-23,1593.07,1598.24,1587.45,1593.86,64537.1341,217950,102806906.083431,47,Neutral,32.41073527819335,0.01694195205948325,0.22657303470415385,0.0004894977725181305,11.074996059599878,neutral,False,-0.06,0.01694195205948325,0.22657303470415385
2023-09-24,1593.85,1601.12,1570.01,1580.71,137517.8533,307377,218549215.974009,44,Fear,27.435740853240695,0.01698420228157545,0.22784763106130534,-0.00828463395836899,11.831509029841815,fear,False,-0.12,0.01698420228157545,0.22784763106130534
2023-09-25,1580.71,1597.5,1563.01,1588.33,176706.9277,405042,279294486.722661,47,Neutral,126.97554060131071,0.01694305810891159,0.2285580183642675,0.004809036607637084,12.082247863538122,neutral,False,-0.06,0.01694305810891159,0.2285580183642675
2023-09-26,1588.34,1599.78,1580.05,1594.01,125583.0161,317309,199551097.289548,46,Fear,44.782629857221266,0.016280072001535594,0.22924325035710397,0.003569704074099457,11.74072230173914,neutral,False,-0.08,0.016280072001535594,0.22924325035710397
2023-09-27,1594.02,1634.1,1583.5,1598.64,274404.4328,478489,440883556.960054,44,Fear,4.306126535893041,0.01655050681243172,0.22657349531428383,0.002900413916830404,12.522358329222335,fear,False,-0.12,0.01655050681243172,0.22657349531428383
2023-09-28,1598.63,1668.21,1598.14,1652.99,331409.7015,567825,541873730.296698,46,Fear,26.337640160540808,0.01717122546599377,0.2569810404151632,0.03343250142291594,12.711110657837002,neutral,False,-0.08,0.01717122546599377,0.2569810404151632
2023-09-29,1653.0,1688.0,1648.37,1667.45,251975.6728,494615,420335662.096628,48,Neutral,0.0,0.017453380809861762,0.2585748109409544,0.008709744136773601,12.437087825325674,neutral,False,-0.04,0.017453380809861762,0.2585748109409544
2023-09-30,1667.45,1694.32,1666.19,1670.89,136924.9141,342315,229630339.535437,47,Neutral,37.886554968581606,0.01734628091962625,0.2545922029038635,0.0020609052508540116,11.827187982300986,neutral,False,-0.06,0.01734628091962625,0.2545922029038635
2023-10-01,1670.89,1751.0,1668.0,1733.79,225611.5868,495195,383793846.183488,48,Neutral,41.50505351867821,0.016944252364360847,0.2297046008383191,0.036953345156396686,12.326570157216242,neutral,False,-0.04,0.016944252364360847,0.2297046008383191
2023-10-02,1733.8,1744.0,1636.79,1662.4,378575.6898,773990,643680600.092603,50,Neutral,300.4574884216089,0.01783273902288506,0.27218637622046116,-0.042047422395011,12.844171304919215,neutral,False,0.0,0.01783273902288506,0.27218637622046116
2023-10-03,1662.41,1670.65,1643.0,1656.88,198287.1164,530016,328606758.398617,50,Neutral,52.10557487766617,0.017696658612777496,0.2715207160844073,-0.0033260255770674258,12.197471342150129,neutral,False,0.0,0.017696658612777496,0.2715207160844073
2023-10-04,1656.88,1657.66,1625.0,1646.58,222861.7167,553269,365919693.07999,49,Neutral,0.0,0.017630898665317155,0.2700756727380744,-0.006235906218074599,12.314306753613645,neutral,False,-0.02,0.017630898665317155,0.2700756727380744
2023-10-05,1646.58,1655.47,1606.73,1611.79,237378.7449,545845,386770321.772352,48,Neutral,113.39595974973396,0.017738131477317474,0.27889093122230846,-0.021355046922359133,12.37741222429346,neutral,False,-0.04,0.017738131477317474,0.27889093122230846
2023-10-06,1611.79,1662.0,1611.68,1645.03,220507.9286,539488,360565723.578844,50,Neutral,218.58606013542698,0.018124345124010968,0.2885524014639028,0.020413258487783748,12.303688930592202,neutral,False,0.0,0.018124345124010968,0.2885524014639028
2023-10-07,1645.03,1647.71,1630.03,1633.57,101241.5732,288695,165907550.809013,49,Neutral,44.3680464995781,0.0180823438898643,0.28843911135486644,-0.00699081722214893,11.525264753850852,neutral,False,-0.02,0.0180823438898643,0.28843911135486644
2023-10-08,1633.56,1641.4,1616.17,1632.84,149424.6635,372636,243516204.388717,50,Neutral,0.0,0.017386840361024444,0.2867448913601796,-0.000446973902329224,11.91454762172405,neutral,False,0.0,0.017386840361024444,0.2867448913601796
2023-10-09,1632.85,1636.0,1546.0,1580.13,340141.0988,646240,540588837.459589,50,Neutral,0.0,0.01876147555095098,0.30868768953514975,-0.03281370787343065,12.737115806975714,neutral,False,0.0,0.01876147555095098,0.30868768953514975
2023-10-10,1580.13,1594.9,1550.55,1567.63,240659.3287,613660,378967575.340083,50,Neutral,160.2620577040556,0.01877873966650512,0.3069116225359287,-0.007942197439895009,12.391137638575815,neutral,False,0.0,0.01877873966650512,0.3069116225359287
2023-10-11,1567.62,1578.43,1544.26,1566.87,260253.9671,605321,406667649.144022,47,Neutral,82.83625911104468,0.01838090747802478,0.2954979924221915,-0.0004849258349932817,12.469413229780825,neutral,False,-0.06,0.01838090747802478,0.2954979924221915
2023-10-12,1566.86,1568.56,1521.0,1539.61,237221.4977,510960,366335747.013667,45,Fear,17.217383461102227,0.01871075527508065,0.30045027694959486,-0.01755086126039427,12.37674957311194,fear,False,-0.1,0.01871075527508065,0.30045027694959486
2023-10-13,1539.61,1575.36,1537.76,1552.16,192205.8736,520123,297929349.186925,44,Fear,97.04232068067269,0.018968093959705636,0.30240400586332195,0.008118371630919484,12.166322334884894,fear,False,-0.12,0.018968093959705636,0.30240400586332195
2023-10-14,1552.16,1561.72,1544.55,1554.94,100314.6754,281561,155648012.907844,47,Neutral,58.169645012753634,0.018842761312010223,0.301441967686715,0.0017894504469295222,11.51606727830186,neutral,False,-0.06,0.018842761312010223,0.301441967686715
2023-10-15,1554.94,1567.62,1547.44,1557.77,120311.2738,316951,187266232.062386,45,Fear,53.259665087683096,0.018694541531883702,0.300887433241364,0.0018183517126618392,11.697837611620097,fear,False,-0.1,0.018694541531883702,0.300887433241364
2023-10-16,1557.78,1639.43,1555.06,1599.42,418510.8644,729569,665124956.25364,47,Neutral,0.0,0.01992609986677472,0.3159760169474368,0.026385752136300226,12.94445812890923,neutral,False,-0.06,0.01992609986677472,0.3159760169474368
2023-10-17,1599.41,1600.53,1551.08,1565.01,234817.0699,475213,370032208.156754,52,Neutral,146.18412847807886,0.019924073901822874,0.32513189858656283,-0.02174884977866825,12.366562064038044,neutral,False,0.04,0.019924073901822874,0.32513189858656283
2023-10-18,1565.01,1585.42,1555.88,1563.44,177750.2253,440577,279357949.45458,50,Neutral,125.64169732503584,0.0192390750021645,0.298566552405179,-0.0010036920083754475,12.088134615175232,neutral,False,0.0,0.0192390750021645,0.298566552405179
2023-10-19,1563.45,1574.45,1541.61,1566.57,216217.6675,469598,336684246.044496,52,Neutral,5.499870119627906,0.019182701502622097,0.29608002412717177,0.0019999942769046096,12.284040899164859,neutral,False,0.04,0.019182701502622097,0.29608002412717177
2023-10-20,1566.57,1630.4,1561.19,1603.89,315995.792,651738,506065182.982314,53,Neutral,0.0,0.019921168274755655,0.3105330970952188,0.023543412522501424,12.663484176024689,neutral,False,0.06,0.019921168274755655,0.3105330970952188
2023-10-21,1603.88,1644.53,1592.36,1628.94,176419.4092,463033,285546594.56213,63,Greed,49.209450559293295,0.019314933858066232,0.2829043971421993,0.015497567989964853,12.080619445980487,greed,False,0.26,0.019314933858066232,0.2829043971421993
2023-10-22,1628.94,1667.8,1621.1,1663.7,228650.9225,580843,374841495.304391,53,Neutral,0.0,0.017748902084114088,0.25510585198117974,0.021114541154504913,12.339951763628685,neutral,False,0.06,0.017748902084114088,0.25510585198117974
2023-10-23,1663.69,1800.0,1657.07,1765.46,610931.9663,1167834,1044121568.099054,53,Neutral,0.0,0.020819338386066085,0.33016111537877113,0.059367241974827685,13.32274088383623,neutral,False,0.06,0.020819338386066085,0.33016111537877113
2023-10-24,1765.47,1854.38,1756.21,1784.98,674055.1375,1308532,1216867823.899225,66,Greed,0.0,0.021901074521787536,0.3293123625696364,0.010995931028651353,13.421067192928307,greed,False,0.32,0.021901074521787536,0.3293123625696364
2023-10-25,1784.98,1817.69,1760.0,1787.15,354410.8294,774777,634289515.565779,72,Greed,213.49079069801547,0.021961588696786577,0.31569595347186014,0.0012149615310383514,12.77821205424395,greed,False,0.44,0.021961588696786577,0.31569595347186014
2023-10-26,1787.15,1865.54,1762.21,1803.38,431169.0453,901019,781481904.959697,71,Greed,174.77741044913185,0.022887104567195907,0.3109553200481367,0.009040509641070294,12.974255508662427,greed,False,0.42,0.022887104567195907,0.3109553200481367
2023-10-27,1803.39,1803.91,1744.66,1779.4,274532.6921,594592,488398895.217537,70,Greed,0.0,0.023277341316210284,0.314919358802608,-0.013386453030617656,12.52282562974371,greed,False,0.4,0.023277341316210284,0.314919358802608
2023-10-28,1779.41,1803.23,1770.0,1776.2,122919.7382,333711,219588597.64105,65,Greed,116.6102360202084,0.023318368377981378,0.31522492942633645,-0.001799977986263272,11.719286886401607,greed,False,0.3,0.023318368377981378,0.31522492942633645
2023-10-29,1776.21,1811.3,1762.66,1795.14,144110.6508,371024,258015412.931554,72,Greed,138.76260713850115,0.022346607311015943,0.2836921171374708,0.010606762485537609,11.878336691816937,greed,False,0.44,0.022346607311015943,0.2836921171374708
2023-10-30,1795.14,1829.84,1777.77,1809.04,277686.192,560359,501228029.317605,68,Greed,54.89705358083435,0.022361971437018468,0.27860751887502094,0.007713304504797227,12.534246949336312,greed,False,0.36,0.022361971437018468,0.27860751887502094
2023-10-31,1809.03,1819.41,1780.99,1814.67,258074.5796,577888,464695558.995254,66,Greed,169.78338437165883,0.022352505079461786,0.27758983436767126,0.0031073151714650447,12.46100389034864,greed,False,0.32,0.022352505079461786,0.27758983436767126
2023-11-01,1814.67,1857.66,1783.19,1846.99,471921.6184,862416,858744655.311508,66,Greed,96.51344933231715,0.022643438914512024,0.26348944693843684,0.017653654013214524,13.06456818806589,greed,False,0.32,0.022643438914512024,0.26348944693843684
2023-11-02,1846.99,1875.0,1785.01,1800.8,368738.2193,790110,674522153.765589,72,Greed,332.4617386748499,0.023362949046469263,0.29050380796301595,-0.02532627640689565,12.817842238464813,greed,False,0.44,0.023362949046469263,0.29050380796301595
2023-11-03,1800.79,1834.58,1777.11,1832.71,315000.2678,713592,568244477.517703,65,Greed,119.83705723532927,0.02370423752273901,0.2918357299798724,0.017564735146825508,12.660328767966138,greed,False,0.3,0.02370423752273901,0.2918357299798724
2023-11-04,1832.7,1869.9,1824.03,1855.54,171538.0364,463794,315560482.702516,68,Greed,0.0,0.023874415513983307,0.29117123100124703,0.012380013060606685,12.052560307586043,greed,False,0.36,0.023874415513983307,0.29117123100124703
2023-11-05,1855.54,1912.67,1846.11,1891.71,383106.7628,780672,721508408.943992,70,Greed,0.0,0.023286711049212944,0.28652980733508443,0.019305423108153284,12.85606898336509,greed,False,0.4,0.023286711049212944,0.28652980733508443
2023-11-06,1891.71,1914.23,1868.48,1900.95,328746.2394,717293,622198937.156692,74,Greed,160.71129389608248,0.02313140592286527,0.2640917184153788,0.004872579288074975,12.703041423321231,greed,False,0.48,0.02313140592286527,0.2640917184153788
2023-11-07,1900.95,1906.99,1850.32,1885.27,332419.4406,760921,625566317.427045,68,Greed,113.74462827708624,0.02334726319622518,0.26922708163728526,-0.00828271449710818,12.714152825812784,greed,False,0.36,0.02334726319622518,0.26922708163728526
2023-11-08,1885.26,1904.69,1872.51,1888.12,247881.0997,514836,468144576.741454,66,Greed,108.14634441913164,0.023287724525797544,0.2694100568893421,0.0015105783085971145,12.420704473487051,greed,False,0.32,0.023287724525797544,0.2694100568893421
2023-11-09,1888.11,2132.0,1882.07,2121.32,1100330.3237,1657379,2200484378.92985,69,Greed,0.0,0.02808485794114887,0.46516255448783655,0.11645691140702073,13.911120986962025,greed,False,0.38,0.02808485794114887,0.46516255448783655
2023-11-10,2121.33,2136.99,2064.61,2077.72,555573.6495,880646,1167220520.828261,70,Greed,56.38686279318131,0.028132343596938017,0.48113149720102893,-0.02076739778150022,13.227756461631794,greed,False,0.4,0.028132343596938017,0.48113149720102893
2023-11-11,2077.72,2089.6,2030.3,2053.17,370966.0372,675522,763796737.409375,70,Greed,0.0,0.028139466389592138,0.4872135404387564,-0.011886198392189226,12.823865793463861,greed,False,0.4,0.028139466389592138,0.4872135404387564
2023-11-12,2053.16,2066.5,2012.1,2044.68,281907.559,556231,577153459.51571,73,Greed,35.13745430255292,0.02610018725560872,0.45376469504151296,-0.004143642225854702,12.54933449121592,greed,False,0.46,0.02610018725560872,0.45376469504151296
2023-11-13,2044.69,2118.0,2028.49,2053.65,529143.5815,1025249,1093862454.321374,72,Greed,0.0,0.02571947851073381,0.45366590127306294,0.004377399732726625,13.179015094617442,greed,False,0.44,0.02571947851073381,0.45366590127306294
2023-11-14,2053.65,2064.96,1936.6,1979.39,481909.733,884487,972032428.326573,69,Greed,0.0,0.02677699461152071,0.47947794504962465,-0.03682998133401603,13.0855120995608,greed,False,0.38,0.02677699461152071,0.47947794504962465
2023-11-15,1979.4,2062.4,1967.01,2058.48,421870.8032,731745,847945999.664,60,Greed,376.1012559285205,0.026436622540913737,0.49445706305733794,0.03917912993641699,12.952454392589079,greed,False,0.2,0.026436622540913737,0.49445706305733794
2023-11-16,2058.49,2090.4,1939.1,1961.77,545286.1297,991673,1101174547.308609,70,Greed,330.2106556180025,0.027938801827214036,0.5273692434910603,-0.04812071941568879,13.209065944500425,greed,False,0.4,0.027938801827214036,0.5273692434910603
2023-11-17,1961.77,1991.5,1904.0,1960.82,401100.5069,788071,783561858.011889,63,Greed,0.0,0.028473573038964712,0.5271689096249429,-0.0004843738543024243,12.901967315531966,greed,False,0.26,0.028473573038964712,0.5271689096249429
2023-11-18,1960.82,1971.22,1916.0,1962.6,279368.2208,535494,543924395.733028,69,Greed,198.6823550191881,0.028494568727901882,0.5269113406751516,0.0009073716921085151,12.540285978462714,greed,False,0.38,0.028494568727901882,0.5269113406751516
2023-11-19,1962.59,2015.75,1942.89,2011.47,251132.6192,506631,494600634.891146,66,Greed,0.0,0.02865925044496349,0.5316803065661209,0.024595673263129086,12.433736441925769,greed,False,0.32,0.02865925044496349,0.5316803065661209
2023-11-20,2011.47,2066.4,1990.0,2021.4,421717.679,751621,854002757.451172,69,Greed,0.0,0.028960883886812,0.5316198765654561,0.004924542605039942,12.95209136202403,greed,False,0.38,0.028960883886812,0.5316198765654561
2023-11-21,2021.41,2034.6,1931.43,1933.01,490163.9863,888864,974304142.397174,71,Greed,0.0,0.029281070138223064,0.5579839275795928,-0.04471196713987043,13.10249528001703,greed,False,0.42,0.029281070138223064,0.5579839275795928
2023-11-22,1933.01,2092.46,1928.41,2063.21,466120.5109,796700,943776525.65738,62,Greed,366.29350900343456,0.03056083896050528,0.5901670144965312,0.06518464889455769,13.052199486756281,greed,False,0.24,0.03056083896050528,0.5901670144965312
2023-11-23,2063.22,2088.94,2040.35,2062.2,250960.6958,527877,517482313.452256,66,Greed,80.26121893635582,0.030425096538137495,0.589278856120729,-0.0004896483114064268,12.433051615414112,greed,False,0.32,0.030425096538137495,0.589278856120729
2023-11-24,2062.21,2133.02,2059.37,2080.84,426932.5402,672044,894370772.518114,66,Greed,0.0,0.03060766236268593,0.5889076976420687,0.008998284241456845,12.964381294249648,greed,False,0.32,0.03060766236268593,0.5889076976420687
2023-11-25,2080.84,2090.54,2065.3,2083.09,138847.393,350920,288887833.978004,73,Greed,49.25633178050928,0.030279793338120455,0.586885266073673,0.0010807099153864956,11.841130716901496,greed,False,0.46,0.030279793338120455,0.586885266073673
2023-11-26,2083.1,2094.99,2036.42,2062.33,241262.9136,510922,499314260.833915,73,Greed,60.1674997930269,0.030344897727534806,0.589241889322643,-0.010015956671339116,12.393642545644314,greed,False,0.46,0.030344897727534806,0.589241889322643
2023-11-27,2062.34,2071.24,1985.78,2027.5,326073.2298,622522,660673302.74006,66,Greed,0.0,0.0306009486158218,0.5924853458780271,-0.017032904579779306,12.694877266411359,greed,False,0.32,0.0306009486158218,0.5924853458780271
2023-11-28,2027.5,2075.0,1995.15,2048.14,283775.9279,606358,578404413.958468,68,Greed,329.01916790193206,0.03096696083801618,0.5928647913764274,0.010128557208434865,12.555940219462261,greed,False,0.36,0.03096696083801618,0.5928647913764274
2023-11-29,2048.14,2075.7,2019.31,2028.81,254843.7319,503614,521225853.33225,72,Greed,201.9104731660689,0.026310837688563977,0.41937305049535406,-0.009482649945161606,12.44840582021361,greed,False,0.44,0.026310837688563977,0.41937305049535406
2023-11-30,2028.8,2054.75,2020.85,2051.96,243680.0921,458227,496360388.666385,74,Greed,111.87985605758438,0.02599692366532451,0.41602430179802613,0.011346019670436606,12.403611546083612,greed,False,0.48,0.02599692366532451,0.41602430179802613
2023-12-01,2051.95,2110.87,2045.04,2087.24,372645.586,598646,778670941.03376,71,Greed,0.0,0.026057547022908203,0.41830650780437556,0.017047185146421714,12.828383075345016,greed,False,0.42,0.026057547022908203,0.41830650780437556
2023-12-02,2087.24,2186.6,2086.25,2164.74,320979.9768,618401,684434398.684245,74,Greed,0.0,0.02656997115673747,0.4363508039049413,0.03645764277647056,12.679134022596498,greed,False,0.48,0.02656997115673747,0.4363508039049413
2023-12-03,2164.75,2217.27,2149.0,2192.95,257879.1136,556948,560343820.028509,73,Greed,0.0,0.026267406179492907,0.4378058772672481,0.012947407494196705,12.46024620216101,greed,False,0.46,0.026267406179492907,0.4378058772672481
2023-12-04,2192.96,2274.28,2191.0,2243.37,565307.7134,980117,1263069834.208612,74,Greed,0.0,0.02531400687386688,0.41593204046355325,0.022731530221834852,13.245125487360669,greed,False,0.48,0.02531400687386688,0.41593204046355325
2023-12-05,2243.36,2309.72,2188.33,2293.33,529829.7214,1018557,1190597719.193227,75,Greed,280.8812241338721,0.025552286157220973,0.4021540782658262,0.022025710207649485,13.180310953529348,greed,False,0.5,0.025552286157220973,0.4021540782658262
2023-12-06,2293.33,2312.23,2220.0,2232.7,408338.9056,842212,925926168.109342,72,Greed,302.71232731124593,0.024104027545199344,0.3703773386803428,-0.02679329436545996,12.91985275956709,greed,False,0.44,0.024104027545199344,0.3703773386803428
2023-12-07,2232.7,2382.8,2222.0,2355.73,485190.0609,921917,1115389522.523053,72,Greed,243.63349914464928,0.02515215892997623,0.4051015931882028,0.05363904278121185,13.092295971299764,greed,False,0.44,0.02515215892997623,0.4051015931882028
2023-12-08,2355.74,2392.0,2336.34,2358.72,378569.8126,713431,893841920.83732,72,Greed,0.162771940700321,0.02506130881891363,0.4050058805760527,0.0012684408153208265,12.844155780294207,greed,False,0.44,0.02506130881891363,0.4050058805760527
2023-12-09,2358.71,2403.0,2328.01,2340.49,287771.0664,648813,679437458.931254,73,Greed,187.96892786087818,0.024935000190206478,0.4049689488751476,-0.0077587898612528645,12.569920534677593,greed,False,0.46,0.024935000190206478,0.4049689488751476
2023-12-10,2340.48,2377.47,2320.0,2352.39,200037.2102,464455,469860963.947153,74,Greed,118.25121970125956,0.024636504759699956,0.4049565273726924,0.00507152345936957,12.206258679224833,greed,False,0.48,0.024636504759699956,0.4049565273726924
2023-12-11,2352.39,2355.0,2156.62,2225.12,640414.9166,1153316,1426910964.96622,74,Greed,0.0,0.02641533947830651,0.42499637402513624,-0.05562098586873983,13.369871552463033,greed,False,0.48,0.02641533947830651,0.42499637402513624
2023-12-12,2225.11,2244.12,2166.0,2203.46,361588.9087,804062,799015127.414974,67,Greed,165.73574872362082,0.024498971965313653,0.36851237833994116,-0.009781994551532417,12.798263234186816,greed,False,0.34,0.024498971965313653,0.36851237833994116
2023-12-13,2203.47,2284.02,2144.32,2260.16,418916.6154,897019,922420273.947253,65,Greed,223.67171581121508,0.025730269253166075,0.3763721936916707,0.02540675504178913,12.945427170507552,greed,False,0.3,0.025730269253166075,0.3763721936916707
2023-12-14,2260.16,2332.11,2228.2,2315.32,409508.0931,918965,934716057.650864,72,Greed,0.0,0.02602392407801678,0.3824976039690308,0.024112299688721868,12.922711945449931,greed,False,0.44,0.02602392407801678,0.3824976039690308
2023-12-15,2315.32,2317.81,2200.0,2220.5,333552.6328,714102,754022987.247722,70,Greed,264.5010049470613,0.026900885113715106,0.4175340729842618,-0.04181551117712235,12.717555951375886,greed,False,0.4,0.026900885113715106,0.4175340729842618
2023-12-16,2220.51,2263.4,2210.0,2228.96,199285.923,528692,446980227.082835,67,Greed,125.63920754442154,0.026822341332352114,0.41460646646334604,0.003802713225757799,12.20249587149357,greed,False,0.34,0.026822341332352114,0.41460646646334604
2023-12-17,2228.96,2248.68,2191.5,2196.52,225925.7675,531241,501306718.242808,73,Greed,68.53880791354709,0.026445884357171642,0.4131019401176669,-0.01466081918858795,12.327961761909457,greed,False,0.46,0.026445884357171642,0.4131019401176669
2023-12-18,2196.53,2224.0,2116.6,2219.43,364103.1181,769310,789100505.031711,65,Greed,0.0,0.026754340605644047,0.4131515546320737,0.01037611637258206,12.805192397982939,greed,False,0.3,0.026754340605644047,0.4131515546320737
2023-12-19,2219.44,2255.0,2135.55,2177.91,383551.4049,786067,847060839.708398,73,Greed,246.90586224195243,0.027486964331510155,0.41853864559659254,-0.018884704816843227,12.85722893226693,greed,False,0.46,0.027486964331510155,0.41853864559659254
2023-12-20,2177.9,2266.0,2156.0,2202.17,416841.6272,867198,922794580.703402,74,Greed,348.89973232652187,0.028199245464065915,0.4184733612396254,0.011077536520739216,12.940461637754824,greed,False,0.48,0.028199245464065915,0.4184733612396254
2023-12-21,2202.17,2279.31,2182.98,2239.61,453069.7252,848508,1010354340.135799,70,Greed,247.86046560808992,0.02847318224510926,0.41839307054008534,0.016858505702015424,13.023801311384691,greed,False,0.4,0.02847318224510926,0.41839307054008534
2023-12-22,2239.6,2343.15,2230.59,2324.54,591357.488,1124820,1358322906.958078,74,Greed,0.0,0.028541664747787947,0.4191974329984156,0.03722042643648378,13.290176000150883,greed,False,0.48,0.028541664747787947,0.4191974329984156
2023-12-23,2324.54,2330.65,2265.0,2308.2,255626.9352,588229,586078143.242079,70,Greed,185.66677260266724,0.028490539809817618,0.4192698469704284,-0.0070541699979998745,12.451474376215096,greed,False,0.4,0.028490539809817618,0.4192698469704284
2023-12-24,2308.2,2326.19,2245.0,2264.05,307951.076,711200,705420988.78504,71,Greed,196.72431315728812,0.028449498385155775,0.4190044517392345,-0.019312755101442716,12.637696205182799,greed,False,0.42,0.028449498385155775,0.4190044517392345
2023-12-25,2264.04,2304.8,2253.1,2271.35,286277.1616,613108,652158658.258351,73,Greed,159.96131968838745,0.02767839730674937,0.41141478335871845,0.0032191234748903032,12.564715717034625,greed,False,0.46,0.02767839730674937,0.41141478335871845
2023-12-26,2271.36,2274.99,2178.45,2230.88,410413.1591,701701,916097827.49845,71,Greed,0.0,0.027751063353909887,0.4050786411860564,-0.01797824191304084,12.924919636408475,greed,False,0.42,0.027751063353909887,0.4050786411860564
2023-12-27,2230.88,2392.44,2211.88,2378.35,541537.3574,978666,1250873719.550661,73,Greed,0.0,0.028162630490360635,0.42451482455875417,0.06401084348004162,13.202167331778565,greed,False,0.46,0.028162630490360635,0.42451482455875417
2023-12-28,2378.35,2445.8,2335.0,2344.15,580459.982,1241094,1385456486.286191,73,Greed,0.0,0.028668739968533686,0.4277955899573224,-0.014484107103263628,13.27157614062064,greed,False,0.46,0.028668739968533686,0.4277955899573224
2023-12-29,2344.15,2385.41,2255.34,2299.2,450201.2069,990308,1049566350.122209,65,Greed,0.0,0.02933369629754532,0.43243265643154033,-0.019361626498728475,13.017449888259705,greed,False,0.3,0.02933369629754532,0.43243265643154033
2023-12-30,2299.2,2322.84,2268.0,2291.68,210539.1327,555932,483369913.478846,68,Greed,117.7679706314042,0.029325109653892588,0.43192122423674406,-0.0032760632932055125,12.257426818389593,greed,False,0.36,0.029325109653892588,0.43192122423674406
2023-12-31,2291.68,2321.34,2258.88,2281.87,222175.8779,548848,510046689.187396,67,Greed,201.30385440607566,0.027087450878484867,0.38183848652784685,-0.00428989080455275,12.311224589988539,greed,False,0.34,0.027087450878484867,0.38183848652784685
2024-01-01,2281.87,2352.37,2265.24,2352.04,216702.6914,536670,500451219.612806,65,Greed,145.1516553201368,0.027143691374861237,0.3928043509993519,0.030287754449622444,12.286281607382719,greed,False,0.3,0.027143691374861237,0.3928043509993519
2024-01-02,2352.05,2431.3,2341.0,2355.34,458041.6642,1028335,1090922198.049091,71,Greed,0.0,0.02628262411867676,0.3839991424309192,0.0014020540260539925,13.03471542882781,greed,False,0.42,0.02628262411867676,0.3839991424309192
2024-01-03,2355.35,2385.45,2100.0,2209.72,798729.4869,1351067,1797597895.179904,70,Greed,0.0,0.030761079880605374,0.4398259141998028,-0.06381928005018102,13.590777602841758,greed,False,0.4,0.030761079880605374,0.4398259141998028
2024-01-04,2209.72,2294.69,2201.91,2267.11,448844.055,780771,1009072619.206773,68,Greed,157.3100198631557,0.030461275159911035,0.42442205837151115,0.025640081953999767,13.014430790137778,greed,False,0.36,0.030461275159911035,0.42442205837151115
2024-01-05,2267.11,2277.21,2206.17,2268.78,405568.0006,758963,910367621.181662,72,Greed,259.8671006309055,0.030589592904788136,0.42429674896858666,0.0007363494597344715,12.913043834162595,greed,False,0.44,0.030589592904788136,0.42429674896858666
2024-01-06,2268.78,2270.0,2216.4,2240.78,194067.8656,450441,434867515.959157,70,Greed,193.10370393766863,0.030562334834749204,0.4232803933445346,-0.012418222543956053,12.17596319955219,greed,False,0.4,0.030562334834749204,0.4232803933445346
2024-01-07,2240.77,2258.01,2203.46,2221.42,207138.6927,516569,463525159.257429,71,Greed,107.19868994108478,0.030011011574746727,0.4230843948464982,-0.00867738849855344,12.241143860932455,greed,False,0.42,0.030011011574746727,0.4230843948464982
2024-01-08,2221.42,2358.2,2166.38,2330.44,539407.5547,1069027,1221527410.440822,71,Greed,83.39151693245314,0.0312577773705724,0.44908419306487085,0.04791045990948524,13.198226695336814,greed,False,0.42,0.0312577773705724,0.44908419306487085
2024-01-09,2330.43,2371.72,2226.78,2344.29,551454.9931,1196445,1267764132.836077,76,Extreme Greed,365.74318699253456,0.031687583423543095,0.4482852930336623,0.0059254932475093485,13.220315506186003,extreme_greed,True,0.52,0.031687583423543095,0.4482852930336623
2024-01-10,2344.3,2643.1,2339.59,2584.38,1038388.666,2010707,2536320982.388543,73,Greed,0.0,0.035196409390662375,0.5588191857939723,0.09750304973321598,13.853180710003366,greed,False,0.46,0.035196409390662375,0.5588191857939723
2024-01-11,2584.37,2689.39,2566.01,2618.01,838712.2577,1693755,2194916359.191646,76,Extreme Greed,0.0,0.03514047882124255,0.5480360052592927,0.012928853258319134,13.639622967984339,extreme_greed,True,0.52,0.03514047882124255,0.5480360052592927
2024-01-12,2618.01,2717.32,2458.0,2522.54,887457.7627,1860636,2318179618.086912,71,Greed,252.27404086230948,0.03743720668470105,0.5675661484841861,-0.03714815678577363,13.696116207875262,greed,False,0.42,0.03743720668470105,0.5675661484841861
2024-01-13,2522.55,2590.0,2497.5,2578.19,422061.232,898845,1075466481.72042,64,Greed,154.2610985647843,0.037451773884065266,0.5635009173441318,0.02182127193995902,12.952905682018297,greed,False,0.28,0.037451773884065266,0.5635009173441318
2024-01-14,2578.18,2578.69,2470.0,2472.87,306207.7463,732294,774962904.807117,60,Greed,215.47669628988845,0.037772955690613834,0.5889583085593421,-0.04170818291825345,12.632019060056857,greed,False,0.2,0.037772955690613834,0.5889583085593421
2024-01-15,2472.87,2553.82,2470.92,2511.78,315247.8819,789378,793871974.871601,52,Neutral,270.13577905562255,0.03758359215760948,0.584193833229518,0.015612245726752063,12.661114535009988,neutral,False,0.04,0.03758359215760948,0.584193833229518
2024-01-16,2511.79,2614.43,2500.05,2587.4,381077.6247,1140088,972060398.7746,64,Greed,0.0,0.036572811809077906,0.5506613201753296,0.02966184534886525,12.85075837272687,greed,False,0.28,0.036572811809077906,0.5506613201753296
2024-01-17,2587.41,2592.97,2506.75,2530.19,366281.3477,1140624,933809190.348208,60,Greed,273.8376079110275,0.036324013850417246,0.5549007806256645,-0.02235911176778112,12.811157026640476,greed,False,0.2,0.036324013850417246,0.5549007806256645
2024-01-18,2530.2,2550.0,2428.56,2470.81,452090.1074,894355,1129803152.914788,63,Greed,0.0,0.03613413089913975,0.5575434393195783,-0.023748366630328005,13.021636791601136,greed,False,0.26,0.03613413089913975,0.5575434393195783
2024-01-19,2470.81,2504.2,2415.2,2492.0,424209.0029,855044,1047352971.89337,51,Neutral,155.42034000557064,0.03631799156879217,0.5571883604375886,0.008539568821651248,12.957981544131263,neutral,False,0.02,0.03631799156879217,0.5571883604375886
2024-01-20,2491.99,2492.0,2454.2,2472.01,136620.9577,418938,337794603.1476,52,Neutral,74.73366765961727,0.03619106804750329,0.5581076054876343,-0.008054016030501146,11.82496563821589,neutral,False,0.04,0.03619106804750329,0.5581076054876343
2024-01-21,2472.02,2482.18,2452.13,2457.05,122572.1687,360446,303022758.728082,56,Greed,82.46310705213497,0.0358717122746007,0.5502624447224966,-0.006070141542372212,11.716455267741544,greed,False,0.12,0.0358717122746007,0.5502624447224966
2024-01-22,2457.06,2466.1,2303.59,2314.2,526337.6492,933793,1252505758.322904,55,Greed,0.0,0.0366708378787469,0.5927951943082136,-0.059897387892233325,13.173698204409389,neutral,False,0.1,0.0366708378787469,0.5927951943082136
2024-01-23,2314.19,2352.23,2168.07,2242.6,700105.3314,1204183,1568448812.43809,50,Neutral,0.0,0.03422981265203564,0.5572685694724173,-0.031428148415456714,13.458986076134122,neutral,False,0.0,0.03422981265203564,0.5572685694724173
2024-01-24,2242.6,2264.6,2196.12,2235.02,359851.1496,801012,802477123.108515,48,Neutral,134.972333830196,0.03402887293378612,0.5495369090891313,-0.0033857304732878464,12.793445751595291,neutral,False,-0.04,0.03402887293378612,0.5495369090891313
2024-01-25,2235.02,2242.89,2171.3,2218.64,330426.6061,756164,731016014.382289,52,Neutral,62.65065359337544,0.03404154972111805,0.5500043923761453,-0.007355781023558437,12.708139844323886,neutral,False,0.04,0.03404154972111805,0.5500043923761453
2024-01-26,2218.64,2282.36,2195.84,2267.68,363566.4255,823603,815753832.163171,49,Neutral,13.799564621969703,0.034285018956685585,0.5541081614453733,0.02186288688866119,12.803717297913032,neutral,False,-0.02,0.034285018956685585,0.5541081614453733
2024-01-27,2267.67,2282.94,2251.4,2267.94,145109.3836,416970,329102144.459815,55,Greed,52.47752021083273,0.03417846868862819,0.5530342990685236,0.00011464805265211808,11.885243106664111,neutral,False,0.1,0.03417846868862819,0.5530342990685236
2024-01-28,2267.94,2308.24,2239.89,2256.9,209326.9087,566626,476534769.158892,54,Neutral,73.95378167161373,0.032475451374678714,0.5247107422015889,-0.004879740236961713,12.251652465387684,neutral,False,0.08,0.032475451374678714,0.5247107422015889
2024-01-29,2256.9,2322.34,2233.8,2317.6,305528.0776,681798,696374288.619473,55,Greed,247.83662088923782,0.03178354523862031,0.5336597537121736,0.026539977220855035,12.629796960408237,neutral,False,0.1,0.03178354523862031,0.5336597537121736
2024-01-30,2317.61,2391.98,2297.0,2343.01,372879.5791,770660,871148737.166658,61,Greed,0.0,0.02777567174992761,0.392416309854496,0.010904260075984275,12.829010802264609,greed,False,0.22,0.02777567174992761,0.392416309854496
2024-01-31,2343.0,2351.6,2263.57,2283.14,397116.1859,922884,920131584.290104,60,Greed,11.471319389869047,0.0275311806553268,0.39320936421892966,-0.025884739060646825,12.891984176550565,greed,False,0.2,0.0275311806553268,0.39320936421892966
2024-02-01,2283.15,2311.72,2240.0,2304.28,310997.4538,779472,708868445.046755,63,Greed,20.910804676369132,0.024381640050566054,0.38003680868695167,0.009216574739179674,12.647540003989592,greed,False,0.26,0.024381640050566054,0.38003680868695167
2024-02-02,2304.28,2324.74,2281.94,2309.06,238230.511,574621,549302201.697642,63,Greed,0.0,0.024017492504613054,0.3681580340918212,0.0020722520822371486,12.380994017541004,greed,False,0.26,0.024017492504613054,0.3681580340918212
2024-02-03,2309.07,2329.98,2292.75,2296.49,133232.845,397464,307866239.186442,60,Greed,90.7281504334538,0.02341102946743278,0.34247978099263293,-0.005458644987954984,11.799853590775651,greed,False,0.2,0.02341102946743278,0.34247978099263293
2024-02-04,2296.5,2311.0,2266.0,2289.79,171232.0444,506684,393039532.452068,60,Greed,0.0,0.023138954124809253,0.3348522474878674,-0.0029217600174053704,12.050774900408324,greed,False,0.2,0.023138954124809253,0.3348522474878674
2024-02-05,2289.79,2338.41,2269.11,2301.83,236610.412,730863,545576620.002565,60,Greed,108.28012752909248,0.022707752966947062,0.31213699015270197,0.005244348441227879,12.374170236320623,greed,False,0.2,0.022707752966947062,0.31213699015270197
2024-02-06,2301.84,2392.4,2299.0,2372.64,368942.7498,861796,864113645.787681,64,Greed,0.0,0.022882699180387954,0.33061104066366354,0.030298800498996734,12.818396761392226,greed,False,0.28,0.022882699180387954,0.33061104066366354
2024-02-07,2372.63,2444.44,2354.0,2425.1,342791.7013,860357,820475884.303521,62,Greed,0.0,0.02250137710297459,0.33268108469811114,0.021869501408000494,12.7448782568363,greed,False,0.24,0.02250137710297459,0.33268108469811114
2024-02-08,2425.09,2463.15,2411.01,2419.55,338040.0539,894102,821961943.652096,66,Greed,0.0,0.02215742863124601,0.33080672670315586,-0.0022911881881718175,12.730919670106992,greed,False,0.32,0.02215742863124601,0.33080672670315586
2024-02-09,2419.56,2525.0,2419.16,2486.56,492384.385,1134276,1222635531.628793,72,Greed,40.38809960314805,0.022799239507251167,0.3450008579785573,0.027318656720714377,13.107014960766852,greed,False,0.44,0.022799239507251167,0.3450008579785573
2024-02-10,2486.56,2516.45,2471.57,2500.24,185099.59,622723,461966177.394756,74,Greed,87.57992936042136,0.022868536589880518,0.344612261503081,0.005486498081285188,12.128649283540227,greed,False,0.48,0.022868536589880518,0.344612261503081
2024-02-11,2500.24,2539.63,2493.45,2507.21,219975.1471,711081,553430378.325069,71,Greed,0.0,0.0211007068708102,0.25927214655863984,0.0027838538582977777,12.301269851225891,greed,False,0.42,0.0211007068708102,0.25927214655863984
2024-02-12,2507.22,2665.58,2472.0,2659.99,449501.776,1019390,1152087242.126358,70,Greed,53.14197075138839,0.020685411845928977,0.2923417857014933,0.05915178226329729,13.015895083942736,greed,False,0.4,0.020685411845928977,0.2923417857014933
2024-02-13,2659.99,2686.12,2590.0,2639.99,502447.745,1044885,1328138932.929169,79,Extreme Greed,16.134043342533026,0.02085256335577055,0.29495385221547943,-0.00754723411578204,13.127246923458276,extreme_greed,True,0.58,0.02085256335577055,0.29495385221547943
2024-02-14,2639.99,2786.0,2618.4,2774.81,461670.6944,1090412,1258639954.547665,74,Greed,0.0,0.022028872673583902,0.3230952431698108,0.04980714711359402,13.04260713322954,greed,False,0.48,0.022028872673583902,0.3230952431698108
2024-02-15,2774.8,2867.65,2759.25,2822.59,481689.1874,1347619,1353587492.514775,72,Greed,0.0,0.02202535446010749,0.3214385928844718,0.017072626772787942,13.08505434561529,greed,False,0.44,0.02202535446010749,0.3214385928844718
2024-02-16,2822.58,2857.4,2740.0,2801.8,378070.8037,1123447,1062271564.48786,72,Greed,275.9304166117282,0.022657627759769535,0.3258676576581093,-0.00739283537876803,12.8428367684368,greed,False,0.44,0.022657627759769535,0.3258676576581093
2024-02-17,2801.81,2804.21,2719.01,2785.93,243302.8759,969157,673711593.251713,76,Extreme Greed,58.75675143143935,0.022676901771964623,0.32638304517353495,-0.005680318366057286,12.402062349088109,extreme_greed,True,0.52,0.022676901771964623,0.32638304517353495
2024-02-18,2785.92,2895.0,2764.25,2881.2,367987.8833,1311570,1037802342.593287,72,Greed,0.0,0.02292404203042875,0.33191484225197004,0.0336251246192515,12.815805290793785,greed,False,0.44,0.02292404203042875,0.33191484225197004
2024-02-19,2881.2,2984.52,2856.93,2944.8,446451.0401,1539410,1302430726.129661,75,Greed,0.0,0.023028924392648902,0.33418349343325393,0.021834029049603604,13.009085020654823,greed,False,0.5,0.023028924392648902,0.33418349343325393
2024-02-20,2944.8,3033.09,2874.56,3014.81,634681.7471,1517960,1868745481.647549,72,Greed,226.4612236326687,0.023580717058890463,0.30581805770084486,0.02349590686861879,13.36087896657002,greed,False,0.44,0.023580717058890463,0.30581805770084486
2024-02-21,3014.81,3017.15,2868.0,2967.9,595955.0033,1256455,1746960179.79394,78,Extreme Greed,431.37762297148186,0.024176216614444055,0.3231544653806724,-0.01568217793614364,13.29792044537859,extreme_greed,True,0.56,0.024176216614444055,0.3231544653806724
2024-02-22,2967.91,3036.02,2906.51,2971.4,563525.9936,1205856,1676206889.451405,74,Greed,239.7446038524493,0.02474944304089329,0.3235579160392536,0.0011785902059659025,13.241968740235688,greed,False,0.48,0.02474944304089329,0.3235579160392536
2024-02-23,2971.4,2993.8,2906.05,2922.24,428826.5787,1003464,1261137725.511952,76,Extreme Greed,217.86829135940877,0.024976298729158623,0.33415063114083465,-0.01668277674193129,12.968807870726389,extreme_greed,True,0.52,0.024976298729158623,0.33415063114083465
2024-02-24,2922.25,3007.48,2906.4,2992.62,243854.0783,718718,721993808.566193,72,Greed,265.80531221733537,0.025257068738533124,0.3317258817019785,0.02379881241743993,12.404325285624138,greed,False,0.44,0.025257068738533124,0.3317258817019785
2024-02-25,2992.62,3122.0,2983.61,3112.59,412306.2237,1085332,1257766106.546299,74,Greed,0.0,0.025664578293699676,0.34249911815883477,0.039305919138802874,12.929521613657462,greed,False,0.48,0.025664578293699676,0.34249911815883477
2024-02-26,3112.6,3196.0,3036.59,3175.94,546722.7747,1391934,1703165045.241492,72,Greed,0.0,0.02602462497983934,0.33839055598794304,0.020148474483354707,13.211697142511833,greed,False,0.44,0.02602462497983934,0.33839055598794304
2024-02-27,3175.95,3288.14,3160.02,3242.36,625939.1221,1676466,2025805516.974933,79,Extreme Greed,0.0,0.02607940296632316,0.33808120955415744,0.020697808196250323,13.347008396311708,extreme_greed,True,0.58,0.02607940296632316,0.33808120955415744
2024-02-28,3242.35,3488.0,3176.16,3383.1,947538.766,2442603,3153201034.914763,82,Extreme Greed,72.16953305551085,0.02881076758530809,0.3458260723677131,0.04249098920918258,13.761623129085933,extreme_greed,True,0.64,0.02881076758530809,0.3458260723677131
2024-02-29,3383.11,3522.81,3300.0,3340.09,759698.1123,2112875,2608623102.49017,80,Extreme Greed,256.0801243666847,0.029563098687142606,0.35865810179149676,-0.012794696190860875,13.540676412691596,extreme_greed,True,0.6,0.029563098687142606,0.35865810179149676
2024-03-01,3340.1,3450.0,3338.54,3433.43,412788.5773,1263130,1405295834.572694,80,Extreme Greed,188.04209257281292,0.029792385278557102,0.3596506275109656,0.027562008777578344,12.930690821497253,extreme_greed,True,0.6,0.029792385278557102,0.3596506275109656
2024-03-02,3433.42,3460.04,3390.01,3421.4,283984.9448,926113,971756920.451209,80,Extreme Greed,70.96165166285292,0.029816989541000566,0.3633600617898548,-0.0035099374748775738,12.556676504470591,extreme_greed,True,0.6,0.029816989541000566,0.3633600617898548
2024-03-03,3421.39,3491.8,3360.0,3487.81,341631.531,1116823,1172272660.98449,83,Extreme Greed,123.01863449813999,0.02851739964897066,0.32547070834063585,0.019224208049935323,12.74148804050098,extreme_greed,True,0.66,0.02851739964897066,0.32547070834063585
2024-03-04,3487.8,3640.94,3423.78,3627.76,715360.6361,1953764,2526905041.93919,82,Extreme Greed,0.0,0.02928303818624572,0.3277124247757226,0.0393413458288056,13.480542080670052,extreme_greed,True,0.64,0.02928303818624572,0.3277124247757226
2024-03-05,3627.75,3822.04,3200.0,3553.65,1392904.864,3265582,5043847679.68348,90,Extreme Greed,249.71084620774906,0.03683892712289931,0.32641923044034415,-0.020640133617123094,14.146901954665143,extreme_greed,True,0.8,0.03683892712289931,0.32641923044034415
2024-03-06,3553.66,3900.0,3499.4,3818.59,969494.71,2555462,3652250924.277737,75,Greed,247.7609685307884,0.03927055282667259,0.38894026568390433,0.0719060002353233,13.784530297229121,greed,False,0.5,0.03927055282667259,0.38894026568390433
2024-03-07,3818.58,3933.81,3735.0,3868.76,540780.675,1636716,2067607917.443709,82,Extreme Greed,75.7212173908896,0.03948336660913344,0.37991652346283344,0.013052797728649309,13.20076906897478,extreme_greed,True,0.64,0.03948336660913344,0.37991652346283344
2024-03-08,3868.76,3993.75,3820.0,3883.36,646399.2589,1657141,2534209920.005565,81,Extreme Greed,32.35114542199456,0.03971710171630756,0.37415853758783707,0.003766716011167122,13.379172639684652,extreme_greed,True,0.62,0.03971710171630756,0.37415853758783707
2024-03-09,3883.37,3942.0,3870.01,3905.21,254839.1386,819335,995823688.313553,84,Extreme Greed,88.53898806746878,0.03930720329644021,0.37045362256246356,0.005610800781601544,12.448387796064612,extreme_greed,True,0.68,0.03930720329644021,0.37045362256246356
2024-03-10,3905.2,3964.67,3791.26,3878.47,356664.68,1195480,1393415653.98342,79,Extreme Greed,88.09249759286374,0.03932814694989217,0.3775850831175854,-0.006870813084617783,12.784551347661008,extreme_greed,True,0.58,0.03932814694989217,0.3775850831175854
2024-03-11,3878.47,4086.23,3722.95,4064.8,721554.5139,1894504,2874119154.303359,82,Extreme Greed,245.86855389417815,0.0406332919938721,0.39437346502280846,0.04692379532758898,13.489163210682783,extreme_greed,True,0.64,0.0406332919938721,0.39437346502280846
2024-03-12,4064.8,4093.92,3828.98,3979.96,632787.3941,1878541,2522475873.08181,81,Extreme Greed,474.6693126287393,0.04105405845310703,0.40036792951655553,-0.021092772302799184,13.357889774409093,extreme_greed,True,0.62,0.04105405845310703,0.40036792951655553
2024-03-13,3979.97,4083.0,3932.23,4004.79,482305.7766,1536498,1933909390.302124,81,Extreme Greed,237.88685738203174,0.04094744016530054,0.3985104028211315,0.0062193756940735045,13.086333583177955,extreme_greed,True,0.62,0.04094744016530054,0.3985104028211315
2024-03-14,4004.79,4010.98,3723.0,3881.7,648237.5245,1919963,2520007951.6912,88,Extreme Greed,0.0,0.041962368540987206,0.4167236239074078,-0.031217942680779823,13.382012458325637,extreme_greed,True,0.76,0.041962368540987206,0.4167236239074078
2024-03-15,3881.69,3934.02,3570.0,3742.19,947537.4071,2487337,3513477459.320449,83,Extreme Greed,142.86727558107063,0.04370101620314886,0.4519307184305598,-0.03660220045834964,13.76162169494833,extreme_greed,True,0.66,0.04370101620314886,0.4519307184305598
2024-03-16,3742.19,3781.12,3468.8,3523.09,548288.1569,1798939,1999176881.312615,81,Extreme Greed,96.40786331704825,0.044796663738314015,0.5049590686165868,-0.06033255610742313,13.21455626148715,extreme_greed,True,0.62,0.044796663738314015,0.5049590686165868
2024-03-17,3523.09,3678.68,3412.0,3644.71,517790.9936,1721355,1843487764.621314,79,Extreme Greed,282.81238166995513,0.045405541225380014,0.5123320223064529,0.033938355810842834,13.157326952560046,extreme_greed,True,0.58,0.045405541225380014,0.5123320223064529
2024-03-18,3644.7,3645.02,3454.09,3520.46,570901.2851,1906387,2029690613.721462,77,Extreme Greed,416.50520548140327,0.045665969233396414,0.5299408151677308,-0.03468513836288729,13.254971592956998,extreme_greed,True,0.54,0.045665969233396414,0.5299408151677308
2024-03-19,3520.47,3548.09,3150.88,3158.64,1049629.6936,2647385,3474307712.276456,79,Extreme Greed,0.0,0.04670554664092818,0.6436223728421738,-0.10845010767802181,13.863947987168137,extreme_greed,True,0.58,0.04670554664092818,0.6436223728421738
2024-03-20,3158.65,3535.24,3056.56,3516.53,1207322.8201,2987953,3957251428.899041,74,Greed,932.839891934344,0.04986136536013199,0.7524916099162826,0.10733315272751459,14.00391592090611,greed,False,0.48,0.04986136536013199,0.7524916099162826
2024-03-21,3516.53,3587.32,3412.0,3492.85,602755.2072,1791989,2114084858.156535,78,Extreme Greed,0.0,0.05011968935560953,0.7472185922814379,-0.00675668606585365,13.309266435077026,extreme_greed,True,0.56,0.05011968935560953,0.7472185922814379
2024-03-22,3492.84,3542.52,3250.0,3336.35,558848.888,1747756,1891771641.019007,75,Greed,22.7032518181173,0.05136526050423976,0.7653874600495446,-0.0458406268133607,13.233634390011295,greed,False,0.5,0.05136526050423976,0.7653874600495446
2024-03-23,3336.35,3435.48,3270.08,3329.53,323675.9448,1129683,1089778379.601229,73,Greed,316.8481091501066,0.051532495615672025,0.7615521314973305,-0.0020462421704777038,12.687498123899957,greed,False,0.46,0.051532495615672025,0.7615521314973305
2024-03-24,3329.53,3471.22,3298.76,3454.98,260824.1408,1090982,879033073.031454,74,Greed,271.3783760634318,0.05132473721980811,0.7598868102246092,0.036985515601003736,12.471601669167992,greed,False,0.48,0.05132473721980811,0.7598868102246092
2024-03-25,3454.99,3666.0,3420.12,3590.42,548577.6942,1610130,1945377748.66027,75,Greed,0.0,0.04639095144462589,0.7699983305269862,0.038452518809786,13.215084197162119,greed,False,0.5,0.04639095144462589,0.7699983305269862
2024-03-26,3590.43,3678.86,3542.62,3587.33,499013.8384,1373691,1800812035.846224,81,Extreme Greed,147.05397260904633,0.04433907456429884,0.7223659098194485,-0.0008609940972833262,13.120389106613652,extreme_greed,True,0.62,0.04433907456429884,0.7223659098194485
2024-03-27,3587.32,3665.84,3460.02,3501.19,443195.3297,1436593,1576098628.307976,83,Extreme Greed,185.53622159942628,0.04447093479923534,0.7234410716735256,-0.024305282494903636,13.001765876679183,extreme_greed,True,0.66,0.04447093479923534,0.7234410716735256
2024-03-28,3501.2,3611.78,3465.0,3560.49,404654.0311,1158353,1436630524.623043,80,Extreme Greed,322.30857648185696,0.04441874914899264,0.727002476591786,0.016795265133333685,12.910787736816648,extreme_greed,True,0.6,0.04441874914899264,0.727002476591786
2024-03-29,3560.49,3584.37,3445.91,3509.74,323086.179,951744,1138548291.158387,79,Extreme Greed,246.21858346239867,0.04466415089650336,0.7268324889960056,-0.014356215181719081,12.685674374667391,extreme_greed,True,0.58,0.04466415089650336,0.7268324889960056
2024-03-30,3509.74,3565.81,3485.0,3505.64,216025.2634,750249,759625521.451892,75,Greed,149.29144984253307,0.044365421448638365,0.7269548496506557,-0.0011688605511880762,12.283150640012177,greed,False,0.5,0.044365421448638365,0.7269548496506557
2024-03-31,3505.65,3655.32,3505.09,3645.29,243464.9877,722927,878141654.345982,75,Greed,2.517150406092189,0.04293858654449279,0.7200024661482116,0.039062823229440984,12.402728423486671,greed,False,0.5,0.04293858654449279,0.7200024661482116
2024-04-01,3645.29,3645.95,3413.71,3503.8,408854.1225,1115133,1437691729.032314,79,Extreme Greed,233.56137553057573,0.04290827443423193,0.7282786430761652,-0.039587829518748986,12.921113702699373,extreme_greed,True,0.58,0.04290827443423193,0.7282786430761652
2024-04-02,3503.8,3505.6,3212.0,3278.96,623264.6476,1581408,2068004456.062823,79,Extreme Greed,0.0,0.04419908914698499,0.7566150857199793,-0.06632179487259003,13.342726503075141,extreme_greed,True,0.58,0.04419908914698499,0.7566150857199793
2024-04-03,3278.96,3367.4,3202.79,3310.83,410484.1933,1113644,1358993604.798615,71,Greed,252.7519798005216,0.043574657870835795,0.7553261323760203,0.009672614295133658,12.925092701164914,greed,False,0.42,0.043574657870835795,0.7553261323760203
2024-04-04,3310.83,3443.93,3250.92,3327.4,356338.5716,965695,1187792289.214371,70,Greed,92.17089834113868,0.04229329638724063,0.7488041029312601,0.004992305001377068,12.783636601698749,greed,False,0.4,0.04229329638724063,0.7488041029312601
2024-04-05,3327.39,3350.0,3210.0,3317.85,344556.7983,854139,1132252495.889124,79,Extreme Greed,34.11129212253356,0.04107983820747873,0.7206264820683014,-0.002874235453763564,12.750014227544119,extreme_greed,True,0.58,0.04107983820747873,0.7206264820683014
2024-04-06,3317.85,3398.42,3306.68,3351.59,183312.2125,549985,612681489.148954,75,Greed,0.0,0.039986585405320005,0.7093032203088564,0.010117877313201287,12.118946057358537,greed,False,0.5,0.039986585405320005,0.7093032203088564
2024-04-07,3351.59,3459.94,3344.08,3454.2,210459.0752,748530,715174110.573835,78,Extreme Greed,0.0,0.039593487470635055,0.7096747524584708,0.030156021824738675,12.257046496100982,extreme_greed,True,0.56,0.039593487470635055,0.7096747524584708
2024-04-08,3454.2,3730.71,3406.36,3694.61,496841.3532,1333378,1787240600.808657,76,Extreme Greed,0.0,0.038244264506653386,0.6258095917934432,0.06728411886400808,13.116026045267656,extreme_greed,True,0.52,0.038244264506653386,0.6258095917934432
2024-04-09,3694.61,3727.34,3450.46,3506.39,457592.252,1046479,1643610851.75092,80,Extreme Greed,683.8639864443106,0.03447224022422181,0.5398034733470226,-0.05228798260119764,13.033733787086199,extreme_greed,True,0.6,0.03447224022422181,0.5398034733470226
2024-04-10,3506.4,3562.95,3411.82,3545.64,389404.9055,915957,1361401195.431785,78,Extreme Greed,1.8103974396679168,0.034306511064948246,0.5406311914788979,0.01113166146509165,12.872374969426918,extreme_greed,True,0.56,0.034306511064948246,0.5406311914788979
2024-04-11,3545.64,3618.3,3474.52,3502.52,338139.5534,890107,1197654094.446207,76,Extreme Greed,14.34863125994346,0.03275118483105612,0.5147617409786296,-0.012235970235867036,12.731213969135368,extreme_greed,True,0.52,0.03275118483105612,0.5147617409786296
2024-04-12,3502.52,3552.4,3100.0,3237.43,697327.1174,1423600,2328197177.420495,79,Extreme Greed,0.0,0.0369238665328336,0.590019438482064,-0.07870290424943296,13.45500990159678,extreme_greed,True,0.58,0.0369238665328336,0.590019438482064
2024-04-13,3237.42,3301.9,2852.0,3007.01,994971.2354,2037632,3066250202.835826,72,Greed,0.0,0.0412730633130099,0.6245121702267848,-0.07383357559576002,13.810469106577123,greed,False,0.44,0.0412730633130099,0.6245121702267848
2024-04-14,3007.01,3174.23,2906.73,3155.11,737580.4666,1680666,2244354713.135616,72,Greed,589.3871516843932,0.04190839312527607,0.6346435910914765,0.0480771311040579,13.511130468498585,greed,False,0.44,0.04190839312527607,0.6346435910914765
2024-04-15,3155.11,3277.85,3023.19,3101.99,605430.8863,1540774,1911310147.230663,74,Greed,0.0,0.04299520244626467,0.6353354507824784,-0.016979519656058945,13.313695692273006,greed,False,0.48,0.04299520244626467,0.6353354507824784
2024-04-16,3102.0,3128.01,2986.0,3084.22,526113.855,1461779,1610290812.173095,65,Greed,0.44161772200932464,0.04274698930716871,0.6321421317753873,-0.00574505193835904,13.173272922669602,greed,False,0.3,0.04274698930716871,0.6321421317753873
2024-04-17,3084.21,3123.75,2914.47,2985.41,491897.5661,1348404,1483253378.358158,67,Greed,308.1110464779192,0.0433933930570205,0.6324621322361962,-0.032561698237881825,13.106025774814288,greed,False,0.34,0.0433933930570205,0.6324621322361962
2024-04-18,2985.41,3094.4,2950.98,3064.4,389060.7133,1168254,1177977125.358139,57,Greed,354.4601845401645,0.04353864584281194,0.6439639972105997,0.02611470081424689,12.871490685743435,greed,False,0.14,0.04353864584281194,0.6439639972105997
2024-04-19,3064.4,3128.89,2865.18,3056.46,607850.4019,1465901,1843119282.769549,66,Greed,289.0831017683996,0.04501044310745422,0.6438189824688745,-0.0025944081235797613,13.317684081166579,greed,False,0.32,0.04501044310745422,0.6438189824688745
2024-04-20,3056.45,3171.88,3018.75,3155.79,242577.6371,812118,749727918.396258,66,Greed,0.0,0.045147891671686056,0.6375807954995587,0.03198147730884544,12.399077091111334,greed,False,0.32,0.045147891671686056,0.6375807954995587
2024-04-21,3155.79,3197.18,3116.49,3147.67,219970.5072,767260,694988777.191024,72,Greed,0.0,0.04440715068256392,0.6260841666475256,-0.002576364248040842,12.301248758166079,greed,False,0.44,0.04440715068256392,0.6260841666475256
2024-04-22,3147.66,3235.0,3129.15,3200.2,290879.9569,993579,928957385.38023,73,Greed,111.83466774433091,0.04305791803566994,0.5869432123119269,0.016550811254883464,12.580665941800174,greed,False,0.46,0.04305791803566994,0.5869432123119269
2024-04-23,3200.19,3263.61,3152.0,3219.46,253914.2263,844893,813798516.320386,71,Greed,146.4998395075968,0.04278459264898345,0.5861839349887662,0.006000335776795954,12.444751797237698,greed,False,0.42,0.04278459264898345,0.5861839349887662
2024-04-24,3219.46,3293.56,3104.9,3140.8,393314.3414,1130370,1261617674.785295,72,Greed,229.30537150375102,0.042816845801861604,0.591360222967511,-0.024736099089373503,12.88236442203173,greed,False,0.44,0.042816845801861604,0.591360222967511
2024-04-25,3140.79,3191.64,3072.2,3155.8,352288.5502,861077,1104939534.274997,72,Greed,16.15552183684393,0.0427393515156085,0.591983482605465,0.004764485079372048,12.772205863659263,greed,False,0.44,0.0427393515156085,0.591983482605465
2024-04-26,3155.81,3167.7,3102.0,3131.3,252522.655,628635,792255507.862558,70,Greed,129.8623813933431,0.04267397842024637,0.5903303762307553,-0.007793775832009595,12.439256246444982,greed,False,0.4,0.04267397842024637,0.5903303762307553
2024-04-27,3131.3,3285.0,3066.74,3255.56,323811.1919,734026,1027413859.249457,67,Greed,75.41100983762242,0.04342107190310955,0.5977074142861312,0.03891605008616172,12.687915883865525,greed,False,0.34,0.04342107190310955,0.5977074142861312
2024-04-28,3255.55,3357.4,3250.45,3263.45,304766.009,753239,1006628332.290045,65,Greed,0.0,0.04189394336083163,0.5379611575059956,0.0024206141277699957,12.627299577547047,greed,False,0.3,0.04189394336083163,0.5379611575059956
2024-04-29,3263.44,3286.95,3115.13,3216.73,421831.2912,943719,1345237182.553429,67,Greed,0.0,0.04122672236587582,0.5110572719117551,-0.014419602393225955,12.952360729197009,greed,False,0.34,0.04122672236587582,0.5110572719117551
2024-04-30,3216.74,3250.95,2921.0,3014.05,561717.4866,1292873,1710124473.495703,67,Greed,41.02446575937759,0.04327024339294351,0.5505858134775746,-0.06508062629125812,13.23875430960084,greed,False,0.34,0.04327024339294351,0.5505858134775746
2024-05-01,3014.04,3023.24,2817.0,2972.46,624963.7773,1365039,1827523436.860293,54,Neutral,0.0,0.043962423935881324,0.5507816698858841,-0.013894796510902776,13.345448970719007,neutral,False,0.08,0.043962423935881324,0.5507816698858841
2024-05-02,2972.46,3016.72,2893.26,2986.19,365939.7191,880167,1084862887.847943,43,Fear,275.9617895259132,0.040367630505063805,0.48478565370160465,0.00460843456132662,12.810223896906086,fear,False,-0.14,0.040367630505063805,0.48478565370160465
2024-05-03,2986.19,3126.99,2958.32,3102.61,355825.8391,859542,1081409861.154123,48,Neutral,0.0,0.036028704556636156,0.4310365063180209,0.038245365378809904,12.782196674117737,neutral,False,-0.04,0.036028704556636156,0.4310365063180209
2024-05-04,3102.61,3168.0,3092.85,3117.23,196263.9488,575026,613297368.100618,67,Greed,0.0,0.03418615464549583,0.394945339180017,0.004701094216412664,12.187215709806726,greed,False,0.34,0.03418615464549583,0.394945339180017
2024-05-05,3117.24,3171.93,3072.99,3136.41,218760.2662,600693,684143592.814579,69,Greed,194.7511411169665,0.0326932428293715,0.3907339770996181,0.006134046775861456,12.295731734318627,greed,False,0.38,0.0326932428293715,0.3907339770996181
2024-05-06,3136.4,3221.4,3046.35,3062.6,355135.3027,873200,1111315631.576414,71,Greed,201.84735692288228,0.03295774797045378,0.39975645817711475,-0.023814605339407262,12.780254130210498,greed,False,0.42,0.03295774797045378,0.39975645817711475
2024-05-07,3062.59,3129.85,2998.0,3005.69,298796.6829,815246,917252045.688203,68,Greed,0.0,0.03213871253667263,0.3878292685444221,-0.018757069465325283,12.607518630773555,greed,False,0.36,0.03213871253667263,0.3878292685444221
2024-05-08,3005.69,3038.15,2936.48,2974.21,266934.8125,830635,800460076.635667,64,Greed,0.0,0.031830410718723515,0.377193869828169,-0.010528701418179225,12.494759759633352,greed,False,0.28,0.031830410718723515,0.377193869828169
2024-05-09,2974.2,3059.0,2950.77,3036.23,238561.7462,686147,715090822.076205,55,Greed,209.6103397951383,0.02994616247481936,0.38522426300492096,0.0206381567242151,12.382383449723621,neutral,False,0.1,0.02994616247481936,0.38522426300492096
2024-05-10,3036.24,3053.89,2878.03,2909.99,327855.8758,891040,972264869.49205,66,Greed,203.03159697081114,0.030266407003877074,0.3929631147640375,-0.0424669694883011,12.700329387751692,greed,False,0.32,0.030266407003877074,0.3929631147640375
2024-05-11,2909.98,2945.67,2886.46,2912.45,138163.1087,466357,402989065.566229,53,Neutral,81.59044597091842,0.03019449579423438,0.3933213050976894,0.0008450066111037531,11.836190213291221,neutral,False,0.06,0.03019449579423438,0.3933213050976894
2024-05-12,2912.45,2955.2,2901.17,2929.29,107670.6323,367990,315212004.622529,56,Greed,94.1932377513523,0.02996480232089948,0.38771275725709375,0.0057654214829464265,11.586832145366124,greed,False,0.12,0.02996480232089948,0.38771275725709375
2024-05-13,2929.3,2996.4,2864.76,2950.99,368664.7648,925017,1083553488.623212,57,Greed,87.91820670473359,0.030206849052741184,0.38823551882589474,0.007380634427828049,12.817643013612658,greed,False,0.14,0.030206849052741184,0.38823551882589474
2024-05-14,2950.99,2960.6,2862.0,2881.93,269675.3037,617845,783471918.254666,66,Greed,250.4288249057737,0.029502446661073607,0.38751790312823703,-0.023680498679313364,12.504973935413386,greed,False,0.32,0.029502446661073607,0.38751790312823703
2024-05-15,2881.93,3041.36,2863.75,3032.55,350254.3188,760817,1036063008.59966,64,Greed,199.57247058785103,0.030157187645228956,0.43375629897496104,0.05094364115236379,12.766414794744216,greed,False,0.28,0.030157187645228956,0.43375629897496104
2024-05-16,3032.55,3041.24,2922.8,2944.7,293874.1513,575271,876706595.658027,70,Greed,287.9772350333343,0.0304957438678543,0.444240536918593,-0.029396905403768096,12.590906897875632,greed,False,0.4,0.0304957438678543,0.444240536918593
2024-05-17,2944.7,3120.0,2933.06,3092.01,357724.7731,754274,1088374622.991193,74,Greed,197.0756600522333,0.03022572870899266,0.4578306240041276,0.048814420530057585,12.787519179488621,greed,False,0.48,0.03022572870899266,0.4578306240041276
2024-05-18,3092.0,3146.98,3083.61,3122.94,199976.5456,527531,622730956.337748,73,Greed,0.0,0.03003593132187239,0.459698282359864,0.009953500947915903,12.205955366653274,greed,False,0.46,0.03003593132187239,0.459698282359864
2024-05-19,3122.94,3136.64,3053.38,3071.19,166145.0102,470419,513790068.69183,72,Greed,85.31599200794895,0.02938072125107172,0.4605767015373927,-0.016709757177628334,12.020616241432887,greed,False,0.44,0.02938072125107172,0.4605767015373927
2024-05-20,3071.2,3694.0,3047.67,3661.78,847107.8828,2226153,2853349713.672701,70,Greed,45.2047861234353,0.03638372780481787,0.7365772518486535,0.1758842593438205,13.649583336007321,greed,False,0.4,0.03638372780481787,0.7365772518486535
2024-05-21,3661.79,3841.54,3624.28,3789.6,952437.2694,2204702,3557244460.363258,76,Extreme Greed,0.0,0.0359842546572064,0.7359431281992478,0.034311104640699,13.766779524916563,extreme_greed,True,0.52,0.0359842546572064,0.7359431281992478
2024-05-22,3789.59,3813.69,3653.15,3737.73,574938.3099,1339940,2151256432.12026,76,Extreme Greed,341.8872890172818,0.03601019178430327,0.741316097709739,-0.013781997342475151,13.262018026893378,extreme_greed,True,0.52,0.03601019178430327,0.741316097709739
2024-05-23,3737.72,3949.29,3498.0,3783.61,1127866.076,2682768,4283549690.441181,76,Extreme Greed,178.55142938213257,0.038817825239533865,0.7344577534402095,0.012200105053972432,13.935837977041185,extreme_greed,True,0.52,0.038817825239533865,0.7344577534402095
2024-05-24,3783.6,3829.61,3626.1,3728.28,479418.4318,1159074,1782983862.212967,74,Greed,282.932806216296,0.03937259688065146,0.7395116230408375,-0.014731579039831756,13.080329047886217,greed,False,0.48,0.03937259688065146,0.7395116230408375
2024-05-25,3728.28,3779.43,3709.03,3749.26,158711.8992,503711,594438275.805137,76,Extreme Greed,75.9658879651874,0.03922330414903961,0.7395403413529845,0.0056114858771316835,11.974845882909749,extreme_greed,True,0.52,0.03922330414903961,0.7395403413529845
2024-05-26,3749.25,3884.2,3731.17,3826.47,292208.2937,697286,1115661431.007397,75,Greed,0.0,0.0388755523450239,0.7301716948444901,0.02038421999818265,12.58522216153727,greed,False,0.5,0.0388755523450239,0.7301716948444901
2024-05-27,3826.47,3977.0,3823.37,3894.22,363717.6473,971964,1424169372.465946,74,Greed,0.0,0.03880581324508287,0.7217841436877068,0.017550695354859168,12.80413315138167,greed,False,0.48,0.03880581324508287,0.7217841436877068
2024-05-28,3894.21,3931.09,3773.9,3844.69,416249.8344,941338,1605074794.248354,72,Greed,103.86552923632358,0.03892338153146512,0.7228085309749409,-0.012800427009197146,12.939040922438874,greed,False,0.44,0.03892338153146512,0.7228085309749409
2024-05-29,3844.69,3888.55,3742.59,3767.43,334759.6348,883401,1274087642.072243,72,Greed,164.12602866571552,0.03896184781529484,0.7315024848176139,-0.020299904134328608,12.7211680452154,greed,False,0.44,0.03896184781529484,0.7315024848176139
2024-05-30,3767.44,3825.35,3702.58,3747.91,277034.2894,765716,1042146006.39132,73,Greed,30.674130329994483,0.03838981236447951,0.7070688117569427,-0.005194720104684686,12.531896565955972,greed,False,0.46,0.03838981236447951,0.7070688117569427
2024-05-31,3747.9,3849.94,3723.75,3762.29,273406.766,680329,1032174005.216676,73,Greed,183.6236138627121,0.03855348514963399,0.706486927032509,0.0038294632828156368,12.5187159505883,greed,False,0.46,0.03855348514963399,0.706486927032509
2024-06-01,3762.29,3833.3,3752.67,3815.82,132687.2006,399377,503500622.837856,72,Greed,149.75042306641149,0.038579539251620575,0.7060057277620396,0.014127768098339709,11.795749762013486,greed,False,0.44,0.038579539251620575,0.7060057277620396
2024-06-02,3815.82,3838.59,3752.62,3780.91,210295.4407,579563,798100737.663757,73,Greed,203.10879116979575,0.038226082870448666,0.7102612222457593,-0.00919086126335398,12.256268681474797,greed,False,0.46,0.038226082870448666,0.7102612222457593
2024-06-03,3780.92,3849.99,3758.43,3767.06,248848.702,648868,946239636.296371,73,Greed,179.49244392192747,0.03809188169923392,0.7002636675047638,-0.003669865021776319,12.424600368279526,greed,False,0.46,0.03809188169923392,0.7002636675047638
2024-06-04,3767.07,3831.65,3730.0,3810.23,232063.7468,568514,878533930.59989,73,Greed,106.81445812381526,0.037399634374118404,0.6860625733528058,0.011394698393577755,12.354767383595549,greed,False,0.46,0.037399634374118404,0.6860625733528058
2024-06-05,3810.23,3887.47,3777.33,3865.99,273738.6035,645836,1046373693.422429,75,Greed,0.0,0.03721791781499766,0.668909903034368,0.014528239359286061,12.519928928196023,greed,False,0.5,0.03721791781499766,0.668909903034368
2024-06-06,3866.0,3878.6,3760.0,3813.46,237504.1905,525050,910751773.181592,78,Extreme Greed,216.65581072505606,0.036520134306334544,0.6620361559362138,-0.013680880614828679,12.377940546511702,extreme_greed,True,0.56,0.036520134306334544,0.6620361559362138
2024-06-07,3813.47,3841.39,3600.0,3678.32,362223.3594,894006,1352307567.238349,77,Extreme Greed,0.0,0.037446185589719926,0.6823805441443026,-0.03608078731115959,12.800016315449597,extreme_greed,True,0.54,0.037446185589719926,0.6823805441443026
2024-06-08,3678.31,3709.5,3660.08,3681.57,140550.8394,364485,518118534.039922,72,Greed,33.10750171617254,0.037314990729056044,0.6767020841390651,0.000883165430799822,11.853324548568711,greed,False,0.44,0.037314990729056044,0.6767020841390651
2024-06-09,3681.58,3721.52,3666.36,3706.4,103451.102,287960,381854484.95566,75,Greed,82.67522127735741,0.02700613504309977,0.2644236528857936,0.006721763485567489,11.546854335606078,greed,False,0.5,0.02700613504309977,0.2644236528857936
2024-06-10,3706.4,3713.67,3642.74,3667.85,156363.1846,391165,575211243.30527,72,Greed,72.28425183508574,0.025979151989859905,0.23483140198651928,-0.010455395782558196,11.959936686801045,greed,False,0.44,0.025979151989859905,0.23483140198651928
2024-06-11,3667.85,3673.0,3432.0,3497.33,439568.5978,1036229,1552225947.171155,74,Greed,0.0,0.026918747809337028,0.2836572319549467,-0.0476058391088094,12.993549065384126,greed,False,0.48,0.026918747809337028,0.2836572319549467
2024-06-12,3497.33,3659.01,3462.07,3560.12,387043.774,850527,1384558593.85822,72,Greed,475.36796727304016,0.022677804770421472,0.2883738543143853,0.017794431932076193,12.86629307672645,greed,False,0.44,0.022677804770421472,0.2883738543143853
2024-06-13,3560.13,3561.65,3428.0,3469.4,300230.8299,696369,1048214494.75108,70,Greed,49.33396858816037,0.022065613193226738,0.2968871498773971,-0.02581258381583872,12.612306890776521,greed,False,0.4,0.022065613193226738,0.2968871498773971
2024-06-14,3469.4,3532.61,3362.26,3481.8,322316.4214,746613,1116570671.848945,74,Greed,117.89928766396822,0.02290341265876257,0.29613395377053053,0.003567733097309177,12.683289017172669,greed,False,0.48,0.02290341265876257,0.29613395377053053
2024-06-15,3481.8,3594.39,3473.1,3568.74,246649.5894,500773,873576137.27908,74,Greed,0.0,0.022730588758174058,0.30109758949526694,0.024663190874200495,12.415723941953424,greed,False,0.48,0.022730588758174058,0.30109758949526694
2024-06-16,3568.75,3653.79,3541.05,3624.41,149839.982,417858,537492821.643428,71,Greed,0.0,0.02250346100831158,0.29926194298047487,0.015478924122645602,11.917323216989827,greed,False,0.42,0.02250346100831158,0.29926194298047487
2024-06-17,3624.41,3638.37,3463.39,3511.46,337805.6402,774085,1196162530.919053,71,Greed,118.09680020934945,0.02280753997192534,0.31408078854387567,-0.031659611030654206,12.730225980078494,greed,False,0.42,0.02280753997192534,0.31408078854387567
2024-06-18,3511.47,3517.2,3355.0,3483.42,449913.3014,1062807,1541798882.411695,74,Greed,0.0,0.023108155994007038,0.30888602838986784,-0.008017335592698611,13.01681017962894,greed,False,0.48,0.023108155994007038,0.30888602838986784
2024-06-19,3483.42,3590.01,3465.65,3560.51,321500.0027,712501,1138419054.652927,64,Greed,0.0,0.023177830460989545,0.32208167241486674,0.02188922321442301,12.680752831057944,greed,False,0.28,0.023177830460989545,0.32208167241486674
2024-06-20,3560.51,3625.96,3486.0,3513.08,329117.8453,743896,1170597741.257869,60,Greed,184.0693456653866,0.0233479470900078,0.3233534036585759,-0.013410647446931425,12.704171158013141,greed,False,0.2,0.0233479470900078,0.3233534036585759
2024-06-21,3513.08,3547.55,3446.82,3518.5,342155.102,746361,1197095546.233963,63,Greed,0.0,0.023493403912959007,0.3173209492062093,0.0015416168410010394,12.743019427857952,greed,False,0.26,0.023493403912959007,0.3173209492062093
2024-06-22,3518.5,3521.19,3475.09,3495.75,115774.6157,315684,405045499.421582,53,Neutral,69.32484195456509,0.02336278379562607,0.3168854716202614,-0.006486817485643583,11.659400611973977,neutral,False,0.06,0.02336278379562607,0.3168854716202614
2024-06-23,3495.76,3521.45,3406.38,3420.91,133411.4304,338679,463204539.05644,55,Greed,60.798589840779904,0.023564313710267952,0.3230576314525431,-0.021641347386467055,11.80119309395032,neutral,False,0.1,0.023564313710267952,0.3230576314525431
2024-06-24,3420.91,3435.76,3240.0,3352.73,543370.4229,1222789,1807046957.965219,51,Neutral,0.0,0.02458259347418701,0.3214498526864864,-0.020131658213640387,13.205546544791158,neutral,False,0.02,0.02458259347418701,0.3214498526864864
2024-06-25,3352.74,3430.88,3336.76,3394.91,240036.2236,654302,812730026.8442,30,Fear,151.14309271943307,0.024563404157692894,0.31977689188217506,0.012502311747657655,12.388545122601757,fear,False,-0.4,0.024563404157692894,0.31977689188217506
2024-06-26,3394.91,3426.75,3325.01,3371.44,206949.3418,518727,699375819.276128,46,Fear,233.44308443052907,0.02454282557310929,0.31866156349084196,-0.006937298285359013,12.240229316693444,neutral,False,-0.08,0.02454282557310929,0.31866156349084196
2024-06-27,3371.77,3477.0,3361.74,3450.44,201041.6609,530697,687897292.145414,40,Fear,12.619430740306028,0.023385581801570875,0.31424008712792956,0.02316180634208464,12.21126743372334,fear,False,-0.2,0.023385581801570875,0.31424008712792956
2024-06-28,3450.44,3487.7,3365.22,3380.15,221634.3435,934561,760116781.029508,47,Neutral,298.21043193001094,0.023805221051975016,0.31973201395599343,-0.020581671934651647,12.308784201540295,neutral,False,-0.06,0.023805221051975016,0.31973201395599343
2024-06-29,3380.15,3408.32,3371.86,3378.8,88329.7651,365755,299468173.245718,30,Fear,38.211099943408975,0.02376453598406276,0.3174759912313024,-0.000399470337242364,11.388832420390006,fear,False,-0.4,0.02376453598406276,0.3174759912313024
2024-06-30,3378.8,3460.0,3352.66,3438.16,141221.6185,557070,480491273.121482,47,Neutral,43.08513079043009,0.023999105228963,0.32599035380092456,0.017415827691843896,11.858085697845903,neutral,False,-0.06,0.023999105228963,0.32599035380092456
2024-07-01,3438.16,3524.94,3423.78,3442.2,224273.2122,854102,780112100.208223,53,Neutral,0.0,0.022543044219345755,0.2807765524374022,0.0011743572906945748,12.320620284932106,neutral,False,0.06,0.022543044219345755,0.2807765524374022
2024-07-02,3442.2,3464.12,3402.0,3421.35,137932.7014,623720,473853655.522322,51,Neutral,0.0,0.021421794713427228,0.27247843285185397,-0.006075591825215269,11.834521174174666,neutral,False,0.02,0.021421794713427228,0.27247843285185397
2024-07-03,3421.35,3432.1,3251.0,3295.48,310408.451,1378502,1031040642.948245,50,Neutral,0.0,0.02203425805379203,0.28868047144312536,-0.03748337741811465,12.64564429308037,neutral,False,0.0,0.02203425805379203,0.28868047144312536
2024-07-04,3295.49,3313.45,3050.34,3059.7,450402.5692,1898898,1425360058.279399,44,Fear,0.0,0.02376773915248509,0.38332392580100316,-0.07423496066796823,13.017897060054226,fear,False,-0.12,0.02376773915248509,0.38332392580100316
2024-07-05,3059.7,3110.0,2810.0,2981.78,886994.3753,2967124,2602693094.463384,29,Fear,0.0,0.027004026335938198,0.37061868019090277,-0.025796434310749378,13.695593920008928,fear,False,-0.42,0.027004026335938198,0.37061868019090277
2024-07-06,2981.79,3081.78,2955.06,3066.83,214487.9713,1055462,646245038.475145,26,Fear,201.5013248578452,0.02726346948641126,0.38415969686912294,0.02812401720644482,12.27600893792231,fear,False,-0.48,0.02726346948641126,0.38415969686912294
2024-07-07,3066.83,3073.08,2922.24,2931.0,179892.7612,878707,538755029.459879,29,Fear,299.0480103451674,0.027297777227247806,0.3979410036102889,-0.04530079310938496,12.100116181219109,fear,False,-0.42,0.027297777227247806,0.3979410036102889
2024-07-08,2930.99,3097.06,2822.8,3019.01,500445.0105,2222940,1484924133.828654,28,Fear,308.48258628026053,0.02932607117936811,0.42093634865918467,0.029585301345544966,13.123253002570488,fear,False,-0.44,0.02932607117936811,0.42093634865918467
2024-07-09,3019.01,3115.2,3004.0,3066.65,280358.1424,1377129,859567747.663927,27,Fear,24.864182540325668,0.02935014303255971,0.41578271421098967,0.015656797515207238,12.54382314482544,fear,False,-0.46,0.02935014303255971,0.41578271421098967
2024-07-10,3066.65,3151.51,3024.0,3101.05,270827.0844,1296218,839730659.372952,28,Fear,170.9546773704258,0.029398108787994384,0.4202442038234414,0.011155003229838744,12.50923583126712,fear,False,-0.44,0.029398108787994384,0.4202442038234414
2024-07-11,3101.06,3217.24,3054.76,3099.57,289229.32,1413031,907129989.222096,29,Fear,104.39517203788232,0.02996192476907587,0.41980939141014806,-0.00047737162674238903,12.574975147253689,fear,False,-0.42,0.02996192476907587,0.41980939141014806
2024-07-12,3099.57,3157.89,3045.58,3133.88,185745.1825,1094915,575599522.850663,25,Extreme Fear,202.5232066353176,0.030302369496676956,0.4242968220076165,0.011008461282564313,12.132131026846638,extreme_fear,True,-0.5,0.030302369496676956,0.4242968220076165
2024-07-13,3133.89,3201.8,3113.37,3175.93,119302.4769,591291,376336968.783293,25,Extreme Fear,0.0,0.030207198792840173,0.4247701091501602,0.013328649364562585,11.689417369815159,extreme_fear,True,-0.5,0.030207198792840173,0.4247701091501602
2024-07-14,3175.93,3268.72,3163.67,3245.08,165430.7716,792858,530204017.169411,33,Fear,0.0,0.029489890675989047,0.42914218576881596,0.021539500325223178,12.016308087798611,fear,False,-0.34,0.029489890675989047,0.42914218576881596
2024-07-15,3245.2,3493.63,3233.22,3483.39,314296.8452,1617276,1058747637.288266,52,Neutral,0.0,0.03104691161883929,0.4989634670354221,0.0708659543880182,12.658093185191534,neutral,False,0.04,0.03104691161883929,0.4989634670354221
2024-07-16,3483.2,3498.59,3346.55,3444.13,376128.7869,1636557,1291412549.937766,65,Greed,251.51474108199432,0.03135487275587943,0.5001674094471055,-0.011334624893841374,12.837686882077076,greed,False,0.3,0.03135487275587943,0.5001674094471055
2024-07-17,3444.14,3517.0,3376.0,3387.05,297812.5162,1285615,1029558208.636794,69,Greed,258.83879732450475,0.031509133461189026,0.4968200746020118,-0.016711996605915814,12.6042194272273,greed,False,0.38,0.031509133461189026,0.4968200746020118
2024-07-18,3387.05,3489.98,3367.2,3426.5,241950.3457,1165443,829503482.767012,61,Greed,261.9317806833074,0.03151047099820627,0.49304704334862615,0.011579995990526091,12.396487801028048,greed,False,0.22,0.03151047099820627,0.49304704334862615
2024-07-19,3426.49,3540.27,3377.0,3503.53,299511.6422,1262244,1034724329.319296,60,Greed,220.65749535128924,0.03210959322121268,0.4988989077306835,0.02223169961375485,12.60990856790234,greed,False,0.2,0.03210959322121268,0.4988989077306835
2024-07-20,3503.53,3539.65,3480.0,3517.5,147510.8165,667108,516504071.765199,74,Greed,71.59828353963292,0.03191119792244236,0.49559417448362014,0.003979478348910874,11.901656784276726,greed,False,0.48,0.03191119792244236,0.49559417448362014
2024-07-21,3517.5,3547.0,3411.4,3535.92,218890.9656,961322,764360242.601174,74,Greed,85.56005848044649,0.03210038337556569,0.4958061456962578,0.005223010078664497,12.296329010845636,greed,False,0.48,0.03210038337556569,0.4958061456962578
2024-07-22,3535.93,3562.82,3422.34,3439.6,207859.5043,1069762,724117324.169122,70,Greed,303.8135697266489,0.03246095051312568,0.505876164782564,-0.027618334530467182,12.244617670361354,greed,False,0.4,0.03246095051312568,0.505876164782564
2024-07-23,3439.61,3541.0,3389.0,3482.51,500568.7811,1617621,1737977523.022786,71,Greed,229.52310440819988,0.0321781276337812,0.48714743660058785,0.012398112613455527,13.123500293070718,greed,False,0.42,0.0321781276337812,0.48714743660058785
2024-07-24,3482.51,3487.82,3300.0,3335.81,275479.0506,980283,940244066.497797,69,Greed,3.539538738355619,0.031100506366350013,0.43111342667608815,-0.043037769729975965,12.526266863304503,greed,False,0.38,0.031100506366350013,0.43111342667608815
2024-07-25,3335.82,3342.5,3087.53,3175.48,494282.6398,2011527,1570457188.18384,68,Greed,0.0,0.02992024116532443,0.45992989905930154,-0.049256726417778035,13.110862777901445,greed,False,0.36,0.02992024116532443,0.45992989905930154
2024-07-26,3175.47,3286.36,3171.0,3274.61,260237.4641,1169246,844064770.724818,68,Greed,185.28515034455168,0.02977337711977339,0.461903606250717,0.03073997600638479,12.469349816633109,greed,False,0.36,0.02977337711977339,0.461903606250717
2024-07-27,3274.6,3327.59,3191.01,3249.01,231991.9037,1076809,757931406.545815,72,Greed,165.9745208704874,0.029537254900015162,0.42751287730384796,-0.007848443474350228,12.354457752194675,greed,False,0.44,0.029537254900015162,0.42751287730384796
2024-07-28,3249.0,3284.3,3198.11,3270.16,103529.8329,682428,336422802.722383,71,Greed,186.49690411213504,0.027021366696468294,0.41775380728821965,0.006488578823412967,11.547615090733936,greed,False,0.42,0.027021366696468294,0.41775380728821965
2024-07-29,3270.16,3396.77,3258.0,3317.66,318471.5055,1484898,1061016180.078098,74,Greed,0.0,0.027160699555152643,0.41731901483002815,0.014420801773655689,12.671288285313974,greed,False,0.48,0.027160699555152643,0.41731901483002815
2024-07-30,3317.66,3366.4,3233.18,3279.21,197277.1641,1183239,652703227.796507,67,Greed,209.90088284877137,0.027135646640846618,0.4199313812148236,-0.01165717542179405,12.19236494329485,greed,False,0.34,0.027135646640846618,0.4199313812148236
2024-07-31,3279.2,3350.0,3213.75,3232.74,233711.3352,1337992,769347274.945988,61,Greed,277.90591428015,0.02681423540130862,0.42418978329960955,-0.014272464880157914,12.36184202255995,greed,False,0.22,0.02681423540130862,0.42418978329960955
2024-08-01,3232.74,3242.57,3080.02,3203.4,323285.6105,1835455,1020921619.452479,52,Neutral,0.0,0.027259029749770177,0.42460152078186875,-0.009117329095398752,12.686291454526284,neutral,False,0.04,0.027259029749770177,0.42460152078186875
2024-08-02,3203.4,3218.6,2967.0,2989.61,385704.0395,2104725,1185594927.514843,57,Greed,180.26777728286672,0.029127049919888494,0.48897776862009745,-0.06906980163942816,12.862825617307148,greed,False,0.14,0.029127049919888494,0.48897776862009745
2024-08-03,2989.61,3018.02,2859.0,2903.64,344595.3157,1798017,1013020792.752083,37,Fear,0.0,0.02969815014003262,0.4883285026430484,-0.02917782177676601,12.750126009541903,fear,False,-0.26,0.02969815014003262,0.4883285026430484
2024-08-04,2903.65,2935.46,2630.0,2688.92,512064.2612,2184760,1426784556.442743,34,Fear,0.0,0.0314881313446386,0.4624886492496538,-0.07682549632844399,13.146205406302155,fear,False,-0.32,0.0314881313446386,0.4624886492496538
2024-08-05,2688.91,2697.44,2111.0,2419.59,2670604.1003,7064159,6243689817.192618,26,Fear,0.0,0.04516221187633114,0.5671859729709788,-0.10554152167987006,14.797815259578684,fear,False,-0.48,0.04516221187633114,0.5671859729709788
2024-08-06,2419.76,2556.23,2414.19,2461.33,642283.8038,2870150,1601879002.769123,17,Extreme Fear,158.80473336973301,0.04547938567177776,0.5804763280375081,0.017103749924450695,13.37278554698525,extreme_fear,True,-0.66,0.04547938567177776,0.5804763280375081
2024-08-07,2461.33,2551.32,2309.04,2342.8,630115.4228,2370148,1537271441.495759,29,Fear,320.9414524473848,0.04716761473748952,0.5824240496349543,-0.049355059018510734,13.353658292380318,fear,False,-0.42,0.04716761473748952,0.5824240496349543
2024-08-08,2342.79,2724.1,2320.4,2682.5,586502.8754,2112663,1474101815.469424,20,Extreme Fear,569.4704860975147,0.0514640335413863,0.7901899530712522,0.13540240028922618,13.281932849706445,extreme_fear,True,-0.6,0.0514640335413863,0.7901899530712522
2024-08-09,2682.5,2707.98,2552.61,2598.78,406739.9611,1710060,1069628608.098305,48,Neutral,254.36915339391658,0.052022085989134624,0.7899626335493847,-0.0317070913877183,12.91592934401457,neutral,False,-0.04,0.052022085989134624,0.7899626335493847
2024-08-10,2598.79,2644.7,2576.49,2609.92,171012.3619,758863,446695039.692734,40,Fear,133.2572058571465,0.051876871344581986,0.7896465038664712,0.004277465388845785,12.049491124684735,fear,False,-0.2,0.051876871344581986,0.7896465038664712
2024-08-11,2609.92,2720.0,2540.0,2555.38,297098.9145,1217650,780682452.75452,39,Fear,116.2806975904577,0.052407683384851037,0.7886252813225438,-0.021118628942741847,12.601820407792056,fear,False,-0.22,0.052407683384851037,0.7886252813225438
2024-08-12,2555.38,2750.0,2510.05,2722.3,483414.2506,1915621,1275788778.660518,25,Extreme Fear,550.8091271017818,0.053499240342147904,0.8314629070242919,0.06327617065377597,13.088629226750797,extreme_fear,True,-0.5,0.053499240342147904,0.8314629070242919
2024-08-13,2722.3,2738.4,2611.37,2702.44,325668.6964,1547949,872886595.988518,31,Fear,280.4361142995096,0.05336288923005133,0.8235867938757334,-0.007322042615237078,12.693635874886006,fear,False,-0.38,0.05336288923005133,0.8235867938757334
2024-08-14,2702.44,2780.0,2632.2,2661.45,338808.7141,1503315,914805683.898244,30,Fear,236.98202072325628,0.052800372145494774,0.8111326959481095,-0.015283981564079844,12.733190961913332,fear,False,-0.4,0.052800372145494774,0.8111326959481095
2024-08-15,2661.45,2675.6,2515.71,2569.89,356546.8059,1761529,927491377.061398,29,Fear,0.0,0.05322897238237316,0.8021174920699524,-0.035007990620865556,12.78422080306546,fear,False,-0.42,0.05322897238237316,0.8021174920699524
2024-08-16,2569.9,2630.97,2550.04,2592.73,270684.1373,1602311,702631292.534931,27,Fear,180.29792798162143,0.05309661719418399,0.8054784692018729,0.008848278205884167,12.508707875067536,fear,False,-0.46,0.05309661719418399,0.8054784692018729
2024-08-17,2592.72,2629.69,2587.5,2614.51,89348.676,543278,232787181.525924,25,Extreme Fear,95.0744624914864,0.05302088757611119,0.8060549712557598,0.008365324821256171,11.40030170234684,extreme_fear,True,-0.5,0.05302088757611119,0.8060549712557598
2024-08-18,2614.51,2689.16,2594.53,2612.15,174074.0585,836384,459975824.154323,31,Fear,18.557733484039776,0.05294319322295248,0.8014198046154145,-0.0009030624377273868,12.067236111207869,fear,False,-0.38,0.05294319322295248,0.8014198046154145
2024-08-19,2612.15,2648.08,2563.58,2636.36,224867.1336,1156033,585578272.443482,28,Fear,12.024063029442624,0.0528445505704276,0.804942856237297,0.00922554085269927,12.323264989429193,fear,False,-0.44,0.0528445505704276,0.804942856237297
2024-08-20,2636.36,2695.0,2555.0,2572.82,281315.8751,1303349,738361057.602134,30,Fear,219.29924046556204,0.053035605236965024,0.8063048086689854,-0.024396604272670947,12.547233427652719,fear,False,-0.4,0.053035605236965024,0.8063048086689854
2024-08-21,2572.81,2663.74,2536.22,2630.71,245286.6218,1420421,638338169.862144,26,Fear,283.63842637569564,0.052995035781851774,0.8151310727109299,0.022251198129545374,12.410182690642731,fear,False,-0.48,0.052995035781851774,0.8151310727109299
2024-08-22,2630.71,2644.69,2584.2,2622.88,199063.1196,1064195,521285357.086423,39,Fear,125.12247653994241,0.051948552663663675,0.7846341155144119,-0.002980821037672695,12.201377237334043,fear,False,-0.22,0.051948552663663675,0.7846341155144119
2024-08-23,2622.89,2799.13,2621.4,2762.48,401786.4447,1747686,1082989033.023547,34,Fear,0.0,0.05218639626739978,0.8060614382977723,0.05185587630264984,12.903675994357847,fear,False,-0.32,0.05218639626739978,0.8060614382977723
2024-08-24,2762.49,2820.0,2731.26,2768.0,263542.9441,1133872,730370481.138122,56,Greed,0.0,0.050240652830187645,0.7567011014185131,0.0019962107567640143,12.48197160939603,greed,False,0.12,0.050240652830187645,0.7567011014185131
2024-08-25,2768.01,2792.28,2733.21,2746.13,154527.2352,1047985,426733399.326636,54,Neutral,156.69102875531112,0.03806107964448879,0.6446874394480179,-0.007932389942457324,11.948125639396162,neutral,False,0.08,0.03806107964448879,0.6446874394480179
2024-08-26,2746.12,2762.0,2666.66,2680.49,211708.1247,1453833,575695656.477179,55,Greed,0.0,0.037576036045060664,0.6521562864567001,-0.02419303418173669,12.262963834752137,neutral,False,0.1,0.037576036045060664,0.6521562864567001
2024-08-27,2680.49,2699.98,2392.96,2457.33,412660.7197,1898416,1058769621.892103,48,Neutral,0.0,0.03866780484017082,0.7046474963292837,-0.0869242189766755,12.930381032388492,neutral,False,-0.04,0.03866780484017082,0.7046474963292837
2024-08-28,2457.33,2554.6,2418.8,2528.33,451266.634,2272721,1124304892.423795,30,Fear,284.46808961633843,0.032939989536632665,0.5131391796365398,0.028483611085400803,13.019813649999701,fear,False,-0.4,0.032939989536632665,0.5131391796365398
2024-08-29,2528.33,2595.4,2505.88,2527.61,237002.9632,1455668,603867504.225949,29,Fear,0.0,0.032315658072039934,0.5017877460718757,-0.0002848135084145817,12.375827922992693,fear,False,-0.42,0.032315658072039934,0.5017877460718757
2024-08-30,2527.6,2552.17,2431.14,2526.0,338379.1941,1735497,845015735.149411,34,Fear,0.0,0.032780411727749814,0.5013548002817457,-0.0006371683032404386,12.73192242166801,fear,False,-0.32,0.032780411727749814,0.5013548002817457
2024-08-31,2525.99,2533.95,2491.92,2513.01,97946.1147,702529,246514334.07653,29,Fear,67.56141488520932,0.031544593137427836,0.4963031769383602,-0.005155786067161088,11.492172756429762,fear,False,-0.42,0.031544593137427836,0.4963031769383602
2024-09-01,2513.0,2516.28,2400.0,2425.72,223127.776,1357443,550299930.153449,26,Fear,0.0,0.029750840245395337,0.4484989389321498,-0.035352850323422016,12.315499872895229,fear,False,-0.48,0.029750840245395337,0.4484989389321498
2024-09-02,2425.71,2564.83,2423.52,2538.01,262632.8385,1452334,654854126.195111,26,Fear,178.6841537450792,0.030039031102816565,0.4835389622338214,0.04525192185704056,12.478512284441544,fear,False,-0.48,0.030039031102816565,0.4835389622338214
2024-09-03,2538.0,2553.6,2411.12,2425.29,224793.1299,1272909,556674703.352341,26,Fear,455.49284739820234,0.030132445052270463,0.5049473493110362,-0.04542920452647489,12.322935835591618,fear,False,-0.48,0.030132445052270463,0.5049473493110362
2024-09-04,2425.28,2490.0,2306.65,2450.71,384179.3854,2002621,921640300.674654,27,Fear,0.0,0.030740743626436442,0.49435757353432785,0.01042667362399451,12.858864871968683,fear,False,-0.46,0.030740743626436442,0.49435757353432785
2024-09-05,2450.71,2466.0,2348.04,2368.81,278549.0969,1862353,667044058.826434,29,Fear,346.60828758460565,0.031156340476107946,0.5047368619037453,-0.033990059149168084,12.537349613296874,fear,False,-0.42,0.031156340476107946,0.5047368619037453
2024-09-06,2368.81,2408.83,2150.55,2225.23,643027.111,2980066,1467265008.063493,22,Extreme Fear,0.0,0.034611805416195365,0.54208873308193,-0.06252743828077964,13.373942165627955,extreme_fear,True,-0.56,0.034611805416195365,0.54208873308193
2024-09-07,2225.24,2311.27,2220.98,2273.58,219453.2076,982698,498662894.230975,23,Extreme Fear,164.0818978524597,0.03469106436294562,0.5517556306300064,0.021495400637582665,12.298894311550912,extreme_fear,True,-0.54,0.03469106436294562,0.5517556306300064
2024-09-08,2273.58,2333.58,2240.94,2297.3,192775.6493,976672,440447734.826373,29,Fear,177.86728482105408,0.03484387086790501,0.5522188069980621,0.010378838616076844,12.169282352870823,fear,False,-0.42,0.03484387086790501,0.5522188069980621
2024-09-09,2297.3,2381.41,2272.8,2359.5,321698.99,1761692,747001776.046536,26,Fear,24.34547630159908,0.03467090026298833,0.5604616867589982,0.026715211868316886,12.68137157365116,fear,False,-0.48,0.03467090026298833,0.5604616867589982
2024-09-10,2359.51,2400.0,2320.41,2388.52,224382.1729,1210860,528411566.919702,33,Fear,75.61422497167372,0.03433924361780844,0.5552609215520753,0.012224195084661072,12.321106006070249,fear,False,-0.34,0.03433924361780844,0.5552609215520753
2024-09-11,2388.52,2389.32,2277.68,2340.55,282898.3125,1530070,659291892.326731,37,Fear,150.40959292697687,0.03479686643099378,0.5578892195529149,-0.020287982782529586,12.552842792266565,fear,False,-0.26,0.03479686643099378,0.5578892195529149
2024-09-12,2340.54,2391.93,2315.39,2361.76,202611.1308,1093596,476749201.764419,31,Fear,215.19740493036247,0.03394540534522208,0.5186209977296627,0.0090211593201128,12.219043809070408,fear,False,-0.38,0.03394540534522208,0.5186209977296627
2024-09-13,2361.75,2464.82,2337.35,2439.19,253888.616,1458878,607650210.702862,32,Fear,0.0,0.03441953014049465,0.5370290186641138,0.03225891317213316,12.444650930137758,fear,False,-0.36,0.03441953014049465,0.5370290186641138
2024-09-14,2439.19,2440.6,2376.72,2417.79,122931.2302,754834,296990460.130078,50,Neutral,151.01150017775853,0.0344839838637112,0.5370730639511496,-0.008812117192878863,11.719380373932553,neutral,False,0.0,0.0344839838637112,0.5370730639511496
2024-09-15,2417.8,2430.32,2283.75,2316.1,174364.1946,1058493,413278017.276324,51,Neutral,28.906917036737887,0.03516632314171585,0.5493341524050601,-0.042969163114274886,12.068901463186155,neutral,False,0.02,0.03516632314171585,0.5493341524050601
2024-09-16,2316.09,2335.7,2252.39,2295.68,330555.232,2102319,756718235.682234,39,Fear,0.0,0.031586034619831824,0.4622570885965373,-0.008855640749803263,12.70852904080164,fear,False,-0.22,0.031586034619831824,0.4622570885965373
2024-09-17,2295.67,2393.63,2263.29,2341.8,274206.2588,1813524,640307796.594042,33,Fear,142.9299194879047,0.03162918496104297,0.455350410654226,0.019890768510761287,12.52163587152454,fear,False,-0.34,0.03162918496104297,0.455350410654226
2024-09-18,2341.79,2376.14,2277.34,2374.75,292917.6008,2555639,679856751.171053,45,Fear,344.81834873191633,0.03179171268720295,0.4596157423865675,0.013972304355667368,12.587646622509208,fear,False,-0.1,0.03179171268720295,0.4596157423865675
2024-09-19,2374.74,2494.95,2372.6,2465.21,326746.032,2862096,794820680.995054,49,Neutral,0.0,0.03183930668456272,0.4816277988949043,0.037384827775575745,12.696938487571874,neutral,False,-0.02,0.03183930668456272,0.4816277988949043
2024-09-20,2465.21,2571.93,2437.31,2561.4,340754.5912,3241249,864016608.115563,54,Neutral,0.0,0.03257022302405135,0.5011958529721144,0.03827698744610405,12.738917823275786,neutral,False,0.08,0.03257022302405135,0.5011958529721144
2024-09-21,2561.4,2623.34,2528.97,2612.4,154757.8773,1425778,396953470.517631,54,Neutral,0.0,0.03232113684266642,0.4861809669832732,0.019715355036530664,11.949617092643878,neutral,False,0.08,0.03232113684266642,0.4861809669832732
2024-09-22,2612.4,2632.57,2524.58,2581.0,214266.3257,2067811,553059849.553399,52,Neutral,332.2033797870927,0.031912023395701455,0.4632603079298778,-0.012092418309888196,12.27497503285689,neutral,False,0.04,0.031912023395701455,0.4632603079298778
2024-09-23,2580.99,2702.82,2539.49,2646.97,333282.0149,3492404,883518257.199407,50,Neutral,166.0293988202521,0.0320780445037634,0.43680642954826854,0.025238668859070917,12.71674430214383,neutral,False,0.0,0.0320780445037634,0.43680642954826854
2024-09-24,2646.98,2670.96,2591.56,2653.2,288600.0402,2730471,760159619.981534,54,Neutral,167.08439109188524,0.030658181470966658,0.4362623447488171,0.002350869073716024,12.572797064615036,neutral,False,0.08,0.030658181470966658,0.4362623447488171
2024-09-25,2653.2,2673.5,2554.05,2579.95,220343.4293,2446589,576100924.711546,59,Greed,218.80572102093242,0.030565874689917026,0.4298166364870962,-0.027996439768490675,12.302942650447264,greed,False,0.18,0.030565874689917026,0.4298166364870962
2024-09-26,2580.09,2666.22,2559.2,2632.26,278686.3573,2897463,731881168.916695,50,Neutral,378.3123746947242,0.027065875116096014,0.35263722528448027,0.020072773877989385,12.537842261069882,neutral,False,0.0,0.027065875116096014,0.35263722528448027
2024-09-27,2632.25,2728.6,2615.21,2694.43,281826.9792,2599262,753233859.358672,61,Greed,0.0,0.027136942340065202,0.3536074405740197,0.023343886429398778,12.549048612685908,greed,False,0.22,0.027136942340065202,0.3536074405740197
2024-09-28,2694.43,2704.35,2650.0,2675.21,137230.0342,1192804,367299958.062676,64,Greed,111.1865886568158,0.026725547844975085,0.35782063082476023,-0.0071587972686246865,11.829413878480292,greed,False,0.28,0.026725547844975085,0.35782063082476023
2024-09-29,2675.21,2683.7,2629.73,2657.62,160554.3146,1417045,426486288.276277,63,Greed,17.8723269688936,0.026122814631779578,0.35375080588802,-0.006596896503964429,11.986387573027633,greed,False,0.26,0.026122814631779578,0.35375080588802
2024-09-30,2657.62,2663.5,2575.0,2602.23,282475.7961,2684395,738997897.579085,61,Greed,0.0,0.026124368312676248,0.36545795637494893,-0.021062215708309424,12.55134814837598,greed,False,0.22,0.026124368312676248,0.36545795637494893
2024-10-01,2602.24,2659.0,2414.0,2447.79,502828.6804,4525442,1275068045.816548,50,Neutral,97.65854764892798,0.02845520638152258,0.4257798273269446,-0.06118319307059319,13.12800479543977,neutral,False,0.0,0.02845520638152258,0.4257798273269446
2024-10-02,2447.78,2499.0,2352.0,2364.1,317484.735,4299369,772815459.366551,42,Fear,0.0,0.029272929560277505,0.44451175773707713,-0.0347881768230544,12.668185017418907,fear,False,-0.16,0.029272929560277505,0.44451175773707713
2024-10-03,2364.09,2403.38,2310.0,2349.8,314635.9263,4096011,739732809.481887,37,Fear,0.0,0.02888555142540627,0.4281974114117853,-0.006067181682279811,12.65917145984415,fear,False,-0.26,0.02888555142540627,0.4281974114117853
2024-10-04,2349.8,2441.64,2339.15,2414.41,239383.017,2556302,572627417.105369,41,Fear,71.62779171491253,0.0292378424163045,0.43932288355269145,0.02712473268730683,12.385820129740036,fear,False,-0.18,0.0292378424163045,0.43932288355269145
2024-10-05,2414.41,2428.23,2390.05,2414.66,103740.2316,1147501,250133597.688322,49,Neutral,68.43976163118764,0.028099862343730967,0.40910378943025716,0.00010353960502683366,11.549645280407237,neutral,False,-0.02,0.028099862343730967,0.40910378943025716
2024-10-06,2414.66,2457.8,2407.0,2440.03,105752.7096,1097106,257213775.45288,50,Neutral,0.0,0.027815102631465593,0.40799543870803373,0.010451843867824944,11.568858719275305,neutral,False,0.0,0.027815102631465593,0.40799543870803373
2024-10-07,2440.02,2521.0,2403.0,2422.71,300459.5407,3081333,742163736.966911,50,Neutral,105.06879123277943,0.02754242547303463,0.4044586839347138,-0.007123585979335531,12.613068383959186,neutral,False,0.0,0.02754242547303463,0.4044586839347138
2024-10-08,2422.7,2466.66,2401.18,2440.89,201358.3312,2240640,490043095.024962,49,Neutral,151.52095097073902,0.027186631784635335,0.40249656206455703,0.007475978564708481,12.212841342130835,neutral,False,-0.02,0.027186631784635335,0.40249656206455703
2024-10-09,2440.88,2473.61,2351.42,2370.47,242082.2725,2569883,586469983.393527,49,Neutral,161.77838949128017,0.027199248075497423,0.39282949018328867,-0.029274479174812445,12.39703291637072,neutral,False,-0.02,0.027199248075497423,0.39282949018328867
2024-10-10,2370.47,2421.36,2330.66,2386.49,257862.9619,2734517,614182044.949536,39,Fear,94.32599863660307,0.02672005100888398,0.36494561339819054,0.006735419496232244,12.460183567364384,fear,False,-0.22,0.02672005100888398,0.36494561339819054
2024-10-11,2386.49,2471.45,2381.86,2439.5,235441.2197,1913115,572065403.741898,32,Fear,0.0,0.026727177222288012,0.3669326975007814,0.02196943305546825,12.369216563407017,fear,False,-0.36,0.026727177222288012,0.3669326975007814
2024-10-12,2439.49,2490.51,2434.35,2476.4,139637.5062,1058123,343538957.820228,49,Neutral,0.0,0.026307494343080443,0.37103098172110954,0.015012792389185134,11.846805102279783,neutral,False,-0.02,0.026307494343080443,0.37103098172110954
2024-10-13,2476.4,2484.92,2436.4,2468.91,120022.8179,1032905,295322793.084125,50,Neutral,177.25588326145666,0.025080462799140384,0.3567298565082909,-0.003029134969148349,11.695437152854788,neutral,False,0.0,0.025080462799140384,0.3567298565082909
2024-10-14,2468.92,2654.0,2443.39,2629.79,435900.1619,2715025,1119084230.807938,48,Neutral,0.0,0.027127268155419472,0.42802004011262246,0.06312723739912225,12.985168509641877,neutral,False,-0.04,0.027127268155419472,0.42802004011262246
2024-10-15,2629.79,2688.6,2537.36,2607.41,416285.6663,3306565,1083630113.139707,65,Greed,128.01374362311972,0.027543800866306013,0.4168357404702682,-0.008546603615558843,12.939127001410862,greed,False,0.3,0.027543800866306013,0.4168357404702682
2024-10-16,2607.41,2647.79,2588.67,2611.1,260322.4242,2813136,681342662.41857,73,Greed,102.5495288672902,0.02715861851230665,0.41044579713613155,0.0014141970083359115,12.469676234794262,greed,False,0.46,0.02715861851230665,0.41044579713613155
2024-10-17,2611.1,2648.37,2575.4,2605.8,221624.5434,2543113,579597649.929403,71,Greed,192.75288997291042,0.026817531109271098,0.40074212411221394,-0.002031858698996803,12.3087399831375,greed,False,0.42,0.026817531109271098,0.40074212411221394
2024-10-18,2605.79,2675.58,2596.49,2642.17,292444.1153,2835054,771232214.935164,73,Greed,68.51809772016531,0.026981168904113416,0.4038590593587603,0.01386081943641187,12.586028868596571,greed,False,0.46,0.026981168904113416,0.4038590593587603
2024-10-19,2642.17,2663.49,2631.02,2648.2,105413.7646,1145594,278723129.157894,72,Greed,58.186782941025314,0.026893380457790717,0.4033459056938677,0.0022796147004131985,11.565648500490648,greed,False,0.44,0.026893380457790717,0.4033459056938677
2024-10-20,2648.2,2759.0,2635.54,2746.91,256910.7448,2274845,692550694.441629,73,Greed,0.0,0.027211345735489504,0.41549295487451,0.03659647963870094,12.456484007057908,greed,False,0.46,0.027211345735489504,0.41549295487451
2024-10-21,2746.91,2769.48,2655.01,2666.7,310674.7232,2526347,839718870.967621,72,Greed,306.55609126086625,0.0245780488013974,0.3629177590165252,-0.02963489062861841,12.646501737710572,greed,False,0.44,0.0245780488013974,0.3629177590165252
2024-10-22,2666.71,2671.92,2606.56,2622.81,265747.713,2153796,699818031.28854,70,Greed,0.0,0.023427792985307037,0.3420884402677318,-0.016595490814311574,12.490302690334614,greed,False,0.4,0.023427792985307037,0.3420884402677318
2024-10-23,2622.81,2628.2,2450.0,2524.61,352647.7086,2642127,897683017.740168,71,Greed,0.0,0.024686838865871637,0.37361324312264443,-0.03815966676698236,12.773224844954646,greed,False,0.42,0.024686838865871637,0.37361324312264443
2024-10-24,2524.6,2562.65,2507.31,2535.82,290851.7842,2252562,737665762.666147,69,Greed,80.05066832088777,0.024184148058048926,0.36319019638659145,0.004430460785638904,12.580569083753648,greed,False,0.38,0.024184148058048926,0.36319019638659145
2024-10-25,2535.82,2566.33,2382.59,2440.62,514799.8822,3741205,1282541014.469803,72,Greed,75.83989765635404,0.026074280698911816,0.39095706218527343,-0.03826495074970141,13.151533525877353,greed,False,0.44,0.026074280698911816,0.39095706218527343
2024-10-27,2482.51,2527.99,2464.13,2507.8,137580.8836,1337190,342704461.298222,74,Greed,103.38871208265824,0.026149706152090606,0.40094382931225653,0.027153769386055,11.831967267504504,greed,False,0.48,0.026149706152090606,0.40094382931225653
2024-10-28,2507.8,2589.67,2471.67,2567.48,360605.327,2847523,910015100.830837,72,Greed,84.54979708841688,0.026107236267468067,0.40704207292900946,0.023518998337260344,12.79553936224346,greed,False,0.44,0.026107236267468067,0.40704207292900946
2024-10-29,2567.49,2681.86,2561.2,2638.8,451915.7025,3690029,1187541746.021715,72,Greed,0.0,0.026584783140395068,0.41605540337765207,0.027399395255018,13.021250942527482,greed,False,0.44,0.026584783140395068,0.41605540337765207
2024-10-30,2638.8,2722.3,2599.66,2659.19,460627.126,3700127,1230352880.142655,77,Extreme Greed,100.07672124682992,0.02643462276253857,0.3972304586112283,0.007697296775859888,13.0403441573832,extreme_greed,True,0.54,0.02643462276253857,0.3972304586112283
2024-10-31,2659.19,2669.0,2503.0,2518.61,403427.2017,3391343,1042550364.390791,77,Extreme Greed,0.0,0.027328826096990312,0.45072390842972704,-0.054314403100932634,12.907751333314646,extreme_greed,True,0.54,0.027328826096990312,0.45072390842972704
2024-11-01,2518.61,2586.8,2467.67,2511.49,430249.1073,3614843,1084316033.711915,75,Greed,29.792537012229303,0.027610961119737102,0.44522051934500306,-0.0028309595257231574,12.972119639231424,greed,False,0.5,0.027610961119737102,0.44522051934500306
2024-11-02,2511.49,2523.45,2470.0,2494.23,145961.13,1228028,364240307.892377,72,Greed,111.8513741898045,0.027590754513391918,0.4431586005910734,-0.006896138178868885,11.891095632367497,greed,False,0.44,0.027590754513391918,0.4431586005910734
2024-11-03,2494.23,2496.39,2411.0,2457.73,276009.1197,2569553,675516839.246158,74,Greed,0.0,0.02785825258449728,0.44628546682919307,-0.014741904629285514,12.528189186544704,greed,False,0.48,0.02785825258449728,0.44628546682919307
2024-11-04,2457.73,2491.39,2357.59,2398.21,306316.9645,3066552,745000696.549594,70,Greed,194.36488103605237,0.026603587258901308,0.38557261841095725,-0.024515533959114086,12.632375676530387,greed,False,0.4,0.026603587258901308,0.38557261841095725
2024-11-05,2398.21,2480.0,2380.74,2422.55,331619.2545,2878817,807964220.382607,70,Greed,325.1555321026498,0.02602673741087147,0.3887144238600355,0.010098078656152792,12.711742765997833,greed,False,0.4,0.02602673741087147,0.3887144238600355
2024-11-06,2422.6,2744.7,2420.3,2721.87,1002141.3618,5557031,2613263657.61569,70,Greed,0.0,0.030878807612555008,0.5775117572962275,0.11649843968337495,13.817649630316868,greed,False,0.4,0.030878807612555008,0.5775117572962275
2024-11-07,2721.88,2916.11,2699.49,2895.47,730845.9524,5380366,2069602523.372077,77,Extreme Greed,0.0,0.03235532339806512,0.6147708527102116,0.06182830263713826,13.501957981093168,extreme_greed,True,0.54,0.03235532339806512,0.6147708527102116
2024-11-08,2895.47,2981.69,2886.4,2961.75,568864.435,4290252,1664276186.367457,75,Greed,0.0,0.032398385872349264,0.6171804141413715,0.022632863127550862,13.251397433404012,greed,False,0.5,0.032398385872349264,0.6171804141413715
2024-11-09,2961.75,3157.4,2953.71,3126.21,526719.4212,3681905,1602480049.885514,75,Greed,0.0,0.03357291565458577,0.6402824040000852,0.054041098393057894,13.174423278154121,greed,False,0.5,0.03357291565458577,0.6402824040000852
2024-11-10,3126.2,3248.52,3069.0,3183.21,865536.7322,6072418,2751696491.353273,78,Extreme Greed,0.0,0.033876599769451204,0.6327546530207929,0.018068713372695295,13.671105093136884,extreme_greed,True,0.56,0.033876599769451204,0.6327546530207929
2024-11-11,3183.2,3387.61,3105.0,3371.59,1000093.9664,7802397,3248336095.357834,76,Extreme Greed,126.65411369168659,0.03538837727659792,0.6407054365065147,0.057494321567422964,13.815604519949709,extreme_greed,True,0.52,0.03538837727659792,0.6407054365065147
2024-11-12,3371.59,3442.5,3207.67,3243.8,973215.7285,7073014,3215515065.96685,80,Extreme Greed,216.71965061686345,0.03648695613720491,0.6581695275558977,-0.038638961114455625,13.788361051392638,extreme_greed,True,0.6,0.03648695613720491,0.6581695275558977
2024-11-13,3243.79,3331.0,3116.69,3187.16,919686.3747,9753402,2958494366.71914,84,Extreme Greed,0.0,0.03636139229890874,0.6418093152273668,-0.01761524394286781,13.731787993841392,extreme_greed,True,0.68,0.03636139229890874,0.6418093152273668
2024-11-14,3187.16,3240.4,3028.56,3058.82,605780.6662,6204964,1909266330.683718,88,Extreme Greed,0.0,0.03736293137866456,0.6684031121072441,-0.041101017450192553,13.314273262572764,extreme_greed,True,0.76,0.03736293137866456,0.6684031121072441
2024-11-15,3058.81,3131.06,3014.5,3090.01,519623.6317,6118576,1593247701.289049,80,Extreme Greed,127.06785036066611,0.03636508312841587,0.6442934692918805,0.01014510647198041,13.160860043306343,extreme_greed,True,0.6,0.03636508312841587,0.6442934692918805
2024-11-16,3090.01,3219.97,3072.0,3132.87,423639.1573,5079843,1332892680.485038,86,Extreme Greed,0.0,0.03674947109818035,0.6418092468726015,0.013775190182858242,12.956637327766693,extreme_greed,True,0.72,0.03674947109818035,0.6418092468726015
2024-11-17,3132.88,3162.11,3034.99,3076.0,449818.9575,5832635,1393762559.896065,90,Extreme Greed,78.68281293319349,0.03662870774886743,0.6482454621411596,-0.018319465689832976,13.016600464128773,extreme_greed,True,0.8,0.03662870774886743,0.6482454621411596
2024-11-18,3075.99,3224.94,3050.01,3207.8,640658.4357,6541040,2006111259.657586,83,Extreme Greed,205.95240419577243,0.03687186431425687,0.6557304700536352,0.04195529227774299,13.370251732259135,extreme_greed,True,0.66,0.03687186431425687,0.6557304700536352
2024-11-19,3207.81,3221.2,3065.4,3107.44,500112.0194,5163295,1561642778.418154,90,Extreme Greed,454.99063777185887,0.036953180662366344,0.6721522542081649,-0.03178610783031856,13.122587391111384,extreme_greed,True,0.8,0.036953180662366344,0.6721522542081649
2024-11-20,3107.45,3159.2,3029.41,3069.97,503607.8336,6338828,1559041767.185464,83,Extreme Greed,85.88194775354965,0.0363718883995104,0.6361745985933188,-0.012131446526433241,13.12955313623389,extreme_greed,True,0.66,0.0363718883995104,0.6361745985933188
2024-11-21,3069.97,3386.73,3032.59,3355.81,974923.3035,8227428,3167224819.418769,82,Extreme Greed,160.53098890352132,0.03876616857166293,0.6928319654340908,0.08902538242000183,13.790114083808959,extreme_greed,True,0.64,0.03876616857166293,0.6928319654340908
2024-11-22,3355.88,3425.92,3257.54,3327.78,603273.7093,7141711,2008464564.861674,94,Extreme Greed,0.0,0.03924735176035341,0.6934626078894229,-0.008387756979741928,13.310126285325808,extreme_greed,True,0.88,0.03924735176035341,0.6934626078894229
2024-11-23,3327.78,3497.51,3312.72,3393.91,721024.0009,6790558,2449223191.454517,93,Extreme Greed,72.22048976508928,0.03964399388027189,0.6849784898465245,0.01967723407217556,13.488427704062556,extreme_greed,True,0.86,0.03964399388027189,0.6849784898465245
2024-11-24,3393.91,3450.0,3281.4,3361.2,479098.0921,5919258,1608242778.282872,80,Extreme Greed,243.57812658032893,0.039521731099489574,0.6752583051693308,-0.009684596004898337,13.079660640604883,extreme_greed,True,0.6,0.039521731099489574,0.6752583051693308
2024-11-25,3361.21,3546.66,3300.01,3414.49,949330.37,9876856,3272920810.057311,82,Extreme Greed,242.5688561627385,0.04031841718360576,0.6748039962133217,0.01573008765630806,13.763512141352258,extreme_greed,True,0.64,0.04031841718360576,0.6748039962133217
2024-11-26,3414.49,3462.49,3252.0,3324.73,672367.1503,7269605,2252619301.964274,79,Extreme Greed,212.69730467602804,0.03756601490571676,0.5799451753663077,-0.02663967292507817,13.41855982492104,extreme_greed,True,0.58,0.03756601490571676,0.5799451753663077
2024-11-27,3324.74,3684.92,3302.4,3653.28,754573.6485,6392173,2640023089.760935,75,Greed,31.312635072891243,0.03899208691502444,0.6277923795709813,0.09423692640189818,13.533908164752312,greed,False,0.5,0.03899208691502444,0.6277923795709813
2024-11-28,3653.27,3661.92,3529.76,3578.79,560976.425,5393261,2014252549.702022,77,Extreme Greed,144.8437985626313,0.039060514774181064,0.6364346151472726,-0.020600639750357863,13.23743416044893,extreme_greed,True,0.54,0.039060514774181064,0.6364346151472726
2024-11-29,3578.8,3647.98,3534.28,3592.21,425493.2449,4240304,1525999121.819639,78,Extreme Greed,283.83498406769166,0.038257106038421314,0.6143676280959066,0.003742857528017959,12.96100435119387,extreme_greed,True,0.56,0.038257106038421314,0.6143676280959066
2024-11-30,3592.22,3738.98,3568.4,3703.6,503684.7485,4641849,1849683070.29735,84,Extreme Greed,2.7896785970126285,0.03800854236368785,0.6189386511647096,0.030537707609040697,13.129705852339452,extreme_greed,True,0.68,0.03800854236368785,0.6189386511647096
2024-12-01,3703.59,3746.8,3659.2,3707.61,429089.2633,3667910,1589850114.025915,81,Extreme Greed,85.98553163480253,0.03630285241002691,0.5903189650483646,0.0010821445867332416,12.969420249226351,extreme_greed,True,0.62,0.03630285241002691,0.5903189650483646
2024-12-02,3707.61,3760.0,3554.32,3643.42,737130.569,6825848,2685285591.845365,80,Extreme Greed,115.20705533665425,0.03584613786200869,0.5742430442474051,-0.017464663200909804,13.510520318302246,extreme_greed,True,0.6,0.03584613786200869,0.5742430442474051
2024-12-03,3643.43,3670.0,3500.0,3614.51,678400.2032,5200407,2439869839.029021,76,Extreme Greed,46.467902053904176,0.03529532715913146,0.5700287832558703,-0.007966500888801449,13.427492662988087,extreme_greed,True,0.52,0.03529532715913146,0.5700287832558703
2024-12-04,3614.51,3887.24,3614.51,3837.8,968744.0399,8222722,3638907449.551761,78,Extreme Greed,0.0,0.035478917428689465,0.5714460664679759,0.059942985664728034,13.783755707269478,extreme_greed,True,0.56,0.035478917428689465,0.5714460664679759
2024-12-05,3837.8,3956.0,3677.0,3785.2,946493.276,8753645,3653558567.753712,84,Extreme Greed,310.8172121536071,0.03645900224407364,0.5783913841417647,-0.013800560101564462,13.760519145538662,extreme_greed,True,0.68,0.03645900224407364,0.5783913841417647
2024-12-06,3785.21,4087.73,3777.26,3998.87,803855.1146,6677199,3174080080.146193,72,Greed,42.42158418173417,0.037441574569601184,0.5998499675543079,0.05491309555730834,13.597174326200708,greed,False,0.44,0.037441574569601184,0.5998499675543079
2024-12-07,3998.87,4024.46,3968.0,3996.22,283920.02,2721543,1134418058.866173,75,Greed,30.264316348183517,0.03708247891529432,0.5911450104798316,-0.0006629068833607846,12.556447857762754,greed,False,0.5,0.03708247891529432,0.5911450104798316
2024-12-08,3996.22,4015.58,3923.5,4004.15,251362.1685,2614587,1000371580.638359,79,Extreme Greed,42.36689972952202,0.036451690739333374,0.5822147078781799,0.001982408962845158,12.434650080520981,extreme_greed,True,0.58,0.036451690739333374,0.5822147078781799
2024-12-09,4004.15,4006.17,3509.0,3712.0,939642.2001,8331026,3566495804.128105,78,Extreme Greed,0.0,0.040012859399033554,0.6429230990284598,-0.07576050836477918,13.753254443593592,extreme_greed,True,0.56,0.040012859399033554,0.6429230990284598
2024-12-10,3712.0,3780.76,3515.89,3628.25,942206.0337,10461668,3443114495.273664,78,Extreme Greed,448.99451998536273,0.04079739856112961,0.6486521999367958,-0.022820376555618988,13.755979249069645,extreme_greed,True,0.56,0.04079739856112961,0.6486521999367958
2024-12-11,3628.24,3848.64,3562.34,3831.81,461818.7801,6195364,1722223536.878177,74,Greed,377.63492413339236,0.039398001131746525,0.6016627151711937,0.05458683804756234,13.04292784224758,greed,False,0.48,0.039398001131746525,0.6016627151711937
2024-12-12,3831.82,3987.41,3796.8,3881.61,572098.6343,7005239,2239803483.576607,83,Extreme Greed,0.0,0.03936581650042362,0.599356445512326,0.012912739605591311,13.257066693083695,extreme_greed,True,0.66,0.03936581650042362,0.599356445512326
2024-12-13,3881.6,3968.47,3852.94,3906.8,387765.6873,5124578,1516942852.285181,76,Extreme Greed,198.44233154040091,0.03888794210285752,0.5976863181983563,0.006468608569695955,12.868156537473798,extreme_greed,True,0.52,0.03888794210285752,0.5976863181983563
2024-12-14,3906.8,3945.0,3825.03,3870.29,265538.9479,3407748,1031595277.387337,83,Extreme Greed,143.0239755048462,0.03852530799740205,0.5975776124458211,-0.00938918495649458,12.489516805327108,extreme_greed,True,0.66,0.03852530799740205,0.5975776124458211
2024-12-15,3870.3,3974.61,3831.5,3959.09,253833.2141,3637695,987865003.127543,80,Extreme Greed,231.31447892690127,0.037613199450842724,0.5994242758471233,0.022684761244299443,12.444432692918339,extreme_greed,True,0.6,0.037613199450842724,0.5994242758471233
2024-12-16,3959.09,4107.8,3884.0,3986.24,673351.0723,7117624,2686550997.110245,83,Extreme Greed,0.0,0.03742212013767985,0.5858355100046786,0.006834229836600995,13.420022125362255,extreme_greed,True,0.66,0.03742212013767985,0.5858355100046786
2024-12-17,3986.24,4041.82,3847.96,3893.01,450825.9861,6874200,1788532842.700757,87,Extreme Greed,221.69482128035375,0.03503372635072212,0.5020001950234594,-0.023665793377496414,13.018836703896321,extreme_greed,True,0.74,0.03503372635072212,0.5020001950234594
2024-12-18,3893.01,3907.19,3617.42,3626.8,722505.0618,6584244,2735374632.738641,81,Extreme Greed,0.0,0.03619498969224685,0.5616760346367059,-0.0708319205483303,13.49047970489574,extreme_greed,True,0.62,0.03619498969224685,0.5616760346367059
2024-12-19,3626.8,3720.0,3326.8,3417.01,1078153.4851,6357638,3807975330.681162,75,Greed,0.0,0.038949357077272276,0.6007019052872703,-0.05958481711713975,13.890760399815154,greed,False,0.5,0.038949357077272276,0.6007019052872703
2024-12-20,3417.01,3497.84,3101.9,3472.21,1332783.731,7029546,4421584295.580899,74,Greed,0.0,0.04168911151387292,0.592265356814463,0.016025379167371515,14.102780343687561,greed,False,0.48,0.04168911151387292,0.592265356814463
2024-12-21,3472.2,3555.18,3293.11,3338.92,475275.82,2732677,1627460721.692153,73,Greed,146.52155100216615,0.04282089267216305,0.6054502844460954,-0.039143877434748564,13.071650588175261,greed,False,0.46,0.04282089267216305,0.6054502844460954
2024-12-22,3338.92,3403.0,3221.1,3281.83,361920.2495,2546556,1201895225.016952,73,Greed,0.0,0.04278995920405813,0.6053922622392405,-0.017246207763233396,12.799179161288523,greed,False,0.46,0.04278995920405813,0.6053922622392405
2024-12-23,3281.83,3466.99,3216.97,3422.53,488253.41,4032824,1627069583.878682,70,Greed,434.4004124705498,0.04349068676958203,0.6279333408647922,0.04197885002231501,13.09858983284152,greed,False,0.4,0.04349068676958203,0.6279333408647922
2024-12-24,3422.53,3539.65,3358.19,3493.18,315723.6763,2764397,1087476459.253163,73,Greed,0.0,0.04296460421825771,0.5901572290734248,0.02043245246735483,12.662622667932931,greed,False,0.46,0.04296460421825771,0.5901572290734248
2024-12-25,3493.17,3547.95,3440.93,3497.0,219846.0452,2133099,766349902.713217,73,Greed,142.96329589042398,0.0420287267556955,0.5894801123764772,0.0010929619495551213,12.300682785818548,greed,False,0.46,0.0420287267556955,0.5894801123764772
2024-12-26,3497.0,3514.94,3304.63,3335.05,310170.1719,2543314,1047464157.032189,79,Extreme Greed,0.0,0.04150348377123412,0.5653505603779124,-0.047417786322290045,12.6448763674609,extreme_greed,True,0.58,0.04150348377123412,0.5653505603779124
2024-12-27,3335.04,3444.16,3306.6,3333.51,342529.6038,3133395,1152635224.265439,74,Greed,295.6674931677402,0.04181984564044146,0.5653906895265594,-0.0004618688374630609,12.744113367401729,greed,False,0.48,0.04181984564044146,0.5653906895265594
2024-12-28,3333.51,3428.68,3322.23,3404.0,175963.613,1445334,592591876.178986,72,Greed,260.17436780221317,0.041918174539408805,0.5742297025859294,0.02092540778964204,12.078032508327555,greed,False,0.44,0.041918174539408805,0.5742297025859294
2024-12-29,3404.01,3413.78,3326.17,3356.48,156256.8819,1170497,527250656.145704,73,Greed,225.3438890460943,0.03811426369392001,0.5167194541052733,-0.014058404920025682,11.959256610788733,greed,False,0.46,0.03811426369392001,0.5167194541052733
2024-12-30,3356.48,3437.59,3305.0,3361.84,420794.6476,2700666,1420731724.372564,65,Greed,188.68171866221212,0.03722180041415105,0.5128261580303022,0.0015956373430380765,12.949900220742993,greed,False,0.3,0.03722180041415105,0.5128261580303022
2024-12-31,3361.83,3451.0,3315.59,3337.78,303053.1685,2021786,1024862944.046191,64,Greed,311.225654335181,0.03614684949604883,0.4640865192325208,-0.0071825277956856,12.621663542695176,greed,False,0.28,0.03614684949604883,0.4640865192325208
2025-01-01,3337.78,3374.85,3313.88,3360.38,190238.5861,1182219,636613395.695965,66,Greed,83.05702878226025,0.03562750800375273,0.4611019537955974,0.006748147479969488,12.156034279706073,greed,False,0.32,0.03562750800375273,0.4611019537955974
2025-01-02,3360.39,3509.99,3354.5,3455.67,338632.8874,2373075,1166286232.162882,70,Greed,0.0,0.035924954517941525,0.4756413187157157,0.027962297453185226,12.732671871548764,greed,False,0.4,0.035924954517941525,0.4756413187157157
2025-01-03,3455.68,3630.0,3423.44,3609.01,334041.0604,2293811,1179953901.101814,74,Greed,0.0,0.036541783222825634,0.5067659173981035,0.04341713623585484,12.71901919973225,greed,False,0.48,0.036541783222825634,0.5067659173981035
2025-01-04,3609.0,3671.6,3572.42,3656.88,229266.3133,1567855,829864804.859837,73,Greed,0.0,0.036394715778709716,0.5013461750786304,0.013176828339608015,12.342639547019932,greed,False,0.46,0.036394715778709716,0.5013461750786304
2025-01-05,3656.88,3675.25,3593.7,3635.99,155444.1741,1461192,564147572.800669,72,Greed,169.6062795451903,0.03573593611587202,0.49973599111777706,-0.00572889881064915,11.954041937139051,greed,False,0.44,0.03573593611587202,0.49973599111777706
2025-01-06,3636.0,3744.83,3610.63,3687.45,329642.3648,2753873,1210642823.302069,76,Extreme Greed,39.75263333115551,0.03546134103127757,0.4985827410589023,0.01405373621555297,12.705763602738251,extreme_greed,True,0.52,0.03546134103127757,0.4985827410589023
2025-01-07,3687.44,3700.86,3356.31,3381.31,541543.2874,3538701,1899318756.158016,78,Extreme Greed,0.0,0.03636816788663014,0.5294983378946475,-0.08667195387993966,13.202178282025027,extreme_greed,True,0.56,0.03636816788663014,0.5294983378946475
2025-01-08,3381.31,3415.1,3208.2,3327.29,584749.9627,3766197,1944382187.656659,70,Greed,0.0,0.0341763738042572,0.48939537961872676,-0.016105049519729974,13.27893962065848,greed,False,0.4,0.0341763738042572,0.48939537961872676
2025-01-09,3327.29,3357.27,3158.0,3219.2,501818.4247,3685889,1638958679.714368,69,Greed,222.00717705903512,0.031229685919115794,0.49723320173200186,-0.03302527736907786,13.125993629458414,greed,False,0.38,0.031229685919115794,0.49723320173200186
2025-01-10,3219.2,3322.49,3193.97,3267.04,454142.1333,3199118,1482940591.671988,50,Neutral,280.3852814079792,0.029960289973851945,0.4829974924293486,0.014751494709359207,13.02616549697036,neutral,False,0.0,0.029960289973851945,0.4829974924293486
2025-01-11,3267.05,3320.18,3217.56,3282.83,151679.7487,1208777,494933295.358262,69,Greed,264.78038846220505,0.029342334254169745,0.47954566820230565,0.004821479079346204,11.92952666071005,greed,False,0.38,0.029342334254169745,0.47954566820230565
2025-01-12,3282.83,3300.0,3224.49,3267.3,164879.9709,1151908,538751712.045787,62,Greed,183.7350933481402,0.02774183895193205,0.45327799840313715,-0.004741899504320375,12.01297303907233,greed,False,0.24,0.02774183895193205,0.45327799840313715
2025-01-13,3267.3,3339.0,2920.0,3137.51,845907.5669,4900248,2614824635.154439,61,Greed,47.8817789341112,0.03230948870384844,0.464217088114217,-0.0405344640637944,13.648165373635711,greed,False,0.22,0.03230948870384844,0.464217088114217
2025-01-14,3137.51,3256.67,3125.65,3225.63,374308.4517,2446285,1197715520.899026,63,Greed,148.39077691249028,0.03251759039305291,0.478515759327128,0.027698788303026533,12.832835473653626,greed,False,0.26,0.03251759039305291,0.478515759327128
2025-01-15,3225.63,3473.75,3186.36,3451.52,464188.034,2689488,1537407357.366771,70,Greed,0.0,0.03351459584014216,0.5132894062615193,0.0676864337198248,13.04804499480819,greed,False,0.4,0.03351459584014216,0.5132894062615193
2025-01-16,3451.51,3460.79,3265.44,3308.05,471282.6787,2667507,1573512574.074851,75,Greed,427.90127794206654,0.0339727488324296,0.536761057523564,-0.042455821806418985,13.063213360061608,greed,False,0.5,0.0339727488324296,0.536761057523564
2025-01-17,3308.04,3525.72,3307.5,3473.63,518550.1813,3165882,1773013467.309093,75,Greed,233.44436651169968,0.03478255748451172,0.5600989070576158,0.04884126475735179,13.158792083646592,greed,False,0.5,0.03478255748451172,0.5600989070576158
2025-01-18,3473.64,3494.39,3227.0,3307.71,634197.1281,3931387,2100633661.764419,77,Extreme Greed,326.93250759336894,0.036220409550219386,0.5856547355495018,-0.04894404962267318,13.360115112693917,extreme_greed,True,0.54,0.036220409550219386,0.5856547355495018
2025-01-19,3307.71,3448.99,3130.48,3215.12,1342301.5217,7064813,4408659681.01233,77,Extreme Greed,372.4679366183084,0.03812255091001028,0.5936921014707316,-0.028391425023029025,14.10989625212628,extreme_greed,True,0.54,0.03812255091001028,0.5936921014707316
2025-01-20,3215.2,3453.69,3142.78,3284.0,1158354.7814,7137551,3830020315.131607,76,Extreme Greed,892.0789967311285,0.03981104062733143,0.5990753113337441,0.021197509558280835,13.962511264458042,extreme_greed,True,0.52,0.03981104062733143,0.5990753113337441
2025-01-21,3283.99,3368.0,3204.6,3327.54,548706.0513,3752957,1802317579.667659,76,Extreme Greed,297.0748548397461,0.04029301286475747,0.6005823359843332,0.013171100661510199,13.21531815141709,extreme_greed,True,0.52,0.04029301286475747,0.6005823359843332
2025-01-22,3327.55,3365.99,3222.85,3242.6,349240.7498,2187671,1150648371.196559,84,Extreme Greed,393.7368600209811,0.04025615965158738,0.5971389904890718,-0.025857815117860245,12.763516790870097,extreme_greed,True,0.68,0.04025615965158738,0.5971389904890718
2025-01-23,3242.61,3347.97,3185.0,3338.21,605592.7225,3255920,1965307923.080547,75,Greed,263.16732767087024,0.04004456150774391,0.5843155040272566,0.029059258050247016,13.313962964025245,greed,False,0.5,0.04004456150774391,0.5843155040272566
2025-01-24,3338.22,3428.0,3275.9,3310.09,451524.2752,2793569,1519379297.690963,75,Greed,0.0,0.040338420395144375,0.5809665547929458,-0.008459355832431204,13.020384416063845,greed,False,0.5,0.040338420395144375,0.5809665547929458
2025-01-25,3310.1,3350.68,3268.66,3318.77,208559.0415,1456638,690383485.125444,75,Greed,99.30387430495372,0.040363158689480046,0.5815795067854492,0.0026188530036542652,12.247977452797052,greed,False,0.5,0.040363158689480046,0.5815795067854492
2025-01-26,3318.76,3362.0,3230.0,3232.61,272165.469,1416325,899291017.613374,73,Greed,170.132426535278,0.040423988843784654,0.5820873415591251,-0.026304371881395023,12.51416550222497,greed,False,0.46,0.040423988843784654,0.5820873415591251
2025-01-27,3232.61,3253.91,3020.01,3182.44,753004.7529,4888504,2349770569.706611,71,Greed,0.0,0.03952510137503944,0.5014915131406767,-0.015641662305110726,13.531826818714302,greed,False,0.42,0.03952510137503944,0.5014915131406767
2025-01-28,3182.44,3223.01,3040.03,3077.72,350959.7173,2936974,1107001736.175005,72,Greed,486.86672658391467,0.03941324251569922,0.5111819929639542,-0.03345913505110637,12.76842673033487,greed,False,0.44,0.03941324251569922,0.5111819929639542
2025-01-29,3077.72,3182.52,3054.06,3113.9,409737.2576,3277369,1278256645.74957,72,Greed,315.3255990541536,0.038942222220764065,0.5019470421483724,0.01168689674058888,12.923271398135947,greed,False,0.44,0.038942222220764065,0.5019470421483724
2025-01-30,3113.9,3283.43,3091.06,3247.39,350639.4823,2410789,1130886606.539682,70,Greed,16.33588351912332,0.03942290364521472,0.5226309313136642,0.04197563692127093,12.767513858648526,greed,False,0.4,0.03942290364521472,0.5226309313136642
2025-01-31,3247.38,3437.31,3213.8,3300.99,648681.6561,3802893,2158479814.331743,76,Extreme Greed,0.0,0.04022327915868332,0.525731203990344,0.016370826701882987,13.382697360860822,extreme_greed,True,0.52,0.04022327915868332,0.525731203990344
2025-02-01,3300.99,3331.98,3101.7,3117.54,354065.2525,2900696,1142845926.865901,68,Greed,0.0,0.04124005994532555,0.5639301241461592,-0.05717819419778655,12.777236504225437,greed,False,0.36,0.04124005994532555,0.5639301241461592
2025-02-02,3117.54,3163.2,2750.71,2869.68,1050805.93,5974563,3131430738.391756,60,Greed,0.0,0.041576183766732465,0.6192183244614206,-0.0828437039863488,13.865067980096974,greed,False,0.2,0.041576183766732465,0.6192183244614206
2025-02-03,2869.68,2921.0,2125.01,2879.9,2807979.021,10550628,7325488963.974643,44,Fear,0.0,0.059359289128151686,0.6084236035234284,0.0035550460255048323,14.847975572946083,fear,False,-0.12,0.059359289128151686,0.6084236035234284
2025-02-04,2879.89,2888.5,2632.6,2731.19,1259594.3919,4767588,3477670143.18934,72,Greed,319.8156765019127,0.05953343996475833,0.5646985334817228,-0.053018159665724804,14.046300315912655,greed,False,0.44,0.05953343996475833,0.5646985334817228
2025-02-05,2731.19,2826.95,2699.13,2788.25,686593.0429,3498289,1897054238.490223,54,Neutral,263.1009215727921,0.05934608257644668,0.5635645528142693,0.020676747235431996,13.439497027271608,neutral,False,0.08,0.05934608257644668,0.5635645528142693
2025-02-06,2788.25,2857.64,2655.28,2686.64,719459.9571,3805682,1981674881.322119,49,Neutral,322.4892548845235,0.05954510797528245,0.5290115157455074,-0.037122816649653355,13.486256149973478,neutral,False,-0.02,0.05954510797528245,0.5290115157455074
2025-02-07,2686.63,2797.5,2562.51,2622.1,695467.3612,3272698,1875060380.334312,44,Fear,130.68682236615675,0.05975084951868412,0.5137242700612642,-0.024315818803290066,13.452339360703839,fear,False,-0.12,0.05975084951868412,0.5137242700612642
2025-02-08,2622.11,2667.3,2588.8,2632.46,379685.1509,1865406,996898803.984915,44,Fear,119.40254607189512,0.058454634588915956,0.5125387917782199,0.003943246789126041,12.847097638001925,fear,False,-0.12,0.058454634588915956,0.5125387917782199
2025-02-09,2632.46,2698.9,2520.02,2627.18,387166.7911,2319910,1016386052.050485,46,Fear,150.25180972547176,0.05780371339870259,0.5002788727371922,-0.0020077426491750087,12.866610863919188,neutral,False,-0.08,0.05780371339870259,0.5002788727371922
2025-02-10,2627.18,2693.79,2559.85,2661.19,398173.2716,2736600,1051708232.55688,43,Fear,407.59530823635765,0.05782364452052969,0.5000809016071932,0.01286236359572681,12.894642545305638,fear,False,-0.14,0.05782364452052969,0.5000809016071932
2025-02-11,2661.19,2725.04,2558.24,2602.59,484196.1435,2776008,1286091770.773805,47,Neutral,434.95945868506135,0.058150377582069895,0.49884307541196526,-0.022266288133639834,13.090245358770362,neutral,False,-0.06,0.058150377582069895,0.49884307541196526
2025-02-12,2602.59,2795.45,2546.92,2738.27,646295.8959,4190060,1705436939.533127,46,Fear,468.3443271205945,0.05910072590305214,0.5271900522276504,0.05081923108843668,13.379012721083834,neutral,False,-0.08,0.05910072590305214,0.5271900522276504
2025-02-13,2738.27,2757.28,2612.76,2675.87,443769.2853,3213834,1185301387.824423,50,Neutral,348.68939517258,0.059228552341335505,0.5291999915432336,-0.02305177301420789,13.003060078658397,neutral,False,0.0,0.059228552341335505,0.5291999915432336
2025-02-14,2675.87,2791.78,2664.46,2725.95,419895.7862,2645594,1142877818.043903,48,Neutral,120.29958383242877,0.05946627110966917,0.5374438147343342,0.01854243009741044,12.947761831375445,neutral,False,-0.04,0.05946627110966917,0.5374438147343342
2025-02-15,2725.95,2739.0,2662.28,2693.04,202971.4295,1678502,548554180.222323,50,Neutral,172.55067819200252,0.0593452708846199,0.5340297062800762,-0.012146324170659471,12.220820506739617,neutral,False,0.0,0.0593452708846199,0.5340297062800762
2025-02-16,2693.04,2727.31,2651.26,2661.41,191231.5314,1449884,514482095.174283,54,Neutral,181.7524295379029,0.058616821104137684,0.5335834705167826,-0.011814609501231234,12.16124017918267,neutral,False,0.08,0.058616821104137684,0.5335834705167826
2025-02-17,2661.41,2849.7,2637.71,2744.05,639739.8197,3881592,1752388687.805609,51,Neutral,120.96970173173428,0.059009225613022506,0.5428914272762664,0.030578873730619873,13.368816840960683,neutral,False,0.02,0.059009225613022506,0.5428914272762664
2025-02-18,2744.05,2756.93,2605.44,2671.99,604863.8737,3898156,1616153629.018717,47,Neutral,148.3933027041399,0.05923745780498188,0.5436086873725886,-0.026611418119546062,13.312758709547436,neutral,False,-0.06,0.05923745780498188,0.5436086873725886
2025-02-19,2672.0,2736.7,2656.03,2715.5,326154.0202,2376004,882047186.131933,44,Fear,179.40681722210485,0.058817397750356604,0.5195359282111861,0.01615258534033704,12.695125003378537,fear,False,-0.12,0.058817397750356604,0.5195359282111861
2025-02-20,2715.51,2770.59,2707.18,2738.04,336735.2544,2096063,921476439.354937,49,Neutral,0.0,0.05820335728550194,0.5150756709399987,0.008266237470579285,12.727052305340615,neutral,False,-0.02,0.05820335728550194,0.5150756709399987
2025-02-21,2738.04,2845.32,2616.72,2663.0,890440.0604,3872201,2429306635.177234,55,Greed,75.8361650009345,0.05849477725194464,0.4887728276385967,-0.027789029131547016,13.699471069395896,neutral,False,0.1,0.05849477725194464,0.4887728276385967
2025-02-22,2663.0,2798.07,2653.33,2763.22,444989.6669,2597168,1214059511.899935,49,Neutral,372.27698803118227,0.05586090729658101,0.4260237159831631,0.03694335953723281,13.00580634042934,neutral,False,-0.02,0.05586090729658101,0.4260237159831631
2025-02-23,2763.23,2857.34,2745.41,2819.69,611002.1222,2796506,1711849865.819046,50,Neutral,0.0,0.03638522043626688,0.43290693459095547,0.020230283460336135,13.322855711470122,neutral,False,0.0,0.03638522043626688,0.43290693459095547
2025-02-24,2819.7,2839.95,2470.33,2513.52,876876.3707,4737903,2334572148.661955,49,Neutral,0.0,0.03897830777666555,0.5666384542712266,-0.11494278867850116,13.684121293002288,neutral,False,-0.02,0.03897830777666555,0.5666384542712266
2025-02-25,2513.52,2533.49,2313.49,2495.7,1322016.8718,7076645,3207776114.782463,25,Extreme Fear,0.0,0.04036726395829912,0.5590228815620305,-0.007114910175048293,14.094669061642135,extreme_fear,True,-0.5,0.04036726395829912,0.5590228815620305
2025-02-26,2495.69,2507.5,2253.77,2336.37,863087.2133,5495972,2059160287.050773,21,Extreme Fear,558.1299228602225,0.04168307095350919,0.5892018460722714,-0.06597080814131187,13.668271023244573,extreme_fear,True,-0.58,0.04168307095350919,0.5892018460722714
2025-02-27,2336.38,2381.6,2230.57,2307.72,637583.9106,3906903,1480849324.540646,10,Extreme Fear,197.08786949693072,0.0409396911671667,0.5860545975090953,-0.01233841870588364,13.365441171823566,extreme_fear,True,-0.8,0.0409396911671667,0.5860545975090953
2025-02-28,2307.72,2314.18,2076.26,2237.59,1291539.0557,5708556,2794546441.726884,16,Extreme Fear,0.0,0.043269076172212165,0.5909200877856351,-0.0308606303070003,14.071345131633773,extreme_fear,True,-0.68,0.043269076172212165,0.5909200877856351
2025-03-01,2237.59,2281.14,2142.73,2217.39,446430.7271,2511839,988941461.430361,20,Extreme Fear,404.6339568443058,0.04310522523084843,0.5904818343762059,-0.009068565261909826,13.009039520789667,extreme_fear,True,-0.6,0.04310522523084843,0.5904818343762059
2025-03-02,2217.4,2550.58,2172.04,2518.11,1266684.7748,4977392,3001215557.603687,26,Fear,0.0,0.047713708643136295,0.7602898735132435,0.1271777915729189,14.051913631821057,fear,False,-0.48,0.047713708643136295,0.7602898735132435
2025-03-03,2518.12,2523.56,2097.91,2149.01,1109565.2003,4969357,2529346005.909485,33,Fear,1192.077327866755,0.05310410626783305,0.9393492362270661,-0.15850134915595218,13.919478785108108,fear,False,-0.34,0.05310410626783305,0.9393492362270661
2025-03-04,2149.02,2221.88,1993.2,2171.51,1257822.3372,5856962,2634485208.259771,15,Extreme Fear,0.0,0.05363250869153296,0.9155423342099074,0.010415507117134374,14.04489247987804,extreme_fear,True,-0.7,0.05363250869153296,0.9155423342099074
2025-03-05,2171.5,2273.51,2155.03,2241.59,687130.7897,3480893,1514537132.807393,20,Extreme Fear,0.0,0.05362678126615816,0.9270479089948747,0.031762657397629936,13.44027993110527,extreme_fear,True,-0.6,0.05362678126615816,0.9270479089948747
2025-03-06,2241.59,2319.99,2176.9,2202.2,596908.3935,3304973,1343407922.359188,25,Extreme Fear,227.19514857777386,0.05394093877165419,0.9217562977119886,-0.017728574794086408,13.299518935877275,extreme_fear,True,-0.5,0.05394093877165419,0.9217562977119886
2025-03-07,2202.21,2258.47,2101.82,2141.6,782387.2606,4452265,1698459492.23933,34,Fear,0.0,0.05466493320478237,0.9237862739267255,-0.027903647473347906,13.57010511510597,fear,False,-0.32,0.05466493320478237,0.9237862739267255
2025-03-08,2141.6,2234.93,2105.06,2203.58,328793.0979,2118806,714743022.410347,28,Fear,522.8977736024323,0.05512225521750145,0.9346154945522339,0.028530097293870307,12.70318395015551,fear,False,-0.44,0.05512225521750145,0.9346154945522339
2025-03-09,2203.57,2212.0,1989.66,2020.41,601671.5882,2791079,1249766628.544949,27,Fear,131.16083989804162,0.0559738410168545,0.9604552022610771,-0.08678284940341682,13.307467040881349,fear,False,-0.46,0.0559738410168545,0.9604552022610771
2025-03-10,2020.43,2152.4,1810.01,1865.1,1248745.3514,5261040,2461512870.770777,20,Extreme Fear,60.506296586038275,0.06013957276931177,0.9871042736677197,-0.07998579015319479,14.03764988633537,extreme_fear,True,-0.6,0.06013957276931177,0.9871042736677197
2025-03-11,1865.11,1963.2,1754.28,1923.43,1171427.9995,4578427,2203451540.611388,24,Extreme Fear,49.65887502221291,0.06187837269706003,0.9951544696387041,0.030795379592982407,13.973734074947341,extreme_fear,True,-0.52,0.06187837269706003,0.9951544696387041
2025-03-12,1923.42,1960.0,1829.72,1908.2,788739.6763,3444921,1494384669.01818,34,Fear,467.2535580734503,0.06248665102263383,0.9912985308631961,-0.00794966121863827,13.578191604067275,fear,False,-0.32,0.06248665102263383,0.9912985308631961
2025-03-13,1908.2,1923.09,1821.81,1864.59,569537.2622,2688683,1069629049.44307,45,Fear,347.5169741227802,0.061893997057409396,0.9908287695293521,-0.02311919955008724,13.2525794894041,fear,False,-0.1,0.061893997057409396,0.9908287695293521
2025-03-14,1864.59,1945.64,1861.31,1911.65,375805.7355,1728618,718122712.753679,27,Fear,100.71556534187273,0.06176891490506833,0.9829055589564942,0.02492555369388252,12.836827627952541,fear,False,-0.46,0.06176891490506833,0.9829055589564942
2025-03-15,1911.64,1957.19,1903.75,1937.17,209545.8675,884429,404571982.738394,46,Fear,48.73101413534739,0.061647569761200956,0.9795765109323422,0.013261401678778083,12.25269793232841,neutral,False,-0.08,0.061647569761200956,0.9795765109323422
2025-03-16,1937.18,1940.87,1860.38,1887.0,324766.6564,1466585,616620264.891675,30,Fear,0.0,0.05900985987358502,0.9123697381727789,-0.02623987877176881,12.690862223132882,fear,False,-0.4,0.05900985987358502,0.9123697381727789
2025-03-17,1887.01,1952.4,1879.98,1926.31,334840.4877,1566024,641484974.278307,32,Fear,204.96484306336177,0.057957865696875846,0.9205545567663165,0.020617989385469538,12.721409541289477,fear,False,-0.36,0.057957865696875846,0.9205545567663165
2025-03-18,1926.3,1936.2,1872.31,1931.54,332896.0155,1549810,632109997.551311,34,Fear,208.98196132553372,0.05633982962818723,0.9001426208876951,0.002711356431177048,12.715585454431709,fear,False,-0.32,0.05633982962818723,0.9001426208876951
2025-03-19,1931.54,2069.9,1927.58,2056.06,691809.5034,2614680,1385193898.481618,32,Fear,0.0,0.056464870212011846,0.935506565183542,0.06247391784342425,13.447065912598136,fear,False,-0.36,0.056464870212011846,0.935506565183542
2025-03-20,2056.05,2067.9,1952.17,1983.79,401518.9282,1885019,800851703.937569,49,Neutral,491.6488134859536,0.05509854259621237,0.9374182782511794,-0.03578237356016173,12.903009954968807,neutral,False,-0.02,0.05509854259621237,0.9374182782511794
2025-03-21,1983.79,1996.73,1937.1,1965.75,262641.659,1470569,516587945.858554,31,Fear,0.0,0.05460557688549247,0.9374211873054659,-0.009135304596834008,12.478545868786654,fear,False,-0.38,0.05460557688549247,0.9374211873054659
2025-03-22,1965.74,2006.61,1964.34,1980.69,170782.9574,833146,339679365.319319,32,Fear,43.28024668839605,0.05024439622728602,0.7977482351837624,0.007571416958698752,12.048148774327704,fear,False,-0.36,0.05024439622728602,0.7977482351837624
2025-03-23,1980.68,2020.74,1976.81,2005.99,268707.5233,973880,537810044.752251,30,Fear,55.35181981415714,0.043792867817692156,0.5834428565617598,0.012692435634265985,12.501378793095135,fear,False,-0.4,0.043792867817692156,0.5834428565617598
2025-03-24,2005.99,2104.11,1977.67,2081.2,477912.8154,1804046,985984215.594533,45,Fear,80.80871255182976,0.04212291617825131,0.5990691074195293,0.03680694595155828,13.077183600277014,fear,False,-0.1,0.04212291617825131,0.5990691074195293
2025-03-25,2081.2,2097.7,2037.08,2066.15,328765.3292,1398034,678919919.780749,46,Fear,159.03484869016603,0.04169162123597149,0.5856565248922282,-0.007257678306284416,12.703099490132272,neutral,False,-0.08,0.04169162123597149,0.5856565248922282
2025-03-26,2066.16,2079.21,1981.6,2009.52,428975.3286,1468474,872757205.466645,47,Neutral,0.0,0.04131343397940407,0.5898421970632338,-0.02779108454557782,12.969154687165533,neutral,False,-0.06,0.04131343397940407,0.5898421970632338
2025-03-27,2009.52,2037.38,1987.06,2003.66,360634.8383,1394730,726385594.534751,40,Fear,147.6202759577318,0.040309961815521766,0.583369589191508,-0.0029203794321743964,12.795621197120209,fear,False,-0.2,0.040309961815521766,0.583369589191508
2025-03-28,2003.67,2015.93,1860.0,1896.9,626167.5832,2245087,1197329354.058415,44,Fear,0.0,0.04095285538360106,0.5977740972065265,-0.05475453339943444,13.347373319048033,fear,False,-0.12,0.04095285538360106,0.5977740972065265
2025-03-29,1896.9,1913.6,1797.2,1828.08,409769.7555,1755638,758545295.871779,26,Fear,0.0,0.03931650982524454,0.5327438105252735,-0.036954739000034896,12.923350708988686,fear,False,-0.48,0.03931650982524454,0.5327438105252735
2025-03-30,1828.09,1849.01,1767.69,1807.74,327843.4476,1523210,595676639.883548,32,Fear,0.0,0.032264068218794455,0.4545452058760232,-0.01118878943123005,12.70029147952285,fear,False,-0.36,0.032264068218794455,0.4545452058760232
2025-03-31,1807.74,1854.22,1776.75,1822.43,497854.9052,2283021,904456573.010415,34,Fear,343.08045660615494,0.029077625496474583,0.4400222537596365,0.00809332906461524,13.11806395853459,fear,False,-0.32,0.029077625496474583,0.4400222537596365
2025-04-01,1822.43,1927.9,1817.88,1904.98,452989.0974,2141608,851190042.273377,34,Fear,0.0,0.028678547398285417,0.4698282648743349,0.04430073445199792,13.023623336625874,fear,False,-0.32,0.028678547398285417,0.4698282648743349
2025-04-02,1904.98,1957.0,1781.53,1795.22,750840.7823,3408080,1411539014.562126,44,Fear,407.0734801581595,0.03047647162177498,0.5093201449832695,-0.059343932731742675,13.528948900679605,fear,False,-0.12,0.03047647162177498,0.5093201449832695
2025-04-03,1795.21,1845.26,1750.0,1817.23,508075.018,2579520,912214691.840036,25,Extreme Fear,0.0,0.03072576711351169,0.5023823918847398,0.012185786577508531,13.138384388886347,extreme_fear,True,-0.5,0.03072576711351169,0.5023823918847398
2025-04-04,1817.23,1835.68,1758.72,1816.87,572734.4702,2647730,1030518559.141754,28,Fear,365.4899844440488,0.031037569190834287,0.49903074678218107,-0.00019812333242212469,13.2581774855003,fear,False,-0.44,0.031037569190834287,0.49903074678218107
2025-04-05,1816.88,1827.29,1764.39,1806.01,201716.2696,861593,362822603.997079,30,Fear,301.767131560933,0.0308724188121416,0.49175806499435026,-0.005995248271208042,12.214617383059124,fear,False,-0.4,0.0308724188121416,0.49175806499435026
2025-04-06,1806.02,1817.0,1537.5,1580.76,979847.0958,3251935,1621420911.803542,34,Fear,0.0,0.037821396159071645,0.6685152409312414,-0.13321424803042528,13.795151813779759,fear,False,-0.32,0.037821396159071645,0.6685152409312414
2025-04-07,1580.77,1639.0,1411.01,1553.04,2168796.0067,5723226,3314200223.327178,23,Extreme Fear,0.0,0.04259959568717789,0.6673382807253606,-0.01769144361261582,14.58968273591628,extreme_fear,True,-0.54,0.04259959568717789,0.6673382807253606
2025-04-08,1553.04,1618.67,1441.3,1473.41,891846.1327,3369669,1361139288.977932,24,Extreme Fear,957.7800318352092,0.04434100444143621,0.6230844307759857,-0.05263485816822717,13.701048899709738,extreme_fear,True,-0.52,0.04434100444143621,0.6230844307759857
2025-04-09,1473.41,1689.0,1385.05,1669.51,1968530.9138,4723847,2995077137.626647,18,Extreme Fear,758.9728943626056,0.05114845809073596,0.7951277756962989,0.12495072793418767,14.492798093484428,extreme_fear,True,-0.64,0.05114845809073596,0.7951277756962989
2025-04-10,1669.51,1669.85,1471.02,1522.25,911855.3934,3007121,1425649915.894919,39,Fear,893.7898854332324,0.05375347346723232,0.8488747109519015,-0.09234066669439746,13.723236696616102,fear,False,-0.22,0.05375347346723232,0.8488747109519015
2025-04-11,1522.24,1591.47,1504.63,1566.85,578484.3183,2547292,901210974.608363,25,Extreme Fear,286.3607489281996,0.05420368826982646,0.8589602525804573,0.028877730971497012,13.268166717729006,extreme_fear,True,-0.5,0.05420368826982646,0.8589602525804573
2025-04-12,1566.85,1669.59,1546.06,1644.18,501867.9033,2177800,813176435.313973,43,Fear,0.0,0.055098859050078865,0.8812786454377497,0.04817454521355104,13.126092223209588,fear,False,-0.14,0.055098859050078865,0.8812786454377497
2025-04-13,1644.19,1649.75,1562.01,1597.76,580136.6145,2597350,931598664.291855,45,Fear,421.1474830019455,0.054958922244262916,0.8657119516939895,-0.028639131361487033,13.271018897028263,fear,False,-0.1,0.054958922244262916,0.8657119516939895
2025-04-14,1597.76,1691.5,1595.56,1623.77,645930.1419,2975844,1062426756.849636,31,Fear,8.056866717059439,0.055375642714821566,0.8718140635187032,0.016147957763760806,13.37844663744356,fear,False,-0.38,0.055375642714821566,0.8718140635187032
2025-04-15,1623.78,1661.21,1583.12,1588.78,476178.8915,2283302,774210116.710625,38,Fear,228.47310524156904,0.05537666520981569,0.8706352267431376,-0.021784179981145808,13.07354888508897,fear,False,-0.24,0.05537666520981569,0.8706352267431376
2025-04-16,1588.77,1613.66,1538.07,1577.14,611387.8686,2645419,965271509.893183,29,Fear,0.0,0.05564894676755977,0.8701812686673044,-0.007353345914930207,13.323486846240053,fear,False,-0.42,0.05564894676755977,0.8701812686673044
2025-04-17,1577.15,1616.96,1563.2,1583.62,449870.3628,1871114,716711483.143345,30,Fear,209.42822608414755,0.05477726274251564,0.8567743224009547,0.0041002854241772085,13.016714737576054,fear,False,-0.4,0.05477726274251564,0.8567743224009547
2025-04-18,1583.63,1600.64,1573.54,1588.6,200409.0359,889028,317931022.839473,33,Fear,98.18689813479376,0.054173642425968796,0.8512420788089826,0.003139759594925102,12.208115736497712,fear,False,-0.34,0.054173642425968796,0.8512420788089826
2025-04-19,1588.6,1631.81,1585.01,1613.27,223096.3899,1762563,358254845.712294,32,Fear,0.0,0.053977525084745265,0.8547436152232414,0.01541004987464434,12.315359198756756,fear,False,-0.36,0.053977525084745265,0.8547436152232414
2025-04-20,1613.26,1619.19,1565.59,1587.36,276052.2306,1913811,438377495.975152,37,Fear,74.11177452709138,0.05386243675947379,0.8538957132422854,-0.016190916172083583,12.528345368099759,fear,False,-0.26,0.05386243675947379,0.8538957132422854
2025-04-21,1587.36,1658.75,1564.07,1579.57,691486.6667,4257816,1117358203.868595,39,Fear,216.25590521799614,0.053862684039886956,0.8323504740892054,-0.004919600819362497,13.44659914819462,fear,False,-0.22,0.053862684039886956,0.8323504740892054
2025-04-22,1579.57,1778.0,1537.26,1756.26,1103036.9586,3841594,1833852783.080129,47,Neutral,275.7552024294958,0.055890590998712866,0.904526635222948,0.10603388993379359,13.913577805017889,neutral,False,-0.06,0.055890590998712866,0.904526635222948
2025-04-23,1756.25,1834.86,1744.95,1795.07,887545.6316,3346263,1590311895.515477,72,Greed,0.0,0.05584456394674036,0.9070583351576148,0.021857470360468853,13.69621521489728,greed,False,0.44,0.05584456394674036,0.9070583351576148
2025-04-24,1795.08,1802.82,1722.9,1769.65,483465.0385,2225460,851507192.04646,63,Greed,113.91549122173812,0.055880349851855936,0.9083458265336966,-0.014262231474765616,13.088734282057327,greed,False,0.26,0.055880349851855936,0.9083458265336966
2025-04-25,1769.64,1827.32,1738.6,1784.6,595610.8894,2516748,1063192910.339053,60,Greed,204.87877475895357,0.05608169431806122,0.9088011956896273,0.008412513564324266,13.297342862700747,greed,False,0.2,0.05608169431806122,0.9088011956896273
2025-04-26,1784.6,1841.16,1778.94,1820.88,355068.0442,1907298,640645562.865216,65,Greed,76.61415431904341,0.051607683768956095,0.7633844066107801,0.020125600231878177,12.780064723893293,greed,False,0.3,0.051607683768956095,0.7633844066107801
2025-04-27,1820.87,1857.47,1781.9,1791.29,340332.6435,2405764,616122293.308254,61,Greed,258.7687574885582,0.04785282239722667,0.7628357733804174,-0.016383870030276824,12.737678781542261,greed,False,0.22,0.04785282239722667,0.7628357733804174
2025-04-28,1791.29,1827.98,1744.71,1799.88,587269.743,2980656,1049690759.152374,54,Neutral,0.0,0.04567475426107952,0.7296724684244552,0.004783965327616204,13.283239521368555,neutral,False,0.08,0.04567475426107952,0.7296724684244552
2025-04-29,1799.88,1842.99,1780.47,1797.81,480456.3884,2590967,871685371.749142,60,Greed,77.39725038665992,0.037387265003193,0.5901646366840697,-0.0011507385174512378,13.082491740318023,greed,False,0.2,0.037387265003193,0.5901646366840697
2025-04-30,1797.81,1816.8,1731.7,1793.61,473523.9877,2468998,843558998.326332,56,Greed,0.0,0.03390372264889904,0.47017516547703914,-0.002338908796338469,13.067957850726343,greed,False,0.12,0.03390372264889904,0.47017516547703914
2025-05-01,1793.62,1873.17,1792.52,1838.11,537198.7291,2398765,988206595.824892,53,Neutral,0.0,0.033579946649996376,0.4678765749062729,0.02450752110385425,13.194123377842866,neutral,False,0.06,0.033579946649996376,0.4678765749062729
2025-05-02,1838.1,1871.0,1813.0,1842.2,410667.875,2062923,755324594.318921,67,Greed,243.9619510154721,0.032232578931504885,0.4433104376784708,0.0022226397688022595,12.925540076773293,greed,False,0.34,0.032232578931504885,0.4433104376784708
2025-05-03,1842.2,1848.6,1810.0,1833.52,213751.5979,1135719,391267436.332057,65,Greed,114.92520468140178,0.03151362927289479,0.42656185696477106,-0.0047228930029837345,12.27256986232662,greed,False,0.3,0.03151362927289479,0.42656185696477106
2025-05-04,1833.52,1849.95,1803.0,1808.86,238254.3564,1443996,435999576.565349,64,Greed,182.30825312182324,0.030717099374031703,0.4310028912270825,-0.013540803974340185,12.381094106344033,greed,False,0.28,0.030717099374031703,0.4310028912270825
2025-05-05,1808.86,1833.55,1781.85,1820.19,342341.0078,1961255,619310042.705,52,Neutral,22.93436052786249,0.030273511827987588,0.4188708299112097,0.006244078649583546,12.743562618102306,neutral,False,0.04,0.030273511827987588,0.4188708299112097
2025-05-06,1820.19,1820.9,1752.0,1817.0,384584.2451,2333041,687049952.313885,59,Greed,60.93795632302915,0.030030123373792936,0.41682830112902064,-0.0017541018302236297,12.859918146919178,greed,False,0.18,0.030030123373792936,0.41682830112902064
2025-05-07,1817.0,1850.0,1787.01,1811.11,456170.0705,2408512,831394497.734043,67,Greed,0.0,0.030047157270870765,0.4183377334269008,-0.003246872434657581,13.030620980586432,greed,False,0.34,0.030047157270870765,0.4183377334269008
2025-05-08,1811.11,2226.0,1808.71,2207.39,1473152.686,5616063,2976074419.323541,65,Greed,0.0,0.04092343865439523,0.7964623565259462,0.1978709051504642,14.202915346556173,greed,False,0.3,0.04092343865439523,0.7964623565259462
2025-05-09,2207.39,2490.77,2184.33,2345.04,1667041.0382,6885286,3881949928.351723,73,Greed,0.0,0.0443877368502542,0.8116149308267716,0.060491637192219526,14.326560779426314,greed,False,0.46,0.0443877368502542,0.8116149308267716
2025-05-10,2345.04,2600.0,2317.0,2583.23,979350.1606,4862978,2393510879.665205,70,Greed,11.664125238509435,0.04679016624345214,0.8455065499021363,0.09673809457506417,13.794644529269194,greed,False,0.4,0.04679016624345214,0.8455065499021363
2025-05-11,2583.22,2608.13,2435.51,2514.57,831584.3888,4340859,2087255708.689512,70,Greed,378.7013096963806,0.04702753688995798,0.8591189655592271,-0.02693873911823869,13.631088062303016,greed,False,0.4,0.04702753688995798,0.8591189655592271
2025-05-12,2514.58,2624.0,2406.63,2495.47,1068680.9433,5441783,2694150708.642761,70,Greed,575.1480698830023,0.04432520277205178,0.8070063524511966,-0.007624726562569798,13.881935682689363,greed,False,0.4,0.04432520277205178,0.8070063524511966
2025-05-13,2495.48,2738.5,2415.3,2679.71,1031355.6465,4666012,2653880363.305381,70,Greed,562.2447872476467,0.0469428335883351,0.8292152744800481,0.07123149149621383,13.846384656474797,greed,False,0.4,0.0469428335883351,0.8292152744800481
2025-05-14,2679.71,2725.99,2547.26,2609.74,830047.1122,4181188,2183890526.340228,73,Greed,413.71691773043113,0.04742871504588188,0.8369987537865522,-0.02645798019825446,13.629237739848644,greed,False,0.46,0.04742871504588188,0.8369987537865522
2025-05-15,2609.75,2647.03,2476.03,2548.69,768954.0332,4305508,1963827790.236602,70,Greed,0.0,0.04780417326348137,0.8502398401812602,-0.023671097836287125,13.552786471928766,greed,False,0.4,0.04780417326348137,0.8502398401812602
2025-05-16,2548.7,2649.31,2529.4,2537.12,605953.6919,3310498,1568128704.046345,71,Greed,329.00093434607385,0.04798554967891479,0.8538560036674895,-0.004549922218868295,13.314558846125,greed,False,0.42,0.04798554967891479,0.8538560036674895
2025-05-17,2537.13,2538.16,2446.42,2475.08,494333.2782,2950197,1227578098.31878,74,Greed,0.0,0.04791598839849233,0.8586478136489415,-0.02475686072852782,13.110965220921273,greed,False,0.48,0.04791598839849233,0.8586478136489415
2025-05-18,2475.09,2587.61,2323.21,2497.78,810103.1851,3416878,2001441345.434297,74,Greed,147.58888797095645,0.049661346395573305,0.8580220651767819,0.009129618637998178,13.604916907547675,greed,False,0.48,0.049661346395573305,0.8580220651767819
2025-05-19,2497.78,2547.36,2348.38,2528.14,861747.523,4757453,2109843607.573324,74,Greed,657.4597992498204,0.05063655100493169,0.8557179700024422,0.012081517129454255,13.666717609991458,greed,False,0.48,0.05063655100493169,0.8557179700024422
2025-05-20,2528.14,2588.63,2442.4,2524.19,676989.1747,3816684,1703522806.130449,71,Greed,62.21367486998833,0.05082845373689922,0.8554894326736302,-0.0015636353147152056,13.425410561663172,greed,False,0.42,0.05082845373689922,0.8554894326736302
2025-05-21,2524.19,2615.95,2452.2,2550.99,1095890.2902,5568312,2780015740.832861,70,Greed,441.7383010885062,0.051224581905373594,0.8553167506868016,0.010561299937301044,13.907077641297258,greed,False,0.4,0.051224581905373594,0.8553167506868016
2025-05-22,2551.0,2692.99,2544.83,2664.82,852555.6669,5196535,2246807632.745271,72,Greed,0.0,0.051612237995027475,0.8588532467614901,0.04365499400221554,13.655993784424382,greed,False,0.44,0.051612237995027475,0.8588532467614901
2025-05-23,2664.83,2734.23,2498.3,2526.5,971442.4532,5450420,2537338702.615742,78,Extreme Greed,392.86988577057235,0.052940002685427076,0.8928805745613485,-0.05330156737301998,13.786537311047743,extreme_greed,True,0.56,0.052940002685427076,0.8928805745613485
2025-05-24,2526.49,2575.85,2515.08,2530.4,257544.2344,2090724,656038924.220513,66,Greed,74.95923189730871,0.05292453198708334,0.8878462480894413,0.0015424472594757481,12.458946768410403,greed,False,0.32,0.05292453198708334,0.8878462480894413
2025-05-25,2530.41,2554.26,2463.0,2551.22,359890.0299,2556052,901956598.724874,74,Greed,0.0,0.053010604832465356,0.8875661281425232,0.008194283121783164,12.793553791266065,greed,False,0.48,0.053010604832465356,0.8875661281425232
2025-05-26,2551.22,2599.0,2525.86,2563.7,362971.1182,2374458,929347758.924527,73,Greed,0.0,0.05289599980311936,0.8860297708570425,0.004879851401569555,12.802078545894263,greed,False,0.46,0.05289599980311936,0.8860297708570425
2025-05-27,2563.7,2712.36,2509.46,2660.81,798430.8862,4017588,2101748442.524873,74,Greed,122.50413735162732,0.053715588040238495,0.8852682988609561,0.0371790601849991,13.590403688351381,greed,False,0.48,0.053715588040238495,0.8852682988609561
2025-05-28,2660.81,2689.14,2608.5,2681.6,560095.6833,3160462,1480645502.351484,71,Greed,138.7803393347712,0.046096925844071816,0.5815815409355795,0.007783043587972976,13.23586291115162,greed,False,0.42,0.046096925844071816,0.5815815409355795
2025-05-29,2681.61,2788.0,2619.05,2631.39,811567.2545,4254669,2189640513.339573,74,Greed,72.03298497070556,0.04341181956913214,0.5574532662485515,-0.018901407621664652,13.606722539274104,greed,False,0.48,0.04341181956913214,0.5574532662485515
2025-05-30,2631.39,2649.23,2507.35,2531.34,763045.2564,4624552,1976177953.879442,60,Greed,0.0,0.04122787904215907,0.4637807245770893,-0.038763416887778096,13.545072622269071,greed,False,0.2,0.04122787904215907,0.4637807245770893
2025-05-31,2531.35,2550.34,2475.33,2528.06,394537.2521,2792146,994330383.170508,50,Neutral,0.0,0.0403887001603856,0.4535900311527536,-0.0012965966160090577,12.885468843453815,neutral,False,0.0,0.0403887001603856,0.4535900311527536
2025-06-01,2528.06,2547.79,2468.56,2539.21,332021.7088,2210246,834842712.277541,56,Greed,262.4911477629622,0.038915271314565805,0.4528227832514554,0.004400798850344821,12.712955633712735,greed,False,0.12,0.038915271314565805,0.4528227832514554
2025-06-02,2539.2,2615.0,2475.0,2607.41,468889.9737,3239230,1184963591.471666,64,Greed,140.47258966549072,0.03584088513192768,0.38311023911880565,0.026504382446835256,13.058123422251498,greed,False,0.28,0.03584088513192768,0.38311023911880565
2025-06-03,2607.42,2655.38,2575.0,2593.36,454383.0439,3098351,1188862077.100825,64,Greed,0.0,0.03490955813404741,0.3719488131047105,-0.005403059231682269,13.026695830331928,greed,False,0.28,0.03490955813404741,0.3719488131047105
2025-06-04,2593.35,2679.88,2583.5,2607.68,502494.8214,2754319,1321537606.684948,62,Greed,190.56126467645217,0.03409462240703228,0.3619330830940116,0.005506604904045108,13.127340613190622,greed,False,0.24,0.03409462240703228,0.3619330830940116
2025-06-05,2607.68,2640.86,2391.66,2414.01,808938.0344,4181206,2047572739.901186,57,Greed,0.0,0.03606829672994057,0.45652575928347705,-0.07717167198088684,13.603477597804215,greed,False,0.14,0.03606829672994057,0.45652575928347705
2025-06-06,2414.02,2531.36,2381.49,2476.1,578843.4974,3246760,1428256037.775954,45,Fear,314.33718776988496,0.03665586047406576,0.4587822663765852,0.025395476560089048,13.268787421917844,fear,False,-0.1,0.03665586047406576,0.4587822663765852
2025-06-07,2476.1,2544.36,2457.0,2524.63,264787.6743,1587509,662320802.305284,52,Neutral,100.68496381051305,0.03400231841353528,0.46292195578445894,0.01940977560768664,12.486683554756198,neutral,False,0.04,0.03400231841353528,0.46292195578445894
2025-06-08,2524.64,2548.63,2490.58,2509.83,266474.7139,1401175,670516749.059655,62,Greed,126.41516474487824,0.03234873450026222,0.4613676067778217,-0.005879495570297428,12.493034635910078,greed,False,0.24,0.03234873450026222,0.4613676067778217
2025-06-09,2509.84,2693.99,2477.73,2680.13,568726.3025,2896758,1458505754.33474,62,Greed,75.17798406005836,0.033342852556481915,0.5173425826428286,0.0656502790426938,13.251154582445182,greed,False,0.24,0.033342852556481915,0.5173425826428286
2025-06-10,2680.13,2827.0,2655.61,2816.4,1138405.4775,5277581,3115655145.472068,71,Greed,0.0,0.03327054528836625,0.5428370558959554,0.04959417285383804,13.945139137323856,greed,False,0.42,0.03327054528836625,0.5428370558959554
2025-06-11,2816.41,2879.22,2743.75,2771.61,850210.9324,4906906,2388186204.977766,72,Greed,0.0,0.033031303621749546,0.5275198302287817,-0.016031094874014874,13.653239753445657,greed,False,0.44,0.033031303621749546,0.5275198302287817
2025-06-12,2771.6,2784.83,2616.24,2642.65,699593.3757,4172997,1905633561.097528,71,Greed,0.0,0.0318519157971722,0.5199897282372256,-0.04764617720998437,13.458254553385357,greed,False,0.42,0.0318519157971722,0.5199897282372256
2025-06-13,2642.66,2645.45,2436.98,2579.19,1202176.2972,6026303,3033896895.562154,61,Greed,0.0,0.0335524232258269,0.5284806377541525,-0.024306805427401885,13.999644053205841,greed,False,0.22,0.0335524232258269,0.5284806377541525
2025-06-14,2579.19,2579.43,2488.72,2530.76,331438.9278,1988958,838399986.460107,63,Greed,180.27408201024087,0.033541121627268605,0.5323211564083487,-0.018955743264715684,12.711198841771395,greed,False,0.26,0.033541121627268605,0.5323211564083487
2025-06-15,2530.77,2559.51,2492.0,2547.61,299701.6624,1846489,758742736.767623,60,Greed,214.33190297817927,0.03351414162971319,0.5325887282465495,0.0066360118836382735,12.610542800169585,greed,False,0.2,0.03351414162971319,0.5325887282465495
2025-06-16,2547.62,2680.34,2514.85,2544.17,680429.988,3434185,1774646762.471706,61,Greed,0.0,0.032976110455399686,0.5138436400764209,-0.0013511976257330142,13.430480212606684,greed,False,0.22,0.032976110455399686,0.5138436400764209
2025-06-17,2544.17,2618.6,2453.8,2509.95,715930.4081,4017130,1815306987.093816,68,Greed,65.81691665384498,0.03386597469163192,0.5139013613095124,-0.013541634518074394,13.481338245827944,greed,False,0.36,0.03386597469163192,0.5139013613095124
2025-06-18,2509.95,2548.42,2465.78,2525.0,504532.1818,3243812,1266177014.470926,52,Neutral,190.26577821985228,0.03310632419844958,0.5114709714049037,0.005978230100768063,13.131386906235887,neutral,False,0.04,0.03310632419844958,0.5114709714049037
2025-06-19,2525.0,2546.91,2485.03,2521.12,252646.059,1667327,636251233.010393,57,Greed,197.10762669942028,0.03243920563342395,0.4927711185521037,-0.0015378154957248734,12.439744811944129,greed,False,0.14,0.03243920563342395,0.4927711185521037
2025-06-20,2521.13,2569.0,2367.36,2406.49,632027.8235,3175602,1559837109.182709,54,Neutral,87.40218095831209,0.03401066136920136,0.5195396566475217,-0.04653399289162982,13.35668869668526,neutral,False,0.08,0.03401066136920136,0.5195396566475217
2025-06-21,2406.49,2448.8,2216.0,2295.73,496783.864,2825558,1167664698.578644,49,Neutral,0.0,0.03631367838327119,0.5422019605185849,-0.04711837861639429,13.115910329202748,neutral,False,-0.02,0.03631367838327119,0.5422019605185849
2025-06-22,2295.72,2314.48,2111.89,2227.7,840155.8295,5203723,1865382440.303028,42,Fear,0.0,0.03762184016817318,0.5357039930055224,-0.0300812126348831,13.641342664923926,fear,False,-0.16,0.03762184016817318,0.5357039930055224
2025-06-23,2227.7,2438.68,2188.0,2411.66,744583.8003,4477307,1707539521.027113,47,Neutral,0.0,0.04013153134156575,0.6188867136971442,0.07934564398281163,13.52058068393912,neutral,False,-0.06,0.04013153134156575,0.6188867136971442
2025-06-24,2411.66,2482.04,2376.11,2448.45,516760.6621,3133356,1252322606.094842,65,Greed,0.0,0.040257342995767824,0.6217115571230066,0.015139864214513837,13.155335110325836,greed,False,0.3,0.040257342995767824,0.6217115571230066
2025-06-25,2448.46,2468.69,2389.69,2418.49,414894.7387,2776920,1007574107.706431,66,Greed,260.51232034591754,0.0382434820853331,0.5587286193625649,-0.012311792807958116,12.935780125353595,greed,False,0.32,0.0382434820853331,0.5587286193625649
2025-06-26,2418.5,2520.92,2394.32,2415.96,463704.0261,2978926,1138310757.584065,74,Greed,180.3571936262205,0.0379903854782569,0.5506720822856213,-0.0010466548339375498,13.047001752895234,greed,False,0.48,0.0379903854782569,0.5506720822856213
2025-06-27,2415.96,2463.54,2382.53,2423.17,381474.766,2112477,927024811.54842,65,Greed,119.79203024724302,0.03796600818139061,0.5455693754710271,0.002979876686593695,12.851799983351269,greed,False,0.3,0.03796600818139061,0.5455693754710271
2025-06-28,2423.17,2447.8,2405.81,2435.62,155814.9859,855656,378310903.948948,65,Greed,101.68108026103556,0.03791099634542823,0.545943351649534,0.005124743916839685,11.956424594571054,greed,False,0.3,0.03791099634542823,0.545943351649534
2025-06-29,2435.62,2525.0,2412.0,2500.09,284291.8057,1370707,700329421.976834,68,Greed,14.264775139069894,0.036725563129413406,0.49732651955805063,0.026125386978616508,12.557756474501232,greed,False,0.36,0.036725563129413406,0.49732651955805063
2025-06-30,2500.09,2524.3,2431.0,2485.47,440455.714,2333352,1093515997.924797,66,Greed,325.8735734075737,0.03610826924261438,0.4560848378537686,-0.005864954752458621,12.99556518354949,greed,False,0.32,0.03610826924261438,0.4560848378537686
2025-07-01,2485.47,2500.8,2386.52,2405.01,351951.0868,1978858,858543228.334264,64,Greed,94.73651827847581,0.03607459260429418,0.4647374677946095,-0.032907714920473924,12.771247486970138,greed,False,0.28,0.03607459260429418,0.4647374677946095
2025-07-02,2405.01,2619.28,2373.0,2570.41,634967.0337,2717139,1599878809.253887,63,Greed,253.91676468783257,0.03750846371470494,0.5073295658454506,0.06651135770377255,13.361328361094104,greed,False,0.26,0.03750846371470494,0.5073295658454506
2025-07-03,2570.41,2635.5,2556.12,2591.25,504943.6592,2506227,1308429372.972785,73,Greed,0.0,0.036086721584233095,0.5009061623884833,0.00807496551084155,13.13220213609296,greed,False,0.46,0.036086721584233095,0.5009061623884833
2025-07-04,2591.26,2603.17,2474.24,2508.04,452593.02,1980591,1142275937.968202,73,Greed,0.0,0.03640976801966155,0.5101283176502158,-0.03263881316104407,13.022748590056468,greed,False,0.46,0.03640976801966155,0.5101283176502158
2025-07-05,2508.04,2529.81,2487.95,2516.41,157198.0958,911950,394906375.017766,67,Greed,64.46160168230358,0.03630160463337412,0.5096540960317008,0.0033317110300457526,11.965262045672326,greed,False,0.34,0.03630160463337412,0.5096540960317008
2025-07-06,2516.42,2605.0,2503.5,2570.35,277593.6319,1375995,707971625.070802,66,Greed,0.0,0.035679763430477206,0.5154805646100185,0.021208793768126077,12.533913567510165,greed,False,0.32,0.035679763430477206,0.5154805646100185
2025-07-07,2570.35,2590.57,2512.0,2542.29,315707.5272,1985043,805370144.473485,73,Greed,254.36908065092845,0.03484185062877635,0.5146328485452473,-0.010976826745835281,12.662571517150665,greed,False,0.46,0.03484185062877635,0.5146328485452473
2025-07-08,2542.3,2628.21,2523.59,2615.25,370915.7321,1899797,957180096.783727,65,Greed,138.87685281937104,0.03498732801046671,0.5237193169755412,0.028294445582588534,12.823730178593246,greed,False,0.3,0.03498732801046671,0.5237193169755412
2025-07-09,2615.25,2795.74,2589.78,2768.74,686119.3772,2997546,1844561572.906599,66,Greed,0.0,0.036315380969184796,0.5589175735289146,0.05703264782490423,13.438806910810413,greed,False,0.32,0.036315380969184796,0.5589175735289146
2025-07-10,2768.74,3000.0,2755.5,2951.29,951896.07,4235042,2707997922.265638,71,Greed,0.0,0.0364506057472382,0.5620884473424748,0.06385001983809137,13.76621113764594,greed,False,0.42,0.0364506057472382,0.5620884473424748
2025-07-11,2951.29,3040.15,2913.75,2958.22,906839.1689,4434934,2704484897.471723,71,Greed,0.0,0.0343687624852877,0.5211138478853317,0.002345373195644777,13.717720391323143,greed,False,0.42,0.0343687624852877,0.5211138478853317
2025-07-12,2958.21,2979.78,2903.85,2943.28,348884.8877,1690700,1027324169.831482,79,Extreme Greed,92.36307819329856,0.03227860626412231,0.501069044222314,-0.005063130362084512,12.762497312106658,extreme_greed,True,0.58,0.03227860626412231,0.501069044222314
2025-07-13,2943.29,3020.31,2936.49,2972.03,357333.5016,1778200,1063507989.977405,74,Greed,0.0,0.029051974769276134,0.4374134087078115,0.009720615278929012,12.786424802840186,greed,False,0.48,0.029051974769276134,0.4374134087078115
2025-07-14,2972.03,3083.0,2962.81,3013.62,815552.6496,3706161,2470137078.017986,74,Greed,0.701668470109801,0.028952140842000876,0.43725873388512965,0.013896792937287883,13.611621260087368,greed,False,0.48,0.028952140842000876,0.43725873388512965
2025-07-15,3013.61,3144.14,2932.46,3137.89,863583.7377,4317422,2610352115.953149,73,Greed,254.5819562657833,0.030112395373096564,0.4409944341883745,0.04040858556728951,13.668846146621032,greed,False,0.46,0.030112395373096564,0.4409944341883745
2025-07-16,3137.9,3425.0,3101.0,3371.35,1135950.5831,4381562,3699155067.268267,70,Greed,0.0,0.0322021270965977,0.4838415542693684,0.07176265809814222,13.942980376524794,greed,False,0.4,0.0322021270965977,0.4838415542693684
2025-07-17,3371.35,3523.44,3310.77,3476.87,974065.8264,5025581,3331779733.255004,74,Greed,0.0,0.03296532781925577,0.48349246978813404,0.030819206153466738,13.789234163913902,greed,False,0.48,0.03296532781925577,0.48349246978813404
2025-07-18,3476.88,3673.84,3458.68,3546.92,1163823.3977,5566028,4180688128.221824,73,Greed,0.0,0.03386732164239641,0.4810926476466029,0.019947157492513926,13.967221175573844,greed,False,0.46,0.03386732164239641,0.4810926476466029
2025-07-19,3546.92,3608.3,3506.79,3592.01,381791.9213,2217328,1360031951.337076,74,Greed,154.65818798255737,0.03352427420294705,0.48074945430017496,0.01263231313452492,12.852631030542323,greed,False,0.48,0.03352427420294705,0.48074945430017496
2025-07-20,3592.0,3824.56,3579.13,3756.69,852356.5533,3794627,3170505338.400095,72,Greed,0.0,0.03431655355670291,0.4808810889920127,0.04482631614396699,13.655760208057757,greed,False,0.44,0.03431655355670291,0.4808810889920127
2025-07-21,3756.69,3860.0,3701.01,3762.33,812074.0534,4156350,3070256408.919716,71,Greed,72.16402113133087,0.03420636516220295,0.4441591953567368,0.0015001957855612835,13.607346813753933,greed,False,0.42,0.03420636516220295,0.4441591953567368
2025-07-22,3762.32,3798.65,3616.54,3746.21,870127.3864,4455526,3216022611.720179,72,Greed,0.0,0.03221434060621122,0.42136382770153735,-0.004293784082249591,13.676394901061661,greed,False,0.44,0.03221434060621122,0.42136382770153735
2025-07-23,3746.21,3764.2,3527.0,3628.29,800259.4025,3761894,2907900644.920295,74,Greed,177.4216982329044,0.03312544611793578,0.45738234535075084,-0.03198319934152158,13.592691207216381,greed,False,0.48,0.03312544611793578,0.45738234535075084
2025-07-24,3628.29,3771.0,3502.85,3706.94,749459.495,3752613,2743326751.987169,71,Greed,593.978901356499,0.03389519991510839,0.41842884950779097,0.021445275536585953,13.5271075523693,greed,False,0.42,0.03389519991510839,0.41842884950779097
2025-07-25,3706.95,3747.0,3573.76,3724.96,764606.7261,4083119,2799663682.731906,70,Greed,335.1292907504758,0.034413286586755486,0.41768337379633397,0.004849375076047342,13.547116897093018,greed,False,0.4,0.034413286586755486,0.41768337379633397
2025-07-26,3724.97,3793.0,3697.66,3741.1,407259.7024,1720495,1525422085.066145,72,Greed,0.0,0.034168363233888034,0.42111305232786334,0.00432357231054932,12.917206350367117,greed,False,0.44,0.034168363233888034,0.42111305232786334
2025-07-27,3741.11,3879.82,3731.0,3872.1,457352.4605,2299384,1744992440.585528,73,Greed,0.0,0.03432140295268523,0.40924875947748157,0.03441730969773146,13.033209620976018,greed,False,0.46,0.03432140295268523,0.40924875947748157
2025-07-28,3872.11,3941.0,3754.0,3799.0,620994.7463,3161770,2387363538.135913,75,Greed,184.33045896267723,0.034508252791549024,0.43199719602312975,-0.019059121321626165,13.339077900815417,greed,False,0.5,0.034508252791549024,0.43199719602312975
2025-07-29,3799.0,3886.44,3716.04,3793.79,584210.4393,3121489,2218694085.767802,73,Greed,177.57157181268482,0.033488308298825084,0.4125120891936592,-0.0013723547780699651,13.278016538170165,greed,False,0.46,0.033488308298825084,0.4125120891936592
2025-07-30,3793.79,3834.03,3677.65,3810.0,525424.9003,3128399,1984744001.488409,74,Greed,144.14697931901102,0.03197506188466137,0.37265751684380166,0.004263669711191031,13.17196254814444,greed,False,0.48,0.03197506188466137,0.37265751684380166
2025-07-31,3810.0,3878.67,3684.33,3698.39,516088.4503,2754480,1961880275.402547,72,Greed,312.2832386899255,0.032210780940767396,0.4008837198262644,-0.029731599322331093,13.154033445083853,greed,False,0.44,0.032210780940767396,0.4008837198262644
2025-08-01,3698.39,3724.02,3431.75,3488.2,783869.1517,5288678,2826423714.237822,65,Greed,0.0,0.033852482578203565,0.46873416978194526,-0.05851174596384749,13.57199738706163,greed,False,0.3,0.033852482578203565,0.46873416978194526
2025-08-02,3488.21,3537.69,3368.29,3393.94,494195.7094,3703627,1709705648.162931,55,Greed,0.0,0.03428011656140724,0.4856541280774463,-0.027394355452404134,13.1106868905888,neutral,False,0.1,0.03428011656140724,0.4856541280774463
2025-08-03,3393.94,3521.79,3354.28,3496.74,296347.6758,2428479,1026636932.33361,53,Neutral,384.27959301147126,0.03448822241289441,0.4920696962833949,0.02983961747477572,12.599288624431729,neutral,False,0.06,0.03448822241289441,0.4920696962833949
2025-08-04,3496.75,3736.73,3490.73,3720.99,463349.9861,3316870,1677819313.332998,64,Greed,0.0,0.03443057675271248,0.5168342208606421,0.0621586560364612,13.046237957015917,greed,False,0.28,0.03443057675271248,0.5168342208606421
2025-08-05,3720.99,3722.24,3546.0,3612.0,489070.9589,3721006,1772309727.640444,60,Greed,374.3653043974557,0.032400579913648135,0.4760748458663222,-0.02972812635652487,13.100262868154488,greed,False,0.2,0.032400579913648135,0.4760748458663222
2025-08-06,3612.01,3698.6,3564.19,3683.31,365309.9205,2912356,1326203496.30214,54,Neutral,302.0333535349163,0.031695610919297026,0.46911108278339164,0.019550168879219083,12.80850136954575,neutral,False,0.08,0.031695610919297026,0.46911108278339164
2025-08-07,3683.31,3927.77,3647.63,3910.31,631678.9872,3495451,2402252971.431741,62,Greed,0.0,0.03221283761738457,0.5080576237673032,0.05980485030798321,13.356136612442448,greed,False,0.24,0.03221283761738457,0.5080576237673032
2025-08-08,3910.3,4071.0,3880.0,4009.5,723300.0109,4175115,2868715363.889369,74,Greed,0.0,0.032628586928255834,0.5124646456063171,0.025049890523005283,13.49157936790719,greed,False,0.48,0.032628586928255834,0.5124646456063171
2025-08-09,4009.51,4326.2,4006.63,4260.62,691932.1048,3932997,2897074775.140159,67,Greed,0.0,0.03303779462102442,0.5314362602073534,0.06074814433253135,13.447243115335402,greed,False,0.34,0.03303779462102442,0.5314362602073534
2025-08-10,4260.63,4332.6,4153.07,4250.57,494843.8105,3319102,2091948332.589114,69,Greed,227.34921957510426,0.03304374903675062,0.5320746782129087,-0.0023615980070610175,13.111997457415958,greed,False,0.38,0.03304374903675062,0.5320746782129087
2025-08-11,4250.58,4366.46,4166.77,4223.22,722664.04,5162548,3089081112.554874,70,Greed,313.83737960059443,0.03298304791050096,0.5326896819583483,-0.006455221328954463,13.490699718180611,greed,False,0.4,0.03298304791050096,0.5326896819583483
2025-08-12,4223.22,4639.7,4219.04,4590.52,885288.0652,5104868,3918279210.053929,68,Greed,0.0,0.03426925251379605,0.5790203878977771,0.08339543715453994,13.69366836842841,greed,False,0.36,0.03426925251379605,0.5790203878977771
2025-08-13,4590.52,4783.85,4564.33,4749.3,925931.4988,5293034,4334944436.910635,73,Greed,0.0,0.03340736706935913,0.5835048004203959,0.03400393134970226,13.738555535514033,greed,False,0.46,0.03340736706935913,0.5835048004203959
2025-08-14,4749.31,4788.0,4451.33,4546.84,1265449.0453,6488264,5853669749.165808,75,Greed,333.6591327295714,0.0342272747639106,0.6161937744205613,-0.04356475257801217,14.050937593676238,greed,False,0.5,0.0342272747639106,0.6161937744205613
2025-08-15,4546.84,4672.67,4368.0,4439.47,880409.2591,5091385,3978902618.058779,60,Greed,181.0663530139749,0.035239237533261906,0.627658981995934,-0.023897486238018403,13.688142145503267,greed,False,0.2,0.035239237533261906,0.627658981995934
2025-08-16,4439.47,4490.42,4372.54,4421.99,358676.5884,2446573,1587545552.644884,56,Greed,122.11211947405442,0.03502824841403008,0.6214369637648728,-0.003945178937148229,12.790176393478427,greed,False,0.12,0.03502824841403008,0.6214369637648728
2025-08-17,4422.0,4576.0,4393.98,4472.33,442461.3829,2844829,1990037593.51367,64,Greed,73.61682741672679,0.03484354230479712,0.6140871702119379,0.011319704604323999,13.000108469339363,greed,False,0.28,0.03484354230479712,0.6140871702119379
2025-08-18,4472.34,4481.88,4225.86,4312.99,823188.1269,4938429,3561988639.06488,60,Greed,0.0,0.03521667174744468,0.6334666172834548,-0.03627812652559123,13.620940040293007,greed,False,0.2,0.03521667174744468,0.6334666172834548
2025-08-19,4312.99,4355.0,4067.34,4075.59,831222.7951,4828050,3499853674.637695,56,Greed,0.0,0.03596045250381379,0.6719010552878973,-0.05661587760273519,13.63065314271739,greed,False,0.12,0.03596045250381379,0.6719010552878973
2025-08-20,4075.58,4378.0,4060.0,4336.16,728324.8933,4768196,3077553918.18234,44,Fear,636.0904500284448,0.03671582898020735,0.6905749735897332,0.06197364233702371,13.498502509630121,fear,False,-0.12,0.03671582898020735,0.6905749735897332
2025-08-21,4336.16,4340.26,4204.2,4225.3,433836.3992,4202357,1854414176.529447,50,Neutral,155.72219957197967,0.035296952142546495,0.6578717179614344,-0.025898899620050653,12.980422781646459,neutral,False,0.0,0.035296952142546495,0.6578717179614344
2025-08-22,4225.3,4887.59,4207.39,4832.07,1277976.63526,6440351,5850514269.296542,50,Neutral,62.49958831508466,0.04009286888069922,0.7766950881778518,0.13418468307705242,14.060788631483323,neutral,False,0.0,0.04009286888069922,0.7766950881778518
2025-08-23,4832.07,4832.07,4659.7,4778.4,512442.0888,3011610,2428561923.417837,60,Greed,104.76269907788364,0.03985480212623437,0.7817930387928357,-0.011169184846589514,13.146942986146591,greed,False,0.2,0.03985480212623437,0.7817930387928357
2025-08-24,4778.4,4956.78,4711.0,4780.15,780668.77842,4316811,3755014998.446702,53,Neutral,16.67975908123489,0.039387985154305936,0.763556179889608,0.00036616432817805254,13.567906239532078,neutral,False,0.06,0.039387985154305936,0.763556179889608
2025-08-25,4780.15,4797.97,4334.13,4376.18,1043917.1659,6296796,4769033242.728044,47,Neutral,0.0,0.04117525887460034,0.8317935134457957,-0.08829572903520404,13.858490701269236,neutral,False,-0.06,0.04117525887460034,0.8317935134457957
2025-08-26,4376.17,4633.46,4311.04,4600.63,834750.2767,5640502,3739773474.021506,48,Neutral,425.8627969213021,0.042005966040572204,0.8435763640422298,0.050017052910167316,13.634887889282336,neutral,False,-0.04,0.042005966040572204,0.8435763640422298
2025-08-27,4600.63,4663.93,4481.53,4506.71,606669.3611,3920404,2784659238.301701,51,Neutral,90.373732453845,0.04116388330227873,0.8302163200569301,-0.02062585335400408,13.315739211748632,neutral,False,0.02,0.04116388330227873,0.8302163200569301
2025-08-28,4506.71,4633.97,4430.0,4511.21,485243.4027,3236156,2202472276.64976,48,Neutral,209.7743035600098,0.04110187967616209,0.827704299772178,0.0009980129283716935,13.092405905266501,neutral,False,-0.04,0.04110187967616209,0.827704299772178
2025-08-29,4511.2,4516.75,4265.0,4360.18,679063.8777,4406428,2969120530.274377,50,Neutral,0.0,0.040527527668961304,0.8126452210577998,-0.03405206930103277,13.428470478257335,neutral,False,0.0,0.040527527668961304,0.8126452210577998
2025-08-30,4360.18,4415.61,4257.2,4373.7,340319.1826,2086140,1483613909.749367,39,Fear,212.87200876386453,0.04042589592884597,0.8125628976685337,0.003095991884313636,12.737639228574103,fear,False,-0.22,0.04042589592884597,0.8125628976685337
2025-08-31,4373.7,4498.47,4372.63,4391.83,356586.1861,2221987,1588952837.432261,48,Neutral,0.0,0.04011549447137312,0.812069692644992,0.0041366639218291465,12.784331245859391,neutral,False,-0.04,0.04011549447137312,0.812069692644992
2025-09-01,4391.83,4491.84,4210.61,4314.5,513830.0395,4011776,2244610986.86617,46,Fear,108.07336911094016,0.03900948602900258,0.7548949286842899,-0.017764553752352776,13.149647827305058,neutral,False,-0.08,0.03900948602900258,0.7548949286842899
2025-09-02,4314.5,4416.78,4257.85,4326.5,524605.0512,4161006,2275752549.704531,49,Neutral,233.28759852641068,0.03880936113036515,0.7425752343220433,0.0027774580984313694,13.170400975038017,neutral,False,-0.02,0.03880936113036515,0.7425752343220433
2025-09-03,4326.49,4490.64,4283.23,4450.46,487091.6861,3491341,2146232316.546182,55,Greed,159.20876595702754,0.03808711079302049,0.7364037094445753,0.02824856055761766,13.096207651490483,neutral,False,0.1,0.03808711079302049,0.7364037094445753
2025-09-04,4450.46,4482.05,4265.33,4297.55,471795.7096,4087637,2061920365.306792,51,Neutral,410.9772938984222,0.03758908755487871,0.741978977430709,-0.034962368743768533,13.064301352230599,neutral,False,0.02,0.03758908755487871,0.741978977430709
2025-09-05,4297.56,4490.0,4256.03,4307.45,624169.8754,4751518,2722930703.949958,48,Neutral,468.8531044150814,0.03810282302510432,0.7420511290033083,0.0023009888130162623,13.344177846519958,neutral,False,-0.04,0.03810282302510432,0.7420511290033083
2025-09-06,4307.46,4329.3,4236.0,4273.14,191166.0686,1711937,819243725.2123,48,Neutral,0.0,0.03782424712348574,0.7408568084322931,-0.00799716170022149,12.160897798369405,neutral,False,-0.04,0.03782424712348574,0.7408568084322931
2025-09-07,4273.15,4336.02,4270.81,4306.19,169620.8372,1450115,729149678.760542,44,Fear,77.27145268215175,0.037046217550480084,0.7304624290028916,0.007704602454888019,12.04132085564222,fear,False,-0.12,0.037046217550480084,0.7304624290028916
2025-09-08,4306.19,4384.06,4279.0,4306.37,372882.4355,2889398,1611402674.924859,51,Neutral,58.6290389818242,0.03603914487922456,0.6993225238916637,4.1799418529761376e-05,12.829018462617224,neutral,False,0.02,0.03603914487922456,0.6993225238916637
2025-09-09,4306.36,4381.87,4276.76,4310.09,405485.7821,3068397,1751903233.455334,48,Neutral,230.31656177817266,0.03474049631760204,0.6634074189751318,0.0008634637034529795,12.912841089284179,neutral,False,-0.04,0.03474049631760204,0.6634074189751318
2025-09-10,4310.08,4453.57,4285.1,4349.32,506633.9098,3221192,2207912091.685508,49,Neutral,122.13032827649198,0.03486294341870645,0.6570929013571368,0.009060725473809083,13.135543950353812,neutral,False,-0.02,0.03486294341870645,0.6570929013571368
2025-09-11,4349.33,4481.09,4338.82,4458.82,441259.6649,3446340,1949893256.335128,54,Neutral,134.15007769578767,0.028796064597635486,0.44433104914308197,0.024864645993088238,12.997388790445857,neutral,False,0.08,0.028796064597635486,0.44433104914308197
2025-09-12,4458.83,4748.4,4450.71,4712.16,510777.5402,3859691,2337299050.098691,57,Greed,0.0,0.029681859844158425,0.4903433595238852,0.05526224459511558,13.143689432322605,greed,False,0.14,0.029681859844158425,0.4903433595238852
2025-09-13,4712.16,4769.36,4605.0,4666.53,394393.6869,2711137,1850836179.983483,52,Neutral,108.23910041275222,0.029266883443349715,0.4913614930800661,-0.009730646826155575,12.885104894736665,neutral,False,0.04,0.029266883443349715,0.4913614930800661
2025-09-14,4666.54,4692.36,4576.89,4604.49,278244.3205,2561665,1287527692.946413,55,Greed,44.1080526442725,0.02610226101886288,0.37293319857580937,-0.013383840415569824,12.536254857429025,neutral,False,0.1,0.02610226101886288,0.37293319857580937
2025-09-15,4604.48,4670.28,4466.0,4523.74,412291.9687,3889905,1874781946.015099,53,Neutral,42.37482078427471,0.024971822172879934,0.334031813336644,-0.017692829050488672,12.929487039242595,neutral,False,0.06,0.024971822172879934,0.334031813336644
2025-09-16,4523.74,4538.25,4424.0,4501.29,293307.1099,2967454,1315498731.650004,52,Neutral,0.0,0.024629548512519788,0.32626746756181113,-0.004975062976067039,12.588975495721852,neutral,False,0.04,0.024629548512519788,0.32626746756181113
2025-09-17,4501.3,4616.77,4412.0,4590.53,476981.4561,3859374,2149457762.913816,53,Neutral,161.1220022779627,0.024641221281055135,0.3336889031158416,0.019631463454173458,13.075232893014155,neutral,False,0.06,0.024641221281055135,0.3336889031158416
2025-09-18,4590.54,4644.47,4553.7,4587.66,290660.377,2922079,1336761563.704996,52,Neutral,0.0,0.02355632870246563,0.30734433277176965,-0.0006253956593931097,12.579910775227418,neutral,False,0.04,0.02355632870246563,0.30734433277176965
2025-09-19,4587.66,4620.72,4435.7,4468.59,331611.1482,2302227,1495953132.099773,53,Neutral,0.0,0.023684288162363953,0.3239060314684205,-0.026297167533291962,12.711718321099147,neutral,False,0.06,0.023684288162363953,0.3239060314684205
2025-09-20,4468.59,4508.71,4454.45,4480.42,130781.913,1094083,585813348.774924,48,Neutral,42.39053378510831,0.023432281254196496,0.3237620833489471,0.0026438694092462277,11.781286428627187,neutral,False,-0.04,0.023432281254196496,0.3237620833489471
2025-09-21,4480.41,4498.16,4443.0,4444.97,149349.8262,1098813,668077573.112986,49,Neutral,62.90231092089219,0.021827319315419397,0.31803953474549873,-0.007943672245900365,11.914046659934172,neutral,False,-0.02,0.021827319315419397,0.31803953474549873
2025-09-22,4444.98,4455.76,4077.0,4199.08,708243.2348,4143966,2991392446.130756,45,Fear,0.0,0.02438304145904199,0.37946713444350705,-0.056907666110895525,13.47054286565279,fear,False,-0.1,0.02438304145904199,0.37946713444350705
2025-09-23,4199.09,4229.03,4114.39,4164.26,315227.9057,3449275,1318382529.127912,43,Fear,100.2800112607142,0.02382912233659916,0.3633096253594439,-0.008326864910836613,12.6610511663592,fear,False,-0.14,0.02382912233659916,0.3633096253594439
2025-09-24,4164.25,4206.9,4073.74,4152.81,353665.5671,3119658,1472276097.667921,44,Fear,118.17743202822962,0.023284930305093418,0.3435600588638884,-0.0027533752231514953,12.77610701987511,fear,False,-0.12,0.023284930305093418,0.3435600588638884
2025-09-25,4152.81,4161.04,3815.0,3874.36,930327.6951,7611345,3702962412.917114,44,Fear,0.0,0.02502971899545445,0.4185500011006845,-0.06940472566749337,13.7432921633877,fear,False,-0.12,0.02502971899545445,0.4185500011006845
2025-09-26,3874.35,4068.3,3867.65,4032.24,575711.0859,5466636,2275867014.046836,28,Fear,329.69284676558004,0.02576936165003894,0.4480049487207498,0.03994156493275973,13.263361226862033,fear,False,-0.44,0.02576936165003894,0.4480049487207498
2025-09-27,4032.24,4039.01,3972.98,4018.38,172693.2638,1940113,692281857.207582,33,Fear,63.207042209433645,0.0257840780468944,0.4462488034369782,-0.0034432164711230614,12.059272258162698,fear,False,-0.34,0.0257840780468944,0.4462488034369782
2025-09-28,4018.39,4144.88,3966.0,4142.16,240331.8589,2500609,972239151.627579,37,Fear,71.91359050146485,0.02625463444658103,0.4620786670384054,0.03033855457312372,12.389775992628701,fear,False,-0.26,0.02625463444658103,0.4620786670384054
2025-09-29,4142.16,4235.86,4082.25,4215.07,380728.6784,3612246,1580732256.801187,50,Neutral,0.0,0.026519432581051286,0.4671377902720195,0.017448807761483453,12.849842270239966,neutral,False,0.0,0.026519432581051286,0.4671377902720195
2025-09-30,4215.07,4245.0,4092.1,4145.15,391126.6172,4118784,1625808124.643462,50,Neutral,312.98046930129436,0.02647132650620101,0.46865381637889947,-0.016727222559593583,12.87678661570217,neutral,False,0.0,0.02647132650620101,0.46865381637889947
2025-10-01,4145.15,4355.46,4123.08,4348.03,507026.3822,4138481,2165739972.371045,49,Neutral,86.85409907176629,0.027132518201814126,0.4927813168486858,0.04778389284816072,13.136318317116936,neutral,False,-0.02,0.027132518201814126,0.4927813168486858
2025-10-02,4348.03,4516.74,4332.73,4484.35,526411.1571,4441183,2322911121.293646,64,Greed,0.0,0.02630166095828972,0.46234198069164467,0.030870688512346534,13.173837853867415,greed,False,0.28,0.02630166095828972,0.46234198069164467
2025-10-03,4484.35,4591.59,4428.0,4512.87,485684.0267,5149648,2184423024.582545,63,Greed,0.0,0.026331213752202067,0.46251733287982505,0.0063397572859535895,13.093313540619889,greed,False,0.26,0.026331213752202067,0.46251733287982505
2025-10-04,4512.88,4517.93,4440.0,4487.15,199732.7088,2252261,895195711.881079,71,Greed,95.52356029975948,0.026222071600973198,0.46073995554627684,-0.005715558413766914,12.204735295676368,greed,False,0.42,0.026222071600973198,0.46073995554627684
2025-10-05,4487.16,4618.17,4467.05,4514.32,506587.9614,3791095,2305062852.191549,74,Greed,0.0,0.025913010002583517,0.4572218671792538,0.006036810101716383,13.135453252745839,greed,False,0.48,0.025913010002583517,0.4572218671792538
2025-10-06,4514.32,4735.93,4488.25,4684.01,456200.6528,4677655,2107882753.614729,71,Greed,114.29465769970857,0.026679455504682658,0.47511654326275354,0.03690001421518396,13.030688019782739,greed,False,0.42,0.026679455504682658,0.47511654326275354
2025-10-07,4684.02,4755.0,4430.43,4447.7,640685.9319,6028668,2946435862.400838,70,Greed,436.6824486207501,0.0276553433844311,0.5065127382401403,-0.051767472030075326,13.370294649995692,greed,False,0.4,0.0276553433844311,0.5065127382401403
2025-10-08,4447.7,4558.0,4410.08,4525.72,399904.3287,4771608,1791815622.635745,60,Greed,65.54048196422902,0.027882270004037108,0.5109801598135364,0.017389571885848193,12.89898061923244,greed,False,0.2,0.027882270004037108,0.5109801598135364
2025-10-09,4525.72,4531.52,4265.06,4368.09,515978.1829,5181361,2257574038.66859,70,Greed,62.0862119646373,0.02852252221375074,0.5180509037453552,-0.03545083789043667,13.153819762368274,greed,False,0.4,0.02852252221375074,0.5180509037453552
2025-10-10,4368.09,4393.63,3435.0,3829.72,1493971.0244,12594514,5954598988.690315,64,Greed,0.0,0.043628540708049446,0.6940933348936396,-0.13153414915544512,14.216948249841574,greed,False,0.28,0.043628540708049446,0.6940933348936396
2025-10-11,3829.72,3878.3,3643.33,3746.79,789885.6582,8794145,2994511140.409299,27,Fear,188.5643165167118,0.04439758460147324,0.6958829523185344,-0.021892220065384466,13.579643477512176,fear,False,-0.46,0.04439758460147324,0.6958829523185344
2025-10-12,3746.8,4197.7,3694.74,4152.29,811308.152,8286691,3213401552.274956,24,Extreme Fear,11.327482253866842,0.04607134039022259,0.7750066752621588,0.10276051587678621,13.606403226403671,extreme_fear,True,-0.52,0.04607134039022259,0.7750066752621588
2025-10-13,4152.29,4292.0,4042.29,4240.85,622813.9247,8321249,2590697041.479605,38,Fear,0.0,0.04662341545624923,0.7781296157337046,0.02110373156831671,13.342003076912977,fear,False,-0.24,0.04662341545624923,0.7781296157337046
2025-10-14,4240.86,4263.38,3888.74,4125.02,962996.7658,10714712,3894019260.946043,38,Fear,268.38265994001574,0.0480379751585804,0.7846954580912586,-0.02769285259047492,13.777805332311488,fear,False,-0.24,0.0480379751585804,0.7846954580912586
2025-10-15,4125.01,4217.6,3926.74,3985.61,626081.6966,7421801,2543782117.973257,34,Fear,591.1992025427819,0.04757921432966993,0.7530164831867561,-0.0343804937045906,13.347236147317899,fear,False,-0.32,0.04757921432966993,0.7530164831867561
2025-10-16,3985.61,4086.49,3826.04,3894.51,643804.6163,8451902,2552218455.018819,28,Fear,0.0,0.04791514725064576,0.7434355182217939,-0.023122505456865863,13.37515056821567,fear,False,-0.44,0.04791514725064576,0.7434355182217939
2025-10-17,3894.5,3950.45,3674.5,3831.57,830127.0885,9412569,3147006926.52111,22,Extreme Fear,0.0,0.048841809899220254,0.7452236323363131,-0.016293228229644297,13.629334086726011,extreme_fear,True,-0.56,0.048841809899220254,0.7452236323363131
2025-10-18,3831.58,3927.73,3819.07,3889.21,250710.6121,3174247,971616631.642943,23,Extreme Fear,126.6161237527445,0.04862734693188073,0.7382257539896132,0.014931411304294739,12.432054613126848,extreme_fear,True,-0.54,0.04862734693188073,0.7382257539896132
2025-10-19,3889.2,4030.94,3827.04,3982.58,408538.2545,4377250,1609546719.154199,29,Fear,120.98891403753737,0.048873345646218244,0.7408793492858118,0.02372379831186929,12.920340835164486,fear,False,-0.42,0.048873345646218244,0.7408793492858118
2025-10-20,3982.58,4085.3,3908.73,3979.22,511382.3301,5803391,2049366257.294899,29,Fear,69.09536371310732,0.04898509972522952,0.7390727596020753,-0.0008440302945235186,13.14487278922821,fear,False,-0.42,0.04898509972522952,0.7390727596020753
2025-10-21,3979.22,4110.0,3840.24,3873.05,590594.1382,7015049,2335723187.677247,34,Fear,316.50781731037586,0.04927919395763268,0.7196368692388874,-0.027043509852020572,13.28888432308185,fear,False,-0.32,0.04927919395763268,0.7196368692388874
2025-10-22,3873.04,3889.27,3710.0,3805.53,593130.0905,6834244,2268706650.109904,25,Extreme Fear,0.0,0.04937003194027222,0.7073526527365239,-0.017587038317258403,13.293169030817403,extreme_fear,True,-0.5,0.04937003194027222,0.7073526527365239
2025-10-23,3805.53,3934.86,3796.54,3856.8,477231.0181,4206428,1842438997.006866,27,Fear,9.178757596750174,0.049363540544753254,0.7097114539371819,0.013382552088275646,13.075755967303031,fear,False,-0.46,0.049363540544753254,0.7097114539371819
2025-10-24,3856.8,4026.39,3845.86,3934.88,425926.9383,4291705,1676037250.100214,30,Fear,0.0,0.049691531695123144,0.716597420684446,0.02004256174236033,12.962023104204585,fear,False,-0.4,0.049691531695123144,0.716597420684446
2025-10-25,3934.88,3969.22,3912.4,3953.82,138526.3338,1476147,545722019.675975,37,Fear,53.41766962096393,0.0495281309076966,0.7163226828321885,0.004801814340076848,11.838815722276093,fear,False,-0.26,0.0495281309076966,0.7163226828321885
2025-10-26,3953.81,4178.78,3919.03,4158.46,344698.0918,3249487,1396836816.693465,40,Fear,0.0,0.049752120797334015,0.7287633320447793,0.05046261323567923,12.750424216661377,fear,False,-0.2,0.049752120797334015,0.7287633320447793
2025-10-27,4158.46,4253.72,4095.0,4120.15,487131.2291,5081784,2035684992.603607,51,Neutral,0.0,0.04910407407240967,0.7086609627635887,-0.009255242961713369,13.096288830036798,neutral,False,0.02,0.04910407407240967,0.7086609627635887
2025-10-28,4120.16,4175.55,3931.33,3979.2,472965.8377,5061999,1926589295.491682,50,Neutral,0.0,0.04956899405613671,0.7121495713435995,-0.034808776398675446,13.066778440130008,neutral,False,0.0,0.04956899405613671,0.7121495713435995
2025-10-29,3979.19,4036.66,3840.37,3902.99,486452.3127,5571627,1925328091.834018,51,Neutral,0.0,0.04935249288064465,0.7057098205518307,-0.019337868003501114,13.094894154632174,neutral,False,0.02,0.04935249288064465,0.7057098205518307
2025-10-30,3903.0,3948.74,3680.0,3805.09,531455.9923,6906431,2028708564.222212,34,Fear,0.0,0.03785102909547427,0.5343166722965655,-0.025403281941540668,13.183375674276842,fear,False,-0.32,0.03785102909547427,0.5343166722965655
2025-10-31,3804.95,3906.09,3796.36,3847.99,478636.2995,5000695,1843471240.950858,29,Fear,133.78754689224203,0.03710661454685055,0.5294915802631559,0.011211289925523064,13.078696296753733,fear,False,-0.42,0.03710661454685055,0.5294915802631559
2025-11-01,3848.0,3909.39,3831.0,3873.77,152998.1626,1840903,592459458.761567,33,Fear,135.70968978121107,0.03302358729471928,0.3717142812824402,0.006677259014800738,11.938181191152136,fear,False,-0.34,0.03302358729471928,0.3717142812824402
2025-11-02,3873.78,3918.23,3839.12,3906.58,216083.1542,2433160,837354910.688628,37,Fear,150.44030337449098,0.032144443358623376,0.36322832843814695,0.00843411787205513,12.283418585731301,fear,False,-0.26,0.032144443358623376,0.36322832843814695
2025-11-03,3906.58,3914.29,3558.82,3603.83,877187.3852,7464333,3238285047.509506,42,Fear,27.86848911430872,0.032313482123371255,0.4477005902150769,-0.08066514211210017,13.684475914665512,fear,False,-0.16,0.032313482123371255,0.4477005902150769
2025-11-04,3603.84,3654.54,3057.0,3287.05,1568004.2379,10283812,5314450723.763831,21,Extreme Fear,0.0,0.03907565685526133,0.5333931037036077,-0.09200666281684843,14.265314182631185,extreme_fear,True,-0.58,0.03907565685526133,0.5333931037036077
2025-11-05,3287.05,3480.46,3166.66,3424.29,809591.5132,6935719,2699190339.152632,23,Extreme Fear,566.2539480639961,0.040121012918052985,0.5596901776187897,0.04090364494926036,13.604285094752884,extreme_fear,True,-0.54,0.040121012918052985,0.5596901776187897
2025-11-06,3424.29,3456.46,3245.45,3315.14,566363.7003,6422367,1896818057.207791,27,Fear,460.3576213990725,0.03983327823875314,0.5663308259605843,-0.0323942959310574,13.246991730854505,fear,False,-0.46,0.03983327823875314,0.5663308259605843
2025-11-07,3315.14,3473.0,3194.2,3436.05,683417.3854,7139239,2269770217.236427,24,Extreme Fear,508.2827685037267,0.041216268118229725,0.5818211345822868,0.03582270079696168,13.43486105790662,extreme_fear,True,-0.52,0.041216268118229725,0.5818211345822868
2025-11-08,3436.04,3488.0,3355.58,3401.51,291532.2881,3661341,997076516.09053,20,Extreme Fear,101.57280576373441,0.0409536866675298,0.5710411634230192,-0.010103105142434262,12.582906043990285,extreme_fear,True,-0.6,0.0409536866675298,0.5710411634230192
2025-11-09,3401.51,3623.25,3358.66,3583.46,464098.052,4471232,1616068059.82672,22,Extreme Fear,202.51799932032057,0.04178152753475445,0.6093521792248343,0.05210936343989393,13.047851127849203,extreme_fear,True,-0.56,0.04178152753475445,0.6093521792248343
2025-11-10,3583.46,3658.98,3507.3,3567.85,595273.0298,5374965,2130222587.624694,29,Fear,29.108760800567868,0.04116925662930379,0.6038813287908564,-0.00436564064271813,13.296775452890913,fear,False,-0.42,0.04116925662930379,0.6038813287908564
2025-11-11,3567.85,3648.27,3405.24,3417.76,660283.2747,6239855,2334219569.458803,26,Fear,218.03240721143345,0.04171873124521799,0.61796192534486,-0.042977807748070314,13.400424226011788,fear,False,-0.48,0.04171873124521799,0.61796192534486
2025-11-12,3417.76,3588.19,3371.65,3414.92,553101.9368,5915987,1913040553.62282,24,Extreme Fear,338.6911274461508,0.04227565370783621,0.6142888272374325,-0.0008312990403620452,13.22329759769423,extreme_fear,True,-0.52,0.04227565370783621,0.6142888272374325
2025-11-13,3414.91,3565.84,3154.22,3231.54,951989.1347,8109562,3206643011.077227,15,Extreme Fear,208.6265286107314,0.04495109007353408,0.6297083929639099,-0.055195262890100356,13.76630890057812,extreme_fear,True,-0.7,0.04495109007353408,0.6297083929639099
2025-11-14,3231.55,3256.71,3070.0,3112.4,890446.1491,9563602,2825408309.925825,16,Extreme Fear,0.0,0.04560385524371833,0.6345761938820339,-0.037564671036127026,13.699477907227497,extreme_fear,True,-0.68,0.04560385524371833,0.6345761938820339
2025-11-15,3112.4,3230.0,3110.68,3167.88,338463.4782,3329279,1076796729.102536,10,Extreme Fear,265.0223201251635,0.04506652181414898,0.6016077906436813,0.017668461686243114,12.732171472455985,extreme_fear,True,-0.8,0.04506652181414898,0.6016077906436813
2025-11-16,3167.87,3249.0,3004.0,3095.29,570633.5809,5709385,1779987722.711093,10,Extreme Fear,206.830295929842,0.04599745385524607,0.6023030309414514,-0.023180993184499878,13.2545025679401,extreme_fear,True,-0.8,0.04599745385524607,0.6023030309414514
2025-11-17,3095.29,3223.38,2959.46,3031.44,762500.4289,7450569,2363337280.765939,14,Extreme Fear,545.6824704216656,0.04671036396641677,0.598020985063328,-0.020843847110688898,13.544358349955349,extreme_fear,True,-0.72,0.04671036396641677,0.598020985063328
2025-11-18,3031.44,3169.95,2946.56,3123.66,766640.1058,7615241,2340587460.798044,11,Extreme Fear,546.0702465264933,0.04725834790296124,0.6170562431006037,0.029967637075662683,13.549772747022434,extreme_fear,True,-0.78,0.04725834790296124,0.6170562431006037
2025-11-19,3123.65,3125.54,2873.64,3025.48,737926.7146,7164222,2216678695.223021,15,Extreme Fear,319.2093944005943,0.04765595353521272,0.6194902272950912,-0.0319356346465724,13.511599795941741,extreme_fear,True,-0.7,0.04765595353521272,0.6194902272950912
2025-11-20,3025.48,3063.61,2790.01,2834.22,912524.3718,7127439,2661800409.340738,11,Extreme Fear,294.12414873702704,0.0491351971166474,0.6414922673240717,-0.06530298953202794,13.723970072904027,extreme_fear,True,-0.78,0.0491351971166474,0.6414922673240717
2025-11-21,2834.21,2886.73,2623.57,2765.85,1180475.4085,10064748,3236847819.47923,14,Extreme Fear,0.0,0.05071138905239228,0.6368490669584128,-0.02441876521160861,13.981427803863365,extreme_fear,True,-0.72,0.05071138905239228,0.6368490669584128
2025-11-22,2765.86,2799.01,2704.33,2770.12,264691.3089,3610746,726992504.445693,11,Extreme Fear,144.98061337867125,0.05084778390506907,0.633683010149499,0.0015426387233994602,12.486319553902069,extreme_fear,True,-0.78,0.05084778390506907,0.633683010149499
2025-11-23,2770.12,2858.16,2768.29,2802.16,409808.5734,3902263,1154902366.816105,13,Extreme Fear,0.0,0.04940088048846636,0.5944712873224272,0.01149990779395844,12.923445435505139,extreme_fear,True,-0.74,0.04940088048846636,0.5944712873224272
2025-11-24,2802.16,2987.0,2763.0,2953.38,715279.7551,5727108,2052356496.552595,19,Extreme Fear,151.920584839185,0.044443261225272035,0.5586983852350926,0.05255972882393761,13.48042901102574,extreme_fear,True,-0.62,0.044443261225272035,0.5586983852350926
2025-11-25,2953.38,2980.82,2857.32,2959.36,427686.4528,4418266,1246454120.370332,20,Extreme Fear,259.37182086543675,0.04297082199285668,0.5324331465287602,0.0020227515632153313,12.966145619175123,extreme_fear,True,-0.6,0.04297082199285668,0.5324331465287602
2025-11-26,2959.36,3045.0,2888.69,3026.56,364535.326,3911013,1079536972.459607,15,Extreme Fear,95.76942119948983,0.04272021798974489,0.5337357102314733,0.022453632291662327,12.806378742058497,extreme_fear,True,-0.7,0.04272021798974489,0.5337357102314733
2025-11-27,3026.56,3071.37,2985.78,3015.23,274980.3955,2917476,831942752.099709,22,Extreme Fear,0.0,0.04139006587335537,0.512075736756918,-0.0037505485232770127,12.52445508501661,extreme_fear,True,-0.56,0.04139006587335537,0.512075736756918
2025-11-28,3015.23,3099.0,2994.36,3031.15,346616.0275,3662478,1053857760.714809,25,Extreme Fear,175.34819975034483,0.041320701059532394,0.513558208313471,0.005265972958720706,12.755972897260293,extreme_fear,True,-0.5,0.041320701059532394,0.513558208313471
2025-11-29,3031.14,3052.64,2961.91,2989.16,217904.1303,1930588,654348734.599726,28,Fear,11.440153374375832,0.04025074559743657,0.46616996607658834,-0.013949673991055718,12.291810475778307,fear,False,-0.44,0.04025074559743657,0.46616996607658834
2025-11-30,2989.17,3053.02,2975.3,2991.26,182722.4253,1896781,551904047.432645,28,Fear,226.7647732523689,0.03999735546759179,0.46719380484830436,0.0007022918411458271,12.115723478676054,fear,False,-0.44,0.03999735546759179,0.46719380484830436
2025-12-01,2991.25,2999.47,2716.04,2799.07,849002.9909,7108249,2386884973.982846,24,Extreme Fear,0.0,0.04113107452155304,0.4964071767422008,-0.06640748416649328,13.651817988137692,extreme_fear,True,-0.52,0.04113107452155304,0.4964071767422008
2025-12-02,2799.07,3033.76,2782.19,2996.07,523707.3586,5821936,1528447401.324846,23,Extreme Fear,508.72573159101483,0.041916904511715335,0.5682049278072627,0.06801421071564936,13.1686883313432,extreme_fear,True,-0.54,0.041916904511715335,0.5682049278072627
2025-12-03,2996.07,3214.99,2985.58,3188.36,553669.8146,6210489,1713587615.132564,28,Fear,0.0,0.03980630141865314,0.5873729282744303,0.06220524814757158,13.224323785522238,fear,False,-0.44,0.03980630141865314,0.5873729282744303
2025-12-04,3188.39,3240.35,3066.37,3133.26,486698.3987,6357509,1543790061.952392,26,Fear,252.25708384988565,0.039706481441010334,0.5748150326526456,-0.01743268193693491,13.095399905699018,fear,False,-0.48,0.039706481441010334,0.5748150326526456
2025-12-05,3133.26,3193.33,2983.08,3021.78,530382.8986,6012408,1639255389.987769,28,Fear,119.14065697726676,0.04043150659644977,0.5850046617087982,-0.03622793434865705,13.18135447487547,fear,False,-0.44,0.04043150659644977,0.5850046617087982
2025-12-06,3021.77,3069.0,3012.58,3038.06,159721.2488,2244070,485368537.240031,23,Extreme Fear,59.9269253714195,0.03911602199345495,0.580287660450085,0.005373092083985153,11.981185379829286,extreme_fear,True,-0.54,0.03911602199345495,0.580287660450085
2025-12-07,3038.06,3150.0,2907.52,3059.85,391129.675,4277667,1186332501.65101,20,Extreme Fear,51.20446326695069,0.03891243591801046,0.5760399909452781,0.007146741340972185,12.876794433600294,extreme_fear,True,-0.6,0.03891243591801046,0.5760399909452781
2025-12-08,3059.86,3180.51,3040.87,3124.16,452820.2207,6327207,1415589445.039095,20,Extreme Fear,50.35183736032672,0.038134300548670716,0.5707070893350119,0.02079955190022366,13.023250461896984,extreme_fear,True,-0.6,0.038134300548670716,0.5707070893350119
2025-12-09,3124.16,3397.85,3090.8,3318.04,603859.9458,6993282,1962292840.767687,22,Extreme Fear,0.0,0.03858325506677951,0.5954912178430352,0.06020880009551028,13.311097572214566,extreme_fear,True,-0.56,0.03858325506677951,0.5954912178430352
2025-12-10,3318.04,3447.44,3288.1,3324.14,539585.4535,7155428,1810738811.735616,26,Fear,0.0,0.037030152767383515,0.5356165944987982,0.0018367468857913162,13.198556445020564,fear,False,-0.48,0.037030152767383515,0.5356165944987982
2025-12-11,3324.14,3327.37,3145.28,3237.39,504114.2391,7267153,1619734578.213871,29,Fear,0.0,0.03554680055520979,0.5372862459468525,-0.026443544422017597,13.130558186249855,fear,False,-0.42,0.03554680055520979,0.5372862459468525
2025-12-12,3237.38,3265.5,3045.31,3084.86,435686.4435,5948483,1371414759.857734,29,Fear,26.341991401351002,0.036470629290875065,0.5729661724140106,-0.0482611741620481,12.984678097322645,fear,False,-0.42,0.036470629290875065,0.5729661724140106
2025-12-13,3084.86,3135.68,3078.6,3114.64,136465.7567,1855254,423920604.038122,23,Extreme Fear,57.380658230531814,0.03630132640506694,0.572737429759365,0.00960730028486934,11.82382899546818,extreme_fear,True,-0.54,0.03630132640506694,0.572737429759365
2025-12-14,3114.64,3129.54,3024.44,3063.5,279058.3545,3511048,862072488.530014,21,Extreme Fear,64.37720097670642,0.035060614041571,0.5491331624921104,-0.01655552255370258,12.539176194847432,extreme_fear,True,-0.58,0.035060614041571,0.5491331624921104
2025-12-15,3063.49,3177.5,2894.57,2964.85,520509.9555,7417115,1579982448.239563,16,Extreme Fear,146.2863983687668,0.03679399163349854,0.5626624201309948,-0.03273161223283604,13.162564293655398,extreme_fear,True,-0.68,0.03679399163349854,0.5626624201309948
2025-12-16,2964.85,2981.87,2876.0,2962.3,378293.1159,6669623,1111582164.804332,11,Extreme Fear,7.853677635654503,0.036431913292944845,0.5564250574362929,-0.0008604473169493417,12.843424612993212,extreme_fear,True,-0.78,0.036431913292944845,0.5564250574362929
2025-12-17,2962.3,3030.92,2791.02,2833.49,497630.4162,6532843,1446107029.749676,16,Extreme Fear,182.89836886088054,0.03788798524144129,0.5773891281379876,-0.04445682621664209,13.11761294434286,extreme_fear,True,-0.68,0.03788798524144129,0.5773891281379876
2025-12-18,2833.5,2997.4,2775.19,2828.57,595253.7997,7801439,1712688363.64049,17,Extreme Fear,595.9275096489747,0.03900277435166964,0.5765764910514534,-0.0017378838226009337,13.296743147697068,extreme_fear,True,-0.66,0.03900277435166964,0.5765764910514534
2025-12-19,2828.56,3020.0,2808.63,2979.5,531702.5439,6948512,1565878519.31718,16,Extreme Fear,513.6997038305815,0.03999681871353714,0.6073444956218516,0.051984217610352844,13.183839483945908,extreme_fear,True,-0.68,0.03999681871353714,0.6073444956218516
2025-12-20,2979.49,2994.41,2964.17,2977.93,91783.7734,1350111,273573678.212581,20,Extreme Fear,17.056289086669135,0.039869940518074264,0.6073369733935118,-0.0005270729278721063,11.427190800636046,extreme_fear,True,-0.6,0.039869940518074264,0.6073369733935118
2025-12-21,2977.93,3013.4,2944.0,3002.02,162244.8067,2474808,483780019.527505,20,Extreme Fear,51.05778012376264,0.03770573085541139,0.5549713342896705,0.008056967137236328,11.996861626041742,extreme_fear,True,-0.6,0.03770573085541139,0.5549713342896705
2025-12-22,3002.03,3077.39,2963.43,3009.49,298443.5633,5452069,903056984.466161,25,Extreme Fear,0.8606044044634756,0.03622522044709258,0.4999566791001076,0.002485233774808831,12.606336126267557,extreme_fear,True,-0.5,0.03622522044709258,0.4999566791001076
2025-12-23,3009.48,3035.79,2900.93,2965.02,386465.747,4824322,1143899253.062532,24,Extreme Fear,0.35853649563278706,0.03536481043860525,0.4450730715555763,-0.014886851399567445,12.864798519537684,extreme_fear,True,-0.52,0.03536481043860525,0.4450730715555763
2025-12-24,2965.03,2978.15,2888.7,2947.47,197035.5598,3194683,578209287.858266,24,Extreme Fear,122.15181610965398,0.03482122444770351,0.4422063921011993,-0.005936602528958959,12.191139498029754,extreme_fear,True,-0.52,0.03482122444770351,0.4422063921011993
2025-12-25,2947.48,2971.46,2891.2,2903.95,188721.2981,2183611,554690625.492779,23,Extreme Fear,253.2142182434809,0.03379920018377497,0.427203299818569,-0.014875296077072641,12.148026592502156,extreme_fear,True,-0.54,0.03379920018377497,0.427203299818569
2025-12-26,2903.9,2994.38,2894.26,2927.99,314830.9989,4062164,928357784.217832,20,Extreme Fear,207.50614163249838,0.03401519705370903,0.4279804035358593,0.008244301609216041,12.659791262405443,extreme_fear,True,-0.6,0.03401519705370903,0.4279804035358593
2025-12-27,2928.0,2960.89,2917.13,2949.05,95040.3956,1004396,278706096.334518,23,Extreme Fear,75.2446854733791,0.03233143540393096,0.42798602794531965,0.007166903796686185,11.462057297045721,extreme_fear,True,-0.54,0.03233143540393096,0.42798602794531965
2025-12-28,2949.05,2961.23,2924.54,2950.91,128834.139,1484510,379078145.432578,24,Extreme Fear,106.60194626674186,0.031808366123851184,0.419741571884727,0.0006305127701269662,11.766281111879518,extreme_fear,True,-0.52,0.031808366123851184,0.419741571884727
2025-12-29,2950.91,3057.78,2910.25,2937.9,485959.1824,5162535,1447180217.933539,24,Extreme Fear,37.3589621042246,0.029901478457203975,0.3474213333407015,-0.004418556946778186,13.093879912524264,extreme_fear,True,-0.52,0.029901478457203975,0.3474213333407015
2025-12-30,2937.91,3009.8,2919.44,2973.69,286583.2879,3959890,851498558.489608,23,Extreme Fear,208.5789082566171,0.02950372960691931,0.35240487361525175,0.012108565473992942,12.565784481091933,extreme_fear,True,-0.54,0.02950372960691931,0.35240487361525175
2025-12-31,2973.69,3028.08,2958.91,2971.64,233729.5887,2935432,697600045.700212,21,Extreme Fear,41.37232114188872,0.028687634426071532,0.3439283057014805,-0.0006896169199165761,12.361920122268709,extreme_fear,True,-0.58,0.028687634426071532,0.3439283057014805
2026-01-01,2971.65,3010.0,2971.15,3004.19,136088.5207,1338212,406547667.098154,20,Extreme Fear,82.11601298971755,0.027168683108048656,0.30556275952462203,0.010893991936288143,11.821060840482792,extreme_fear,True,-0.6,0.027168683108048656,0.30556275952462203
2026-01-02,3004.19,3150.01,2992.49,3125.45,369891.2449,5276480,1137619077.204739,28,Fear,0.0,0.027919701666882332,0.3367040962976858,0.03957029191827393,12.820964308711021,fear,False,-0.44,0.027919701666882332,0.3367040962976858
2026-01-03,3125.46,3136.71,3076.0,3127.11,134405.2258,1823251,417746796.512137,29,Fear,86.83771121835882,0.027665043383078486,0.33085650298729,0.0005309825220397415,11.80861458875576,fear,False,-0.42,0.027665043383078486,0.33085650298729
2026-01-04,3127.11,3167.22,3118.75,3144.7,181576.0686,2261499,570517585.648554,25,Extreme Fear,0.0,0.02475486219836402,0.3060290974617677,0.005609240751981426,12.109429955628467,extreme_fear,True,-0.5,0.02475486219836402,0.3060290974617677
2026-01-05,3144.71,3265.66,3135.02,3224.99,382446.6618,5401982,1219648843.481487,26,Fear,0.0,0.024885628348961637,0.31557405973534824,0.025211353372353303,12.854344476250683,fear,False,-0.48,0.024885628348961637,0.31557405973534824
2026-01-06,3224.99,3308.86,3183.27,3296.84,412503.5066,5310071,1340863819.954255,44,Fear,55.09047572706059,0.022883967619439522,0.2634167566774413,0.02203458447856464,12.929999985569225,fear,False,-0.12,0.022883967619439522,0.2634167566774413
2026-01-07,3296.83,3296.84,3125.42,3168.72,321350.1225,4839276,1027448724.687839,42,Fear,215.03257092694722,0.021635570349940004,0.31120119060999457,-0.039636713089381,12.680286532003654,fear,False,-0.16,0.021635570349940004,0.31120119060999457
2026-01-08,3168.72,3184.39,3054.65,3106.65,343616.1005,4982423,1069846020.042703,28,Fear,0.0,0.020108538331486438,0.2712717268973962,-0.01978274564878561,12.747280326259848,fear,False,-0.44,0.020108538331486438,0.2712717268973962
2026-01-09,3106.66,3148.41,3058.69,3088.4,274587.4533,4182570,851846982.925553,27,Fear,218.7282482957366,0.020434495408216194,0.27262306694528227,-0.005891817755608885,12.523025080449134,fear,False,-0.46,0.020434495408216194,0.27262306694528227
2026-01-10,3088.4,3104.12,3077.99,3086.72,82341.0546,881069,254495724.002643,25,Extreme Fear,29.225145842948233,0.02022540887752216,0.2717218322254184,-0.0005441189941084002,11.318625103111684,extreme_fear,True,-0.5,0.02022540887752216,0.2717218322254184
2026-01-11,3086.72,3147.27,3084.46,3123.45,149381.2965,1522502,465227647.583002,29,Fear,0.0,0.019766579888704148,0.2742334924880554,0.011829121681259684,11.914257353080783,fear,False,-0.42,0.019766579888704148,0.2742334924880554
2026-01-12,3123.46,3171.49,3065.55,3095.75,297373.4681,4303605,928024542.296001,27,Fear,133.51581833644735,0.01934675742892203,0.2701826465722066,-0.008907957026604093,12.602744096183836,fear,False,-0.46,0.01934675742892203,0.2701826465722066
2026-01-13,3095.75,3367.79,3091.96,3325.82,457782.2816,4876916,1470983302.124877,26,Fear,0.0,0.022118030693743823,0.3636638802335078,0.07168605713123949,13.034148982387695,fear,False,-0.48,0.022118030693743823,0.3636638802335078
2026-01-14,3325.83,3402.89,3280.48,3354.92,503440.0759,5351410,1682648500.339798,48,Neutral,0.0,0.022358223704243885,0.35521281924643816,0.008711664887586325,13.129219968963556,neutral,False,-0.04,0.022358223704243885,0.35521281924643816
2026-01-15,3354.92,3384.19,3273.72,3318.69,389993.836,4766390,1296628250.56622,61,Greed,259.1348167825532,0.022335988601939683,0.3609066749481122,-0.010857798383258989,12.873886212852721,greed,False,0.22,0.022335988601939683,0.3609066749481122
2026-01-16,3318.7,3326.79,3253.01,3296.28,223921.7876,3528248,737278508.749833,49,Neutral,12.579264312707961,0.022449250012428746,0.3638249022342032,-0.0067755668532725605,12.319052107365758,neutral,False,-0.02,0.022449250012428746,0.3638249022342032
2026-01-17,3296.28,3330.26,3283.96,3310.56,124325.0303,1229614,411508868.39151,50,Neutral,71.67080244587498,0.0224655397356587,0.36339645229109296,0.004322799473588365,11.730654627298977,neutral,False,0.0,0.0224655397356587,0.36339645229109296
2026-01-18,3310.56,3368.82,3278.86,3284.03,173354.3026,2227452,576301516.530256,49,Neutral,82.2398795543737,0.02176726826496352,0.36496746778977446,-0.008046032619523117,12.06309277111089,neutral,False,-0.02,0.02176726826496352,0.36496746778977446
2026-01-19,3284.04,3284.58,3165.38,3189.55,442540.5596,4406164,1421588263.898261,44,Fear,0.0,0.02194767565856588,0.384094327771249,-0.029191485734118488,13.000287399342584,fear,False,-0.12,0.02194767565856588,0.384094327771249
2026-01-20,3189.56,3200.5,2920.0,2939.88,518166.4787,7228638,1586973026.80606,32,Fear,0.0,0.024975824659041256,0.4886954996533342,-0.08151107682426144,13.158051857059473,fear,False,-0.36,0.024975824659041256,0.4886954996533342
2026-01-21,2939.88,3069.07,2866.11,2982.27,577800.2481,8064316,1712903183.812053,24,Extreme Fear,98.47792855059963,0.026554973278448114,0.48990661145048015,0.014315991312259694,13.266983496401512,extreme_fear,True,-0.52,0.026554973278448114,0.48990661145048015
2026-01-22,2982.28,3038.33,2906.02,2952.69,291660.7349,4696521,867206892.239138,20,Extreme Fear,318.92280710708155,0.026333570554345292,0.46738658234701524,-0.00996813624058588,12.583346538979118,extreme_fear,True,-0.6,0.026333570554345292,0.46738658234701524
2026-01-23,2952.7,3019.26,2892.4,2956.41,318415.3317,5479038,939757975.669515,24,Extreme Fear,304.7589868701382,0.026829026596008426,0.4674634341339111,0.0012590751523696786,12.671111884117199,extreme_fear,True,-0.52,0.026829026596008426,0.4674634341339111
2026-01-24,2956.41,2970.41,2943.84,2953.22,92082.9039,1185149,272517275.860426,25,Extreme Fear,22.459614160658283,0.02677617422696676,0.4664681714885911,-0.0010795939203757394,11.430444579605703,extreme_fear,True,-0.5,0.02677617422696676,0.4664681714885911
2026-01-25,2953.23,2960.29,2787.0,2816.89,380186.5326,4637787,1088137895.952771,25,Extreme Fear,0.0,0.02743217089561672,0.47881844016263875,-0.0472626609961986,12.848417286525876,extreme_fear,True,-0.5,0.02743217089561672,0.47881844016263875
2026-01-26,2816.9,2951.21,2812.37,2930.35,485169.3372,5933570,1405058143.578595,20,Extreme Fear,407.56721550207845,0.02770194361595976,0.4964264792843805,0.03948843032131871,13.092253257847318,extreme_fear,True,-0.6,0.02770194361595976,0.4964264792843805
2026-01-27,2930.35,3035.08,2899.77,3026.77,478792.3988,5278439,1416537368.433361,29,Fear,0.0,0.027449784936462295,0.49731182825502024,0.032374174511626955,13.079022377017798,fear,False,-0.42,0.027449784936462295,0.49731182825502024
2026-01-28,3026.77,3045.78,2983.67,3010.78,296607.6549,5061029,894057677.740365,29,Fear,22.17670848206681,0.027017469962683876,0.49319564624007123,-0.005296862928045633,12.600165517186372,fear,False,-0.42,0.027017469962683876,0.49319564624007123
2026-01-29,3010.78,3013.5,2937.55,2960.79,67575.3344,1213431,200766118.684343,26,Fear,0.0,0.02695590959477897,0.4959540045177547,-0.016743056784864332,11.120998319708061,fear,False,-0.48,0.02695590959477897,0.4959540045177547
