date,open,high,low,close,volume,trades,quote_volume,fear_greed_value,fear_greed_class,cs_spread,parkinson_vol,realized_vol,returns,log_volume,regime,is_extreme,macro_sentiment,uncertainty,volatility
2018-02-21,11195.07,11304.03,10200.0,10437.6,68113.818754,542340,731537130.4921861,54,Neutral,0.0,0.07937598615394317,1.2328509466322017,-0.07058749628237194,11.128935390113357,neutral,False,0.08,0.07937598615394317,1.2328509466322017
2018-02-22,10439.02,10933.44,9679.0,9811.04,67060.166483,506273,682006373.869588,44,Fear,101.78022081538968,0.07870700602812299,1.246659459348307,-0.0619063887400933,11.113345502614811,fear,False,-0.12,0.07870700602812299,1.246659459348307
2018-02-23,9815.55,10435.0,9570.19,10131.04,57202.70237,467480,571800753.4709765,39,Fear,392.974855864977,0.077280937549813,1.2453883907143555,0.03209569611200183,10.954356420482686,fear,False,-0.22,0.077280937549813,1.2453883907143555
2018-02-24,10131.04,10496.97,9352.0,9694.51,40888.156299,337918,405618586.64803785,31,Fear,695.2120254649492,0.07557835138227141,1.1758286366910846,-0.0440442324402057,10.6185957230538,fear,False,-0.38,0.07557835138227141,1.1758286366910846
2018-02-25,9694.51,9847.0,9274.8,9590.0,28373.517586,233567,271286599.1260862,33,Fear,152.19211526276365,0.06912304428931619,0.9862895138446188,-0.010838857005757338,10.253211509753758,fear,False,-0.34,0.06912304428931619,0.9862895138446188
2018-02-26,9590.0,10444.32,9350.0,10324.0,34878.292756,285276,347559259.73845184,37,Fear,170.86408213042463,0.06051149274597235,0.9634480304594607,0.07375039296102064,10.459619930609415,fear,False,-0.26,0.06051149274597235,0.9634480304594607
2018-02-27,10321.0,10870.0,10121.0,10569.04,30705.385123,240542,324295371.1414657,44,Fear,0.0,0.056847351026762,0.9603054532746137,0.0234576908169124,10.332193329365186,fear,False,-0.12,0.056847351026762,0.9603054532746137
2018-02-28,10584.33,11098.0,10300.0,10326.76,30800.983782,277886,327914696.13067526,41,Fear,268.4719256526896,0.05752905666041864,0.9699676598360146,-0.023190388304420374,10.33530190942559,fear,False,-0.18,0.05752905666041864,0.9699676598360146
2018-03-01,10325.64,11060.41,10240.0,10920.0,25092.55393,230428,268172535.3811293,38,Fear,647.0911742333512,0.05638104610015022,0.9174162407610996,0.05585738594789953,10.130326424933429,fear,False,-0.24,0.05638104610015022,0.9174162407610996
2018-03-02,10923.36,11200.0,10770.0,11039.0,23910.71009,211691,262936307.00785756,47,Neutral,0.0,0.05465850928385306,0.9110823600382579,0.010838486719455614,10.08208175846391,neutral,False,-0.06,0.05465850928385306,0.9110823600382579
2018-03-03,11038.99,11544.0,11015.01,11464.48,21287.15328,190444,241749497.90247172,56,Greed,0.0,0.05331703961557016,0.8765205506771988,0.0378191028154963,9.965859037345641,greed,False,0.12,0.05331703961557016,0.8765205506771988
2018-03-04,11464.47,11565.0,11050.02,11515.0,17295.918653,168359,194849579.12502074,44,Fear,402.1608730412084,0.051595426837257506,0.8226671664037559,0.004396973420937615,9.75822583664175,fear,False,-0.12,0.051595426837257506,0.8226671664037559
2018-03-05,11515.0,11710.0,11415.01,11454.0,15144.231063,164318,174866951.39806527,55,Greed,0.0,0.050865412023720705,0.8005555618162883,-0.005311519300982928,9.625374950498593,neutral,False,0.1,0.050865412023720705,0.8005555618162883
2018-03-06,11455.0,11455.0,10555.48,10716.48,29515.572363,250306,323842216.64859617,59,Greed,0.0,0.05004296085565326,0.7812207667073156,-0.06655627045932556,10.292673279761877,greed,False,0.18,0.05004296085565326,0.7812207667073156
2018-03-07,10716.48,10899.0,9389.31,9910.0,50647.67108,396721,514808033.4879209,37,Fear,0.0,0.05239692553989208,0.8120766316317692,-0.07823839517044331,10.832648527968157,fear,False,-0.26,0.05239692553989208,0.8120766316317692
2018-03-08,9910.0,10099.0,9060.0,9271.64,41109.473226,336514,394641280.63843673,39,Fear,0.0,0.053664971446302216,0.8422798148113941,-0.06658406963285031,10.623993866041888,fear,False,-0.22,0.053664971446302216,0.8422798148113941
2018-03-09,9267.07,9410.0,8329.0,9227.0,64112.291407,462712,567082901.1319405,37,Fear,0.0,0.054574348860675456,0.7762301693679123,-0.004826310112627507,11.06839137814573,fear,False,-0.26,0.054574348860675456,0.7762301693679123
2018-03-10,9230.0,9490.0,8667.07,8770.22,37180.012857,288066,341210248.41481787,39,Fear,520.2547911732813,0.05385854532800767,0.7676932444493096,-0.05077207700814944,10.523526607079571,fear,False,-0.22,0.05385854532800767,0.7676932444493096
2018-03-11,8770.22,9740.0,8450.0,9533.57,44325.973386,333367,403491260.9275316,40,Fear,639.2409946061679,0.05581273960749051,0.7851858128416542,0.08345736243611354,10.699326090904332,fear,False,-0.2,0.05581273960749051,0.7851858128416542
2018-03-12,9533.57,9888.88,8780.0,9131.34,42230.77793,336642,395562731.8650373,41,Fear,676.7064404334125,0.05749276857934103,0.7934510108959568,-0.043106801293249175,10.650904569022824,fear,False,-0.18,0.05749276857934103,0.7934510108959568
2018-03-13,9131.34,9474.0,8823.0,9150.0,40191.409358,342734,367353984.7132836,41,Fear,474.9709906541867,0.0566245510676229,0.7613906420151269,0.002041426556296274,10.601408554208346,fear,False,-0.18,0.0566245510676229,0.7613906420151269
2018-03-14,9151.92,9333.78,7900.28,8170.0,49708.094108,399127,426058009.75594646,40,Fear,0.0,0.0586506396742658,0.8296842790342502,-0.1132849704155184,10.813923058140476,fear,False,-0.2,0.0586506396742658,0.8296842790342502
2018-03-15,8184.01,8430.0,7650.0,8240.98,52291.022277,400529,422130717.47310126,32,Fear,0.0,0.05894848556473602,0.8183210478354691,0.0086503600164496,10.864579977134506,fear,False,-0.36,0.05894848556473602,0.8183210478354691
2018-03-16,8240.98,8611.64,7900.0,8260.0,38815.409893,255807,322355002.1651949,33,Fear,276.66110182424126,0.058038995204463956,0.8094810184514182,0.0023053186445256128,10.56657260895406,fear,False,-0.34,0.058038995204463956,0.8094810184514182
2018-03-17,8260.0,8348.62,7721.99,7824.8,33110.206329,292041,265973111.61762854,31,Fear,175.3573931094414,0.058426695131127825,0.8259064948621695,-0.05412641053874062,10.407596862143741,fear,False,-0.38,0.058426695131127825,0.8259064948621695
2018-03-18,7824.01,8317.4,7322.0,8189.99,59488.231711,423336,458311733.5188204,29,Fear,440.2230063595132,0.059040340602206566,0.7933863689598527,0.04561449986886557,10.99353378560167,fear,False,-0.42,0.059040340602206566,0.7933863689598527
2018-03-19,8189.0,8705.23,8088.4,8600.0,55297.084942,360414,462654338.98212785,29,Fear,0.0,0.05908676460073673,0.8131322332568064,0.048849526396450536,10.920475472594799,fear,False,-0.42,0.05908676460073673,0.8131322332568064
2018-03-20,8595.01,9050.0,8280.0,8909.98,44865.105835,298261,387879393.47061425,37,Fear,73.09833499494866,0.05944260032055696,0.8273014749811726,0.03540979355182516,10.711415618695161,fear,False,-0.26,0.05944260032055696,0.8273014749811726
2018-03-21,8909.96,9177.01,8750.6,8885.0,39972.405371,293696,358157473.3612324,36,Fear,0.0,0.0588823362915337,0.793338762503797,-0.002807535204672574,10.595944629304219,fear,False,-0.28,0.0588823362915337,0.793338762503797
2018-03-22,8884.82,9100.0,8465.1,8722.9,40617.556809,276449,354804129.3433086,36,Fear,140.50991994216392,0.059445909143776926,0.7897825450281524,-0.01841271016713497,10.611955685836522,fear,False,-0.28,0.059445909143776926,0.7897825450281524
2018-03-23,8720.0,8909.0,8269.0,8898.03,39991.007666,278571,340755592.544531,28,Fear,195.65556596040562,0.05995297262297099,0.7773096826218524,0.01987815248285389,10.596409899472889,fear,False,-0.44,0.05995297262297099,0.7773096826218524
2018-03-24,8898.04,8999.95,8491.0,8546.86,35466.609572,270300,313254829.9051367,32,Fear,238.4781184168353,0.06015023672990571,0.7804634182992902,-0.04026593988898665,10.476346957408246,fear,False,-0.36,0.06015023672990571,0.7804634182992902
2018-03-25,8531.25,8669.85,8365.77,8470.15,29001.769316,215660,247023172.30795503,30,Fear,0.0,0.060243667154333186,0.77997016040562,-0.00901574596303241,10.275112118004074,fear,False,-0.4,0.060243667154333186,0.77997016040562
2018-03-26,8470.14,8514.89,7831.0,8134.23,44033.59566,310462,358429758.87319523,31,Fear,0.0,0.06029182987252494,0.7624382409403837,-0.04046713461426167,10.692708159281034,fear,False,-0.38,0.06029182987252494,0.7624382409403837
2018-03-27,8134.22,8215.94,7730.0,7795.51,37427.64805,266540,297609656.44043654,24,Extreme Fear,165.71054038278726,0.05745639061429053,0.7323454060539417,-0.042533156531052586,10.530164962963754,extreme_fear,True,-0.52,0.05745639061429053,0.7323454060539417
2018-03-28,7795.51,8109.0,7728.0,7949.3,26401.33167,183620,209186093.18317956,24,Extreme Fear,396.9933268291624,0.055950350299651015,0.7106932292431454,0.019535947550118275,10.181169729907705,extreme_fear,True,-0.52,0.055950350299651015,0.7106932292431454
2018-03-29,7949.3,7975.0,6941.11,7090.14,54620.915125,359537,405591158.6323181,18,Extreme Fear,0.0,0.056653113258644576,0.8049682019787159,-0.11437878800473697,10.908172149281338,extreme_fear,True,-0.64,0.056653113258644576,0.8049682019787159
2018-03-30,7090.16,7292.43,6600.1,6840.23,65306.031976,400057,450352009.170998,12,Extreme Fear,0.0,0.05692661318070021,0.797444059290036,-0.03588372967026073,11.086839684290869,extreme_fear,True,-0.76,0.05692661318070021,0.797444059290036
2018-03-31,6840.24,7223.36,6777.0,6923.91,36868.539087,240293,258341534.47236216,16,Extreme Fear,450.1790182390412,0.05431388007344299,0.7201557377964971,0.012159282162465812,10.515113867090845,extreme_fear,True,-0.68,0.05431388007344299,0.7201557377964971
2018-04-01,6922.0,7049.98,6430.0,6813.01,44071.430463,260942,297470498.81956285,16,Extreme Fear,0.0,0.053363915859506623,0.71301563671082,-0.016146619389951777,10.69356701619285,extreme_fear,True,-0.68,0.053363915859506623,0.71301563671082
2018-04-02,6813.01,7125.0,6765.0,7056.0,32123.560072,206780,224322159.41331607,11,Extreme Fear,72.72473398180419,0.05296028545503262,0.7326132577678514,0.03504429913185516,10.377344998531477,extreme_fear,True,-0.78,0.05296028545503262,0.7326132577678514
2018-04-03,7063.97,7520.0,7011.01,7405.21,37787.331811,248143,277080072.76171273,22,Extreme Fear,0.0,0.04890789364198195,0.6601807829842328,0.04830548782990234,10.5397291881615,extreme_fear,True,-0.56,0.04890789364198195,0.6601807829842328
2018-04-04,7405.21,7427.52,6707.0,6796.1,42227.183804,277249,297443582.7461225,22,Extreme Fear,226.34462293393167,0.04908925324604824,0.7171660036076153,-0.08583488829500112,10.650819458609824,extreme_fear,True,-0.56,0.04908925324604824,0.7171660036076153
2018-04-05,6796.1,6902.0,6566.69,6770.76,39029.73146,238476,263446941.1321242,17,Extreme Fear,0.0,0.04816971479782436,0.7161514982846796,-0.0037355776454287993,10.57207897980254,extreme_fear,True,-0.66,0.04816971479782436,0.7161514982846796
2018-04-06,6770.0,6850.0,6500.0,6601.39,27455.01192,162456,182139799.80865908,19,Extreme Fear,297.29464174851455,0.04754093562825372,0.6996933432702801,-0.025333107675319738,10.220304013877875,extreme_fear,True,-0.62,0.04754093562825372,0.6996933432702801
2018-04-07,6601.39,7070.0,6586.28,6895.8,32269.578267,178577,222323863.54144785,20,Extreme Fear,99.19497830957968,0.04536205078834964,0.6976925295892152,0.043632297701987996,10.381880216073098,extreme_fear,True,-0.6,0.04536205078834964,0.6976925295892152
2018-04-08,6895.81,7109.13,6880.0,7018.0,21427.673165,152461,149967346.66268998,17,Extreme Fear,40.71313442196755,0.044493449826148924,0.6718869336612779,0.017565746540392356,9.972438504177788,extreme_fear,True,-0.66,0.044493449826148924,0.6718869336612779
2018-04-09,7011.04,7185.0,6611.0,6782.72,34078.297206,212669,234309953.75033435,21,Extreme Fear,150.0057884710796,0.04429546913026288,0.6544305223511087,-0.03410007571887251,10.436416015082303,extreme_fear,True,-0.58,0.04429546913026288,0.6544305223511087
2018-04-10,6781.55,6890.0,6656.0,6843.9,22326.728095,147755,151417844.2663968,18,Extreme Fear,166.21015772699636,0.04407713862119834,0.658343951013581,0.008979543142650856,10.013539809019985,extreme_fear,True,-0.64,0.04407713862119834,0.658343951013581
2018-04-11,6839.56,6990.0,6787.0,6953.79,23997.871177,155607,165264003.41270605,20,Extreme Fear,0.0,0.04317558891790425,0.6658766913682223,0.015929090097948514,10.085720404437586,extreme_fear,True,-0.6,0.04317558891790425,0.6658766913682223
2018-04-12,6953.78,8012.23,6743.2,7923.0,64861.595987,404588,485176252.4893357,18,Extreme Fear,60.36543101287355,0.0479595408840625,0.8301238901080268,0.1304830873003545,11.080010986203652,extreme_fear,True,-0.64,0.0479595408840625,0.8301238901080268
2018-04-13,7922.99,8233.39,7732.0,7877.41,55044.523148,351905,439884522.7119489,23,Extreme Fear,0.0,0.04806451917871037,0.8200999977778067,-0.005770752343539542,10.915897648518483,extreme_fear,True,-0.54,0.04806451917871037,0.8200999977778067
2018-04-17,8064.92,8173.7,7825.4,7885.02,32152.603567,221228,258221765.57371348,26,Fear,328.6797470547664,0.048180992134223,0.8200682978118785,0.0009655872338555615,10.378248708253164,fear,False,-0.48,0.048180992134223,0.8200682978118785
2018-04-18,7890.96,8236.43,7868.0,8173.0,26969.04457,183472,217649160.11017892,24,Extreme Fear,289.17732964303144,0.047252066415473144,0.8192935490702837,0.03587128166057163,10.202444989848134,extreme_fear,True,-0.52,0.047252066415473144,0.8192935490702837
2018-04-19,8173.99,8296.0,8080.0,8278.0,27113.847464,196821,222675105.7884542,25,Extreme Fear,0.0,0.04667202137961486,0.8043833684227534,0.012765354792547949,10.207799852895103,extreme_fear,True,-0.5,0.04667202137961486,0.8043833684227534
2018-04-20,8273.84,8930.0,8177.09,8856.98,39795.337485,289687,337288580.42571294,26,Fear,0.0,0.04771183599879014,0.8350013076939595,0.06760445539741863,10.591505035792004,fear,False,-0.48,0.04771183599879014,0.8350013076939595
2018-04-21,8852.12,9035.0,8565.0,8915.31,40872.229909,295374,358915978.1040339,32,Fear,78.3384250019801,0.04449953267961989,0.7051520973516058,0.006564174841321903,10.61820613609268,fear,False,-0.36,0.04449953267961989,0.7051520973516058
2018-04-22,8915.31,9020.67,8727.68,8787.02,29458.25348,229871,261804372.9093471,31,Fear,226.45871565478097,0.042666452216722314,0.6900333020632378,-0.014494390964487373,10.290729403805733,fear,False,-0.38,0.042666452216722314,0.6900333020632378
2018-04-23,8785.7,8985.0,8745.0,8934.01,25838.114709,190944,229754640.59668776,28,Fear,233.70587750578687,0.04195560917351833,0.690181547040921,0.01658970964796054,10.159605995056797,fear,False,-0.44,0.04195560917351833,0.690181547040921
2018-04-24,8934.0,9731.01,8922.0,9619.99,46268.790106,326608,431210048.0625035,29,Fear,0.0,0.041753224224735465,0.7138799661275935,0.07397788292728111,10.742222932996382,fear,False,-0.42,0.041753224224735465,0.7138799661275935
2018-04-25,9618.96,9759.82,8730.0,8869.99,81110.037589,477363,745137762.968867,64,Greed,719.1138929811449,0.043807398427345906,0.7905329878450534,-0.08116955625089858,11.303562000496658,greed,False,0.28,0.043807398427345906,0.7905329878450534
2018-04-26,8869.99,9307.48,8651.62,9266.0,43300.304245,285850,385046648.13786614,47,Neutral,308.7651901653176,0.04389533677524348,0.7878369398569003,0.04367811806931989,10.675914940409314,neutral,False,-0.06,0.04389533677524348,0.7878369398569003
2018-04-27,9267.03,9395.0,8889.0,8915.35,37241.347036,268471,342805674.55176014,55,Greed,223.1925959032136,0.042359231155655694,0.7260687362015312,-0.038577276775288154,10.525174902487628,neutral,False,0.1,0.042359231155655694,0.7260687362015312
2018-04-28,8915.35,9427.48,8870.0,9348.0,34759.62842,257288,321653866.2001887,54,Neutral,516.2744996366107,0.04262135703088075,0.7325552323415524,0.047387906457443105,10.456211889448774,neutral,False,0.08,0.04262135703088075,0.7325552323415524
2018-04-29,9348.0,9570.51,9163.74,9419.0,38149.850035,311494,357004895.9636863,61,Greed,0.0,0.04243811760436835,0.7170023371767772,0.0075665091640684835,10.54927710577434,greed,False,0.22,0.04243811760436835,0.7170023371767772
2018-04-30,9417.04,9458.64,9124.99,9246.01,35002.033875,285951,325019389.2499412,59,Greed,209.69976841492397,0.04163737902453002,0.7212110535129913,-0.018536818726453352,10.463161449497475,greed,False,0.18,0.04163737902453002,0.7212110535129913
2018-05-01,9246.01,9248.99,8800.49,9071.48,41018.463633,268741,368688349.62168455,56,Greed,0.0,0.041938921268039026,0.7309073715080093,-0.019056680995625856,10.621777576829386,greed,False,0.12,0.041938921268039026,0.7309073715080093
2018-05-02,9071.48,9268.0,8970.2,9247.84,26123.543961,188258,238421833.7581133,52,Neutral,186.27819431344412,0.04065825102183264,0.709697086136377,0.01925458462369398,10.1705922541637,neutral,False,0.04,0.04065825102183264,0.709697086136377
2018-05-03,9247.81,9844.0,9168.4,9750.0,38768.388288,282581,366028365.22714454,55,Greed,0.0,0.04150573389737356,0.7213576704135579,0.05287727426746115,10.565360458689188,neutral,False,0.1,0.04150573389737356,0.7213576704135579
2018-05-04,9750.0,9830.04,9520.85,9713.99,28681.588879,210165,277565997.63316435,56,Greed,165.42963718409388,0.04153891497417156,0.725349234052902,-0.003700170528775011,10.264010693423092,greed,False,0.12,0.04153891497417156,0.725349234052902
2018-05-05,9714.0,10020.0,9682.0,9864.0,24990.018345,212076,246807563.50646493,63,Greed,0.0,0.03479235945246218,0.5879560214537848,0.015324651381062362,10.126231757922366,greed,False,0.26,0.03479235945246218,0.5879560214537848
2018-05-06,9863.99,9970.0,9417.03,9659.01,27690.351559,229309,267359420.30359015,67,Greed,109.13749652908861,0.034612631834368524,0.596131147060878,-0.02100060736155858,10.228839312328542,greed,False,0.34,0.034612631834368524,0.596131147060878
2018-05-07,9661.02,9689.67,9181.0,9365.0,33787.640012,230754,316015961.44182944,56,Greed,0.0,0.03487513880036398,0.6131721127017257,-0.03091182260443279,10.427850334475488,greed,False,0.12,0.03487513880036398,0.6131721127017257
2018-05-08,9365.0,9475.7,9060.54,9187.56,25533.831889,189159,236418155.6869351,62,Greed,71.83839877190456,0.03485262499109761,0.6118078832997214,-0.019128940766176317,10.1477595925488,greed,False,0.24,0.03485262499109761,0.6118078832997214
2018-05-09,9178.0,9390.0,8965.0,9310.0,25673.524899,192337,235736782.28825977,53,Neutral,218.1714672438982,0.03522558113889585,0.6118811398653742,0.013238696159100179,10.153215580332262,neutral,False,0.06,0.03522558113889585,0.6118811398653742
2018-05-10,9310.0,9395.12,8970.0,9002.2,25055.063718,221075,231595002.59561664,63,Greed,449.72323086843886,0.03375797716790125,0.5811634828183257,-0.03362009937998716,10.128831230515717,greed,False,0.26,0.03375797716790125,0.5811634828183257
2018-05-11,9002.21,9016.8,8341.0,8400.0,48227.048061,365538,418859806.4816156,41,Fear,0.0,0.03460619406464433,0.6313359521625842,-0.0692372860597206,10.78367530573685,fear,False,-0.18,0.03460619406464433,0.6313359521625842
2018-05-12,8405.94,8646.88,8153.0,8465.94,40241.32081,310305,337899865.8601307,44,Fear,0.0,0.03521795646464134,0.6309052651365563,0.007819349052131747,10.602649627545087,fear,False,-0.12,0.03521795646464134,0.6309052651365563
2018-05-13,8475.44,8763.36,8298.0,8679.71,25632.869362,215590,219455683.0803555,40,Fear,193.9226852400353,0.035787951724266555,0.6348266619490107,0.02493706307447925,10.151630766349719,fear,False,-0.2,0.035787951724266555,0.6348266619490107
2018-05-14,8679.71,8879.99,8277.0,8663.34,37389.666533,292731,320583612.23009104,40,Fear,451.0658551969285,0.035129609204150355,0.5689850277005317,-0.0018877884641445746,10.529149649316786,fear,False,-0.2,0.035129609204150355,0.5689850277005317
2018-05-15,8663.37,8859.99,8401.3,8462.0,28126.956136,360379,242341031.06166917,40,Fear,430.44035532634086,0.032570185117890726,0.4994983700509673,-0.023514777213858397,10.24448368859035,fear,False,-0.2,0.032570185117890726,0.4994983700509673
2018-05-16,8462.0,8488.0,8083.01,8330.0,31130.718908,300842,257056552.43007562,32,Fear,0.0,0.03174317860038131,0.4705573979692078,-0.015722096119124375,10.345950356904943,fear,False,-0.36,0.03174317860038131,0.4705573979692078
2018-05-17,8330.0,8464.0,7979.0,8041.46,25439.844799,310780,209489039.34104192,31,Fear,357.0201003814763,0.03186140034873006,0.46758002419233957,-0.03525279743391407,10.14407191676721,fear,False,-0.38,0.03186140034873006,0.46758002419233957
2018-05-18,8038.82,8273.21,7911.9,8239.81,23476.158251,183913,189870380.85778695,37,Fear,158.04489397945625,0.03137047011254433,0.43956854525953276,0.024366626658270284,10.063740642625005,fear,False,-0.26,0.03137047011254433,0.43956854525953276
2018-05-19,8238.01,8390.8,8095.73,8233.49,17193.424276,134185,141878775.40909582,31,Fear,0.0,0.031196155721589888,0.4370676788314118,-0.0007673022782413454,9.752282280167739,fear,False,-0.38,0.031196155721589888,0.4370676788314118
2018-05-20,8233.49,8609.0,8163.9,8526.98,19957.057109,161265,167440553.7493928,32,Fear,61.7464889282048,0.03163485944568225,0.45868869581060007,0.03502527114150157,9.901338099566336,fear,False,-0.36,0.03163485944568225,0.45868869581060007
2018-05-21,8526.97,8595.31,8305.0,8381.24,21516.596486,184158,181750674.82134953,41,Fear,245.00494063914206,0.03126494029971569,0.4579447689595258,-0.01723937935867626,9.976579845912745,fear,False,-0.18,0.03126494029971569,0.4579447689595258
2018-05-22,8386.89,8400.18,7935.11,7977.11,23710.902858,192154,194335432.43754092,30,Fear,0.0,0.03188670081745684,0.4762909160437963,-0.04941968442854542,10.073690257541543,fear,False,-0.4,0.03188670081745684,0.4762909160437963
2018-05-23,7977.12,8031.9,7425.0,7501.95,42910.666774,306812,331238049.6407461,26,Fear,0.0,0.03220126100599482,0.45686264306076646,-0.061413203731023915,10.666875716760206,fear,False,-0.48,0.03220126100599482,0.45686264306076646
2018-05-24,7501.95,7730.73,7266.99,7575.01,37845.446595,253694,284286378.50810045,27,Fear,0.0,0.0329774685878004,0.462951614090959,0.009691684778452453,10.541265950307807,fear,False,-0.46,0.0329774685878004,0.462951614090959
2018-05-25,7578.99,7649.55,7308.15,7457.0,26739.95664,239025,199749585.9695036,25,Extreme Fear,362.672782717628,0.03322454939734568,0.45122750996786626,-0.015701482964916948,10.193914229113856,extreme_fear,True,-0.5,0.03322454939734568,0.45122750996786626
2018-05-26,7456.99,7620.0,7300.0,7333.96,19464.086071,212344,145636226.4590289,23,Extreme Fear,383.2880610041792,0.03283818830266807,0.45059337605274186,-0.016637572977028725,9.876326306514823,extreme_fear,True,-0.54,0.03283818830266807,0.45059337605274186
2018-05-27,7334.0,7400.0,7231.11,7338.99,18706.945515,198341,136710618.49801704,19,Extreme Fear,0.0,0.03217950172721097,0.4486039784027013,0.0006856153939101124,9.836650151798557,extreme_fear,True,-0.62,0.03217950172721097,0.4486039784027013
2018-05-28,7338.99,7437.0,7058.02,7099.0,27219.438963,233392,196788994.2658081,22,Extreme Fear,117.54600536534977,0.032382957117746365,0.45426442006115486,-0.03324730192129037,10.211686664788047,extreme_fear,True,-0.56,0.032382957117746365,0.45426442006115486
2018-05-29,7099.0,7540.0,7032.95,7461.29,39407.21183,237359,288070643.9128678,16,Extreme Fear,421.4263058268543,0.033126524780001984,0.4985006089114781,0.049774392461102136,10.581704119906556,extreme_fear,True,-0.68,0.033126524780001984,0.4985006089114781
2018-05-30,7467.98,7569.0,7260.5,7375.96,32041.583623,242079,237956894.04949042,38,Fear,184.67978505226648,0.03301404076906657,0.4913607228279288,-0.011502258272255131,10.374789826396555,fear,False,-0.24,0.03301404076906657,0.4913607228279288
2018-05-31,7382.07,7699.0,7327.51,7485.01,30776.063102,274399,231017579.8341327,25,Extreme Fear,144.62443209508703,0.032009050438504334,0.4452151287903622,0.014676290629947557,10.334492494793949,extreme_fear,True,-0.5,0.032009050438504334,0.4452151287903622
2018-06-01,7485.01,7608.55,7355.54,7521.01,28259.124078,303069,211458512.1230823,24,Extreme Fear,252.45499483704327,0.03135008081309937,0.4441201589620041,0.0047980835777630265,10.249171660641387,extreme_fear,True,-0.52,0.03135008081309937,0.4441201589620041
2018-06-02,7521.01,7697.33,7437.0,7640.03,26720.690219,290131,203370447.6906526,27,Fear,68.1837197284013,0.0308299070925503,0.4367588290762342,0.015701092418484074,10.193193458866354,fear,False,-0.46,0.0308299070925503,0.4367588290762342
2018-06-03,7636.81,7786.69,7600.0,7714.26,27505.158951,349636,211737376.85348508,40,Fear,0.0,0.029528445326049823,0.44024772477846114,0.009669034297781922,10.222128864278499,fear,False,-0.2,0.029528445326049823,0.44024772477846114
2018-06-04,7714.26,7760.52,7446.5,7487.0,32258.835115,307003,244167051.18701583,41,Fear,78.09498772318902,0.029184505622417693,0.44422234332165844,-0.02990238092152404,10.3815472417588,fear,False,-0.18,0.029184505622417693,0.44422234332165844
2018-06-05,7487.0,7679.49,7358.0,7625.0,31722.973384,236865,237722147.65258065,26,Fear,149.5428804674838,0.029010568743723576,0.4508120540786411,0.01826413924492724,10.364796409817147,fear,False,-0.48,0.029010568743723576,0.4508120540786411
2018-06-06,7626.64,7699.0,7467.05,7658.84,27229.991898,257573,207006657.7801965,42,Fear,175.68623203427586,0.02820805935836927,0.43659885697451184,0.004428213760099597,10.212074288128283,fear,False,-0.16,0.02820805935836927,0.43659885697451184
2018-06-07,7658.79,7765.0,7620.0,7691.08,25062.227202,244186,192949056.84199956,38,Fear,0.0,0.027679281542210356,0.4259157869311894,0.004200679535544633,10.129117099281457,fear,False,-0.24,0.027679281542210356,0.4259157869311894
2018-06-08,7691.08,7703.5,7531.0,7603.44,23396.804671,321734,178204158.39968467,40,Fear,0.0,0.02742772813599029,0.4267144548951839,-0.011460439324659283,10.060354739500282,fear,False,-0.2,0.02742772813599029,0.4267144548951839
2018-06-09,7603.44,7683.98,7450.0,7491.73,19339.885176,278971,147171153.412775,39,Fear,117.54181691334017,0.026808652561001584,0.4022593078374525,-0.014801030973022017,9.869924831864532,fear,False,-0.22,0.026808652561001584,0.4022593078374525
2018-06-10,7491.73,7491.73,6622.81,6764.99,52342.020032,471088,367338754.56308055,24,Extreme Fear,0.0,0.03116872803668169,0.5259654286216412,-0.1020389620663794,10.865554769760484,extreme_fear,True,-0.52,0.03116872803668169,0.5259654286216412
2018-06-11,6765.0,6922.0,6610.0,6872.0,34552.162303,203442,233056682.85777125,15,Extreme Fear,154.719029290986,0.030843949116371356,0.5130340218611273,0.015694401256895665,10.450225411984217,extreme_fear,True,-0.7,0.030843949116371356,0.5130340218611273
2018-06-12,6872.0,6890.51,6435.0,6530.0,36722.211191,224658,245787800.8012235,19,Extreme Fear,230.2639567347828,0.030403656814791208,0.49972226940409437,-0.05104824139361455,10.511137060541245,extreme_fear,True,-0.62,0.030403656814791208,0.49972226940409437
2018-06-13,6530.0,6627.6,6118.68,6292.78,46185.5181,266517,295395681.6623412,19,Extreme Fear,0.0,0.031152653515486056,0.5065551566955556,-0.03700399883342598,10.740421566891689,extreme_fear,True,-0.62,0.031152653515486056,0.5065551566955556
2018-06-14,6292.78,6720.0,6260.0,6635.98,44478.130837,256384,289074808.7841299,17,Extreme Fear,315.8069607425223,0.0319932547901031,0.5518281636114328,0.05310341400496915,10.702752905492032,extreme_fear,True,-0.66,0.0319932547901031,0.5518281636114328
2018-06-15,6638.67,6666.66,6362.31,6388.9,30018.329905,184938,196192096.14553952,26,Fear,338.24663789577653,0.032089743064023936,0.5624423375323568,-0.03794424886387517,10.309563470895057,fear,False,-0.48,0.032089743064023936,0.5624423375323568
2018-06-16,6380.01,6560.0,6320.86,6483.98,22277.241147,140470,143760033.69408152,22,Extreme Fear,155.05885951365804,0.032326585830109514,0.5671643086298441,0.014772409756933736,10.011320859937829,extreme_fear,True,-0.56,0.032326585830109514,0.5671643086298441
2018-06-17,6482.5,6589.03,6422.0,6449.61,19847.247688,129759,129120718.76299886,23,Extreme Fear,86.83540122750553,0.03174215653612874,0.5580865940348546,-0.005314855489628235,9.895820620985399,extreme_fear,True,-0.54,0.03174215653612874,0.5580865940348546
2018-06-18,6444.06,6794.38,6380.0,6712.46,31821.434995,180773,208570443.9599789,27,Fear,121.59891140320069,0.031489330767455116,0.5463060377504741,0.03994583692225749,10.367895398140798,fear,False,-0.46,0.031489330767455116,0.5463060377504741
2018-06-19,6711.39,6841.74,6653.0,6741.21,24311.421143,160490,163420093.794135,32,Fear,0.0,0.03121639867539112,0.5467959110336341,0.004273933248472515,10.098701524795244,fear,False,-0.36,0.03121639867539112,0.5467959110336341
2018-06-20,6740.0,6817.23,6551.81,6761.51,26359.752452,166074,175935335.65057912,34,Fear,127.34493989689548,0.03096444879174644,0.5429233948247465,0.003006803857909355,10.179593597525306,fear,False,-0.32,0.03096444879174644,0.5429233948247465
2018-06-21,6763.21,6795.0,6672.57,6718.84,25428.854048,159783,171149859.23602843,37,Fear,95.7081917350088,0.03072675288308926,0.5416728040041223,-0.006330717304896108,10.143639794404336,fear,False,-0.26,0.03072675288308926,0.5416728040041223
2018-06-22,6717.69,6733.97,5918.94,6045.0,52157.370833,300515,327460666.91451645,28,Fear,0.0,0.034970259118425225,0.6405844752064856,-0.10568403652030066,10.86202078952107,fear,False,-0.44,0.034970259118425225,0.6405844752064856
2018-06-23,6045.92,6260.0,6008.48,6149.98,26622.788589,170164,162755765.84514263,17,Extreme Fear,153.5643658439784,0.03525089637358251,0.6444740340872186,0.01721734571386217,10.189522841872105,extreme_fear,True,-0.66,0.03525089637358251,0.6444740340872186
2018-06-24,6149.98,6259.8,5750.0,6136.97,47445.998955,275996,284095336.0578902,15,Extreme Fear,225.6814419080776,0.036633225809880474,0.6413940477760961,-0.0021176947675519654,10.767347479197271,extreme_fear,True,-0.7,0.036633225809880474,0.6413940477760961
2018-06-25,6137.95,6350.0,6061.97,6252.0,39164.515306,218384,242859915.8036461,16,Extreme Fear,0.0,0.03671337215804484,0.641573501945683,0.01857027754616394,10.575526394032178,extreme_fear,True,-0.68,0.03671337215804484,0.641573501945683
2018-06-26,6252.0,6272.54,6035.0,6070.78,19377.240484,113431,119676555.56449406,21,Extreme Fear,229.25678293047363,0.036849333505616075,0.6427760335814687,-0.029414314919623725,9.871854485419874,extreme_fear,True,-0.58,0.036849333505616075,0.6427760335814687
2018-06-27,6065.89,6190.43,5971.0,6133.73,19225.671098,99481,117103011.80356833,18,Extreme Fear,86.44726687967677,0.03708037733837219,0.6451343823211299,0.010315950128999891,9.86400170133286,extreme_fear,True,-0.64,0.03708037733837219,0.6451343823211299
2018-06-28,6134.73,6173.01,5827.0,5853.98,30585.266026,156241,185247010.87925187,20,Extreme Fear,182.0663749674245,0.03775859975889387,0.6572416592944537,-0.04668127597212111,10.328273669562657,extreme_fear,True,-0.6,0.03775859975889387,0.6572416592944537
2018-06-29,5851.01,6300.0,5780.0,6197.92,33911.287278,212542,201409363.91549844,16,Extreme Fear,423.13657304112394,0.03927208979973593,0.7027071803408202,0.05709198009628982,10.431503196003407,extreme_fear,True,-0.68,0.03927208979973593,0.7027071803408202
2018-06-30,6197.92,6528.99,6186.03,6390.07,37919.61284,230915,241568568.0310778,22,Extreme Fear,0.0,0.036341817803411336,0.6242960695137233,0.03053147105325548,10.543223746401225,extreme_fear,True,-0.56,0.036341817803411336,0.6242960695137233
2018-07-01,6391.08,6441.06,6251.0,6356.81,27562.965974,183060,175096501.49486908,27,Fear,187.22904011270847,0.03603533459972056,0.6204582120489961,-0.005218543750520015,10.224228338132463,fear,False,-0.46,0.03603533459972056,0.6204582120489961
2018-07-02,6360.82,6685.0,6271.62,6615.29,36230.452264,242589,235524330.64865336,27,Fear,81.71021333392484,0.03588408917399252,0.612691407595453,0.039856957168599896,10.497655266946733,fear,False,-0.46,0.03588408917399252,0.612691407595453
2018-07-03,6615.29,6679.35,6463.01,6513.86,38657.781691,232914,254550438.13768882,31,Fear,192.92705691872715,0.03452681916496919,0.5997642146195795,-0.01545142191173791,10.562503371162588,fear,False,-0.38,0.03452681916496919,0.5997642146195795
2018-07-04,6511.01,6784.92,6441.11,6586.98,23571.892777,146203,156277884.33011597,33,Fear,230.47987199313087,0.0339145258429025,0.5698440958610994,0.01116275891798502,10.067810297203186,fear,False,-0.34,0.0339145258429025,0.5698440958610994
2018-07-05,6585.53,6712.0,6453.33,6529.2,35071.972898,216533,230809190.30740514,37,Fear,318.17935395590496,0.033744231061960325,0.5535156021112954,-0.00881054907261458,10.465157597554196,fear,False,-0.26,0.033744231061960325,0.5535156021112954
2018-07-06,6529.2,6648.54,6425.0,6609.78,29397.094748,193854,192230903.67599213,34,Fear,202.73687824390623,0.03368824442098286,0.5527646113090108,0.012265946107273903,10.288651130348706,fear,False,-0.32,0.03368824442098286,0.5527646113090108
2018-07-07,6609.79,6818.16,6508.88,6756.98,23973.876886,145449,158034155.17779142,34,Fear,0.0,0.03408623636936611,0.5571498002776437,0.022025674267196312,10.084720053440604,fear,False,-0.32,0.03408623636936611,0.5571498002776437
2018-07-08,6753.48,6780.0,6667.44,6712.1,24622.947794,145349,165941351.79836008,38,Fear,70.64957202580668,0.03309855285440416,0.5397024201643934,-0.006664176929376997,10.111434124252739,fear,False,-0.24,0.03309855285440416,0.5397024201643934
2018-07-09,6712.1,6802.06,6612.24,6662.12,26732.40655,147315,179250573.66648534,39,Fear,110.58199246085502,0.033103593793488026,0.5400786795779912,-0.0074741155247471025,10.193631836879822,fear,False,-0.22,0.033103593793488026,0.5400786795779912
2018-07-10,6662.78,6681.0,6263.0,6296.91,38560.672702,189913,249099760.1897497,37,Fear,0.0,0.033803626501041864,0.574851755295526,-0.05637871533387015,10.559988194163596,fear,False,-0.26,0.033803626501041864,0.574851755295526
2018-07-11,6296.91,6406.0,6278.99,6378.07,28715.498487,151869,182357469.0280709,29,Fear,73.20914620647706,0.03382241422598985,0.5776350308156064,0.01280650687076354,10.265192272959663,fear,False,-0.42,0.03382241422598985,0.5776350308156064
2018-07-12,6378.07,6380.28,6070.0,6250.57,31306.663348,150985,194325733.7875043,33,Fear,0.0,0.02981010670202836,0.4381638757197038,-0.020192884165139598,10.351586240388697,fear,False,-0.34,0.02981010670202836,0.4381638757197038
2018-07-13,6251.4,6350.0,6110.0,6214.57,26375.325286,144757,164467999.80925834,29,Fear,317.50821507660095,0.029750375161054908,0.4349340514299831,-0.00577612447044897,10.180184203820799,fear,False,-0.42,0.029750375161054908,0.4349340514299831
2018-07-14,6214.57,6335.0,6178.0,6251.99,17783.071999,108052,110959488.24719918,29,Fear,179.9064958620239,0.02768224529505715,0.4352354269822568,0.006003277950393231,9.786002272489894,fear,False,-0.42,0.02768224529505715,0.4352354269822568
2018-07-15,6250.9,6395.0,6225.4,6353.01,22979.211508,114997,145409822.7448766,32,Fear,54.34209701744486,0.02721169201506135,0.4339607818825933,0.016028903272869762,10.042345238716598,fear,False,-0.36,0.02721169201506135,0.4339607818825933
2018-07-16,6354.15,6747.3,6330.4,6723.35,36204.87708,201733,237104112.4504954,36,Fear,0.0,0.028052731587161258,0.4611726681898738,0.05665782588138391,10.496949114705986,fear,False,-0.28,0.028052731587161258,0.4611726681898738
2018-07-17,6723.33,7468.99,6652.04,7317.44,52105.423459,276178,364669305.0369064,39,Fear,0.0,0.03170872790842977,0.5409487037352767,0.08467399780455212,10.861024319425459,fear,False,-0.22,0.03170872790842977,0.5409487037352767
2018-07-18,7317.44,7588.08,7225.38,7381.9,59487.64345,327949,440669913.2083524,42,Fear,0.0,0.03144357067710975,0.49972636350728555,0.008770518023086779,10.99352389685743,fear,False,-0.16,0.03144357067710975,0.49972636350728555
2018-07-19,7381.88,7576.28,7270.0,7466.21,41218.256437,235597,305198281.1394862,44,Fear,363.6988947151551,0.029758648775480394,0.4699853141191139,0.011356449556526297,10.626636554593007,fear,False,-0.12,0.029758648775480394,0.4699853141191139
2018-07-20,7468.86,7700.0,7273.0,7337.53,46140.313447,251391,342862693.0959096,47,Neutral,312.54970884071867,0.02986249466340228,0.4720599889081724,-0.01738523387631885,10.739442325094354,neutral,False,-0.06,0.02986249466340228,0.4720599889081724
2018-07-21,7337.47,7458.47,7211.0,7398.78,28886.490291,164901,212126417.2287315,43,Fear,16.182884925743817,0.029935314995503122,0.4698864291008365,0.008312848021666184,10.271129300825937,fear,False,-0.14,0.029935314995503122,0.4698864291008365
2018-07-22,7399.25,7582.4,7335.5,7394.79,30270.21844,144711,225619234.83744207,46,Fear,0.0,0.029024272577432793,0.4547284432340471,-0.0005394235599317676,10.317919618375587,neutral,False,-0.08,0.029024272577432793,0.4547284432340471
2018-07-23,7394.78,7833.0,7375.0,7721.01,41646.346671,219776,320156546.58240986,44,Fear,75.45012029448935,0.029804713829628782,0.46625005005229897,0.0431694863012378,10.636968928765812,fear,False,-0.12,0.029804713829628782,0.46625005005229897
2018-07-24,7721.65,8486.0,7696.0,8397.24,60121.163749,326329,487117211.6818982,49,Neutral,0.0,0.03180804380171943,0.5378649199284556,0.08395789593441796,11.004117200782026,neutral,False,-0.02,0.03180804380171943,0.5378649199284556
2018-07-25,8397.24,8491.77,8050.0,8175.64,48257.649124,277935,398119757.8038501,54,Neutral,313.13437831583144,0.03217717873381185,0.5507427400621806,-0.026744079248490246,10.784309625269767,neutral,False,0.08,0.03217717873381185,0.5507427400621806
2018-07-26,8175.63,8315.69,7850.06,7920.0,43223.481682,235681,352101207.6799552,53,Neutral,0.06728909021353417,0.03277432184956084,0.571449550475075,-0.031767795354452955,10.674139184012063,neutral,False,0.06,0.03277432184956084,0.571449550475075
2018-07-27,7920.0,8285.0,7805.0,8188.57,43671.005891,227397,350881696.75270694,47,Neutral,472.6249482515769,0.03315913562317099,0.5762546240050958,0.033348073619131544,10.684439680127772,neutral,False,-0.06,0.03315913562317099,0.5762546240050958
2018-07-28,8188.57,8246.54,8067.0,8225.04,26215.173839,144170,214357817.0314018,54,Neutral,94.87489691738514,0.033214634284902365,0.573436441758386,0.004443880416028875,10.174093676264448,neutral,False,0.08,0.033214634284902365,0.573436441758386
2018-07-29,8225.04,8294.51,8115.0,8211.0,25531.226185,144331,209564023.05224952,54,Neutral,77.83570872410249,0.03312701173977965,0.571446122324671,-0.001708441134843017,10.14765753826352,neutral,False,0.08,0.03312701173977965,0.571446122324671
2018-07-30,8210.99,8273.0,7866.0,8173.92,39692.416542,206911,321599782.180698,53,Neutral,46.92617366130485,0.032680526572434476,0.5181751934156855,-0.004526120762384564,10.588915429335612,neutral,False,0.06,0.032680526572434476,0.5181751934156855
2018-07-31,8171.4,8180.0,7633.0,7730.93,48296.915587,239132,379841367.20240223,48,Neutral,123.82827965746459,0.03386988970465465,0.5728047096041683,-0.05571943212300709,10.785122978119158,neutral,False,-0.04,0.03386988970465465,0.5728047096041683
2018-08-01,7735.67,7750.0,7430.0,7604.58,42582.312932,208008,322252070.44348675,39,Fear,0.0,0.033681064641527585,0.5703874112149369,-0.016478468479518643,10.65919425665281,fear,False,-0.22,0.033681064641527585,0.5703874112149369
2018-08-02,7600.08,7709.46,7455.72,7525.71,37665.696684,175627,285656680.7015636,39,Fear,281.6412998494043,0.033583369843550544,0.5723073362003281,-0.010425539018218475,10.536505056942573,fear,False,-0.22,0.033583369843550544,0.5723073362003281
2018-08-03,7525.71,7540.0,7282.44,7418.78,44669.486047,226727,330599837.7285522,36,Fear,0.0,0.033738260840493486,0.578496146303051,-0.014310535167938794,10.707045908728151,fear,False,-0.28,0.033738260840493486,0.578496146303051
2018-08-04,7412.27,7494.81,6926.0,7009.84,36288.42601,199335,262282965.48573315,31,Fear,31.43852786121347,0.03517933557044856,0.6220028499807787,-0.05669974692594556,10.499254126712078,fear,False,-0.38,0.03517933557044856,0.6220028499807787
2018-08-05,7009.84,7089.87,6882.29,7024.19,32894.849782,148658,229992627.52322164,23,Extreme Fear,0.0,0.03435335397971158,0.5911982801618259,0.002045029831224618,10.401071382919003,extreme_fear,True,-0.54,0.03435335397971158,0.5911982801618259
2018-08-06,7024.19,7160.0,6821.0,6934.82,32760.191643,177378,229071781.1153667,25,Extreme Fear,202.2755149839912,0.031314580744749215,0.5059203012091841,-0.012804807950119665,10.39696938785832,extreme_fear,True,-0.5,0.031314580744749215,0.5059203012091841
2018-08-07,6935.0,7150.46,6670.0,6720.06,45438.473501,247202,316365882.1031662,25,Extreme Fear,335.7456603651589,0.03200923826625174,0.5139277456294393,-0.031458015064116024,10.724114459102758,extreme_fear,True,-0.5,0.03200923826625174,0.5139277456294393
2018-08-08,6720.63,6721.54,6123.0,6285.0,59550.536319,305603,382460776.49398136,23,Extreme Fear,0.0,0.03392264687502497,0.554985890724062,-0.06693124102441655,10.994580580939363,extreme_fear,True,-0.54,0.03392264687502497,0.554985890724062
2018-08-09,6283.27,6622.81,6178.6,6529.79,51941.185111,248573,332880900.89059937,19,Extreme Fear,555.236197636765,0.03433621414854251,0.5779385767449126,0.0382089414640777,10.85786730187981,extreme_fear,True,-0.62,0.03433621414854251,0.5779385767449126
2018-08-10,6529.79,6575.88,6026.39,6144.01,59034.974902,289661,374699380.9484915,21,Extreme Fear,413.7121935409554,0.03599663699329971,0.6069597421695775,-0.06089716005807519,10.98588534220349,extreme_fear,True,-0.58,0.03599663699329971,0.6069597421695775
2018-08-11,6148.13,6488.0,5971.0,6232.35,47133.418555,236173,291056267.0892287,18,Extreme Fear,578.3656541513861,0.03742123091262819,0.6120501576391628,0.014275845289050121,10.760737551872461,extreme_fear,True,-0.64,0.03742123091262819,0.6120501576391628
2018-08-12,6222.55,6472.3,6130.0,6308.33,38567.770712,190399,243227298.87942722,18,Extreme Fear,390.99842171411933,0.03725761696405032,0.586645260808023,0.012117513516414526,10.560172251035635,extreme_fear,True,-0.64,0.03725761696405032,0.586645260808023
2018-08-13,6308.56,6545.0,6145.04,6246.35,53895.828783,239602,341552293.0073001,21,Extreme Fear,428.00715969469684,0.03588365306126749,0.47007207125427847,-0.009873689099789142,10.894808365831976,extreme_fear,True,-0.58,0.03588365306126749,0.47007207125427847
2018-08-14,6248.25,6250.33,5880.0,6188.08,50186.745091,252004,303179556.3624503,16,Extreme Fear,0.0,0.036103151036178616,0.46825637685337856,-0.009372432278415934,10.82350622880264,extreme_fear,True,-0.68,0.036103151036178616,0.46825637685337856
2018-08-15,6188.08,6609.0,6172.11,6267.16,68806.687026,329413,439109005.4034304,18,Extreme Fear,0.0,0.03644049144364561,0.47236989601886586,0.012698440598051607,11.139056214343642,extreme_fear,True,-0.64,0.03644049144364561,0.47236989601886586
2018-08-16,6265.27,6480.0,6205.6,6311.75,48515.254618,228942,307755605.1624039,21,Extreme Fear,302.66580566077795,0.03601994062210754,0.4477063506938832,0.007089674188074853,10.789633555678133,extreme_fear,True,-0.58,0.03601994062210754,0.4477063506938832
2018-08-17,6316.0,6585.0,6285.4,6584.49,57851.610803,296730,374472431.7235812,19,Extreme Fear,101.93275084873125,0.03643899605981118,0.48583601525628556,0.04230390778718328,10.965636576711269,extreme_fear,True,-0.62,0.03643899605981118,0.48583601525628556
2018-08-18,6579.04,6620.0,6288.0,6387.96,53742.322172,276121,345964004.3657212,24,Extreme Fear,423.1201519866176,0.03697172811922745,0.48907794734928706,-0.030301914856385295,10.891956092475203,extreme_fear,True,-0.52,0.03697172811922745,0.48907794734928706
2018-08-19,6387.96,6541.0,6300.0,6477.53,45190.847994,190758,289271954.55326533,27,Fear,295.46180868305913,0.03669371027083532,0.4974083089904799,0.013924296267447166,10.718649867310033,fear,False,-0.46,0.03669371027083532,0.4974083089904799
2018-08-20,6477.53,6530.0,6220.0,6254.84,49435.55526,237055,317617945.7492608,26,Fear,268.43510893883564,0.03609298239449875,0.4781023400063923,-0.03498370080450283,10.808425186391144,fear,False,-0.48,0.03609298239449875,0.4781023400063923
2018-08-21,6251.0,6500.0,6235.08,6480.0,41569.947408,180578,265458342.7817206,19,Extreme Fear,371.04402316280203,0.036081339116884714,0.5043357206792698,0.035364946308841766,10.635132767102752,extreme_fear,True,-0.62,0.036081339116884714,0.5043357206792698
2018-08-22,6479.98,6882.54,6251.2,6360.89,77909.391359,326562,512501182.2029021,21,Extreme Fear,145.58445876552884,0.038060562564913185,0.5056769785815337,-0.018552205695517878,11.26330178119068,extreme_fear,True,-0.58,0.038060562564913185,0.5056769785815337
2018-08-23,6362.57,6576.99,6342.28,6525.01,40358.166825,187637,259786384.55491504,18,Extreme Fear,160.1474954311868,0.03808720990288014,0.519060136846458,0.02547418110596709,10.605549052846307,extreme_fear,True,-0.64,0.03808720990288014,0.519060136846458
2018-08-24,6525.0,6725.0,6440.5,6681.64,38305.675322,180167,251513064.47447148,19,Extreme Fear,0.0,0.037040339313196426,0.49360998327201994,0.023720980623559363,10.553353344922128,extreme_fear,True,-0.62,0.037040339313196426,0.49360998327201994
2018-08-25,6686.98,6789.0,6650.61,6733.64,19220.505929,122483,129083702.47542232,22,Extreme Fear,0.0,0.036928469323105784,0.49470580829923344,0.007752392858191145,9.863733005226745,extreme_fear,True,-0.56,0.036928469323105784,0.49470580829923344
2018-08-26,6733.64,6775.27,6568.0,6700.0,20107.297208,130769,134117930.3957502,19,Extreme Fear,100.95222543411877,0.03658816545548242,0.49324271051603785,-0.005008332859462741,9.908838073336343,extreme_fear,True,-0.62,0.03658816545548242,0.49324271051603785
2018-08-27,6700.0,6940.51,6646.5,6908.64,37747.078747,205441,254214730.3171242,18,Extreme Fear,0.0,0.0358501276800212,0.4928632436077584,0.030665275803412877,10.53866336749743,extreme_fear,True,-0.64,0.0358501276800212,0.4928632436077584
2018-08-28,6907.26,7135.0,6860.0,7076.11,48352.917163,252033,338220284.2901657,19,Extreme Fear,0.0,0.034003343898125676,0.4269581565929181,0.023951519482310835,10.786281833353025,extreme_fear,True,-0.62,0.034003343898125676,0.4269581565929181
2018-08-29,7077.0,7133.81,6912.34,7031.22,43252.487392,223772,304565438.4850058,19,Extreme Fear,267.67917739053587,0.03297327265258047,0.4112890135518052,-0.006364088953719495,10.674810022660033,extreme_fear,True,-0.62,0.03297327265258047,0.4112890135518052
2018-08-30,7033.21,7063.63,6784.81,6984.84,44716.77462,230848,309357226.58362526,22,Extreme Fear,23.96160520207977,0.031291702925464654,0.3365613378252808,-0.0066181465099818294,10.708103981345996,extreme_fear,True,-0.56,0.031291702925464654,0.3365613378252808
2018-08-31,6984.84,7089.0,6888.0,7011.21,40467.400638,203142,282722730.0613195,17,Extreme Fear,135.9610929828301,0.029491305789157967,0.3353701916965059,0.003768210488415819,10.608252006452041,extreme_fear,True,-0.66,0.029491305789157967,0.3353701916965059
2018-09-01,7011.21,7275.0,7008.74,7200.01,40323.414093,217286,287299347.7691456,21,Extreme Fear,0.0,0.02900972239530879,0.3427745338151751,0.026572118202575292,10.604687574086126,extreme_fear,True,-0.58,0.02900972239530879,0.3427745338151751
2018-09-02,7201.57,7345.45,7127.0,7302.01,39814.840352,210282,288526018.71327895,18,Extreme Fear,25.422768335311197,0.028041004791808606,0.3380055137926469,0.014067237810384827,10.591994994938435,extreme_fear,True,-0.64,0.028041004791808606,0.3380055137926469
2018-09-03,7302.0,7338.28,7191.63,7263.02,32396.018371,173846,235393601.42514038,19,Extreme Fear,147.9172853077471,0.026951302554727698,0.3355888434953494,-0.005353932417028108,10.385790804444902,extreme_fear,True,-0.62,0.026951302554727698,0.3355888434953494
2018-09-04,7263.0,7410.0,7227.17,7359.06,35300.640518,183178,258978411.27108595,26,Fear,53.27316051701412,0.02555929157324145,0.33567362881503093,0.013136486889629234,10.471656387742605,fear,False,-0.48,0.02555929157324145,0.33567362881503093
2018-09-05,7359.05,7397.3,6682.0,6700.0,63715.256267,308813,449463489.0579975,17,Extreme Fear,31.58537165057225,0.028390625960989773,0.4934671527422054,-0.09382468079599963,11.062179314721003,extreme_fear,True,-0.66,0.028390625960989773,0.4934671527422054
2018-09-06,6697.27,6725.0,6265.0,6516.01,60644.464227,280845,390391932.2091176,14,Extreme Fear,0.0,0.029282385443973564,0.4820250849093877,-0.027845300974444133,11.012783636125672,extreme_fear,True,-0.72,0.029282385443973564,0.4820250849093877
2018-09-07,6516.84,6544.0,6320.0,6395.54,38906.28805,194451,250716129.90518978,17,Extreme Fear,195.49193133996403,0.02883735778949214,0.4741943315981998,-0.0186613529871008,10.568911163072709,extreme_fear,True,-0.66,0.02883735778949214,0.4741943315981998
2018-09-08,6395.54,6478.0,6111.0,6185.05,38215.032171,180831,241711345.37120345,18,Extreme Fear,0.0,0.029453660926762642,0.48551840024455234,-0.03346578254922665,10.55098422951884,extreme_fear,True,-0.64,0.029453660926762642,0.48551840024455234
2018-09-09,6185.06,6441.0,6141.53,6250.81,37053.92382,176709,233583450.1054205,13,Extreme Fear,409.52169138043007,0.029423381395284234,0.47158755998020324,0.010575965464806937,10.520129531189456,extreme_fear,True,-0.74,0.029423381395284234,0.47158755998020324
2018-09-10,6252.26,6373.98,6221.0,6312.0,32439.456432,165286,204178349.9698747,15,Extreme Fear,140.98334267508534,0.029071528622742752,0.45454174804140846,0.009741528192617485,10.387130751985389,extreme_fear,True,-0.7,0.029071528622742752,0.45454174804140846
2018-09-11,6311.99,6404.0,6169.68,6294.91,33104.88859,173335,208346648.80045936,18,Extreme Fear,174.24175327142717,0.026519237572155612,0.4500291158706961,-0.002711213210626239,10.407436242000617,extreme_fear,True,-0.64,0.026519237572155612,0.4500291158706961
2018-09-12,6293.0,6360.0,6192.37,6338.62,31433.645939,165590,197398009.01256666,14,Extreme Fear,207.17967198460207,0.026312019559824977,0.44053315658363235,0.006919708808447703,10.355634124941103,extreme_fear,True,-0.72,0.026312019559824977,0.44053315658363235
2018-09-13,6338.62,6535.0,6337.4,6487.38,40465.063107,215637,260985165.19184464,20,Extreme Fear,0.0,0.0259928410051338,0.4401403365182559,0.023197672069712336,10.608194241473873,extreme_fear,True,-0.6,0.0259928410051338,0.4401403365182559
2018-09-14,6487.39,6584.99,6385.62,6476.63,37173.339277,198375,241466662.64800575,23,Extreme Fear,123.75271121165711,0.026172967840578626,0.4387891098096121,-0.0016584378543234896,10.523347097216831,extreme_fear,True,-0.54,0.026172967840578626,0.4387891098096121
2018-09-15,6476.63,6565.45,6466.13,6514.96,25243.656612,141362,164557841.0798692,24,Extreme Fear,86.22153101804005,0.02591921962391294,0.439487372677552,0.0059007575235102555,10.136330179854522,extreme_fear,True,-0.52,0.02591921962391294,0.439487372677552
2018-09-16,6514.96,6524.62,6370.0,6505.0,27568.132897,145921,178614079.15149954,28,Fear,0.0,0.025463529067593055,0.42287678454766614,-0.0015299589158250337,10.224415779454002,fear,False,-0.44,0.025463529067593055,0.42287678454766614
2018-09-17,6500.08,6533.84,6201.0,6248.69,35987.254738,196924,228970700.75042215,25,Extreme Fear,126.46101136148552,0.025881060984000753,0.42988105566495327,-0.04019927018530844,10.490920119697485,extreme_fear,True,-0.5,0.025881060984000753,0.42988105566495327
2018-09-18,6248.69,6390.0,6224.98,6336.45,32620.86667,169055,205736329.40707865,21,Extreme Fear,149.22270197016832,0.025772818047279374,0.43579437034529306,0.013946832938242788,10.392707444491592,extreme_fear,True,-0.58,0.025772818047279374,0.43579437034529306
2018-09-19,6336.39,6517.7,6123.0,6391.89,39044.080082,198215,247455364.52379557,24,Extreme Fear,126.93450114219904,0.026558697952737985,0.43852231282760057,0.008711324587229894,10.57244654536334,extreme_fear,True,-0.52,0.026558697952737985,0.43852231282760057
2018-09-20,6392.0,6540.0,6325.0,6492.0,25189.024728,153686,161844271.63360685,24,Extreme Fear,119.87705767277367,0.026656984108136904,0.44340719432487785,0.015540650347712062,10.134163651963563,extreme_fear,True,-0.52,0.026656984108136904,0.44340719432487785
2018-09-21,6492.0,6784.86,6491.0,6759.02,51779.343463,292494,345746941.99998635,31,Fear,0.0,0.026849171311007013,0.4583338944333233,0.04030725947910054,10.854746573870182,fear,False,-0.38,0.026849171311007013,0.4583338944333233
2018-09-22,6759.01,6839.03,6627.0,6723.05,29349.690667,145720,197210670.8919785,35,Fear,50.8399209744533,0.026876150479233543,0.4538135784450857,-0.005335988516169763,10.287037285745846,fear,False,-0.3,0.026876150479233543,0.4538135784450857
2018-09-23,6723.05,6788.23,6661.75,6708.0,30286.229773,168354,203479219.3864065,38,Fear,125.26342093333237,0.0268581086107515,0.45383678233808417,-0.0022410766543132558,10.318448425260588,fear,False,-0.24,0.0268581086107515,0.45383678233808417
2018-09-24,6706.81,6730.0,6557.0,6581.39,35305.73991,185297,234355999.54311827,43,Fear,0.0,0.02687624430350932,0.45212101110312086,-0.01905487473246544,10.471800833385561,fear,False,-0.14,0.02687624430350932,0.45212101110312086
2018-09-25,6581.42,6584.01,6325.02,6447.54,40301.029452,219965,258927200.8310643,37,Fear,0.0,0.023766852857473226,0.3170966415058784,-0.020547306519357253,10.604132292323154,fear,False,-0.26,0.023766852857473226,0.3170966415058784
2018-09-26,6445.11,6557.99,6379.7,6465.12,33484.54207,184238,216859675.30134344,37,Fear,206.5032354756559,0.022091429811074627,0.30216292494770375,0.002722910827337732,10.418839180574961,fear,False,-0.26,0.022091429811074627,0.30216292494770375
2018-09-27,6467.84,6750.0,6434.0,6689.13,33087.428297,182590,216914853.24175176,42,Fear,0.0,0.02253022775124866,0.31745368667551577,0.0340622473040466,10.406908679460852,fear,False,-0.16,0.02253022775124866,0.31745368667551577
2018-09-28,6689.12,6814.8,6540.88,6634.58,42399.448523,211849,283144987.5042306,42,Fear,135.23804288059281,0.021831703133991524,0.29134774332889474,-0.008188455738147228,10.654890634602445,fear,False,-0.16,0.021831703133991524,0.29134774332889474
2018-09-29,6634.58,6636.0,6464.57,6596.38,30255.9597,171027,198424303.60660565,37,Fear,0.0,0.021168364635515472,0.2918671518603656,-0.005774351391320126,10.317448458930139,fear,False,-0.26,0.021168364635515472,0.2918671518603656
2018-09-30,6597.66,6662.0,6533.0,6626.57,27764.724519,153447,183438992.37719536,34,Fear,62.46044789956251,0.021079651299293886,0.2907850357576456,0.00456631121771178,10.23152159174642,fear,False,-0.32,0.021079651299293886,0.2907850357576456
2018-10-01,6626.57,6667.09,6510.0,6611.61,20621.506894,129733,136115256.96830678,35,Fear,168.80398897163937,0.02072551458483318,0.29068361237794255,-0.0022601303756572435,9.934089834144245,fear,False,-0.3,0.02072551458483318,0.29068361237794255
2018-10-02,6610.0,6640.0,6494.0,6525.79,28245.810088,147274,185725492.2802391,33,Fear,152.01225865567747,0.020629959149728472,0.29523230877368756,-0.013065175876138691,10.248700410105734,fear,False,-0.34,0.020629959149728472,0.29523230877368756
2018-10-03,6525.79,6549.0,6430.0,6510.0,28451.969138,150607,184622957.02490726,36,Fear,0.0,0.02036317211363219,0.2840003453797766,-0.0024225624564945406,10.255972651148754,fear,False,-0.28,0.02036317211363219,0.2840003453797766
2018-10-04,6510.01,6643.46,6505.09,6593.79,20074.300818,96824,132348680.67600606,29,Fear,0.0,0.020139573632555672,0.28737406373953833,0.012788840788172674,9.907195709715285,fear,False,-0.42,0.020139573632555672,0.28737406373953833
2018-10-05,6591.69,6697.0,6543.08,6635.65,16096.552392,86701,106264514.65757655,37,Fear,55.25113985653151,0.020277127479776363,0.2874768081998983,0.006328331312572889,9.686360390899065,fear,False,-0.26,0.020277127479776363,0.2874768081998983
2018-10-06,6635.65,6651.0,6566.77,6594.27,10939.505391,62065,72247942.41429408,34,Fear,78.79859060542633,0.02009274393020446,0.2884980352071623,-0.006255538195129945,9.300135863893592,fear,False,-0.32,0.02009274393020446,0.2884980352071623
2018-10-07,6596.44,6640.0,6525.0,6615.26,17406.831762,82844,114489082.75364278,29,Fear,60.34360990907722,0.018971695232011164,0.2447449809201864,0.0031780112791526716,9.764618038143631,fear,False,-0.42,0.018971695232011164,0.2447449809201864
2018-10-08,6615.26,6715.6,6587.0,6673.01,23123.419541,135156,153704602.4302414,26,Fear,0.0,0.018823442974742578,0.24228344909204014,0.008691931091452958,10.048601215872084,fear,False,-0.48,0.018823442974742578,0.24228344909204014
2018-10-09,6673.01,6685.38,6607.0,6656.61,15354.779469,101956,102115186.42882323,31,Fear,79.97848991478043,0.01692498457841698,0.24178326960396715,-0.0024606865424725453,9.639182070609623,fear,False,-0.38,0.01692498457841698,0.24178326960396715
2018-10-10,6656.67,6659.95,6530.0,6631.0,15390.661444,99789,101609680.88217257,28,Fear,0.0,0.016531999774721796,0.2371654561802355,-0.003854723567495947,9.641516204726775,fear,False,-0.44,0.016531999774721796,0.2371654561802355
2018-10-11,6630.21,6633.92,6205.0,6252.68,48712.400332,253224,308153124.4458242,19,Extreme Fear,0.0,0.017847153626234572,0.27703303966324405,-0.05874545054686773,10.793688903599195,extreme_fear,True,-0.62,0.017847153626234572,0.27703303966324405
2018-10-12,6252.71,6360.0,6209.0,6298.01,29004.071419,148077,183030273.01127478,13,Extreme Fear,101.10214604912365,0.017636503002068107,0.27973958695688594,0.007223538643362247,10.27519149287295,extreme_fear,True,-0.74,0.017636503002068107,0.27973958695688594
2018-10-13,6298.0,6345.0,6285.07,6332.93,19098.070025,108981,120728650.99596693,15,Extreme Fear,43.60517832015587,0.017501175142410456,0.28147138852972764,0.005529293776654126,9.857342563117731,extreme_fear,True,-0.7,0.017501175142410456,0.28147138852972764
2018-10-14,6332.92,6416.0,6308.0,6339.34,15627.411314,96113,99527294.08483064,18,Extreme Fear,0.0,0.01729907888615509,0.27511512722389736,0.0010116578240036086,9.656781786793864,extreme_fear,True,-0.64,0.01729907888615509,0.27511512722389736
2018-10-15,6339.34,7680.0,6300.0,6752.5,90748.031246,456913,627984505.5555729,20,Extreme Fear,17.531243666381158,0.031268311567557605,0.3499658934544745,0.06313814460075089,11.41584205763282,extreme_fear,True,-0.6,0.031268311567557605,0.3499658934544745
2018-10-16,6752.5,6900.0,6670.0,6759.27,27557.957764,175075,186122772.22286084,24,Extreme Fear,69.5373662203871,0.031380457078912766,0.3499923172785147,0.0010020893734170356,10.224046620930569,extreme_fear,True,-0.52,0.031380457078912766,0.3499923172785147
2018-10-17,6762.76,6811.12,6676.01,6740.89,26641.431379,158746,179641733.16423723,23,Extreme Fear,132.25178572678996,0.030830444163024724,0.32935995515674604,-0.0027229323735908574,10.19022285365384,extreme_fear,True,-0.54,0.030830444163024724,0.32935995515674604
2018-10-18,6739.01,6796.0,6567.0,6618.96,20116.521941,138002,134777360.1544343,26,Fear,77.35050623678752,0.03068147322867842,0.33472921394716404,-0.01825370577487822,9.9092967435152,fear,False,-0.48,0.03068147322867842,0.33472921394716404
2018-10-19,6618.96,6648.14,6523.0,6528.88,20772.60077,112337,136686215.6690547,24,Extreme Fear,0.0,0.03058613087837254,0.3376763751034358,-0.013702845411439162,9.941390126652655,extreme_fear,True,-0.52,0.03058613087837254,0.3376763751034358
2018-10-20,6528.88,6617.65,6505.55,6588.4,19240.722247,110809,126325797.49570584,21,Extreme Fear,93.48240465446769,0.03055945354042842,0.3389529939763961,0.009075114428241183,9.864784262340498,extreme_fear,True,-0.58,0.03055945354042842,0.3389529939763961
2018-10-21,6585.72,6663.9,6580.0,6590.11,6515.357792,68018,43146401.58918715,21,Extreme Fear,0.0,0.03043882995566957,0.33887662897767623,0.00025951340623444057,8.781917406239792,extreme_fear,True,-0.58,0.03043882995566957,0.33887662897767623
2018-10-22,6590.12,6639.0,6535.27,6581.2,16213.69266,101673,106815019.55165032,27,Fear,17.39927533261948,0.030365772499291982,0.33549555760670524,-0.0013529408022600999,9.693611390144119,fear,False,-0.46,0.030365772499291982,0.33549555760670524
2018-10-23,6581.2,6595.0,6515.45,6553.51,13856.601756,86938,90969791.0251596,24,Extreme Fear,26.46172736968789,0.03030959707414886,0.3357576435335484,-0.004216315551869199,9.536517059131711,extreme_fear,True,-0.52,0.03030959707414886,0.3357576435335484
2018-10-24,6553.51,6630.0,6547.53,6565.5,11951.543977,90762,78795617.02141578,23,Extreme Fear,0.13189187555734827,0.030224292333746676,0.33260401046468124,0.0018278823384338691,9.38861575210989,extreme_fear,True,-0.54,0.030224292333746676,0.33260401046468124
2018-10-25,6566.81,6575.09,6502.8,6528.09,10342.701244,75563,67691945.44596253,25,Extreme Fear,0.0,0.0300992065303608,0.33220851605063856,-0.005714261985447439,9.244036356110971,extreme_fear,True,-0.5,0.0300992065303608,0.33220851605063856
2018-10-26,6528.13,6600.0,6515.01,6538.63,9443.504156,77985,61792487.79642334,29,Fear,53.080523323590256,0.030100868060335365,0.3316737864272625,0.0016132590712825106,9.153082393226873,fear,False,-0.42,0.030100868060335365,0.3316737864272625
2018-10-27,6538.63,6558.35,6463.04,6505.6,7776.907864,86848,50667220.04441258,33,Fear,0.0,0.03007361769973452,0.33177707464197576,-0.005064318950867275,8.958914091382898,fear,False,-0.34,0.03007361769973452,0.33177707464197576
2018-10-28,6505.6,6514.17,6453.0,6489.93,5743.933728,71647,37298357.26271342,35,Fear,29.506342537162972,0.02998809498747438,0.3298836265525761,-0.0024115996184044136,8.655899573057045,fear,False,-0.3,0.02998809498747438,0.3298836265525761
2018-10-29,6489.93,6505.01,6315.0,6344.5,13827.224067,135586,88484721.03624511,34,Fear,1.39927626531859,0.030209700693864788,0.33843638494421147,-0.02266344897865391,9.534394686290948,fear,False,-0.32,0.030209700693864788,0.33843638494421147
2018-10-30,6344.5,6395.0,6317.01,6330.87,8877.175385,95116,56393439.18288881,31,Fear,58.88520326337282,0.030138662275622067,0.33839336243009394,-0.002150628384569255,9.091238698110953,fear,False,-0.38,0.030138662275622067,0.33839336243009394
2018-10-31,6330.01,6428.0,6245.02,6371.93,12148.888216,111552,76970488.28166042,32,Fear,60.32368485858728,0.0290312063927723,0.2654785488530598,0.0064647389553645,9.404992939725902,fear,False,-0.36,0.0290312063927723,0.2654785488530598
2018-11-01,6369.52,6442.65,6348.66,6410.0,9099.035841,89601,58031686.8315247,29,Fear,30.124483989788608,0.028918743196729824,0.26511903543712556,0.005956864506951309,9.115923735353219,fear,False,-0.42,0.028918743196729824,0.26511903543712556
2018-11-02,6410.0,6460.34,6388.2,6433.98,9739.440679,109482,62589428.22024873,36,Fear,25.52187720251016,0.0289299773974922,0.26477795856744485,0.003734049393257197,9.18393896983369,fear,False,-0.28,0.0289299773974922,0.26477795856744485
2018-11-03,6432.8,6439.97,6345.0,6387.09,7661.241476,83836,48934237.93991929,36,Fear,14.686933313870993,0.028908941602821987,0.26633109323951815,-0.007314554723069929,8.94392932218715,fear,False,-0.28,0.028908941602821987,0.26633109323951815
2018-11-04,6388.0,6525.0,6359.0,6485.85,10592.394943,126200,68169573.18695,41,Fear,42.77650601976411,0.011841060400513902,0.14192681034830026,0.015344115280428195,9.267891564396303,fear,False,-0.18,0.011841060400513902,0.14192681034830026
2018-11-05,6485.85,6504.39,6431.02,6468.99,8987.882156,114235,58127213.13931594,42,Fear,57.61316185579145,0.011036533921108678,0.14148675215364476,-0.002602889656518016,9.10363252195981,fear,False,-0.16,0.011036533921108678,0.14148675215364476
2018-11-06,6468.99,6531.31,6445.18,6519.11,11926.565699,150475,77336101.18719475,42,Fear,47.98101411729266,0.010850969985144976,0.14575921058808283,0.007717872327009078,9.386523602651668,fear,False,-0.16,0.010850969985144976,0.14575921058808283
2018-11-07,6522.73,6615.15,6509.0,6578.46,14271.591117,151060,93820576.63463956,48,Neutral,0.0,0.01006352530528438,0.13650298982472356,0.009062811838116712,9.566026205096051,neutral,False,-0.04,0.01006352530528438,0.13650298982472356
2018-11-08,6578.46,6594.0,6468.22,6479.84,13259.789282,145405,86450363.67835227,51,Neutral,64.94267071369939,0.01007231374996233,0.13840531718109295,-0.01510485669047986,9.492491372361702,neutral,False,0.02,0.01007231374996233,0.13840531718109295
2018-11-09,6479.84,6511.53,6391.01,6419.99,11787.616583,117043,75997777.50255908,47,Neutral,0.0,0.010123333740517661,0.13710864257181185,-0.009279258633064185,9.374804817285169,neutral,False,-0.06,0.010123333740517661,0.13710864257181185
2018-11-10,6419.99,6475.55,6411.0,6433.05,7714.829926,97746,49745307.64123968,52,Neutral,60.75690893805728,0.010069600594988175,0.1375189375948831,0.002032204753841915,8.950899719965811,neutral,False,0.04,0.010069600594988175,0.1375189375948831
2018-11-11,6435.16,6462.14,6355.0,6449.81,8213.507117,98435,52709099.31784609,54,Neutral,16.871238108459146,0.010097788339470991,0.1381778714175292,0.0026019081873635956,9.013535287481153,neutral,False,0.08,0.010097788339470991,0.1381778714175292
2018-11-12,6450.71,6497.0,6421.0,6453.07,10132.782567,123144,65390882.14088421,52,Neutral,0.0,0.010089912857087758,0.13773972840111365,0.0005053135531552418,9.223531245308294,neutral,False,0.04,0.010089912857087758,0.13773972840111365
2018-11-13,6451.68,6498.0,6391.15,6457.66,11790.564933,150940,76142983.15196352,56,Greed,90.55628022923148,0.010195021695589099,0.1375169757087896,0.000711036508916558,9.375054908668455,greed,False,0.12,0.010195021695589099,0.1375169757087896
2018-11-14,6458.98,6482.84,5656.87,5922.41,46478.964003,319011,279632622.89436775,49,Neutral,0.0,0.020897353488535327,0.3341625414734675,-0.08652356242154874,10.746755102185304,neutral,False,-0.02,0.020897353488535327,0.3341625414734675
2018-11-15,5917.2,5939.54,5403.42,5753.4,47700.829401,303825,270133503.66131264,28,Fear,0.0,0.024393749153568418,0.3437745015239385,-0.02895247624443291,10.7727040645869,fear,False,-0.44,0.024393749153568418,0.3437745015239385
2018-11-16,5757.09,5782.89,5549.25,5655.94,38721.802274,221493,219097215.966752,23,Extreme Fear,207.58313018339032,0.024937160277138853,0.345798475677434,-0.017084664071226715,10.56415808663991,extreme_fear,True,-0.54,0.024937160277138853,0.345798475677434
2018-11-17,5650.57,5656.6,5565.43,5628.29,26411.241413,171403,148072393.10210443,24,Extreme Fear,74.49154900947183,0.025000360448292007,0.34547335411862495,-0.004900654335793468,10.181545009601074,extreme_fear,True,-0.52,0.025000360448292007,0.34547335411862495
2018-11-18,5630.49,5738.17,5617.0,5662.0,23844.999347,154817,134893236.9862243,26,Fear,0.0,0.024847216124836095,0.3433345399927472,0.005971520691174607,10.079329803347129,fear,False,-0.48,0.024847216124836095,0.3433345399927472
2018-11-19,5661.94,5664.0,4855.0,4910.03,70580.892856,378495,368688743.45440894,28,Fear,0.0,0.03229596931934577,0.5940403063688824,-0.14249713492231114,11.164514747418446,fear,False,-0.44,0.03229596931934577,0.5940403063688824
2018-11-20,4913.4,5048.24,4326.0,4558.86,117380.95159,596769,548036628.7293574,21,Extreme Fear,0.0,0.03818220387842424,0.6275799134259981,-0.07420745949631138,11.673179920997168,extreme_fear,True,-0.58,0.03818220387842424,0.6275799134259981
2018-11-21,4559.91,4787.2,4413.85,4661.07,61071.829475,301920,281264433.4846592,15,Extreme Fear,483.9469416713953,0.03965961510272406,0.6379130937935399,0.022172443243175764,11.019805982785016,extreme_fear,True,-0.7,0.03965961510272406,0.6379130937935399
2018-11-22,4661.08,4721.77,4335.0,4370.0,34531.119143,180335,157459733.7241475,14,Extreme Fear,450.4459788234316,0.0412592414683378,0.6557305615880571,-0.06448202640676247,10.449616200603101,extreme_fear,True,-0.72,0.0412592414683378,0.6557305615880571
2018-11-23,4370.9,4484.0,4222.94,4420.61,49371.920322,227935,215283656.11539474,12,Extreme Fear,0.0,0.04199084496813767,0.6636692613261045,0.011514686509508765,10.807137127032815,extreme_fear,True,-0.76,0.04199084496813767,0.6636692613261045
2018-11-24,4415.63,4527.0,3824.69,3932.44,61693.111006,275070,258702927.69916427,15,Extreme Fear,249.94591028555882,0.04757910183409818,0.7366994275825733,-0.11701759725291112,11.029927550596604,extreme_fear,True,-0.7,0.04757910183409818,0.7366994275825733
2018-11-25,3933.68,4233.0,3652.66,4085.78,101693.975588,428171,398253568.5292384,9,Extreme Fear,226.1325493542027,0.05151269540848705,0.7668441534542437,0.03825255419313612,11.529723343192586,extreme_fear,True,-0.82,0.05151269540848705,0.7668441534542437
2018-11-26,4088.69,4206.0,3701.0,3862.2,94504.865717,413339,373230308.28477746,17,Extreme Fear,1151.430403030324,0.05427175964726507,0.7665161328345416,-0.05627568325274474,11.456406601225101,extreme_fear,True,-0.66,0.05427175964726507,0.7665161328345416
2018-11-27,3864.45,3940.0,3689.12,3875.21,67480.607212,288731,257593168.12182525,11,Extreme Fear,306.91902571404285,0.0549433072184437,0.7633010220891706,0.0033628855807920814,11.119595535018945,extreme_fear,True,-0.78,0.0549433072184437,0.7633010220891706
2018-11-28,3875.63,4394.47,3874.27,4264.85,91983.567949,386714,382697308.297627,14,Extreme Fear,0.0,0.05743112331649328,0.8780859690924205,0.09580715545160723,11.429365230828646,extreme_fear,True,-0.72,0.05743112331649328,0.8780859690924205
2018-11-29,4262.06,4450.38,4125.65,4295.84,73980.198669,316601,316809038.40988266,18,Extreme Fear,202.40886607259904,0.058271447972682314,0.8829336809451833,0.007240102228244788,11.21155275082485,extreme_fear,True,-0.64,0.058271447972682314,0.8829336809451833
2018-11-30,4295.72,4341.36,3943.0,4041.32,67758.446283,288098,278810574.935784,19,Extreme Fear,34.81469057877147,0.05967245882178706,0.8903495505095723,-0.06107574128430203,11.123704399355255,extreme_fear,True,-0.62,0.05967245882178706,0.8903495505095723
2018-12-01,4041.27,4299.99,3963.01,4190.02,44840.073481,205472,186157614.3155972,13,Extreme Fear,722.5395375112475,0.06062892189433883,0.9109771464353225,0.03613413591151425,10.710857515922488,extreme_fear,True,-0.74,0.06062892189433883,0.9109771464353225
2018-12-02,4190.98,4312.99,4103.04,4161.01,38912.15479,178087,162917339.00647366,15,Extreme Fear,266.2682259506417,0.06097769441626935,0.9089639705434501,-0.006947673925982668,10.569061943268174,extreme_fear,True,-0.7,0.06097769441626935,0.9089639705434501
2018-12-03,4160.55,4179.0,3827.0,3884.01,49094.369163,207134,195055919.54337287,17,Extreme Fear,0.0,0.06207209759182235,0.9194747881277269,-0.0688897081753039,10.80149962620828,extreme_fear,True,-0.66,0.06207209759182235,0.9194747881277269
2018-12-04,3884.76,4085.0,3781.0,3951.64,48489.551613,220815,191673423.7062659,12,Extreme Fear,411.8283870202224,0.06021486008213927,0.9016281900029401,0.01726255752792494,10.789103623057263,extreme_fear,True,-0.76,0.06021486008213927,0.9016281900029401
2018-12-05,3950.98,3970.0,3745.0,3769.84,44004.799448,199011,169404368.19157183,19,Extreme Fear,240.7706869384889,0.05937872053528517,0.9062451487393278,-0.047098122377981194,10.692053985315422,extreme_fear,True,-0.62,0.05937872053528517,0.9062451487393278
2018-12-06,3768.44,3899.99,3500.0,3508.75,68378.796943,293512,254722331.49494052,13,Extreme Fear,0.0,0.06087962264063919,0.9236255633358815,-0.07177271154704609,11.132818069341534,extreme_fear,True,-0.74,0.06087962264063919,0.9236255633358815
2018-12-07,3508.75,3549.99,3224.6,3403.55,95145.457442,413521,322364604.2802089,11,Extreme Fear,0.0,0.06219514793479101,0.9211135194030218,-0.030440844136481928,11.463162130565214,extreme_fear,True,-0.78,0.06219514793479101,0.9211135194030218
2018-12-08,3403.57,3495.0,3222.0,3410.93,55365.949949,253650,187909876.24894738,11,Extreme Fear,699.3898719548529,0.06308177400478424,0.9195058630895412,0.002165976827357233,10.921720061918725,extreme_fear,True,-0.78,0.06308177400478424,0.9195058630895412
2018-12-09,3411.36,3658.0,3394.04,3545.37,45956.893296,194567,161618597.82859048,14,Extreme Fear,0.0,0.06043266323429948,0.8342665317692511,0.03865754550827522,10.735459133855537,extreme_fear,True,-0.72,0.06043266323429948,0.8342665317692511
2018-12-10,3548.49,3610.0,3370.11,3432.88,40989.244553,192599,142507933.07357892,19,Extreme Fear,475.58053095136427,0.057510726464827425,0.8085226299608559,-0.03224296787847104,10.621064983296833,extreme_fear,True,-0.62,0.057510726464827425,0.8085226299608559
2018-12-11,3434.01,3480.0,3324.32,3380.39,35920.864154,162266,121841475.29281934,15,Extreme Fear,3.8194240748904114,0.056801041810208286,0.7970328471362805,-0.01540847156061535,10.489073579866174,extreme_fear,True,-0.7,0.056801041810208286,0.7970328471362805
2018-12-12,3379.23,3492.0,3350.0,3445.0,33922.931286,152067,116227185.7924007,14,Extreme Fear,303.7094927447853,0.05590817729157473,0.7847265274632463,0.018932817011602716,10.431846503801768,extreme_fear,True,-0.72,0.05590817729157473,0.7847265274632463
2018-12-13,3446.38,3460.0,3255.5,3302.06,40040.917013,160471,134817053.72748312,14,Extreme Fear,86.76100694044204,0.0559264802498774,0.786720692857592,-0.04237738832720035,10.597657135589477,extreme_fear,True,-0.72,0.0559264802498774,0.786720692857592
2018-12-14,3302.06,3335.39,3177.0,3224.17,44492.983807,184525,145101409.49359843,10,Extreme Fear,0.0,0.05155523200670575,0.6893187715072371,-0.023870963355656402,10.703086788465116,extreme_fear,True,-0.8,0.05155523200670575,0.6893187715072371
2018-12-15,3225.19,3276.5,3156.26,3211.72,29796.041436,139806,95588793.64058845,11,Extreme Fear,148.6400746741228,0.04786484035356195,0.6660936040293575,-0.003868933598917332,10.302130825951664,extreme_fear,True,-0.78,0.04786484035356195,0.6660936040293575
2018-12-16,3211.71,3294.0,3186.0,3228.67,24628.808538,125565,80068159.40481837,13,Extreme Fear,178.08842248125438,0.044900334002718596,0.6474407340599939,0.005263668546469598,10.111672115523067,extreme_fear,True,-0.74,0.044900334002718596,0.6474407340599939
2018-12-17,3229.22,3585.0,3216.0,3509.08,66762.216388,283815,228758085.61846116,17,Extreme Fear,0.0,0.046376127276154325,0.7251074209690519,0.0832836071289746,11.108892576565609,extreme_fear,True,-0.66,0.046376127276154325,0.7251074209690519
2018-12-18,3509.03,3678.59,3424.47,3652.98,61369.615257,296433,216563775.02523193,23,Extreme Fear,0.0,0.04423681355936575,0.6450489485557225,0.04018937798677158,11.024670126127708,extreme_fear,True,-0.54,0.04423681355936575,0.6450489485557225
2018-12-19,3653.0,3912.73,3622.55,3662.22,94137.341014,434026,352638213.53853136,21,Extreme Fear,0.0,0.044277017546555324,0.6438125465741477,0.0025262480626872907,11.452510069538176,extreme_fear,True,-0.58,0.044277017546555324,0.6438125465741477
2018-12-20,3660.01,4120.0,3635.0,4049.62,101543.835986,500506,399967057.78281647,27,Fear,443.55405907064255,0.045566230498880235,0.7183371289713708,0.1005535286471596,11.528245865865417,fear,False,-0.46,0.045566230498880235,0.7183371289713708
2018-12-21,4051.86,4139.99,3764.0,3838.66,82343.850112,436187,325803279.9626696,35,Fear,657.41882880434,0.046039713479893364,0.7290876815682081,-0.053499702189735716,11.31865905293854,fear,False,-0.3,0.046039713479893364,0.7290876815682081
2018-12-22,3840.25,3979.0,3785.0,3948.91,42822.350872,249148,165085567.58556616,28,Fear,297.48545057636306,0.046041306031337874,0.7381292624609194,0.0283162440987348,10.664815461897748,fear,False,-0.44,0.046041306031337874,0.7381292624609194
2018-12-23,3948.91,4021.53,3870.0,3929.71,40117.531529,258417,158756356.81762382,31,Fear,58.4290883419954,0.044797109037875926,0.6956508803710644,-0.00487395965505564,10.599568712989576,fear,False,-0.38,0.044797109037875926,0.6956508803710644
2018-12-24,3929.71,4198.0,3924.83,4008.01,64647.809129,400403,264628967.06591076,25,Extreme Fear,0.0,0.044503659542635875,0.6964898131668735,0.019729226979577484,11.076709495443264,extreme_fear,True,-0.5,0.044503659542635875,0.6964898131668735
2018-12-25,4010.11,4020.0,3646.41,3745.79,62725.629432,356377,235584302.95256105,33,Fear,0.0,0.04572479392375554,0.7186824122664638,-0.06766231613606057,11.046525405971042,fear,False,-0.34,0.04572479392375554,0.7186824122664638
2018-12-26,3745.56,3837.15,3656.74,3777.74,42629.375817,267746,159705204.50415567,26,Fear,271.3598622575034,0.04383391861514738,0.6674932421465049,0.008493404576570976,10.660298867780142,fear,False,-0.48,0.04383391861514738,0.6674932421465049
2018-12-27,3777.74,3813.98,3535.0,3567.91,44097.392912,262733,161915849.87310502,29,Fear,191.26741516800485,0.04311375678169646,0.6918911136957441,-0.057145957045561246,10.694155942045697,fear,False,-0.42,0.04311375678169646,0.6918911136957441
2018-12-28,3567.89,3887.25,3540.04,3839.26,45964.304987,251040,170638519.2472785,21,Extreme Fear,616.0914221912554,0.04355890793207853,0.7362790783837125,0.07329964951128502,10.735620395700563,extreme_fear,True,-0.58,0.04355890793207853,0.7362790783837125
2018-12-29,3839.0,3892.0,3670.0,3695.32,38874.373903,244844,148205200.1077372,24,Extreme Fear,378.6185765977026,0.04310946988568019,0.7414817125188871,-0.03821248552710063,10.568090543962775,extreme_fear,True,-0.52,0.04310946988568019,0.7414817125188871
2018-12-30,3696.71,3903.5,3657.9,3801.91,33222.369262,218929,124966229.52022897,23,Extreme Fear,545.6608868823556,0.043003651295067405,0.7354971264757041,0.02843641786578249,10.410978700973297,extreme_fear,True,-0.54,0.043003651295067405,0.7354971264757041
2018-12-31,3803.12,3810.0,3630.33,3702.9,29991.77835,190308,111847216.11708207,26,Fear,203.308101892923,0.04305369334136604,0.740573354222091,-0.02638727559849181,10.308678568084359,fear,False,-0.48,0.04305369334136604,0.740573354222091
2019-01-01,3701.23,3810.16,3642.0,3797.14,23741.687033,154227,88149249.09230462,24,Extreme Fear,428.82148096077816,0.043119409359200375,0.7424938611866748,0.02513185534819952,10.074987728528448,extreme_fear,True,-0.52,0.043119409359200375,0.7424938611866748
2019-01-02,3796.45,3882.14,3750.45,3858.56,35156.463369,218538,133876627.2465106,30,Fear,0.0,0.04258905927306035,0.7218645880820156,0.016045905094793787,10.46756375996518,fear,False,-0.4,0.04258905927306035,0.7218645880820156
2019-01-03,3857.57,3862.74,3730.0,3766.78,29406.948359,199812,111657372.69526468,33,Fear,220.93999586698516,0.0423461101261389,0.7219827652345605,-0.024073531785738185,10.288986264144668,fear,False,-0.34,0.0423461101261389,0.7219827652345605
2019-01-04,3767.2,3823.64,3703.57,3792.01,29519.554671,192232,111034550.64066195,48,Neutral,126.91822685916648,0.042265141288379555,0.7206958732398571,0.0066756964269890735,10.292808192929888,neutral,False,-0.04,0.042265141288379555,0.7206958732398571
2019-01-05,3790.09,3840.99,3751.0,3770.96,30490.667751,203673,115893501.27515878,36,Fear,80.06881908620963,0.04214779862850737,0.7223254424992985,-0.005566610566114471,10.325175940398438,fear,False,-0.28,0.04214779862850737,0.7223254424992985
2019-01-06,3771.12,4027.71,3740.0,3987.6,36553.806709,240496,142198812.18914708,31,Fear,89.31481245674881,0.04077648968601517,0.6901395218238152,0.055859935212426354,10.506540610479648,fear,False,-0.38,0.04077648968601517,0.6901395218238152
2019-01-07,3987.62,4017.9,3921.53,3975.45,31869.846264,221219,126830380.49287239,39,Fear,93.55168399438934,0.039761095397933134,0.6790325226644022,-0.0030515969204376486,10.36941558355287,fear,False,-0.22,0.039761095397933134,0.6790325226644022
2019-01-08,3976.76,4069.8,3903.0,3955.13,38901.423122,242898,154778846.54236615,39,Fear,157.69880037146268,0.03880008200705024,0.6798296885223826,-0.005124478781474369,10.568786113050466,fear,False,-0.22,0.03880008200705024,0.6798296885223826
2019-01-09,3955.45,4006.81,3930.04,3966.65,28989.439511,209240,115218950.31554872,42,Fear,102.73061091480712,0.03506163027739169,0.5760369793951,0.0029084392953749355,10.274686887855049,fear,False,-0.16,0.03506163027739169,0.5760369793951
2019-01-10,3966.06,3996.01,3540.0,3585.88,59402.22851,374760,221789348.03469807,37,Fear,0.0,0.03647755002376257,0.6527950544673228,-0.10091799860589419,10.992087021650358,fear,False,-0.26,0.03647755002376257,0.6527950544673228
2019-01-11,3585.88,3658.0,3465.0,3601.31,38338.654733,264996,137560743.6248598,19,Extreme Fear,0.0,0.03658605286587911,0.6428050272103576,0.004293757005468074,10.554213928164534,extreme_fear,True,-0.62,0.03658605286587911,0.6428050272103576
2019-01-12,3601.31,3618.19,3530.0,3583.13,21999.928354,175679,78908770.67658037,22,Extreme Fear,129.2198458279555,0.036371931042262225,0.6428063994973477,-0.005060948049945182,9.998794475698787,extreme_fear,True,-0.56,0.036371931042262225,0.6428063994973477
2019-01-13,3584.1,3611.1,3441.3,3476.81,26385.757454,183113,92882249.46737902,21,Extreme Fear,96.37190040276933,0.03582046951559131,0.6421204115246842,-0.03012151338560415,10.180579653178324,extreme_fear,True,-0.58,0.03582046951559131,0.6421204115246842
2019-01-14,3477.56,3671.87,3467.02,3626.09,35235.211215,229452,125631820.06705058,16,Extreme Fear,243.39301993951182,0.03421936915453694,0.6226910518094516,0.04203972603983707,10.469801180208886,extreme_fear,True,-0.68,0.03421936915453694,0.6226910518094516
2019-01-15,3626.08,3648.42,3516.62,3553.06,34137.997459,231684,122785440.22887538,27,Fear,260.22283005950743,0.03396403540502541,0.624887052602983,-0.02034572872980224,10.438166337891092,fear,False,-0.46,0.03396403540502541,0.624887052602983
2019-01-16,3553.06,3645.0,3543.51,3591.84,27480.179977,205159,98504455.20666535,24,Extreme Fear,231.44605515312546,0.03261722297941322,0.592619149868446,0.01085540198408706,10.221220295696206,extreme_fear,True,-0.52,0.03261722297941322,0.592619149868446
2019-01-17,3591.84,3634.7,3530.39,3616.21,29755.440838,217797,106709136.97324342,28,Fear,207.9566423834177,0.030352969764748446,0.5274438596051494,0.006761910046847543,10.300767279563221,fear,False,-0.44,0.030352969764748446,0.5274438596051494
2019-01-18,3613.32,3620.0,3565.75,3594.87,22713.446755,177567,81699723.54479145,29,Fear,88.89613632309471,0.029380422287548814,0.5110448862004784,-0.005918686880883267,10.030712396150465,fear,False,-0.42,0.029380422287548814,0.5110448862004784
2019-01-19,3594.87,3720.0,3594.23,3665.3,22171.578123,175054,81354185.90325992,31,Fear,0.0,0.028432134470509303,0.5050252335480657,0.01940235819347309,10.006566482891595,fear,False,-0.38,0.028432134470509303,0.5050252335480657
2019-01-20,3665.75,3693.73,3475.0,3539.28,27901.938598,204941,99767239.95381454,35,Fear,46.734285204806675,0.028870440080140076,0.5114530939585695,-0.03498687074880035,10.236451449194853,fear,False,-0.3,0.028870440080140076,0.5114530939585695
2019-01-21,3539.26,3559.51,3475.5,3526.9,19644.436839,160825,69316548.76685554,30,Fear,108.79333366630455,0.028408575179643444,0.501108503122943,-0.003504018484372307,9.885549464694408,fear,False,-0.4,0.028408575179643444,0.501108503122943
2019-01-22,3526.88,3608.5,3434.85,3570.93,29336.442967,195484,103804480.11605988,27,Fear,132.27617718671854,0.028799888068553853,0.4993708985024349,0.012406767923614694,10.286585809412182,fear,False,-0.46,0.028799888068553853,0.4993708985024349
2019-01-23,3570.41,3607.98,3514.5,3552.82,24938.842698,192892,88816396.34583545,33,Fear,158.15442514821297,0.028632308062844447,0.493699959134441,-0.005084411725233668,10.124181814709079,fear,False,-0.34,0.028632308062844447,0.493699959134441
2019-01-24,3552.97,3589.0,3529.22,3569.62,20826.25118,162159,74037052.86632736,37,Fear,118.6291611034011,0.028399633320212187,0.49324367426442467,0.004717493206436952,9.943969545902542,fear,False,-0.26,0.028399633320212187,0.49324367426442467
2019-01-25,3569.07,3587.15,3522.51,3565.29,17608.346671,153413,62634926.45524528,35,Fear,146.17564361909305,0.028326072592392195,0.49318782233933245,-0.0012137505677229684,9.776128311279184,fear,False,-0.3,0.028326072592392195,0.49318782233933245
2019-01-26,3566.69,3662.94,3545.0,3565.25,19476.532344,135369,69841766.64693148,41,Fear,0.0,0.026881778184552257,0.44229251367221856,-1.1219346641478312e-05,9.876965550262376,fear,False,-0.18,0.026881778184552257,0.44229251367221856
2019-01-27,3565.62,3579.0,3486.0,3550.84,22735.598162,163855,80743416.84653682,39,Fear,0.0,0.026916570318181753,0.44223047779724434,-0.004049982419135288,10.031687176095542,fear,False,-0.22,0.026916570318181753,0.44223047779724434
2019-01-28,3550.05,3557.75,3380.27,3434.15,40405.111401,260799,139258708.76430878,35,Fear,10.157220292779746,0.027205578581644997,0.4530556691457077,-0.033414752855628206,10.606711575773016,fear,False,-0.3,0.027205578581644997,0.4530556691457077
2019-01-29,3434.0,3443.45,3349.92,3411.04,29544.928977,189650,100542807.46479908,21,Extreme Fear,0.0,0.027332568841134986,0.45153104349488954,-0.006752212225881008,10.293667399884518,extreme_fear,True,-0.58,0.027332568841134986,0.45153104349488954
2019-01-30,3410.04,3478.0,3387.1,3458.18,23968.260243,180820,82521122.86191754,22,Extreme Fear,16.531176389709373,0.022247370052466294,0.29245605352881715,0.013725208982230525,10.08448574419358,extreme_fear,True,-0.56,0.022247370052466294,0.29245605352881715
2019-01-31,3457.5,3489.2,3418.8,3434.1,29607.190253,198100,101928346.97699685,17,Extreme Fear,89.82225512157731,0.021200321576375927,0.29207300651260837,-0.006987556505922125,10.295772524766038,extreme_fear,True,-0.66,0.021200321576375927,0.29207300651260837
2019-02-01,3434.1,3488.0,3401.2,3462.07,25260.476159,167520,87075914.2326683,23,Extreme Fear,165.7903618041787,0.021211437880290868,0.2942026839240281,0.008111793465487807,10.136996246043523,extreme_fear,True,-0.54,0.021211437880290868,0.2942026839240281
2019-02-02,3462.2,3526.4,3440.29,3504.77,17920.802,153234,62134037.97539881,22,Extreme Fear,0.0,0.02047227747092471,0.27794837783854504,0.012258221715457639,9.793717439991756,extreme_fear,True,-0.56,0.02047227747092471,0.27794837783854504
2019-02-03,3504.06,3511.09,3426.0,3458.11,19867.33639,138592,68801620.06241606,19,Extreme Fear,143.51275893565304,0.019249411004718265,0.23398254775451546,-0.013402700741218382,9.896832274723172,extreme_fear,True,-0.62,0.019249411004718265,0.23398254775451546
2019-02-04,3458.11,3484.88,3433.31,3463.22,23131.981108,155686,80024258.22766612,27,Fear,100.78837863375557,0.018711877853598218,0.22437365862056918,0.0014765950846030577,10.048971402573642,fear,False,-0.46,0.018711877853598218,0.22437365862056918
2019-02-05,3463.22,3478.97,3448.43,3471.59,25264.41503,162066,87491347.06381486,21,Extreme Fear,58.234525924123965,0.01836180738993898,0.22028141822374075,0.00241391013288215,10.137152164083732,extreme_fear,True,-0.58,0.01836180738993898,0.22028141822374075
2019-02-06,3471.57,3482.72,3380.0,3405.37,35310.244846,207024,120500703.0051573,14,Extreme Fear,30.694601408762942,0.018385562435403926,0.2263022836945532,-0.019259104839806154,10.471928423081343,extreme_fear,True,-0.72,0.018385562435403926,0.2263022836945532
2019-02-07,3407.0,3426.45,3390.0,3398.4,18665.538638,148209,63611505.78657223,18,Extreme Fear,44.73367678247603,0.01832975537332705,0.22605791305227602,-0.0020488648023813502,9.834434249116061,extreme_fear,True,-0.64,0.01832975537332705,0.22605791305227602
2019-02-08,3398.4,3733.58,3373.1,3659.04,47968.058013,277242,170118212.46197885,37,Fear,13.560495355978,0.022373291871470316,0.3473144088856014,0.07389608530050837,10.778290610312034,fear,False,-0.26,0.022373291871470316,0.3473144088856014
2019-02-09,3660.27,3680.02,3625.13,3665.18,24759.833719,192209,90488500.0676624,42,Fear,26.70382740625132,0.020915077878391083,0.32190231198290387,0.001676629439950937,10.116978011065157,fear,False,-0.16,0.020915077878391083,0.32190231198290387
2019-02-10,3665.18,3684.99,3609.76,3680.06,23250.602634,171099,84696423.96233752,40,Fear,118.14941036733795,0.02085246451376379,0.32138424785364417,0.0040516090298640325,10.054086330421526,fear,False,-0.2,0.02085246451376379,0.32138424785364417
2019-02-11,3679.75,3684.9,3615.53,3631.05,24954.614571,172626,90731831.90427426,46,Fear,179.14424223774213,0.019936761936040586,0.32348706197227467,-0.013407193747153196,10.124814036823505,neutral,False,-0.08,0.019936761936040586,0.32348706197227467
2019-02-12,3631.05,3667.6,3582.34,3631.46,29479.59823,198996,106766439.99436474,38,Fear,48.58609720064058,0.01987522420651344,0.32275095195315406,0.00011290862262092172,10.291453717648666,fear,False,-0.24,0.01987522420651344,0.32275095195315406
2019-02-13,3631.51,3670.0,3591.75,3609.4,25773.997648,167690,93350740.94830574,48,Neutral,186.5326328081617,0.019957786034881034,0.32342208102166087,-0.006093217726158174,10.15712141959358,neutral,False,-0.04,0.019957786034881034,0.32342208102166087
2019-02-14,3608.34,3626.4,3568.11,3590.56,21753.501261,155215,78367545.57945932,48,Neutral,0.0,0.019927002351901445,0.3240276625304832,-0.0052333743519313155,9.987530001078582,neutral,False,-0.04,0.019927002351901445,0.3240276625304832
2019-02-15,3590.57,3653.23,3573.45,3602.47,20777.872899,151256,74938358.18352868,43,Fear,92.04352794380324,0.01966116124543596,0.32419272767229634,0.0033115421134242594,9.941643896516764,fear,False,-0.14,0.01966116124543596,0.32419272767229634
2019-02-16,3602.49,3648.2,3597.91,3618.41,19565.992751,149393,70894921.80761532,43,Fear,96.58368962930666,0.019430264081004314,0.3240027533669519,0.0044149815235669295,9.881548274527681,fear,False,-0.14,0.019430264081004314,0.3240027533669519
2019-02-17,3617.22,3700.11,3604.4,3667.58,25690.227779,179511,93426433.13226134,38,Fear,39.75836654045528,0.01851208099831516,0.29992131667838,0.013497341191241524,10.15386595651071,fear,False,-0.24,0.01851208099831516,0.29992131667838
2019-02-18,3667.62,3925.0,3655.0,3898.6,64042.730492,393515,242898012.76922593,63,Greed,0.0,0.020509101536836886,0.3603747323779163,0.0610854703085456,11.067305803490902,greed,False,0.26,0.020509101536836886,0.3603747323779163
2019-02-19,3897.35,3994.52,3856.0,3907.79,50207.172667,332281,197091641.04739994,65,Greed,0.0,0.02074699429420673,0.35968604179905833,0.002354482480497084,10.823913177285936,greed,False,0.3,0.02074699429420673,0.35968604179905833
2019-02-20,3907.35,3986.98,3870.66,3969.74,36205.14085,250176,142571564.5611299,59,Greed,260.12421519458,0.02094649121523888,0.3577468185373006,0.0157286045601741,10.496956400161991,greed,False,0.18,0.02094649121523888,0.3577468185373006
2019-02-21,3969.74,4016.48,3901.03,3937.31,31103.884728,209571,122714273.87417652,59,Greed,110.57042848562818,0.021039080277936554,0.3618872311597371,-0.00820285235134137,10.34508800123478,greed,False,0.18,0.021039080277936554,0.3618872311597371
2019-02-22,3937.31,3988.0,3926.65,3962.0,23943.16375,179588,94739322.74557026,61,Greed,93.2953811573335,0.020879552860706065,0.36123203744827015,0.006251199257121855,10.083438123680402,greed,False,0.22,0.020879552860706065,0.36123203744827015
2019-02-23,3962.0,4162.02,3933.15,4117.76,33657.942883,231563,135782959.41827348,63,Greed,10.435927966168737,0.02197252566809046,0.370924928085138,0.03856037791205596,10.424004351290177,greed,False,0.26,0.02197252566809046,0.370924928085138
2019-02-24,4118.0,4198.0,3712.66,3743.56,62224.18689,410578,244146803.51886994,69,Greed,299.1923602523505,0.027404246977737554,0.5235829560568261,-0.09527229584676795,11.03849905989449,greed,False,0.38,0.027404246977737554,0.5235829560568261
2019-02-25,3743.56,3872.66,3740.0,3827.92,38102.966245,262716,145285565.2031707,47,Neutral,117.05775364850633,0.02777589986106839,0.5275747107980867,0.02228454438909258,10.548047412283786,neutral,False,-0.06,0.02777589986106839,0.5275747107980867
2019-02-26,3828.44,3841.51,3777.0,3809.23,28838.748036,213897,109932596.10609363,40,Fear,94.06751804696269,0.027577339939974584,0.5212820204583499,-0.004894505754567034,10.269475179777002,fear,False,-0.2,0.027577339939974584,0.5212820204583499
2019-02-27,3809.31,3838.85,3677.17,3818.07,31500.995466,201626,119564023.12004226,39,Fear,60.840587529594316,0.028139596904057335,0.520661863139797,0.0023179903657044075,10.357774426409627,fear,False,-0.22,0.028139596904057335,0.520661863139797
2019-02-28,3818.04,3888.0,3763.87,3813.69,32561.961044,233849,124703738.39336836,39,Fear,0.0,0.024998122762889204,0.4544622441376947,-0.0011478349635986676,10.390900046926884,fear,False,-0.22,0.024998122762889204,0.4544622441376947
2019-03-01,3814.26,3857.0,3813.01,3823.0,23174.57217,179860,88851336.5211179,42,Fear,47.50934682454247,0.02496409879035654,0.45446154553926094,0.0024382303359971385,10.050810929422228,fear,False,-0.16,0.02496409879035654,0.45446154553926094
2019-03-02,3822.17,3841.31,3772.25,3819.93,19445.838355,149854,74175357.77882297,41,Fear,0.0,0.024929281537529203,0.45451289073423834,-0.0008033568710194448,9.875388359828625,fear,False,-0.18,0.024929281537529203,0.45451289073423834
2019-03-03,3819.97,3835.0,3781.32,3807.75,16718.16541,127681,63791898.99159701,44,Fear,116.67154557546456,0.024870442742372646,0.4513963356078053,-0.0031936343297798565,9.724251156336246,fear,False,-0.12,0.024870442742372646,0.4513963356078053
2019-03-04,3807.32,3830.0,3670.69,3715.3,34742.84166,218615,129739738.23815794,36,Fear,23.48663727659141,0.02532019669737053,0.4614357533341906,-0.024579034902947085,10.45572883437729,fear,False,-0.28,0.02532019669737053,0.4614357533341906
2019-03-05,3716.1,3877.1,3703.55,3857.73,32962.536162,202444,124945530.76214454,35,Fear,187.3379133420544,0.02589511149429978,0.47813224021072737,0.03761949897608185,10.403126927725786,fear,False,-0.3,0.02589511149429978,0.47813224021072737
2019-03-06,3857.58,3907.0,3813.09,3861.84,24775.11883,165101,95417637.5889866,42,Fear,0.0,0.026009545222230483,0.47715836397742256,0.0010648262502562917,10.117595155553992,fear,False,-0.16,0.026009545222230483,0.47715836397742256
2019-03-07,3861.84,3905.4,3840.4,3873.64,26455.257661,180520,102585458.38333897,56,Greed,126.1996315263668,0.025938086602635094,0.47716165375372144,0.0030508796229149976,10.183210194886342,greed,False,0.12,0.025938086602635094,0.47716165375372144
2019-03-08,3873.63,3932.0,3800.0,3864.89,34730.366592,211534,135000852.01035947,54,Neutral,94.19625841434951,0.026274273434701807,0.4776040584982868,-0.002261412368743811,10.455369701167582,neutral,False,0.08,0.026274273434701807,0.4776040584982868
2019-03-09,3864.88,3971.75,3854.75,3943.04,30979.747653,206869,121353606.96803357,55,Greed,28.543710948860625,0.026345294966993782,0.48000668396198465,0.020018778312975473,10.341088968456729,neutral,False,0.1,0.026345294966993782,0.48000668396198465
2019-03-10,3943.43,3943.43,3881.69,3916.82,23187.561412,167920,90693949.72150731,55,Greed,94.36147801424363,0.02463664046984327,0.43008118167283177,-0.006671899312085172,10.05137126784224,neutral,False,0.1,0.02463664046984327,0.43008118167283177
2019-03-11,3915.99,3936.98,3830.0,3871.61,38066.885705,209916,147721971.09446937,56,Greed,61.863285348465546,0.024457883349142163,0.4320196781935371,-0.01160965889101032,10.547100041591186,greed,False,0.12,0.024457883349142163,0.4320196781935371
2019-03-12,3871.61,3905.2,3826.06,3882.73,26921.008622,182885,104393849.44844826,56,Greed,138.70212474866136,0.024288620174505775,0.42801939673053024,0.0028680732654525684,10.200662250441622,greed,False,0.12,0.024288620174505775,0.42801939673053024
2019-03-13,3882.69,3893.56,3840.0,3866.0,24461.008757,186572,94680049.46033753,54,Neutral,102.49495723765213,0.02404282451335411,0.42738701036364174,-0.004318133680231907,10.104835649478263,neutral,False,0.08,0.02404282451335411,0.42738701036364174
2019-03-14,3866.0,3920.0,3810.43,3877.12,27048.74853,196651,104673038.77602254,55,Greed,77.32623933385963,0.02425317929991771,0.4268035844301159,0.0028722291904868377,10.205396018139671,neutral,False,0.1,0.02425317929991771,0.4268035844301159
2019-03-15,3877.12,3939.22,3872.2,3923.76,21740.061498,163866,84919900.71744472,55,Greed,0.0,0.02314814851444809,0.4038605233708312,0.011957767776503729,9.986911989466048,neutral,False,0.1,0.02314814851444809,0.4038605233708312
2019-03-16,3924.46,4056.98,3921.98,4005.98,28568.376124,216198,114227606.40681694,54,Neutral,0.0,0.016860647600358183,0.21661139381027264,0.020737866966801063,10.260055655107525,neutral,False,0.08,0.016860647600358183,0.21661139381027264
2019-03-17,4005.98,4012.0,3950.01,3981.14,18814.255577,146953,74893913.05776027,58,Greed,82.33964547849871,0.016332310950914596,0.20705004177730765,-0.006220034276640175,9.84237013684486,greed,False,0.16,0.016332310950914596,0.20705004177730765
2019-03-18,3981.85,4037.0,3953.33,3987.81,22454.47801,157876,89526258.38910636,56,Greed,104.15825189921642,0.01641591648428169,0.20547171772892203,0.0016739975925546856,10.019245339203994,greed,False,0.12,0.01641591648428169,0.20547171772892203
2019-03-19,3987.83,4031.0,3970.0,4015.53,19893.741815,147394,79503748.36263466,56,Greed,119.81413823443407,0.015501144289579761,0.20613013757293658,0.006927135632308982,9.898160479594566,greed,False,0.12,0.015501144289579761,0.20613013757293658
2019-03-20,4017.48,4050.0,3980.5,4043.04,23432.300255,175036,94019734.23326427,55,Greed,75.25454218693996,0.015056640536110784,0.20619132551397126,0.006827540584871964,10.061870702312465,neutral,False,0.1,0.015056640536110784,0.20619132551397126
2019-03-21,4043.04,4069.32,3880.01,3980.64,35997.682119,236100,144010401.50845116,62,Greed,73.56682834049609,0.01628665574080333,0.21638805825871352,-0.015554273864159942,10.491209829782074,greed,False,0.24,0.01628665574080333,0.21638805825871352
2019-03-22,3980.85,4008.0,3968.25,3986.93,20022.606318,153703,79861943.8108997,56,Greed,24.903336561667903,0.01615894051033545,0.21614083608748424,0.0015789007957782457,9.904617230110073,greed,False,0.12,0.01615894051033545,0.21614083608748424
2019-03-23,3987.89,4018.83,3978.01,4006.01,17302.604318,143155,69169819.8628637,50,Neutral,38.680378267721366,0.016106134065970036,0.21538245092893132,0.004774222311483049,9.758612307768788,neutral,False,0.0,0.016106134065970036,0.21538245092893132
2019-03-24,4006.01,4006.02,3950.0,3992.18,17179.850648,131087,68524082.74695624,44,Fear,2.8644091888306447,0.015180033855936657,0.19187988039048992,-0.003458285883080886,9.751492502136081,fear,False,-0.12,0.015180033855936657,0.19187988039048992
2019-03-25,3991.35,3999.3,3888.71,3936.12,33192.890217,227739,131507366.37512891,46,Fear,40.04352467100514,0.01438030516426572,0.15446001171595228,-0.014141981082905222,10.410090981880813,neutral,False,-0.08,0.01438030516426572,0.15446001171595228
2019-03-26,3935.47,3958.98,3894.0,3948.55,29349.537627,192418,115330070.99071544,43,Fear,109.10558628069913,0.014179470860072495,0.1546483198617708,0.0031529563817779935,10.287032071367245,fear,False,-0.14,0.014179470860072495,0.1546483198617708
2019-03-27,3948.77,4048.0,3936.15,4038.05,32364.555852,224309,129681258.0162135,44,Fear,0.0,0.014496065204756232,0.1721531986921235,0.022413479269574252,10.38481914778951,fear,False,-0.12,0.014496065204756232,0.1721531986921235
2019-03-28,4039.58,4039.7,4002.0,4027.81,20089.293875,157060,80822230.57984656,49,Neutral,36.868558774016684,0.01380918310815181,0.17224883777634084,-0.002539098249029031,9.907942309107648,neutral,False,-0.02,0.01380918310815181,0.17224883777634084
2019-03-29,4028.22,4123.71,4024.03,4103.25,30084.217444,203826,122585822.5865048,50,Neutral,0.0,0.013614999059624969,0.17029443454789997,0.018556538697443434,10.3117559758154,neutral,False,0.0,0.013614999059624969,0.17029443454789997
2019-03-30,4104.24,4140.0,4052.0,4106.97,19509.292601,162463,79853835.581824,57,Greed,100.2208765757168,0.01375507552039088,0.167279110755958,0.0009061877159357366,9.878646174682004,greed,False,0.14,0.01375507552039088,0.167279110755958
2019-03-31,4106.99,4116.12,4082.57,4103.95,13525.087433,124046,55472147.12701675,56,Greed,36.3585287554258,0.013293731395201154,0.1594982677003209,-0.0007356057874589337,9.512301568240922,greed,False,0.12,0.013293731395201154,0.1594982677003209
2019-04-01,4102.44,4158.7,4067.0,4144.56,25507.067641,184268,105388238.14788891,62,Greed,35.11733836942887,0.013346525266871119,0.16138412865135232,0.009846706404002677,10.146710855136273,greed,False,0.24,0.013346525266871119,0.16138412865135232
2019-04-02,4144.54,4897.99,4140.54,4857.29,105383.639263,609133,489018726.75750667,60,Greed,0.0,0.026146599215568778,0.5727511701504725,0.15868403825725028,11.56536267783199,greed,False,0.2,0.026146599215568778,0.5727511701504725
2019-04-03,4857.19,5275.01,4753.5,4932.6,109890.125743,692019,548900970.9178842,71,Greed,0.0,0.029403678590505515,0.5719981554951383,0.015385563184368086,11.60723628870276,greed,False,0.42,0.029403678590505515,0.5719981554951383
2019-04-04,4932.59,5039.08,4777.0,4898.66,61054.254168,419141,301411332.0090243,61,Greed,311.46392063196305,0.030177988620563062,0.5759386110531153,-0.006904534074751537,11.019518160452602,greed,False,0.22,0.030177988620563062,0.5759386110531153
2019-04-05,4898.64,5028.22,4880.62,5004.95,39768.552806,292375,197660830.71096662,59,Greed,187.04473914497126,0.03010091422717439,0.5761060027545739,0.021465724378039223,10.590831748452386,greed,False,0.18,0.03010091422717439,0.5761060027545739
2019-04-06,5004.96,5205.0,4928.59,5043.89,41770.842313,281237,210963411.61313188,65,Greed,0.0,0.030909352995072192,0.5726490688175184,0.007750187068761612,10.639953822789456,greed,False,0.3,0.030909352995072192,0.5726490688175184
2019-04-07,5042.07,5234.0,5026.0,5170.27,37615.486804,274084,192916750.57190406,69,Greed,189.80031543832357,0.03125912277479622,0.5730782184067587,0.0247473017520111,10.535171127662538,greed,False,0.38,0.03125912277479622,0.5730782184067587
2019-04-08,5170.27,5305.0,5039.0,5236.9,50178.430782,350828,260487077.7675668,65,Greed,277.08911650724485,0.03194780252800263,0.5726338900933378,0.01280480868531322,10.823340547649854,greed,False,0.3,0.03194780252800263,0.5726338900933378
2019-04-09,5238.38,5238.4,5076.68,5150.0,34067.012311,253381,175633627.3163735,64,Greed,212.5511227023462,0.032140201226576556,0.5821814219079197,-0.016733005537734536,10.43608481414762,greed,False,0.28,0.032140201226576556,0.5821814219079197
2019-04-10,5150.0,5422.0,5135.0,5308.25,40073.620471,260967,210870034.5120553,62,Greed,0.0,0.03233273142988265,0.5760004174461726,0.03026549940412126,10.598473553204647,greed,False,0.24,0.03233273142988265,0.5760004174461726
2019-04-11,5307.86,5332.67,4927.0,5017.37,54696.600686,369304,277736905.85749793,65,Greed,6.658498011789189,0.03400749097030464,0.6275013639693415,-0.056356322044451276,10.909556841798938,greed,False,0.3,0.03400749097030464,0.6275013639693415
2019-04-12,5017.37,5080.58,4861.22,5048.01,33276.678614,226036,166485761.0793121,42,Fear,0.0,0.03449288665533812,0.6273320402275221,0.006088214184202376,10.412612088692649,fear,False,-0.16,0.03449288665533812,0.6273320402275221
2019-04-13,5047.0,5099.0,5004.0,5045.22,17292.456802,138674,87375984.44461507,62,Greed,5.331949392141487,0.034533480011868775,0.626493727255019,-0.0005528458325156903,9.758025662394418,greed,False,0.24,0.034533480011868775,0.626493727255019
2019-04-14,5047.45,5152.99,5000.0,5131.3,18281.607739,131700,92594930.42710131,51,Neutral,130.03754785503156,0.0345653269311028,0.6191560457813061,0.016917777998497762,9.813650791851863,neutral,False,0.02,0.0345653269311028,0.6191560457813061
2019-04-15,5131.28,5167.38,4950.0,5024.95,29057.191581,204944,147687551.9414771,60,Greed,229.69352005415746,0.034973320628738376,0.6301820789287358,-0.0209435347386204,10.277021290368786,greed,False,0.2,0.034973320628738376,0.6301820789287358
2019-04-16,5024.95,5197.72,5003.94,5173.72,24242.229493,168550,123581651.71216355,50,Neutral,205.9779244601842,0.035142677166003326,0.6321110077345459,0.02917646191506107,10.095851411737566,neutral,False,0.0,0.035142677166003326,0.6321110077345459
2019-04-17,5173.72,5230.4,5146.8,5202.82,23307.536134,179490,120972345.51821637,61,Greed,0.0,0.03518670474247955,0.6302172701451303,0.005608820722074794,10.05653202648607,greed,False,0.22,0.03518670474247955,0.6302172701451303
2019-04-18,5202.41,5287.0,5198.8,5258.44,22619.239001,167110,118573129.86520115,64,Greed,0.0,0.03510570316969928,0.6298846590867287,0.010633618530898828,10.026556106354402,greed,False,0.28,0.03510570316969928,0.6298846590867287
2019-04-19,5258.44,5320.0,5175.0,5258.68,24611.236323,178148,128937309.63806376,61,Greed,113.90311150668163,0.03518319154501681,0.6301003480175594,4.563987099926502e-05,10.110958378734418,greed,False,0.22,0.03518319154501681,0.6301003480175594
2019-04-20,5258.68,5333.42,5230.1,5291.73,19168.908274,157080,101343660.15324435,62,Greed,89.42159392494217,0.035264007325821536,0.6286589838420292,0.006265179857047562,9.861044884704901,greed,False,0.24,0.035264007325821536,0.6286589838420292
2019-04-21,5292.91,5314.35,5165.0,5256.14,25549.570939,210494,133929931.15068737,62,Greed,59.98927146455195,0.03534456621413005,0.6324100094041412,-0.0067483074901227,10.148375802496718,greed,False,0.24,0.03534456621413005,0.6324100094041412
2019-04-22,5257.41,5400.0,5208.35,5357.14,29563.852309,210361,156632202.97099614,61,Greed,36.98309860128792,0.027637145112287754,0.3191364487276494,0.01903333353473849,10.294307688255714,greed,False,0.22,0.027637145112287754,0.3191364487276494
2019-04-23,5357.14,5600.0,5332.41,5493.31,41262.103917,282563,227154061.85771412,68,Greed,0.0,0.024730962380138107,0.3251771516974098,0.02510073764380317,10.627699777012074,greed,False,0.36,0.024730962380138107,0.3251771516974098
2019-04-24,5490.91,5582.2,5333.35,5415.0,48224.152413,339599,262493252.93584237,65,Greed,433.22681330426485,0.024447488645911102,0.32995404199833306,-0.014358107778425548,10.783615261942959,greed,False,0.3,0.024447488645911102,0.32995404199833306
2019-04-25,5415.0,5491.84,5102.0,5219.9,49636.089948,331089,265091565.61466023,58,Greed,0.0,0.02606609129637184,0.3551113559280853,-0.03669463583002858,10.812473468045338,greed,False,0.16,0.02606609129637184,0.3551113559280853
2019-04-26,5220.47,5510.0,5161.62,5314.1,48912.294513,333183,259659705.6513858,41,Fear,518.7632459739551,0.026508033133242143,0.3590497964905815,0.017885420753669168,10.797784065395609,fear,False,-0.18,0.026508033133242143,0.3590497964905815
2019-04-27,5315.0,5342.5,5257.67,5295.69,15422.896935,145733,81749716.42174439,42,Fear,46.65641979292792,0.026031537146318517,0.3498268304092101,-0.003470383198314882,9.643608498149254,fear,False,-0.16,0.026031537146318517,0.3498268304092101
2019-04-28,5295.69,5340.0,5259.48,5307.52,14371.433869,127730,76277087.37424076,40,Fear,146.36924817199792,0.025180974128448334,0.3471774292318545,0.0022314006623675086,9.572997756210684,fear,False,-0.2,0.025180974128448334,0.3471774292318545
2019-04-29,5309.81,5332.0,5178.8,5238.14,19918.135079,178472,104822151.5144498,42,Fear,53.65212640971531,0.025133138159934572,0.34502601113689374,-0.013158209353620746,9.899385906223785,fear,False,-0.16,0.025133138159934572,0.34502601113689374
2019-04-30,5238.14,5339.98,5192.15,5320.81,22238.06823,180989,117309839.23079813,42,Fear,237.16855480352936,0.02434233651659356,0.3321646743973438,0.015659073915910798,10.009560884430085,fear,False,-0.16,0.02434233651659356,0.3321646743973438
2019-05-01,5321.94,5402.0,5316.2,5383.2,17217.473216,161488,92194935.6047804,51,Neutral,0.0,0.022006284555300428,0.2583227680448585,0.011657445489033837,9.7536800317911,neutral,False,0.02,0.022006284555300428,0.2583227680448585
2019-05-02,5383.2,5538.0,5370.0,5492.87,22795.787835,181896,124498567.2076544,50,Neutral,0.0,0.021593072880032205,0.2649302800710364,0.02016789470383966,10.034331053796295,neutral,False,0.0,0.021593072880032205,0.2649302800710364
2019-05-03,5494.81,5844.0,5477.57,5772.69,46297.172849,338298,264435878.92811018,63,Greed,0.0,0.023140848039071186,0.3092359336098909,0.04968728879070665,10.742836176633318,greed,False,0.26,0.023140848039071186,0.3092359336098909
2019-05-04,5770.62,5900.0,5587.45,5829.45,39682.408991,283145,228942582.4507792,66,Greed,248.65454116507902,0.023927877065359374,0.30715010120469244,0.009784479902979898,10.588663270014672,greed,False,0.32,0.023927877065359374,0.30715010120469244
2019-05-05,5829.83,5839.9,5696.0,5775.62,23822.543775,185365,137653160.76602158,67,Greed,131.4709820798299,0.023461848964512855,0.29597450812685,-0.009277046336878819,10.07838762876919,greed,False,0.34,0.023461848964512855,0.29597450812685
2019-05-06,5773.18,5805.0,5619.14,5747.79,25256.596325,230431,144358553.85462248,57,Greed,59.62489267239593,0.02331354658989768,0.2865880904291692,-0.004830176850003307,10.136842641180182,greed,False,0.14,0.02331354658989768,0.2865880904291692
2019-05-07,5749.92,6028.41,5747.74,5846.34,39905.064422,301388,236176663.81792104,69,Greed,0.0,0.024079683965428103,0.2896081140014888,0.017000391320493122,10.594258522692968,greed,False,0.38,0.024079683965428103,0.2896081140014888
2019-05-08,5846.34,6014.72,5772.2,5987.29,23074.186907,190969,136246055.59559172,63,Greed,369.49849038232173,0.024602313413004808,0.2962180632013132,0.02382306462995708,10.046469821783802,greed,False,0.26,0.024602313413004808,0.2962180632013132
2019-05-09,5986.66,6224.55,5983.71,6209.18,27453.011436,227841,167489934.34358987,69,Greed,0.0,0.024891430015298997,0.3133296923243014,0.03638995308503484,10.220231147149896,greed,False,0.38,0.024891430015298997,0.3133296923243014
2019-05-10,6209.95,6468.92,6172.0,6373.33,36623.61079,283074,231801342.4320928,71,Greed,0.0,0.025543985398879976,0.3194605749956741,0.02609325380435614,10.50844841495152,greed,False,0.42,0.025543985398879976,0.3194605749956741
2019-05-11,6375.16,7343.99,6372.85,7076.22,74022.424393,562540,507216001.3434041,76,Extreme Greed,0.0,0.031632750468165806,0.459260213078643,0.10461777088363806,11.212123358619118,extreme_greed,True,0.52,0.031632750468165806,0.459260213078643
2019-05-12,7076.24,7521.78,6750.0,6967.31,86948.975339,647345,619939454.4896551,75,Greed,305.9758823784918,0.034473796577243435,0.47131495088638237,-0.015510656289321858,11.373076735227656,greed,False,0.5,0.034473796577243435,0.47131495088638237
2019-05-13,6968.24,8100.0,6870.0,7790.71,85804.735333,588497,648012612.2927014,78,Extreme Greed,356.6204051475153,0.040427611519999754,0.5866118285720767,0.11170278768303202,11.359829474314427,extreme_greed,True,0.56,0.040427611519999754,0.5866118285720767
2019-05-14,7795.62,8366.0,7599.56,7947.56,76583.722603,655426,611103206.0032725,78,Extreme Greed,0.0,0.04199264651216759,0.5744372025160736,0.019932965098399983,11.246139834492292,extreme_greed,True,0.56,0.04199264651216759,0.5744372025160736
2019-05-15,7945.26,8249.0,7850.0,8169.87,37884.327211,347533,305196285.2755824,77,Extreme Greed,290.57513224471853,0.04135142323925299,0.5355000464350949,0.027588033554406362,10.542292775490615,extreme_greed,True,0.54,0.04135142323925299,0.5355000464350949
2019-05-16,8169.08,8320.0,7705.0,7866.59,69630.513996,666538,557126171.2789642,75,Greed,352.7705128889036,0.041705595174262464,0.5766637704356886,-0.037828319319358664,11.150958169727529,greed,False,0.5,0.041705595174262464,0.5766637704356886
2019-05-17,7868.67,7925.0,6913.0,7355.26,88752.008159,803893,645676487.3744029,65,Greed,0.0,0.04551185745691535,0.6501986464683258,-0.0672089740226804,11.393601334225334,greed,False,0.3,0.04551185745691535,0.6501986464683258
2019-05-18,7355.28,7458.0,7156.61,7257.45,37054.944779,379504,271170511.0509332,67,Greed,147.06794524927307,0.045802325107857096,0.6570485846442342,-0.013387176062389585,10.520157084140116,greed,False,0.34,0.045802325107857096,0.6570485846442342
2019-05-19,7257.32,8275.09,7243.08,8148.48,65577.442058,583432,517729474.358441,70,Greed,0.0,0.049015302530349934,0.7367024437097859,0.11580287932324414,11.090987044727894,greed,False,0.4,0.049015302530349934,0.7367024437097859
2019-05-20,8147.94,8156.03,7553.0,7938.15,65859.208564,610360,517939277.868858,73,Greed,496.2728412741147,0.04994685967453684,0.7562357096851225,-0.026151156161620965,11.095274538913117,greed,False,0.46,0.04994685967453684,0.7562357096851225
2019-05-21,7937.16,8042.32,7771.0,7904.87,52301.752247,554038,413637782.36974555,68,Greed,176.66645612412714,0.050112930033471725,0.7606391700426475,-0.004201225391388315,10.864785153258506,greed,False,0.36,0.050112930033471725,0.7606391700426475
2019-05-22,7904.48,8016.0,7465.0,7628.43,49136.994589,461337,384730220.7219517,69,Greed,110.08409471884185,0.05084927822835592,0.7850714435833723,-0.03559696782527974,10.8023674840298,greed,False,0.38,0.05084927822835592,0.7850714435833723
2019-05-23,7627.8,7940.98,7461.0,7851.51,49648.184701,449220,381536239.5128484,65,Greed,552.7126746450846,0.05079500697754379,0.7767956400043852,0.028823812570901875,10.812717106891522,greed,False,0.3,0.05079500697754379,0.7767956400043852
2019-05-24,7849.95,8130.0,7766.0,7964.87,46664.785325,428676,371381043.73160255,64,Greed,0.0,0.05064133258610861,0.776528913688712,0.014334751838624633,10.750745097646396,greed,False,0.28,0.05064133258610861,0.776528913688712
2019-05-25,7964.52,8091.8,7908.34,8025.41,28414.328817,264448,227376280.5854076,69,Greed,130.85471642081438,0.050624140236353914,0.7716559332295077,0.007572136231027321,10.25464883272376,greed,False,0.38,0.050624140236353914,0.7716559332295077
2019-05-26,8023.0,8740.0,7833.42,8614.43,49652.144567,377306,409616322.38847876,67,Greed,57.350211116891465,0.05253550478359963,0.7904871594008556,0.07082594606926845,10.812796862236368,greed,False,0.34,0.05253550478359963,0.7904871594008556
2019-05-27,8612.54,8908.32,8589.0,8756.32,51886.768793,478773,452651204.93490237,70,Greed,0.0,0.0523738246549955,0.7905266251489382,0.016337021238058805,10.856819100101074,greed,False,0.4,0.0523738246549955,0.7905266251489382
2019-05-28,8752.52,8798.49,8510.63,8715.64,31470.551534,349123,273791910.6314759,71,Greed,89.72402752603192,0.052272605986413374,0.7952443058670441,-0.00465661248181304,10.356807515611901,greed,False,0.42,0.052272605986413374,0.7952443058670441
2019-05-29,8716.87,8750.0,8406.6,8645.68,33880.865922,352317,292094591.01803863,71,Greed,156.65990670544818,0.052280506998941996,0.7978328714445855,-0.008059338653423379,10.430605706939968,greed,False,0.42,0.052280506998941996,0.7978328714445855
2019-05-30,8646.5,9074.26,8005.0,8269.54,70379.998521,617341,603312537.3808434,73,Greed,150.58031588359933,0.05456106761321956,0.8254886249833084,-0.044480889469952975,11.161664389861084,greed,False,0.46,0.05456106761321956,0.8254886249833084
2019-05-31,8267.1,8594.0,8108.5,8555.0,44727.49162,416525,373629673.9190144,61,Greed,309.70490017607295,0.051721399793553446,0.7567343165607042,0.033937022588327315,10.70834361660719,greed,False,0.22,0.051721399793553446,0.7567343165607042
2019-06-01,8555.0,8626.0,8442.36,8544.07,31868.234157,348375,272098436.34069574,62,Greed,3.3135985998994824,0.049720155747577925,0.7521708760464746,-0.001278432275984172,10.36936499818884,greed,False,0.24,0.049720155747577925,0.7521708760464746
2019-06-02,8545.1,8814.78,8524.0,8725.98,27835.133265,299353,241414596.71950513,63,Greed,0.0,0.04475714900260269,0.6520987659195343,0.02106730762970185,10.234054288283533,greed,False,0.26,0.04475714900260269,0.6520987659195343
2019-06-03,8726.0,8800.95,8080.8,8115.82,45692.965104,431252,387155494.97304887,66,Greed,115.48616372405866,0.04436365781568594,0.7056133188462325,-0.07248953939326212,10.729699628577722,greed,False,0.32,0.04436365781568594,0.7056133188462325
2019-06-04,8115.66,8115.66,7481.02,7687.03,74143.948941,645913,582173398.3257968,42,Fear,0.0,0.045203704327310794,0.724364677498262,-0.05428075025237477,11.213763738585447,fear,False,-0.16,0.045203704327310794,0.724364677498262
2019-06-05,7687.04,7896.7,7572.78,7776.5,48679.656455,426120,377635818.0044095,27,Fear,244.81307647149282,0.0443696390495676,0.7140545739199501,0.011571872450240297,10.793016489866208,fear,False,-0.46,0.0443696390495676,0.7140545739199501
2019-06-06,7778.08,7868.13,7444.58,7786.7,36624.118747,371485,282156410.5437891,34,Fear,252.0340550618604,0.04107662654231495,0.6692680320227034,0.0013107846021940175,10.508462284514527,fear,False,-0.32,0.04107662654231495,0.6692680320227034
2019-06-07,7787.57,8100.0,7737.49,7980.53,33942.225658,323096,269125728.1416496,27,Fear,0.0,0.041163196445719245,0.6706218828562668,0.024587675191698313,10.432415112890398,fear,False,-0.46,0.041163196445719245,0.6706218828562668
2019-06-08,7978.94,8044.65,7751.0,7893.62,22657.329634,250864,179047320.02388045,62,Greed,318.59709023635133,0.03740817007369476,0.5279899284136981,-0.010949987040574167,10.028238682712761,greed,False,0.24,0.03740817007369476,0.5279899284136981
2019-06-09,7895.28,7935.0,7506.66,7628.13,31568.465157,322175,243970971.0244344,62,Greed,0.0,0.036721964946212916,0.5337079696953262,-0.03421210818775285,10.359913963233664,greed,False,0.24,0.036721964946212916,0.5337079696953262
2019-06-10,7627.57,8020.0,7511.0,7982.75,36756.078468,387179,287125339.9701144,46,Fear,476.77464949531145,0.03748062297952589,0.5594504201614504,0.04544023355758164,10.512058891453625,neutral,False,-0.08,0.03748062297952589,0.5594504201614504
2019-06-11,7981.0,8010.0,7692.23,7884.9,30334.999427,309059,238031771.51747337,61,Greed,277.3469618728768,0.03664547379890368,0.5454672761676396,-0.012333425599224334,10.320057421487325,greed,False,0.22,0.03664547379890368,0.5454672761676396
2019-06-12,7884.9,8200.0,7788.99,8127.64,41597.082622,361980,333291726.6460002,60,Greed,36.71656799656657,0.03633837418582764,0.5464813897784923,0.030321060490252613,10.635785314511336,greed,False,0.2,0.03633837418582764,0.5464813897784923
2019-06-13,8127.64,8309.82,8010.03,8218.54,30467.764341,341246,248418184.7720466,63,Greed,0.0,0.03615227212976043,0.545616715361183,0.011121979204145576,10.324424496823145,greed,False,0.26,0.03615227212976043,0.545616715361183
2019-06-14,8216.44,8684.41,8144.32,8650.0,39835.246255,410072,333475488.5537595,67,Greed,0.0,0.03703850363172833,0.5732254749921875,0.05116674322298913,10.592507383670593,greed,False,0.34,0.03703850363172833,0.5732254749921875
2019-06-15,8650.88,8864.99,8567.63,8808.7,31791.636039,335840,276420769.2933853,75,Greed,0.0,0.03430118973381072,0.5194557805910023,0.018180548524939135,10.366958516531552,greed,False,0.5,0.03430118973381072,0.5194557805910023
2019-06-16,8810.77,9333.0,8760.0,8953.33,63289.251219,552319,574211342.9796603,80,Extreme Greed,0.0,0.034999132059944545,0.519435850436244,0.01628566065736619,11.055470786746607,extreme_greed,True,0.6,0.034999132059944545,0.519435850436244
2019-06-17,8953.0,9444.0,8950.0,9313.96,47895.485374,462160,441567296.0592662,84,Extreme Greed,190.44899377490785,0.03545474597349307,0.5362956412407869,0.03948881981460599,10.776776527892379,extreme_greed,True,0.68,0.03545474597349307,0.5362956412407869
2019-06-18,9312.13,9336.36,8950.0,9081.55,51554.569401,449730,470271954.29870564,83,Extreme Greed,353.1790431587425,0.035501313434879035,0.5445546730328212,-0.025269467050096903,10.850396125691386,extreme_greed,True,0.66,0.035501313434879035,0.5445546730328212
2019-06-19,9081.97,9304.0,8960.0,9255.49,32147.706495,306202,293748062.6668488,82,Extreme Greed,346.5064780172613,0.03166176710295392,0.517940611572699,0.01897200608775837,10.378096389485034,extreme_greed,True,0.64,0.03166176710295392,0.517940611572699
2019-06-20,9253.76,9590.0,9175.2,9517.12,34556.053982,350662,323621848.1987617,81,Extreme Greed,0.0,0.031252888136924735,0.5139787800352597,0.027875393047798448,10.450338037637527,extreme_greed,True,0.62,0.031252888136924735,0.5139787800352597
2019-06-21,9518.06,10174.99,9518.06,10159.86,50484.415892,474344,494783687.9853515,84,Extreme Greed,0.0,0.032383984411488424,0.5553700119494581,0.06535238050167885,10.829419971439826,extreme_greed,True,0.68,0.032383984411488424,0.5553700119494581
2019-06-22,10159.86,11160.0,9921.72,10729.5,104169.447976,923334,1112069567.638115,83,Extreme Greed,0.0,0.03574735423598353,0.5775671339417249,0.05455229470657293,11.55377415970363,extreme_greed,True,0.66,0.03574735423598353,0.5775671339417249
2019-06-23,10729.0,11392.64,10555.18,10906.07,57445.323945,557935,625330374.7466884,84,Extreme Greed,47.75668860473939,0.03537758117675841,0.4876940645359708,0.01632255773409784,10.958588886491688,extreme_greed,True,0.68,0.03537758117675841,0.4876940645359708
2019-06-24,10905.95,11143.63,10620.8,11056.59,43101.045285,440335,469746663.9381173,80,Extreme Greed,334.660858255595,0.03425854504866318,0.4141822256809112,0.013707115321817509,10.671302528349955,extreme_greed,True,0.6,0.03425854504866318,0.4141822256809112
2019-06-25,11056.59,11850.0,11026.0,11820.86,61276.686648,597798,697773986.2691859,87,Extreme Greed,0.0,0.0351522962936505,0.44760852592857414,0.06683913707811309,11.023154733892637,extreme_greed,True,0.74,0.0351522962936505,0.44760852592857414
2019-06-26,11821.28,13970.0,11741.0,13093.8,155930.147386,1355074,1996178374.5944922,95,Extreme Greed,0.0,0.04153743498956753,0.5255714247760793,0.10227306836243236,11.957163412784666,extreme_greed,True,0.9,0.04153743498956753,0.5255714247760793
2019-06-27,13098.38,13478.04,10525.1,11329.99,173894.820889,1357233,2058443849.314,92,Extreme Greed,461.7221370001537,0.05282455078890273,0.8022082058964991,-0.1446856433038797,12.06620591777697,extreme_greed,True,0.84,0.05282455078890273,0.8022082058964991
2019-06-28,11329.99,12480.0,10982.88,12400.63,95795.203964,883116,1129888341.3212838,62,Greed,749.6452996442491,0.055317182800526526,0.8344016775353372,0.09029408534500767,11.469967899699494,greed,False,0.24,0.055317182800526526,0.8344016775353372
2019-06-29,12407.06,12441.54,11475.02,11903.13,69642.074157,732073,829011822.2365324,74,Greed,565.6992934702096,0.05587836616139477,0.840798820256202,-0.04094588702949855,11.151124177427677,greed,False,0.48,0.05587836616139477,0.840798820256202
2019-06-30,11903.13,12180.0,10766.03,10854.1,84512.530443,711267,971151050.9005816,78,Extreme Greed,69.81333388471548,0.057614793344372445,0.9279748889114556,-0.09225850195043675,11.34465509161777,extreme_greed,True,0.56,0.057614793344372445,0.9279748889114556
2019-07-01,10854.1,11282.28,10030.0,10624.93,90962.268271,757458,972343281.8603554,65,Greed,0.0,0.059494026493485966,0.9320816722935833,-0.021339762238580806,11.418200065129767,greed,False,0.3,0.059494026493485966,0.9320816722935833
2019-07-02,10624.9,10938.75,9727.0,10842.85,109561.038728,870148,1128353804.8007915,63,Greed,431.6885809416543,0.06115906939059087,0.9305622507264039,0.02030275003104169,11.60423710423751,greed,False,0.26,0.06115906939059087,0.9305622507264039
2019-07-03,10844.98,11991.89,10841.04,11940.0,96815.90029,814754,1097804642.7577736,79,Extreme Greed,0.0,0.06244719388246547,0.9747366179451464,0.09638823137993037,11.48056651896982,extreme_greed,True,0.58,0.06244719388246547,0.9747366179451464
2019-07-04,11940.0,12000.0,11055.0,11145.67,66512.221892,643867,775818897.3894849,76,Extreme Greed,686.7990985791073,0.06282222935584214,1.0139755879600252,-0.06884302628932176,11.105140997606652,extreme_greed,True,0.52,0.06282222935584214,1.0139755879600252
2019-07-05,11145.67,11406.83,10796.44,10970.73,63534.350582,564857,705853649.0264896,67,Greed,0.0,0.06308869518247628,1.0186986178658002,-0.015820264478960993,11.059335992665131,greed,False,0.34,0.06308869518247628,1.0186986178658002
2019-07-06,10982.41,11665.0,10964.51,11256.49,51469.496331,470692,585001376.1554291,72,Greed,131.50701402193903,0.06306305832326295,1.0198996277773296,0.025714034006718397,10.848744606917942,greed,False,0.44,0.06306305832326295,1.0198996277773296
2019-07-07,11256.45,11538.0,11094.37,11406.24,38884.795599,366769,439439052.9455421,67,Greed,274.4348672940277,0.06286985009265374,1.0145683124008646,0.013215722867160122,10.568358594563858,greed,False,0.34,0.06286985009265374,1.0145683124008646
2019-07-08,11410.0,12338.03,11220.0,12238.6,52182.367215,507860,618530684.4325522,74,Greed,0.0,0.06389930828526803,1.0270742773495734,0.0704343173873746,10.862499923989795,greed,False,0.48,0.06389930828526803,1.0270742773495734
2019-07-09,12238.6,12794.73,12068.0,12543.41,78442.130343,660273,975986802.0300351,84,Extreme Greed,0.0,0.06418092272631146,1.027563184583114,0.024600536605696152,11.270116438827259,extreme_greed,True,0.68,0.06418092272631146,1.027563184583114
2019-07-10,12548.51,13147.08,11569.0,12108.37,109246.044997,899391,1369749939.9675035,83,Extreme Greed,307.4605762587967,0.06617249896168993,1.041599287621604,-0.03529847906198966,11.601357910902092,extreme_greed,True,0.66,0.06617249896168993,1.041599287621604
2019-07-11,12108.11,12111.73,11000.0,11342.89,87506.461058,760057,1007356802.218256,62,Greed,0.0,0.06682541230239623,1.0560574240367144,-0.06530583308211108,11.379467910282475,greed,False,0.24,0.06682541230239623,1.0560574240367144
2019-07-12,11342.88,11885.0,11073.0,11757.22,56321.858281,537561,649824820.7654814,33,Fear,560.196623121053,0.06562397649119428,1.0465920970217415,0.03587640404803792,10.938837985333764,fear,False,-0.34,0.06562397649119428,1.0465920970217415
2019-07-13,11757.22,11799.98,10830.0,11355.76,54245.594548,510305,614050007.9919451,65,Greed,440.39732519576614,0.06583364384391828,1.0546546084954682,-0.03474241578184946,10.9012770616168,greed,False,0.3,0.06583364384391828,1.0546546084954682
2019-07-14,11355.78,11452.0,10103.0,10174.18,72517.579236,649043,777646151.6029468,61,Greed,0.0,0.06764392876230738,1.1253489672661483,-0.10987196578466428,11.191584283671817,greed,False,0.22,0.06764392876230738,1.1253489672661483
2019-07-15,10174.18,11100.0,9860.0,10838.72,81922.426332,732206,851028723.7031858,16,Extreme Fear,549.7344995631538,0.06881196221876505,1.122431372820798,0.06327176945801062,11.313528058145268,extreme_fear,True,-0.68,0.06881196221876505,1.122431372820798
2019-07-16,10833.78,11028.0,9350.01,9439.59,97219.443413,796646,982462166.6932294,34,Fear,762.5358178311687,0.06842163050268103,1.1438813817777664,-0.13821236084774272,11.484726005557343,fear,False,-0.32,0.06842163050268103,1.1438813817777664
2019-07-17,9430.17,9957.0,9060.0,9667.92,84942.672717,757742,809555508.3476789,19,Extreme Fear,0.0,0.06115035665007698,1.0453279408712988,0.02390064107545857,11.349731869312883,extreme_fear,True,-0.62,0.06115035665007698,1.0453279408712988
2019-07-18,9668.86,10788.0,9252.0,10627.16,80283.310252,734821,807822745.1854328,40,Fear,138.16855556282516,0.06221182291645091,1.0507915899849236,0.09459980018040591,11.293317035891773,fear,False,-0.2,0.06221182291645091,1.0507915899849236
2019-07-19,10628.64,10769.71,10121.84,10504.29,56546.932133,567735,589931612.3419864,42,Fear,291.0662129088116,0.061820641994926304,1.0436240458453452,-0.011629243117208204,10.942826229550992,fear,False,-0.16,0.061820641994926304,1.0436240458453452
2019-07-20,10505.78,11068.99,10350.0,10740.23,47331.899848,461660,505569016.350083,34,Fear,47.8016154865332,0.06023726296458731,0.9965416089769116,0.022212758971963197,10.764939762555283,fear,False,-0.32,0.06023726296458731,0.9965416089769116
2019-07-21,10740.27,10817.9,10288.0,10589.45,38834.287935,395452,409661485.9985646,42,Fear,258.1600686436748,0.05851830106382072,0.9948732864797418,-0.014138281645307917,10.567058845034817,fear,False,-0.16,0.05851830106382072,0.9948732864797418
2019-07-22,10590.15,10683.16,10100.0,10340.31,40467.954839,389565,421016379.36208767,42,Fear,160.66667445322796,0.056856268099141245,0.9951571581563398,-0.023808373187613342,10.608265701356986,fear,False,-0.16,0.056856268099141245,0.9951571581563398
2019-07-23,10343.08,10343.97,9822.0,9864.91,47624.37071,448147,478441909.4050573,40,Fear,0.0,0.05565444702960905,0.9347822763187669,-0.0470658330182464,10.771099898903383,fear,False,-0.2,0.05565444702960905,0.9347822763187669
2019-07-24,9864.78,9937.0,9525.0,9763.28,43475.380377,424762,422534162.14571226,20,Extreme Fear,0.0,0.05484911131093138,0.9082522933468996,-0.010355606728880685,10.679950088511408,extreme_fear,True,-0.6,0.05484911131093138,0.9082522933468996
2019-07-25,9763.4,10175.0,9720.03,9879.87,37873.354728,368176,378938450.08176744,42,Fear,0.0,0.054695692425449506,0.9098498580631833,0.011870944237088597,10.542003102343394,fear,False,-0.16,0.054695692425449506,0.9098498580631833
2019-07-26,9882.15,9889.98,9637.0,9824.0,27167.463217,299935,265108103.13392133,24,Extreme Fear,0.0,0.054171617259115956,0.9024803229075405,-0.0056709823736872155,10.209775331002161,extreme_fear,True,-0.52,0.054171617259115956,0.9024803229075405
2019-07-27,9824.0,10188.66,9333.0,9476.52,43809.778301,401418,424932724.9687315,47,Neutral,90.4653274299156,0.05518698379921724,0.9049087690005044,-0.03601121113896745,10.687612320329492,neutral,False,-0.06,0.05518698379921724,0.9049087690005044
2019-07-28,9478.92,9594.99,9165.0,9541.54,29401.022937,271327,278537286.1348134,16,Extreme Fear,0.0,0.05404440941373988,0.8575347471863078,0.0068377377431896175,10.288784746496994,extreme_fear,True,-0.68,0.05404440941373988,0.8575347471863078
2019-07-29,9541.54,9729.0,9395.0,9507.64,29021.937411,294468,277497756.76841676,19,Extreme Fear,0.0,0.053676254624858304,0.847162158137856,-0.0035592120802121494,10.27580728544338,extreme_fear,True,-0.62,0.053676254624858304,0.847162158137856
2019-07-30,9509.07,9714.28,9402.0,9574.21,32536.368834,283961,310867928.28793913,22,Extreme Fear,311.39107039368514,0.05104436107455295,0.8462598947526285,0.006977339206647077,10.390113783704267,extreme_fear,True,-0.56,0.05104436107455295,0.8462598947526285
2019-07-31,9575.0,10109.8,9555.0,10080.53,39515.35456,364212,389690761.44466114,31,Fear,0.0,0.049958058865841794,0.8497934980808316,0.05153281549061189,10.584444598393961,fear,False,-0.38,0.049958058865841794,0.8497934980808316
2019-08-01,10080.53,10467.86,9863.46,10374.99,41727.637028,378062,422156523.6690079,57,Greed,0.0,0.049691845147819866,0.8455359227222904,0.028792261634820068,10.638918946724718,greed,False,0.14,0.049691845147819866,0.8455359227222904
2019-08-02,10375.0,10670.0,10281.35,10523.75,42990.444221,431322,450323284.15075976,61,Greed,0.0,0.04859442848598569,0.841512847676168,0.01423650540886091,10.668733142560923,greed,False,0.22,0.04859442848598569,0.841512847676168
2019-08-03,10523.75,10904.77,10497.93,10816.86,33802.318824,348893,363852799.8717801,61,Greed,0.0,0.045871718087835286,0.7479263837579712,0.02747142030429288,10.428284683378301,greed,False,0.22,0.045871718087835286,0.7479263837579712
2019-08-04,10816.86,11040.0,10552.0,10929.23,39924.745141,353721,431793873.4232976,62,Greed,210.65362250912867,0.043451302223845516,0.7142521431304983,0.010334823425408195,10.594751589618882,greed,False,0.24,0.043451302223845516,0.7142521431304983
2019-08-05,10929.99,11937.52,10927.8,11828.8,65153.673713,622610,757976547.2170461,64,Greed,0.0,0.03921148986131999,0.5532258652579469,0.07909638442126078,11.08450396949737,greed,False,0.28,0.03921148986131999,0.5532258652579469
2019-08-06,11830.0,12330.7,11226.7,11481.69,76705.389875,625827,904119081.6157126,66,Greed,195.33063615449066,0.039185103592537594,0.5695625241637592,-0.02978364322042723,11.24772725705065,greed,False,0.32,0.039185103592537594,0.5695625241637592
2019-08-07,11481.69,12141.17,11382.84,11975.03,69173.390353,592916,814597979.0505041,45,Fear,483.56954970218584,0.03442451629645796,0.48921522646772714,0.04207005591277644,11.144371535183094,fear,False,-0.1,0.03442451629645796,0.48921522646772714
2019-08-08,11975.04,12060.0,11521.0,11999.77,51207.257174,473584,604389131.062836,61,Greed,351.5457568750612,0.03396074663947088,0.48507868474662147,0.002063834424603167,10.843636542662884,greed,False,0.22,0.03396074663947088,0.48507868474662147
2019-08-09,11994.17,12045.68,11700.0,11879.99,39427.152588,410902,467011047.9414284,60,Greed,204.81750139536663,0.032973911072566614,0.48486589129964347,-0.010032010754347969,10.582210009909538,greed,False,0.2,0.032973911072566614,0.48486589129964347
2019-08-10,11879.98,11985.0,11270.0,11309.31,42633.087048,399237,492217964.49055576,59,Greed,36.050039694708786,0.03331701133186321,0.5181358249421264,-0.049229191873894615,10.660385922056493,greed,False,0.18,0.03331701133186321,0.5181358249421264
2019-08-11,11309.24,11600.0,11112.11,11549.97,26772.90691,306234,304862403.3514491,45,Fear,0.0,0.03296205849054902,0.5114478332344681,0.021056559252423654,10.195145718964273,fear,False,-0.1,0.03296205849054902,0.5114478332344681
2019-08-12,11539.08,11577.89,11235.32,11396.08,17568.227075,255966,200325471.604141,48,Neutral,228.28635267990927,0.03247177111985667,0.47843051042052,-0.013413402943790082,9.773847269715251,neutral,False,-0.04,0.03247177111985667,0.47843051042052
2019-08-13,11398.35,11456.16,10788.45,10892.71,33234.72968,337834,368994475.54611236,45,Fear,0.0,0.03297138220076612,0.5102948665054583,-0.0451756784737919,10.411350682848502,fear,False,-0.1,0.03297138220076612,0.5102948665054583
2019-08-14,10893.36,10897.48,9928.1,10050.37,54451.847499,534507,567724729.1059059,11,Extreme Fear,0.0,0.03472597524477618,0.5934636844068345,-0.08048430839645633,10.905072057978328,extreme_fear,True,-0.78,0.03472597524477618,0.5934636844068345
2019-08-15,10055.16,10460.0,9911.0,10293.93,38174.45112,373368,387705855.0879112,13,Extreme Fear,307.8214356495035,0.03530158702034235,0.5984341487396437,0.023944951381933473,10.549921751987398,extreme_fear,True,-0.74,0.03530158702034235,0.5984341487396437
2019-08-16,10296.77,10536.03,9750.0,10331.54,51758.142918,504740,527258446.39777654,31,Fear,407.99542389596314,0.034869022444286926,0.5810329807138702,0.0036469512389489824,10.854337049821698,fear,False,-0.38,0.034869022444286926,0.5810329807138702
2019-08-17,10331.15,10465.14,10000.0,10216.02,29000.581201,332795,297776329.0305825,20,Extreme Fear,298.0571514075247,0.03485994051774288,0.5835332045481108,-0.01124427592696326,10.275071150181578,extreme_fear,True,-0.6,0.03485994051774288,0.5835332045481108
2019-08-18,10216.05,10500.0,10080.0,10306.78,24085.395172,265705,248508872.45998642,14,Extreme Fear,297.21497122027347,0.03497513468967865,0.5832279637697333,0.008844854667958873,10.089360926320213,extreme_fear,True,-0.72,0.03497513468967865,0.5832279637697333
2019-08-19,10306.17,10930.0,10258.6,10915.54,37243.319217,337022,396233441.02745956,30,Fear,0.0,0.03572789820404644,0.6132741566148641,0.05738553087049292,10.525227857843397,fear,False,-0.4,0.03572789820404644,0.6132741566148641
2019-08-20,10914.73,10949.96,10560.0,10760.51,32298.921679,305065,346664453.13672656,39,Fear,188.6420329933488,0.035252649194491587,0.5934404712260132,-0.014304510600248031,10.382789124102388,fear,False,-0.22,0.035252649194491587,0.5934404712260132
2019-08-21,10760.51,10804.13,9858.0,10142.57,47355.719282,458814,482889274.517917,11,Extreme Fear,0.0,0.03647500918862887,0.6245419947941012,-0.059141533653800774,10.765442878690662,extreme_fear,True,-0.78,0.03647500918862887,0.6245419947941012
2019-08-22,10140.82,10242.0,9762.0,10099.88,34059.642738,401148,341371442.9068388,5,Extreme Fear,48.843291781167665,0.03670350785336585,0.6219486386999398,-0.004217875137602572,10.43586846496613,extreme_fear,True,-0.9,0.03670350785336585,0.6219486386999398
2019-08-23,10099.9,10445.0,10019.79,10389.55,27550.336173,326866,282732431.7520724,33,Fear,0.0,0.03677263475375638,0.6224622158517904,0.02827695070883776,10.223770016793365,fear,False,-0.34,0.03677263475375638,0.6224622158517904
2019-08-24,10388.16,10419.42,9890.0,10134.35,27692.456844,313227,279962133.6257099,39,Fear,291.7157137523207,0.036937880762694705,0.6257332620241843,-0.024869849638528244,10.228915338989585,fear,False,-0.22,0.036937880762694705,0.6257332620241843
2019-08-25,10134.61,10333.0,9906.97,10142.69,26271.657398,289956,265132761.31704283,33,Fear,359.09552582758573,0.03543340687547322,0.5446755392165225,0.0008226053181620605,10.176245971591609,fear,False,-0.34,0.03543340687547322,0.5446755392165225
2019-08-26,10142.69,10604.0,10137.93,10372.25,41687.511599,405316,432249835.49069726,41,Fear,0.0,0.033664527262927,0.5480737700439211,0.022380721764139175,10.637956880894823,fear,False,-0.18,0.033664527262927,0.5480737700439211
2019-08-27,10373.6,10391.08,10051.08,10185.05,28402.775383,292888,289340681.0789518,30,Fear,57.18002979466437,0.03283664814979472,0.5203606658195261,-0.01821301189423777,10.254242144128066,fear,False,-0.4,0.03283664814979472,0.5203606658195261
2019-08-28,10185.69,10299.0,9601.01,9721.0,42110.555375,381293,420034883.0031526,32,Fear,0.0,0.033605968448884055,0.5362194472457087,-0.046632465007954045,10.648053709741529,fear,False,-0.36,0.033605968448884055,0.5362194472457087
2019-08-29,9721.0,9724.0,9320.0,9498.44,35532.69491,343887,337838761.5572865,20,Extreme Fear,0.0,0.03386066764634864,0.5380796618435132,-0.023160919242777127,10.478208534998812,extreme_fear,True,-0.6,0.03386066764634864,0.5380796618435132
2019-08-30,9499.01,9696.0,9350.41,9584.54,26834.318104,259270,255854874.45077452,24,Extreme Fear,323.56207378510715,0.0331973681780561,0.5229737648567319,0.009023809096191356,10.197436873593084,extreme_fear,True,-0.52,0.0331973681780561,0.5229737648567319
2019-08-31,9582.76,9684.51,9420.75,9587.47,17130.290074,199188,164116756.4629969,20,Extreme Fear,224.75951783192633,0.0329016472281844,0.5126230568544903,0.00030565392181722907,9.748603524858389,extreme_fear,True,-0.6,0.0329016472281844,0.5126230568544903
2019-09-01,9588.74,9830.0,9520.0,9724.98,19545.404843,191324,188513289.12235728,24,Extreme Fear,0.0,0.032935812513823645,0.5190463805123107,0.014240795332961891,9.880495491391917,extreme_fear,True,-0.52,0.032935812513823645,0.5190463805123107
2019-09-02,9723.59,10450.0,9712.5,10340.0,44740.248093,354155,448462178.6303809,28,Fear,0.0,0.0334115684225584,0.5541593693517446,0.06132203613315776,10.708628780245554,fear,False,-0.44,0.0334115684225584,0.5541593693517446
2019-09-03,10340.0,10773.0,10272.0,10615.28,47998.376781,416076,505617667.39926684,41,Fear,0.0,0.03163401133923342,0.4797384217060139,0.026274603494359547,10.778922472255719,fear,False,-0.18,0.03163401133923342,0.4797384217060139
2019-09-04,10611.85,10799.0,10369.89,10567.02,43943.889026,383457,463526509.325937,43,Fear,302.068048274705,0.03127206380145794,0.4736541584765731,-0.0045566424327666815,10.690668849668821,fear,False,-0.14,0.03127206380145794,0.4736541584765731
2019-09-05,10565.92,10900.0,10450.0,10564.49,33970.960639,309846,358861340.7897901,41,Fear,208.53453421686245,0.03002646988391209,0.4736006414822939,-0.00023945283721694762,10.433261339795115,fear,False,-0.18,0.03002646988391209,0.4736006414822939
2019-09-06,10563.13,10905.87,10150.0,10298.73,58799.640959,455334,623662984.3843306,43,Fear,276.6391620807957,0.030941102088826427,0.4811617027278939,-0.025477790642132393,10.98189102772862,fear,False,-0.14,0.030941102088826427,0.4811617027278939
2019-09-07,10298.71,10558.0,10288.57,10455.88,27637.877392,272011,287851131.1802577,39,Fear,108.88215712106079,0.030648827342422347,0.48314289363418034,0.015143912929420363,10.226942480142576,fear,False,-0.22,0.030648827342422347,0.48314289363418034
2019-09-08,10455.9,10592.5,10208.0,10381.18,23984.672018,237752,249900964.3715313,43,Fear,196.51968217028346,0.029858479590045915,0.4346240699167074,-0.007169948161160914,10.085170239379462,fear,False,-0.14,0.029858479590045915,0.4346240699167074
2019-09-09,10381.24,10480.0,10068.5,10303.12,39835.727608,330459,409724831.9471227,41,Fear,91.22198953107512,0.029945803359823824,0.4328502154106801,-0.007547789442602249,10.592519467193029,fear,False,-0.18,0.029945803359823824,0.4328502154106801
2019-09-10,10302.58,10384.99,9953.0,10098.15,28915.412225,286763,294323839.5070076,41,Fear,164.12305845252624,0.027889842668165583,0.3841385398469891,-0.02009452323516673,10.27213002693199,fear,False,-0.18,0.027889842668165583,0.3841385398469891
2019-09-11,10098.19,10293.0,9880.0,10158.33,31953.824562,309120,321637085.47650874,38,Fear,221.16459503314982,0.02768641155210268,0.3844286825712124,0.005941819808336756,10.372047157242596,fear,False,-0.24,0.02768641155210268,0.3844286825712124
2019-09-12,10158.75,10448.81,10040.0,10415.01,34511.162755,317881,353390090.9677773,39,Fear,29.153723547645285,0.027642588980604385,0.38138886713056475,0.02495397630474524,10.449038108801755,fear,False,-0.22,0.027642588980604385,0.38138886713056475
2019-09-13,10415.01,10439.0,10153.0,10342.06,30280.339776,304947,311632094.2561885,38,Fear,210.41689884266242,0.026999810926283316,0.37099914591123395,-0.0070289593231316495,10.318253928624491,fear,False,-0.24,0.026999810926283316,0.37099914591123395
2019-09-14,10344.13,10419.99,10222.33,10335.02,23621.533519,253929,244063007.09022474,39,Fear,143.93016198100847,0.026526116985152722,0.37104784200595575,-0.0006809472393616028,10.069914012241641,fear,False,-0.22,0.026526116985152722,0.37104784200595575
2019-09-15,10332.81,10360.0,10252.15,10302.01,18047.654013,194733,185853330.43704256,38,Fear,64.52227552594529,0.025868451914104952,0.3624529743488342,-0.0031991064753794244,9.800770983735042,fear,False,-0.24,0.025868451914104952,0.3624529743488342
2019-09-16,10303.34,10355.0,10078.0,10251.31,28971.401657,274368,296325130.1709013,38,Fear,35.40704214525278,0.025738623039906754,0.35678864862872717,-0.004933519532107947,10.274064472644406,fear,False,-0.24,0.025738623039906754,0.35678864862872717
2019-09-17,10249.68,10275.0,10128.01,10187.82,22914.324563,287483,233944812.56050798,41,Fear,86.6875041217033,0.02402924253639762,0.31230928144849107,-0.006212613179508927,10.039517520750568,fear,False,-0.18,0.02402924253639762,0.31230928144849107
2019-09-18,10187.48,10258.02,10100.0,10156.99,24250.249303,299466,247024351.5979917,38,Fear,96.62600193831702,0.02343667717316804,0.2983674878737217,-0.0030307507024099067,10.096182176848867,fear,False,-0.24,0.02343667717316804,0.2983674878737217
2019-09-19,10156.41,10325.0,9653.0,10244.29,44826.282579,429727,447676492.9840264,31,Fear,42.6676735971696,0.024641473272086944,0.29825467872230055,0.0085583387765777,10.710549911092432,fear,False,-0.38,0.024641473272086944,0.29825467872230055
2019-09-20,10243.7,10281.0,10061.39,10168.59,25088.491069,267032,255205290.21183726,41,Fear,81.57521099954683,0.024532827932865535,0.30054370574461836,-0.0074169198099936174,10.130164496818582,fear,False,-0.18,0.024532827932865535,0.30054370574461836
2019-09-21,10167.92,10176.7,9900.0,9986.39,20544.175196,245439,206034034.50803515,37,Fear,0.0,0.02443452039681397,0.3062716858021325,-0.01808039138843281,9.930332734296005,fear,False,-0.26,0.02443452039681397,0.3062716858021325
2019-09-22,9985.15,10089.0,9853.97,10028.87,22049.275256,253713,220133631.6128417,37,Fear,97.61424895566691,0.022593529474896498,0.20979569948153118,0.004244767620694032,10.001035012126204,fear,False,-0.26,0.022593529474896498,0.20979569948153118
2019-09-23,10028.05,10049.99,9615.77,9702.25,31937.232356,332817,314390584.6264613,41,Fear,48.81912387056552,0.022466644083653647,0.21131272585944108,-0.03311011623909535,10.371527766668285,fear,False,-0.18,0.022466644083653647,0.21131272585944108
2019-09-24,9702.2,9794.99,7800.0,8493.14,94007.345203,748712,838996309.1611282,39,Fear,0.0,0.03755646130004245,0.5030394261503739,-0.13309903854851077,11.45112819865678,fear,False,-0.22,0.03755646130004245,0.5030394261503739
2019-09-25,8497.55,8730.0,8215.64,8430.05,60783.892258,544806,512437200.3611044,15,Extreme Fear,192.08938660696853,0.038012281505839546,0.5016567846288376,-0.007456075631162052,11.01508010288701,extreme_fear,True,-0.7,0.038012281505839546,0.5016567846288376
2019-09-26,8430.05,8465.99,7750.0,8063.73,67930.853749,522062,552794530.8666819,12,Extreme Fear,0.0,0.038635545244587746,0.5131447634040353,-0.04442647456866036,11.126245610176442,extreme_fear,True,-0.76,0.038635545244587746,0.5131447634040353
2019-09-27,8063.49,8265.0,7852.15,8177.91,43882.924625,369518,352800745.2079286,24,Extreme Fear,332.71589583725205,0.039089730573001316,0.5123919382078119,0.014060388120547544,10.689280562692275,extreme_fear,True,-0.52,0.039089730573001316,0.5123919382078119
2019-09-28,8177.47,8315.0,8001.09,8198.81,34473.605165,319113,280672404.6804955,32,Fear,164.40809633557333,0.039115984680888685,0.5148359203859452,0.002552405041615032,10.447949242524656,fear,False,-0.36,0.039115984680888685,0.5148359203859452
2019-09-29,8199.38,8229.13,7890.0,8043.82,31544.211388,322501,253660600.3252929,33,Fear,110.12839275568493,0.039154350934129466,0.5152006727365988,-0.019084927054642216,10.359145376904525,fear,False,-0.34,0.039154350934129466,0.5152006727365988
2019-09-30,8043.04,8337.26,7710.0,8289.34,55865.48726,455556,449120676.8427603,27,Fear,255.96446579889744,0.040135218100766736,0.53559876052077,0.0300662572519427,10.930702067041315,fear,False,-0.46,0.040135218100766736,0.53559876052077
2019-10-01,8289.97,8500.0,8173.05,8292.44,43479.58742,387712,363040860.00008756,38,Fear,0.0,0.040104089055624896,0.5337803295516779,0.0003739043740921602,10.680046852229683,fear,False,-0.24,0.040104089055624896,0.5337803295516779
2019-10-02,8292.67,8373.91,8151.22,8359.94,26243.386644,261430,216325351.8586446,39,Fear,137.45110569074427,0.03990881446395236,0.5223132633661581,0.008106993678191309,10.17516929890679,fear,False,-0.22,0.03990881446395236,0.5223132633661581
2019-10-03,8360.0,8393.0,8060.0,8223.96,30488.284058,281307,250291751.2714139,37,Fear,196.79216709964146,0.040104287468868516,0.5224298627580829,-0.016399405149611242,10.325097759553064,fear,False,-0.26,0.040104287468868516,0.5224298627580829
2019-10-04,8224.43,8232.41,8005.0,8137.13,26476.330404,259012,215325611.68221506,30,Fear,45.85323853786186,0.04019813986803585,0.5208996300844744,-0.010614306896772275,10.184006420538497,fear,False,-0.4,0.04019813986803585,0.5208996300844744
2019-10-05,8137.09,8183.41,8012.98,8126.19,21907.615564,237769,177252877.0029691,31,Fear,169.6003642422442,0.04027286228973579,0.5213542738071943,-0.0013453589611603217,9.994589598004533,fear,False,-0.38,0.04027286228973579,0.5213542738071943
2019-10-06,8127.55,8153.87,7785.0,7854.25,34676.104049,325795,275447898.032875,32,Fear,22.771535492850564,0.04058686186354331,0.5264349396672013,-0.03403739246640971,10.453806084589635,fear,False,-0.36,0.04058686186354331,0.5264349396672013
2019-10-07,7855.3,8299.92,7762.0,8190.09,52202.072297,482605,420921679.84426314,27,Fear,348.4999028950099,0.04152729956315536,0.5615392302011559,0.04187010025217943,10.862877472258983,fear,False,-0.46,0.04152729956315536,0.5615392302011559
2019-10-08,8190.82,8325.0,8088.75,8168.39,35452.657423,395685,290675248.1414453,39,Fear,70.146861890888,0.041654731014276004,0.5616111454844189,-0.0026530597865280273,10.475953491717716,fear,False,-0.22,0.041654731014276004,0.5616111454844189
2019-10-09,8170.79,8670.0,8115.0,8560.74,55038.704378,537805,462845251.81361026,37,Fear,66.45512579250428,0.04162164653388489,0.5947578116362777,0.04691480798625655,10.915791932686268,fear,False,-0.26,0.04162164653388489,0.5947578116362777
2019-10-10,8562.15,8644.0,8414.52,8558.03,39137.946167,406932,333925412.3041418,41,Fear,127.04578042533622,0.04167744650536256,0.5955382867660085,-0.00031661153489856035,10.574847765556907,fear,False,-0.18,0.04167744650536256,0.5955382867660085
2019-10-11,8557.82,8779.51,8212.38,8258.5,50405.284418,471818,424413201.5329322,39,Fear,125.94636243170355,0.042470262792706104,0.6024514478595876,-0.035627050501410414,10.827851298126621,fear,False,-0.22,0.042470262792706104,0.6024514478595876
2019-10-12,8257.95,8400.0,8250.0,8300.09,21339.334098,280633,177707852.5948189,38,Fear,57.657037120860934,0.04242120373955824,0.6026933280610889,0.005023385138249371,9.968307319964003,fear,False,-0.24,0.04242120373955824,0.6026933280610889
2019-10-13,8301.98,8451.37,8160.0,8275.01,27840.739953,320051,232149438.3639587,38,Fear,105.1733761402161,0.04226792423560102,0.5964643139365635,-0.003026228395646318,10.234255692866698,fear,False,-0.24,0.04226792423560102,0.5964643139365635
2019-10-14,8275.24,8388.85,8203.0,8348.2,29810.663253,345679,247530733.18003485,37,Fear,157.95631337908125,0.02932989111780557,0.37206214252449366,0.008805817040570997,10.302621435770462,fear,False,-0.26,0.02932989111780557,0.37206214252449366
2019-10-15,8346.86,8403.0,8090.0,8159.29,32773.062476,399447,270727559.7770109,39,Fear,147.70102680059955,0.028630878186753392,0.37964609431517005,-0.022888791375660317,10.397362190972968,fear,False,-0.22,0.028630878186753392,0.37964609431517005
2019-10-16,8159.3,8181.16,7917.0,7991.74,34733.593966,421026,279586845.5362139,40,Fear,0.0,0.026426183233325667,0.35258587442509126,-0.020748647101995987,10.455462623424719,fear,False,-0.2,0.026426183233325667,0.35258587442509126
2019-10-17,7995.02,8124.92,7929.03,8070.58,29656.949158,356490,238343204.48251528,40,Fear,195.0413214287041,0.025724147773511178,0.3505859470914935,0.00981684254235939,10.297451749915918,fear,False,-0.2,0.025724147773511178,0.3505859470914935
2019-10-18,8070.71,8115.0,7816.01,7947.01,31353.181416,399783,248931322.10085052,40,Fear,145.18890381245726,0.025698998035294518,0.35419228017350307,-0.015429593533155048,10.353071021486425,fear,False,-0.2,0.025698998035294518,0.35419228017350307
2019-10-19,7946.89,8098.1,7866.92,7948.01,26627.889388,349746,211909734.13572004,41,Fear,238.37074891913346,0.025369803748857327,0.34809701456198894,0.0001258255732071609,10.189714418738705,fear,False,-0.18,0.025369803748857327,0.34809701456198894
2019-10-20,7949.87,8297.0,7870.0,8223.35,34286.452654,396091,275899861.65387124,37,Fear,169.6212416899222,0.02415871996439345,0.35301217002209084,0.03405608575730634,10.442505588778591,fear,False,-0.26,0.02415871996439345,0.35301217002209084
2019-10-21,8223.35,8333.0,8142.03,8197.27,30448.679539,367169,250117281.63661337,37,Fear,12.872106942914444,0.02378216937863628,0.3531339242089106,-0.0031764966157445487,10.323797907304492,fear,False,-0.26,0.02378216937863628,0.3531339242089106
2019-10-22,8197.28,8297.99,8000.0,8020.0,34651.828663,384699,283535483.41051364,39,Fear,60.81847085004253,0.024012713553588323,0.3593284327280841,-0.021862750130075582,10.45310577849244,fear,False,-0.22,0.024012713553588323,0.3593284327280841
2019-10-23,8020.06,8047.59,7300.0,7466.62,63897.457098,610241,488220760.6464156,33,Fear,0.0,0.026804480514411536,0.43393575893821573,-0.07149600170507005,11.06503484455031,fear,False,-0.34,0.026804480514411536,0.43393575893821573
2019-10-24,7468.47,7503.68,7337.99,7412.41,32714.383265,403778,243246414.9489239,20,Extreme Fear,60.9375125034771,0.02670805450266532,0.43350805621192073,-0.0072867975758336145,10.39557011537618,extreme_fear,True,-0.6,0.02670805450266532,0.43350805621192073
2019-10-25,7412.41,8799.0,7361.0,8655.02,90748.218174,775418,737329544.8835196,24,Extreme Fear,0.0,0.0357708631607455,0.7138772713086671,0.1549838768309872,11.415844117488058,extreme_fear,True,-0.52,0.0357708631607455,0.7138772713086671
2019-10-26,8655.88,10370.0,8470.38,9230.0,162588.585413,1185369,1522244166.4108484,53,Neutral,0.0,0.044488696496231266,0.7310844192177439,0.06431954908625395,11.99897827321963,neutral,False,0.06,0.044488696496231266,0.7310844192177439
2019-10-27,9230.0,9794.98,9074.34,9529.93,93833.541604,799978,887438297.7462667,50,Neutral,336.75006670343896,0.04476150173238613,0.7258432821862977,0.031978323898770325,11.449277657472127,neutral,False,0.0,0.04476150173238613,0.7258432821862977
2019-10-28,9528.23,9902.1,9160.0,9205.14,80174.217323,681128,759178942.9488419,52,Neutral,526.8903931497258,0.04580484136533676,0.7405791218411091,-0.03467534871867234,11.291957262405816,neutral,False,0.04,0.04580484136533676,0.7405791218411091
2019-10-29,9204.45,9550.0,9072.0,9407.62,64158.462446,559589,600611324.6356996,54,Neutral,138.75265925442608,0.04546107135405548,0.7274004047366123,0.02175797548920506,11.069111277882921,neutral,False,0.08,0.04546107135405548,0.7274004047366123
2019-10-30,9407.62,9409.84,9001.01,9154.72,55241.786434,524035,506584830.0313323,53,Neutral,209.80100580069214,0.04570814775424411,0.7361031220285126,-0.027250405905421708,10.91947494650068,neutral,False,0.06,0.04570814775424411,0.7361031220285126
2019-10-31,9154.02,9405.0,8913.0,9140.85,54376.024902,490183,498152743.7348088,50,Neutral,373.4088058401271,0.045396920038246115,0.7219575168087984,-0.0015162143247956757,10.903678616985763,neutral,False,0.0,0.045396920038246115,0.7219575168087984
2019-11-01,9140.86,9279.0,9030.0,9231.61,43594.814115,478002,398803069.00908464,49,Neutral,156.75421124591512,0.045479323277041454,0.7221586684898555,0.009880085552161256,10.682693479946414,neutral,False,-0.02,0.045479323277041454,0.7221586684898555
2019-11-02,9231.4,9373.74,9186.21,9289.52,28923.060828,325421,268119579.73009112,51,Neutral,0.0,0.04531595455905728,0.7214874164106897,0.0062534185241681015,10.272394508431617,neutral,False,0.02,0.04531595455905728,0.7214874164106897
2019-11-03,9289.85,9362.57,9066.14,9194.71,27894.378279,326024,256664259.66219142,56,Greed,111.72793384912599,0.04542192529691557,0.723598350584965,-0.010258564351078504,10.236180452130192,greed,False,0.12,0.04542192529691557,0.723598350584965
2019-11-04,9196.46,9513.68,9115.84,9393.35,45894.456277,453749,426792003.1749065,49,Neutral,127.798094401374,0.04549804956785962,0.718147551813661,0.0213736734297728,10.734099610475486,neutral,False,-0.02,0.04549804956785962,0.718147551813661
2019-11-05,9392.4,9454.95,9175.76,9308.66,45935.873665,492885,428156963.07854694,54,Neutral,228.53450920949092,0.045462588009767636,0.7133296744448047,-0.00905684243570516,10.7350016521176,neutral,False,0.08,0.045462588009767636,0.7133296744448047
2019-11-06,9307.73,9440.91,9250.01,9339.05,37336.170372,402997,348607499.83121693,53,Neutral,152.0726969564093,0.045427207077307345,0.7134424194501918,0.003259384332363361,10.527717850829012,neutral,False,0.06,0.045427207077307345,0.7134424194501918
2019-11-07,9339.16,9375.0,9101.0,9216.2,39117.470853,401984,361217475.0583465,54,Neutral,0.0,0.04532200436461425,0.7125596992013902,-0.013241728898575776,10.574324471061855,neutral,False,0.08,0.04532200436461425,0.7125596992013902
2019-11-08,9214.0,9261.0,8696.0,8773.73,62107.289243,567331,555589995.993586,42,Fear,0.0,0.04593926641055129,0.7402211832262322,-0.04920077557405485,11.036618640147513,fear,False,-0.16,0.04593926641055129,0.7402211832262322
2019-11-09,8773.74,8880.0,8724.88,8809.41,29469.481405,326730,259733491.82990894,38,Fear,58.430372308638034,0.04544967896506941,0.732187662615442,0.004058438819635005,10.291110478189731,fear,False,-0.24,0.04544967896506941,0.732187662615442
2019-11-10,8809.18,9147.19,8750.0,9039.47,34422.029797,375946,307316853.90375423,39,Fear,11.950359309425055,0.045733138705243134,0.7359210633566412,0.025780076014260956,10.446452039467806,fear,False,-0.22,0.045733138705243134,0.7359210633566412
2019-11-11,9040.16,9072.32,8618.68,8733.27,44888.053545,415982,394585996.3292871,40,Fear,200.93948383746073,0.04598751825160669,0.7433166610818368,-0.034460674202544596,10.711926970287877,fear,False,-0.2,0.04598751825160669,0.7433166610818368
2019-11-12,8733.36,8888.0,8567.6,8821.94,40366.629471,406765,352675938.430593,39,Fear,141.00722442499165,0.044359141827765285,0.6873425689255026,0.010101930316499606,10.605758719427563,fear,False,-0.22,0.044359141827765285,0.6873425689255026
2019-11-13,8821.91,8844.99,8702.0,8777.12,26810.116918,281593,235060554.12410158,38,Fear,83.41102469413896,0.044311768740059654,0.6867250108390176,-0.005093464866702945,10.196534592205204,fear,False,-0.24,0.044311768740059654,0.6867250108390176
2019-11-14,8777.54,8800.0,8582.6,8646.68,33468.468961,337019,290104306.95303315,41,Fear,0.0,0.03742452277671532,0.41823653826271096,-0.014972903375000525,10.418359049537948,fear,False,-0.18,0.03742452277671532,0.41823653826271096
2019-11-15,8646.38,8790.0,8400.0,8471.73,46087.417751,423919,394708981.3155723,38,Fear,127.96196150062255,0.026446163381442636,0.34744926892778266,-0.020440694136174855,10.73829525791374,fear,False,-0.24,0.026446163381442636,0.34744926892778266
2019-11-16,8471.62,8543.0,8400.0,8491.02,20902.299752,231473,177222838.38564816,41,Fear,73.33740871038451,0.024479032446471725,0.3213473832057539,0.0022743963467484214,9.94761446788025,fear,False,-0.18,0.024479032446471725,0.3213473832057539
2019-11-17,8490.74,8635.0,8350.68,8502.4,27009.037082,259594,229995700.81158423,38,Fear,96.9240172251522,0.022583187440203104,0.30330524039960427,0.0013393421337381934,10.203926795725401,fear,False,-0.24,0.022583187440203104,0.30330524039960427
2019-11-18,8502.87,8503.52,8060.0,8187.17,43017.69094,366263,358706174.82521844,38,Fear,0.0,0.02267591807016775,0.30987815244680483,-0.03778018177778056,10.669366727276147,fear,False,-0.24,0.02267591807016775,0.30987815244680483
2019-11-19,8186.5,8218.63,8003.0,8133.64,43556.061025,357382,353463792.04443395,32,Fear,0.0,0.022166713483642023,0.30045870019520626,-0.00655974696730991,10.681804146534857,fear,False,-0.36,0.022166713483642023,0.30045870019520626
2019-11-20,8133.83,8264.29,8038.4,8098.01,32466.23098,288843,263387575.48592198,32,Fear,151.54675436148747,0.021287348462418258,0.3000738337217145,-0.004390195356251671,10.387955781365287,fear,False,-0.36,0.021287348462418258,0.3000738337217145
2019-11-21,8098.56,8134.73,7500.0,7627.74,58418.780261,430062,455166676.2781802,30,Fear,0.0,0.023639534896037748,0.34899855459936696,-0.059826750274931104,10.975392696932257,fear,False,-0.4,0.023639534896037748,0.34899855459936696
2019-11-22,7627.79,7750.0,6790.0,7268.23,126603.140259,817604,917881536.2620839,20,Extreme Fear,0.0,0.029442053192702104,0.3693515780271174,-0.04827880660424949,11.748812592958044,extreme_fear,True,-0.6,0.029442053192702104,0.3693515780271174
2019-11-23,7268.23,7344.48,7080.01,7311.57,50449.894755,414045,364446217.3737604,23,Extreme Fear,120.49289384041467,0.029536792388465113,0.37495718886055446,0.005945229379964158,10.828735939654702,extreme_fear,True,-0.54,0.029536792388465113,0.37495718886055446
2019-11-24,7311.1,7330.39,6861.0,6903.28,67890.206483,446014,481922941.3269758,21,Extreme Fear,182.56650885040338,0.030306568116237498,0.38761147477812175,-0.05746136400961847,11.12564706872574,extreme_fear,True,-0.58,0.030306568116237498,0.38761147477812175
2019-11-25,6900.23,7377.69,6515.0,7109.57,119645.735197,679721,831628458.304907,17,Extreme Fear,398.57420976261784,0.03436794126804613,0.41880726519521294,0.029445102813370486,11.69229044871463,extreme_fear,True,-0.66,0.03436794126804613,0.41880726519521294
2019-11-26,7109.99,7340.0,7017.48,7156.14,65722.39769,433933,469602476.91268086,21,Extreme Fear,189.9805698766134,0.03478566247834125,0.42069657518644377,0.006528965670785274,11.093195054900187,extreme_fear,True,-0.58,0.03478566247834125,0.42069657518644377
2019-11-27,7154.75,7655.0,6840.0,7508.52,92452.87349,582055,671646609.1695509,20,Extreme Fear,208.50504478982438,0.03771874355200595,0.47377290434311975,0.04806764632518055,11.434454317889848,extreme_fear,True,-0.6,0.03771874355200595,0.47377290434311975
2019-11-28,7507.9,7643.0,7360.0,7419.49,56933.981109,388953,427572714.94560075,32,Fear,148.58561299290267,0.03710682248588335,0.4510551064275846,-0.011928054119097921,10.94964764939651,fear,False,-0.36,0.03710682248588335,0.4510551064275846
2019-11-29,7418.52,7850.0,7362.3,7739.68,60745.300873,412929,463006956.68515146,31,Fear,240.48883593465592,0.03801983441502513,0.4841826188992712,0.042250021414293196,11.01444500632621,fear,False,-0.38,0.03801983441502513,0.4841826188992712
2019-11-30,7740.99,7810.0,7441.0,7541.89,46989.433619,346506,358749026.3607554,38,Fear,391.34098481003423,0.03810790707094629,0.47314324416532266,-0.025887529338627372,10.757678038800131,fear,False,-0.24,0.03810790707094629,0.47314324416532266
2019-12-01,7540.63,7541.85,7210.0,7390.89,60769.342313,420573,446524917.2059704,25,Extreme Fear,0.0,0.03796414938407287,0.4656443911417625,-0.02022465301285665,11.014840702510362,extreme_fear,True,-0.5,0.03796414938407287,0.4656443911417625
2019-12-02,7391.5,7420.56,7151.1,7294.28,46330.25604,326881,337889295.510181,28,Fear,121.87297609081594,0.037968944241636,0.46071690883301586,-0.013157681360598326,10.743550504836174,fear,False,-0.44,0.037968944241636,0.46071690883301586
2019-12-03,7294.42,7400.0,7241.35,7292.71,33149.477487,265391,242379261.10434753,28,Fear,141.99093716299282,0.0380173723765227,0.4616612383226201,-0.0002152603115601392,10.408782233408338,fear,False,-0.44,0.0380173723765227,0.4616612383226201
2019-12-04,7292.71,7750.0,7067.0,7194.32,83153.701586,516250,608670609.9747069,24,Extreme Fear,60.6298815297668,0.03984377685651009,0.4614596314865946,-0.01358339325753926,11.328446000599556,extreme_fear,True,-0.52,0.03984377685651009,0.4614596314865946
2019-12-05,7194.59,7485.0,7150.0,7389.0,59306.678855,430359,434738864.78401244,21,Extreme Fear,259.22258714631977,0.03985214570140529,0.476321719652958,0.026700582009980097,10.990477206889938,extreme_fear,True,-0.58,0.03985214570140529,0.476321719652958
2019-12-06,7389.0,7590.03,7305.0,7527.47,48189.087944,367854,356905919.0155599,29,Fear,0.0,0.04011827214247843,0.4839055767812466,0.018566588172384903,10.782887883205015,fear,False,-0.42,0.04011827214247843,0.4839055767812466
2019-12-07,7527.8,7619.62,7470.16,7488.21,31498.684173,263592,237000924.85530463,32,Fear,22.491140077233005,0.03995419687064587,0.4831413048073001,-0.0052292123250598415,10.357701051655525,fear,False,-0.36,0.03995419687064587,0.4831413048073001
2019-12-08,7487.31,7564.0,7374.86,7510.11,29856.897631,257514,223314325.61846468,28,Fear,0.0,0.0394481514075258,0.4694312682487837,0.0029203291520898934,10.304171168542116,fear,False,-0.44,0.0394481514075258,0.4694312682487837
2019-12-09,7510.11,7650.0,7273.0,7338.64,46621.887493,359648,347471155.4826833,32,Fear,144.59931969211124,0.0398681149295143,0.47412622738560445,-0.02309657345063429,10.749825398535519,fear,False,-0.36,0.0398681149295143,0.47412622738560445
2019-12-10,7338.64,7407.6,7157.1,7224.13,49723.76214,439637,363127435.39551663,26,Fear,0.0,0.03996195854464489,0.4755929852486879,-0.015726727832204117,10.814238209294663,fear,False,-0.48,0.03996195854464489,0.4755929852486879
2019-12-11,7224.15,7275.5,7125.66,7210.0,30093.091944,268269,217095653.86658925,20,Extreme Fear,33.84774830502908,0.03854540220751856,0.4304778634561885,-0.0019578602262294424,10.312050920875409,extreme_fear,True,-0.6,0.03854540220751856,0.4304778634561885
2019-12-12,7210.0,7295.0,7080.3,7198.08,42288.600932,331414,303657479.492691,23,Extreme Fear,157.73865461458269,0.03444516534352367,0.39556855479390174,-0.0016546275033925571,10.6522728472047,extreme_fear,True,-0.54,0.03444516534352367,0.39556855479390174
2019-12-13,7197.76,7309.05,7190.76,7258.48,27609.873795,252135,199836160.23365226,22,Extreme Fear,54.11274048294661,0.03416161403341623,0.3961804366483959,0.008356116731852428,10.225928733924981,extreme_fear,True,-0.56,0.03416161403341623,0.3961804366483959
2019-12-14,7257.37,7271.77,7012.0,7064.05,29561.985967,276819,211004228.01585397,27,Fear,0.0,0.03334525723874664,0.35018311493020976,-0.0271518991060132,10.29424455707466,fear,False,-0.46,0.03334525723874664,0.35018311493020976
2019-12-15,7064.14,7200.3,7008.35,7118.59,26395.778137,262651,187402764.5635311,21,Extreme Fear,203.19010539948638,0.02908958525201271,0.3350579706050832,0.007691130685450952,10.180959357292963,extreme_fear,True,-0.58,0.02908958525201271,0.3350579706050832
2019-12-16,7119.6,7150.0,6836.0,6891.72,43863.993059,371202,307508569.89251375,24,Extreme Fear,11.869450519022,0.029088887018769865,0.3530908618998124,-0.032388981078060576,10.688849058844768,extreme_fear,True,-0.52,0.029088887018769865,0.3530908618998124
2019-12-17,6891.44,6942.21,6560.0,6623.82,53865.069929,454097,364087469.8222779,23,Extreme Fear,0.0,0.02598975698781972,0.3246470956772483,-0.039648448225997265,10.894237493554499,extreme_fear,True,-0.54,0.02598975698781972,0.3246470956772483
2019-12-18,6623.84,7440.0,6435.0,7277.83,95636.651251,714073,654057202.1588289,15,Extreme Fear,257.28942140270874,0.032087008741957086,0.48091440318941925,0.09416049805106408,11.468311406854276,extreme_fear,True,-0.7,0.032087008741957086,0.48091440318941925
2019-12-19,7277.83,7380.0,7038.31,7150.3,55509.049075,439761,397407677.0585651,21,Extreme Fear,182.18799180658527,0.03155805500895072,0.4558883936695161,-0.017678426984101332,10.924301332840303,extreme_fear,True,-0.58,0.03155805500895072,0.4558883936695161
2019-12-20,7151.31,7220.0,7079.5,7187.83,32132.069205,312766,229842650.42149538,23,Extreme Fear,94.43940482327714,0.030994043496048024,0.4493732999558453,0.005235004245315183,10.377609851063324,extreme_fear,True,-0.54,0.030994043496048024,0.4493732999558453
2019-12-21,7188.01,7190.58,7105.0,7132.75,19467.174028,212162,139069157.0864577,23,Extreme Fear,81.12011917107651,0.030441748698038902,0.4449619688708037,-0.007692463798028944,9.876484942890764,extreme_fear,True,-0.54,0.030441748698038902,0.4449619688708037
2019-12-22,7131.59,7518.54,7122.47,7501.44,39137.45515,356612,285577206.9406348,20,Extreme Fear,0.0,0.030900528064903916,0.4792714476198565,0.050398147797677026,10.574835219674247,extreme_fear,True,-0.6,0.030900528064903916,0.4792714476198565
2019-12-23,7500.71,7695.38,7265.84,7317.09,68051.997203,530669,510710431.76686037,33,Fear,37.41198414119841,0.03171536055909881,0.48828762299875295,-0.024882294163375403,11.128027356701105,fear,False,-0.34,0.03171536055909881,0.48828762299875295
2019-12-24,7317.3,7436.68,7157.04,7255.77,43629.494188,384678,318428019.0009099,25,Extreme Fear,0.0,0.029645672237875065,0.48669949673162083,-0.008415693543983837,10.683488672834777,extreme_fear,True,-0.5,0.029645672237875065,0.48669949673162083
2019-12-25,7255.77,7271.77,7128.86,7204.63,27492.044323,289924,198273303.10954586,22,Extreme Fear,21.46866459713251,0.029123203027918952,0.477188545534982,-0.007073139499326841,10.221651944454658,extreme_fear,True,-0.56,0.029123203027918952,0.477188545534982
2019-12-26,7205.01,7435.0,7157.12,7202.0,36259.761076,337695,263289798.95618758,39,Fear,21.843307922486414,0.029118814717035403,0.47145144430972713,-0.0003651096792540607,10.498463895097943,fear,False,-0.22,0.029118814717035403,0.47145144430972713
2019-12-27,7202.0,7275.86,7076.42,7254.74,33642.701861,297262,242214722.72289035,38,Fear,0.0,0.029236266360797226,0.4724829185171647,0.0072962831137449915,10.423551427776042,fear,False,-0.24,0.029236266360797226,0.4724829185171647
2019-12-28,7254.77,7365.01,7238.67,7316.14,26848.982199,272607,196322192.4380019,37,Fear,0.0,0.029130636845227577,0.4735824228583335,0.008427818145064376,10.19798319229115,fear,False,-0.26,0.029130636845227577,0.4735824228583335
2019-12-29,7315.36,7528.45,7288.0,7388.24,31387.106085,283213,231731575.82821694,37,Fear,0.0,0.028662480824134882,0.46787239564306965,0.009806680434861516,10.35415245332735,fear,False,-0.26,0.028662480824134882,0.46787239564306965
2019-12-30,7388.43,7408.24,7220.0,7246.0,29605.911782,279033,216508875.51767525,40,Fear,0.0,0.028498100043214715,0.46974518307605106,-0.01943995444746896,10.29572934273516,fear,False,-0.2,0.028498100043214715,0.46974518307605106
2019-12-31,7246.0,7320.0,7145.01,7195.23,25954.453533,251976,187518399.34504002,38,Fear,0.0,0.028546275206530487,0.47039205375464194,-0.007031286000974238,10.164098493637834,fear,False,-0.24,0.028546275206530487,0.47039205375464194
2020-01-01,7195.24,7255.0,7175.15,7200.85,16792.388165,194010,121214452.11606228,37,Fear,58.205045146815245,0.028302041734565173,0.4703649095936747,0.000780768137645281,9.728680977300472,fear,False,-0.26,0.028302041734565173,0.4703649095936747
2020-01-02,7200.77,7212.5,6924.74,6965.71,31951.483932,302667,225982341.3011403,39,Fear,0.0,0.028741944238326177,0.4835409417784003,-0.033199534310396885,10.371973904173133,fear,False,-0.22,0.028741944238326177,0.4835409417784003
2020-01-03,6965.49,7405.0,6871.04,7344.96,68428.500451,519854,495098582.9620354,38,Fear,250.0580765750151,0.030054001569270513,0.511298924525837,0.05301482343029991,11.13354469008668,fear,False,-0.24,0.030054001569270513,0.511298924525837
2020-01-04,7345.0,7404.0,7272.21,7354.11,29987.974977,279370,219874240.9399481,38,Fear,51.29908101635822,0.029931482771305834,0.5108506920095455,0.0012449768838231309,10.308551746188831,fear,False,-0.24,0.029931482771305834,0.5108506920095455
2020-01-05,7354.19,7495.0,7318.0,7358.75,38331.085604,329209,284848683.7891762,39,Fear,0.0,0.02949274907754802,0.4948853409137599,0.000630740747051131,10.554016480540705,fear,False,-0.22,0.02949274907754802,0.4948853409137599
2020-01-06,7357.64,7795.34,7346.76,7758.0,54635.695316,449937,413330481.2260492,41,Fear,17.258110258296586,0.029586044016699353,0.4973638591438242,0.05283448765744147,10.908442708491082,fear,False,-0.18,0.029586044016699353,0.4973638591438242
2020-01-07,7758.9,8207.68,7723.71,8145.28,91171.684661,685315,724202791.1429626,40,Fear,0.0,0.02370998462461,0.4115925171471429,0.04871404936371501,11.420499652646683,fear,False,-0.2,0.02370998462461,0.4115925171471429
2020-01-08,8145.92,8455.0,7870.0,8055.98,112622.64264,830375,926410232.6045058,51,Neutral,85.19848954718086,0.024785994140293945,0.40724921821346927,-0.011023945589959614,11.631798063637197,neutral,False,0.02,0.024785994140293945,0.40724921821346927
2020-01-09,8054.72,8055.96,7750.0,7817.76,64239.51983,478800,507258250.4748796,44,Fear,0.0,0.025187635759374584,0.4268376791138548,-0.03001660428030768,11.070373873966307,fear,False,-0.12,0.025187635759374584,0.4268376791138548
2020-01-10,7817.74,8199.0,7672.0,8197.02,82406.777448,606101,652774220.388437,41,Fear,252.5068824505362,0.02667255323677888,0.4505818443321789,0.04737260507373657,11.319422963097693,fear,False,-0.18,0.02667255323677888,0.4505818443321789
2020-01-11,8198.86,8286.34,8003.16,8020.01,54810.032667,469131,445034349.56470203,50,Neutral,0.0,0.02608475125975393,0.4307208083703335,-0.02183100482452105,10.911628534044363,neutral,False,0.0,0.02608475125975393,0.4307208083703335
2020-01-12,8020.01,8197.0,7960.0,8184.98,38131.494336,350662,309351920.45885,45,Fear,128.350375087801,0.025227876707566398,0.4212348149835635,0.02036109856547728,10.548795842642296,fear,False,-0.1,0.025227876707566398,0.4212348149835635
2020-01-13,8184.97,8196.0,8055.89,8110.34,31159.755683,289144,252656965.35815012,49,Neutral,113.26570336846558,0.024805548290313128,0.42157198655454936,-0.009160976526190662,10.346882659228656,neutral,False,-0.02,0.024805548290313128,0.42157198655454936
2020-01-14,8110.34,8880.0,8105.54,8810.01,120399.126742,915328,1032735180.8658738,56,Greed,0.0,0.027538732048008704,0.499261624895966,0.08274878422149841,11.698567558857134,greed,False,0.12,0.027538732048008704,0.499261624895966
2020-01-15,8814.64,8916.48,8564.0,8821.41,84816.297606,764048,743712237.2790816,54,Neutral,106.62596341314044,0.027596267164073426,0.49883696906780184,0.001293146166175448,11.348242992064103,neutral,False,0.08,0.027596267164073426,0.49883696906780184
2020-01-16,8820.01,8859.81,8586.0,8720.01,51991.074284,543064,451752380.2810811,55,Greed,260.1602720298799,0.02766576882723412,0.5047197961602791,-0.011561336478177777,10.85882733444568,neutral,False,0.1,0.02766576882723412,0.5047197961602791
2020-01-17,8720.15,9041.65,8672.44,8913.28,70897.737377,676403,629568740.707009,54,Neutral,11.588042514323915,0.028130791935870952,0.5067155352449535,0.021921914733313886,11.1689937991337,neutral,False,0.08,0.028130791935870952,0.5067155352449535
2020-01-18,8913.27,8988.88,8806.38,8915.96,38294.746545,458182,340852837.9160803,51,Neutral,115.22013088809621,0.02792718378695338,0.5078542592893825,0.0003006297542892932,10.553067999833738,neutral,False,0.02,0.02792718378695338,0.5078542592893825
2020-01-19,8915.09,9198.98,8466.0,8701.7,70676.889259,615665,623950864.2762928,53,Neutral,60.25799951423143,0.029871702407436595,0.5118134908413263,-0.024324520325978746,11.16587391384936,neutral,False,0.06,0.029871702407436595,0.5118134908413263
2020-01-20,8701.72,8746.99,8521.28,8642.35,38896.639746,385006,336447837.0018059,48,Neutral,97.00943620395334,0.029901271836827108,0.5117353137088692,-0.0068438722969167065,10.56866314402451,neutral,False,-0.04,0.029901271836827108,0.5117353137088692
2020-01-21,8642.35,8789.0,8488.0,8736.03,36494.687659,365621,316056704.984738,49,Neutral,210.42327070524414,0.030228735614999457,0.5107931090654408,0.010781316488657582,10.504921985389046,neutral,False,-0.02,0.030228735614999457,0.5107931090654408
2020-01-22,8736.04,8818.0,8590.0,8682.36,29080.557138,317424,252638888.2149255,52,Neutral,131.6737135000492,0.029937555381335215,0.4892643587239597,-0.006162471944631271,10.27782509026723,neutral,False,0.04,0.029937555381335215,0.4892643587239597
2020-01-23,8682.77,8691.81,8306.39,8404.52,48165.944597,464805,407428808.675337,49,Neutral,0.0,0.028850452843854176,0.48607879247709374,-0.03252372475192156,10.782407506688402,neutral,False,-0.02,0.028850452843854176,0.48607879247709374
2020-01-24,8404.52,8528.02,8238.0,8439.0,41687.529529,407271,349874174.79003936,40,Fear,82.63686500394726,0.02912250472864314,0.48575687485723734,0.004094161809795407,10.637957310999557,fear,False,-0.2,0.02912250472864314,0.48575687485723734
2020-01-25,8438.99,8451.26,8254.9,8340.58,25521.157932,283118,212869245.6358978,41,Fear,174.56339101655334,0.02911677251865005,0.48983107928998265,-0.01173105985876297,10.14726310994035,fear,False,-0.18,0.02911677251865005,0.48983107928998265
2020-01-26,8340.01,8618.13,8293.66,8615.0,31130.485164,332612,263941925.272999,42,Fear,46.9226403121815,0.028478094931735195,0.4689681675535285,0.0323721116628264,10.34594284840897,fear,False,-0.16,0.028478094931735195,0.4689681675535285
2020-01-27,8614.39,9000.0,8535.0,8907.57,53973.542996,514196,473194952.8044688,50,Neutral,0.0,0.028198268640581402,0.45301526787698293,0.03339660703325178,10.89624926096586,neutral,False,0.0,0.028198268640581402,0.45301526787698293
2020-01-28,8907.57,9400.0,8862.4,9374.21,74584.853765,616678,676593159.4823396,54,Neutral,0.0,0.02765825706820902,0.47777392132434326,0.05106082462602789,11.219692732937185,neutral,False,0.08,0.02765825706820902,0.47777392132434326
2020-01-29,9375.34,9449.24,9216.0,9301.53,53864.065122,492545,503188568.83635783,57,Greed,0.0,0.0273716684372586,0.460787018261582,-0.007783398882224428,10.894218839232257,greed,False,0.14,0.0273716684372586,0.460787018261582
2020-01-30,9301.57,9578.0,9204.44,9513.21,60626.744259,529570,569652869.8196837,57,Greed,173.8056175330723,0.02642264854947535,0.4411326517991607,0.022502456278908796,11.012491399108374,greed,False,0.14,0.02642264854947535,0.4411326517991607
2020-01-31,9511.52,9530.22,9210.01,9352.89,45552.022352,428547,425779010.40653664,55,Greed,305.7264336700781,0.026408643962090517,0.4371929706568239,-0.01699597258492471,10.726610300209655,neutral,False,0.1,0.026408643962090517,0.4371929706568239
2020-02-01,9351.71,9464.53,9281.0,9384.61,28578.067354,334972,268137739.9933375,57,Greed,125.83430837417572,0.026245156255248925,0.4348121522618891,0.003385727050131138,10.260394826874062,greed,False,0.14,0.026245156255248925,0.4348121522618891
2020-02-02,9384.41,9477.03,9120.0,9331.51,45690.91254,446558,428064088.6904683,57,Greed,113.57517856235559,0.0266465753565027,0.4332839739237964,-0.005674268221518584,10.729654706780721,greed,False,0.14,0.0266465753565027,0.4332839739237964
2020-02-03,9331.59,9618.79,9234.0,9292.24,50892.133451,492124,476379993.4924724,59,Greed,67.59148314040615,0.02428841304614171,0.3291133434918177,-0.004217202035113095,10.837463641498404,greed,False,0.18,0.02428841304614171,0.3291133434918177
2020-02-04,9291.35,9350.0,9093.01,9197.02,53308.175266,528930,491136137.2107625,56,Greed,0.0,0.02397075720475593,0.33231134017373326,-0.01030012470407638,10.883844980493418,greed,False,0.12,0.02397075720475593,0.33231134017373326
2020-02-05,9197.02,9744.45,9177.22,9612.04,64870.415615,661758,613540574.7818311,53,Neutral,0.0,0.024933701151599572,0.3596636099069762,0.044136960790043735,11.080146953077282,neutral,False,0.06,0.024933701151599572,0.3596636099069762
2020-02-06,9612.03,9862.57,9526.35,9772.0,64949.706588,682179,631245079.8223811,61,Greed,0.0,0.024739426602205048,0.356759442124907,0.016504674065094656,11.081368504582768,greed,False,0.22,0.024739426602205048,0.356759442124907
2020-02-07,9772.0,9885.0,9730.0,9813.73,43966.114632,582249,430744860.1814393,56,Greed,27.989543751445872,0.024677041430939257,0.3564033749579192,0.004261272175809271,10.691174494204112,greed,False,0.12,0.024677041430939257,0.3564033749579192
2020-02-08,9813.87,9940.0,9667.11,9895.05,43600.843666,514573,427781790.200816,56,Greed,100.75839731938528,0.022329218473184146,0.33945539397263585,0.008252206527558531,10.682831779287529,greed,False,0.12,0.022329218473184146,0.33945539397263585
2020-02-09,9895.04,10166.0,9880.75,10151.75,43408.475616,536848,437441704.90539634,56,Greed,0.0,0.022380256246822286,0.3421666573796407,0.025611472320488028,10.678409991712996,greed,False,0.12,0.022380256246822286,0.3421666573796407
2020-02-10,10151.72,10188.0,9756.0,9851.83,59573.084619,690308,590091358.442907,57,Greed,205.47269933761783,0.022645787411419253,0.36751386838174777,-0.02998887968955256,10.994959150698943,greed,False,0.14,0.022645787411419253,0.36751386838174777
2020-02-11,9851.74,10323.59,9700.0,10223.08,62422.395224,710170,624970415.4054742,52,Neutral,327.92953108529014,0.02388436376057264,0.38025815195032053,0.03699068450599928,11.041679387789614,neutral,False,0.04,0.02388436376057264,0.38025815195032053
2020-02-12,10223.08,10450.0,10223.08,10326.46,61008.06393,857655,629756037.5160786,61,Greed,0.0,0.02328210160947665,0.348539998313923,0.010061623972999353,11.018761329992154,greed,False,0.22,0.02328210160947665,0.348539998313923
2020-02-13,10325.33,10500.0,10080.0,10229.63,79344.358759,932802,815507473.735361,65,Greed,133.48032789039092,0.02346315189799428,0.354972484152542,-0.009421122032285924,11.28155263028302,greed,False,0.3,0.02346315189799428,0.354972484152542
2020-02-14,10227.78,10381.56,10111.37,10344.36,47038.480173,622310,482455622.0036259,63,Greed,187.7435729318326,0.02351794892597472,0.3458935664464642,0.011153032471666205,10.758721272803104,greed,False,0.26,0.02351794892597472,0.3458935664464642
2020-02-15,10344.36,10375.0,9801.0,9904.72,57657.202947,739781,580845331.1747847,64,Greed,125.0629711134632,0.02418574903346767,0.38548133230213866,-0.043430032448461935,10.9622704605985,greed,False,0.28,0.02418574903346767,0.38548133230213866
2020-02-16,9904.46,10050.0,9638.12,9917.27,60023.999537,708070,592584876.9040861,59,Greed,0.0,0.023786111844255095,0.3729406554533051,0.0012662706092510477,11.002499753511984,greed,False,0.18,0.023786111844255095,0.3729406554533051
2020-02-17,9910.7,9964.16,9452.67,9706.0,70261.011901,778058,680009637.6159953,49,Neutral,145.240279418482,0.023522609409682677,0.34278068716490423,-0.021533430825940978,11.159972327950664,neutral,False,-0.02,0.023522609409682677,0.34278068716490423
2020-02-18,9706.0,10250.0,9576.01,10164.71,70604.124019,723413,696870122.812608,53,Neutral,122.20348531925845,0.02500953695221109,0.3749091180459346,0.04617766642322519,11.164843835642165,neutral,False,0.06,0.02500953695221109,0.3749091180459346
2020-02-19,10164.78,10250.0,9350.0,9593.79,55162.586895,588760,547679966.9292257,50,Neutral,541.4254590241985,0.027372349458742187,0.4281768909693659,-0.05780590324636327,10.91804022883149,neutral,False,0.0,0.027372349458742187,0.4281768909693659
2020-02-20,9594.65,9699.0,9400.0,9596.42,60152.342914,667387,576020107.4626018,44,Fear,125.25102402633372,0.02731049855553672,0.42321887809704056,0.00027409809652581926,11.004635671832942,fear,False,-0.12,0.02731049855553672,0.42321887809704056
2020-02-21,9597.21,9755.51,9550.21,9677.05,42181.554524,470599,408286949.8035292,44,Fear,17.645605563576908,0.027333246070304643,0.4239155692316162,0.008366990519610176,10.649738307881867,fear,False,-0.12,0.027333246070304643,0.4239155692316162
2020-02-22,9677.05,9709.17,9560.02,9650.86,24636.757623,319961,237544283.22525856,43,Fear,121.6136256746057,0.026922758587979823,0.4233772730120007,-0.002710072225020686,10.111994819013086,fear,False,-0.14,0.026922758587979823,0.4233772730120007
2020-02-23,9650.85,9990.0,9645.0,9936.4,37702.089843,441935,371815095.46744496,46,Fear,0.0,0.026777816463975417,0.43365908014228294,0.029157751478757078,10.537470805401048,neutral,False,-0.08,0.026777816463975417,0.43365908014228294
2020-02-24,9936.4,9990.0,9473.56,9656.13,55796.59612,589384,542081527.6408329,46,Fear,255.42158802840416,0.02745638385386575,0.44600029852618517,-0.02861183519342414,10.929468145075047,neutral,False,-0.08,0.02745638385386575,0.44600029852618517
2020-02-25,9655.52,9675.0,9250.0,9315.84,54379.344552,579079,514946930.56602305,44,Fear,0.0,0.026932882410224145,0.4371203898968709,-0.03587676971484084,10.903739665006063,fear,False,-0.12,0.026932882410224145,0.4371203898968709
2020-02-26,9316.48,9377.44,8633.63,8785.25,92130.345482,871018,830717784.379095,41,Fear,0.0,0.028754974146843765,0.4756124921089836,-0.05864199828916444,11.430959652036249,fear,False,-0.18,0.028754974146843765,0.4756124921089836
2020-02-27,8786.0,8971.77,8531.0,8823.21,72483.578762,696646,636955872.7625463,39,Fear,52.75838556075752,0.029463699013601494,0.4756259678441503,0.004311570552474216,11.191115315353322,fear,False,-0.22,0.029463699013601494,0.4756259678441503
2020-02-28,8823.25,8900.0,8445.0,8692.91,71155.208977,655727,615664817.0103912,40,Fear,295.35441680992204,0.030063199310477663,0.47395558079790423,-0.014877998499183857,11.172618812039875,fear,False,-0.2,0.030063199310477663,0.47395558079790423
2020-02-29,8690.8,8790.0,8523.55,8523.61,36748.183035,414175,318585951.98853236,38,Fear,201.86469031066596,0.03010441867362298,0.4603543624494874,-0.019667790863484216,10.511844062194236,fear,False,-0.24,0.03010441867362298,0.4603543624494874
2020-03-01,8523.61,8750.0,8411.0,8531.88,43892.201779,472019,375729315.25408256,39,Fear,145.18343860270303,0.03000961566089736,0.45448072485774227,0.0009697757904506052,10.68949194727045,fear,False,-0.22,0.03000961566089736,0.45448072485774227
2020-03-02,8530.3,8965.75,8498.0,8915.24,60401.31773,564535,528906629.5628192,38,Fear,65.26843236939683,0.02970426697947273,0.4640287376757277,0.043952436059954136,11.008766200406779,fear,False,-0.24,0.02970426697947273,0.4640287376757277
2020-03-03,8911.18,8919.65,8651.0,8760.07,55154.997282,512762,484181096.3229557,38,Fear,195.86297531020068,0.029841539975171794,0.46102983074553455,-0.017558276088587222,10.917902633124177,fear,False,-0.24,0.029841539975171794,0.46102983074553455
2020-03-04,8760.07,8848.29,8660.0,8750.87,38696.482578,454817,338849891.9529354,40,Fear,164.3262608247971,0.029475565704934602,0.46169879555561927,-0.0010507717856942027,10.563503985429811,fear,False,-0.2,0.029475565704934602,0.46169879555561927
2020-03-05,8750.99,9159.42,8746.54,9054.68,58201.866355,619552,524102029.20478296,41,Fear,0.0,0.029910442429544867,0.4810116812991975,0.0341286271212737,10.97167270116069,fear,False,-0.18,0.029910442429544867,0.4810116812991975
2020-03-06,9054.64,9170.0,8985.5,9131.88,43782.948044,493216,397598476.4205629,39,Fear,75.44922182565294,0.029045969851345204,0.4633504885979658,0.008489836857210005,10.686999706498217,fear,False,-0.22,0.029045969851345204,0.4633504885979658
2020-03-07,9130.89,9188.0,8835.0,8886.66,45422.204525,485400,409983263.78913796,38,Fear,119.70835278351115,0.028978750350493944,0.4699916187910723,-0.027220312082118024,10.723756350919388,fear,False,-0.24,0.028978750350493944,0.4699916187910723
2020-03-08,8885.25,8886.76,8000.0,8033.31,77537.315166,740741,656931544.7821604,33,Fear,0.0,0.0314478610891191,0.5780802333893342,-0.10095462863465858,11.258514585477146,fear,False,-0.34,0.0314478610891191,0.5780802333893342
2020-03-09,8034.76,8179.31,7632.01,7929.87,116968.863268,929234,918787729.0855838,17,Extreme Fear,0.0,0.031496623429646035,0.5394138803572616,-0.012960005190206313,11.669663052447579,extreme_fear,True,-0.66,0.031496623429646035,0.5394138803572616
2020-03-10,7929.87,8149.0,7728.01,7894.56,86783.443875,737528,689700153.4490932,16,Extreme Fear,433.9938833613595,0.02984070581526202,0.5124368137462519,-0.00446272739082808,11.371171143688208,extreme_fear,True,-0.68,0.02984070581526202,0.5124368137462519
2020-03-11,7894.57,7980.0,7590.0,7934.52,79942.411172,699401,624465167.3648188,17,Extreme Fear,45.97752731514717,0.03029954738613918,0.513953338779385,0.0050489459763729885,11.289061794082146,extreme_fear,True,-0.66,0.03029954738613918,0.513953338779385
2020-03-12,7934.58,7966.17,4410.0,4800.0,261505.608653,1770812,1628590104.2222133,14,Extreme Fear,9.283627418978632,0.08494555265587524,1.8197939075427199,-0.5026069427414592,12.474211010260934,extreme_fear,True,-0.72,0.08494555265587524,1.8197939075427199
2020-03-13,4800.01,5955.0,3782.13,5578.6,402201.673764,2309830,2063819540.638995,10,Extreme Fear,13.519417500411064,0.10453486198913697,1.9333999142697744,0.15032193094234547,12.904708917833661,extreme_fear,True,-0.8,0.10453486198913697,1.9333999142697744
2020-03-14,5576.05,5640.52,5055.13,5172.06,136910.135974,1106125,736651880.9210789,8,Extreme Fear,314.7170826887469,0.10545984238466187,1.9285243539295813,-0.07566678708579554,11.8270800477907,extreme_fear,True,-0.84,0.10545984238466187,1.9285243539295813
2020-03-15,5172.48,5940.0,5093.1,5361.3,139916.146534,1037714,753755706.4268771,12,Extreme Fear,664.940777469414,0.10722719032604391,1.9438648738123787,0.03593542121832906,11.848798568818669,extreme_fear,True,-0.76,0.10722719032604391,1.9438648738123787
2020-03-16,5360.33,5365.42,4442.12,5028.97,227276.92276,1608176,1113690309.1015868,9,Extreme Fear,0.0,0.11001995341782408,1.9476616285563526,-0.06399129121736558,12.333924477013673,extreme_fear,True,-0.82,0.11001995341782408,1.9476616285563526
2020-03-17,5028.86,5525.0,4921.45,5312.64,150089.926318,1069217,793147908.2684973,8,Extreme Fear,79.81854296583703,0.11055564524443871,1.9677362540538008,0.054873695073120565,11.918989902231457,extreme_fear,True,-0.84,0.11055564524443871,1.9677362540538008
2020-03-18,5312.64,5436.17,5009.37,5393.04,137127.634894,962843,719748122.45302,11,Extreme Fear,626.9863685456155,0.11089341049365622,1.9702283320698777,0.015020346505170423,11.828667412663659,extreme_fear,True,-0.78,0.11089341049365622,1.9702283320698777
2020-03-19,5393.26,6400.0,5252.53,6162.37,199020.873439,1403608,1164739707.514236,12,Extreme Fear,0.0,0.1138057187616281,2.0486411646528513,0.13335221046196347,12.201164989859151,extreme_fear,True,-0.76,0.1138057187616281,2.0486411646528513
2020-03-20,6162.05,6900.0,5670.0,6208.36,219298.329514,1580069,1401734013.1752021,9,Extreme Fear,138.42079617541214,0.11674668119741233,2.050466720898858,0.007435327078688863,12.298188317021745,extreme_fear,True,-0.82,0.11674668119741233,2.050466720898858
2020-03-21,6204.57,6456.98,5860.02,6186.98,128913.668363,990974,794962136.6384171,9,Extreme Fear,546.8931497921624,0.11735135673118205,2.050045947847949,-0.0034496869311265673,11.76689822180831,extreme_fear,True,-0.82,0.11735135673118205,2.050045947847949
2020-03-22,6187.04,6407.87,5734.01,5816.19,119115.990527,952259,722895653.5100615,11,Extreme Fear,693.9120139705425,0.11807713016800345,2.043338497424919,-0.06180167576087353,11.687853007682948,extreme_fear,True,-0.78,0.11807713016800345,2.043338497424919
2020-03-23,5816.05,6600.0,5688.0,6467.31,164674.215785,1099406,1015525672.0743864,10,Extreme Fear,890.8633322576374,0.11968356956141432,2.092942425193239,0.1061148487906949,12.011724351299286,extreme_fear,True,-0.8,0.11968356956141432,2.092942425193239
2020-03-24,6465.25,6833.0,6371.33,6744.72,151138.009878,1012669,1001890515.2399886,12,Extreme Fear,0.0,0.12001694186714411,2.1023525821343494,0.041999719577783305,11.925948671080318,extreme_fear,True,-0.76,0.12001694186714411,2.1023525821343494
2020-03-25,6744.69,6957.96,6450.0,6677.43,132155.734989,912179,880250736.9079887,13,Extreme Fear,363.8794232645545,0.12028853629014359,2.095048625191959,-0.01002679358492966,11.79173631666173,extreme_fear,True,-0.74,0.12028853629014359,2.095048625191959
2020-03-26,6677.42,6780.0,6510.0,6737.36,83026.555211,668467,552537189.4793514,14,Extreme Fear,246.36809985052074,0.12038132421159152,2.0951160560521673,0.008934973816594624,11.326915777909315,extreme_fear,True,-0.72,0.12038132421159152,2.0951160560521673
2020-03-27,6737.27,6842.59,6261.0,6359.11,82914.968354,643631,551326113.8552039,12,Extreme Fear,213.75708964058876,0.12085641196625856,2.1002423588787047,-0.057779726345443316,11.325570883980154,extreme_fear,True,-0.76,0.12085641196625856,2.1002423588787047
2020-03-28,6359.11,6360.0,6024.0,6236.65,93159.693429,725588,577986706.1289365,8,Extreme Fear,0.0,0.12025023636003176,2.076687419527426,-0.019445251206402104,11.44207043319209,extreme_fear,True,-0.84,0.12025023636003176,2.076687419527426
2020-03-29,6236.65,6266.0,5866.56,5881.42,63311.627714,496709,383707122.5009629,12,Extreme Fear,110.8385075738618,0.12021591545621535,2.083097371407483,-0.058644949893034606,11.055824283427224,extreme_fear,True,-0.76,0.12021591545621535,2.083097371407483
2020-03-30,5880.5,6599.0,5857.76,6394.38,118889.549992,784034,747569726.4544197,10,Extreme Fear,410.24320452824975,0.12106671208452711,2.1122358926707543,0.08362125023444582,11.685950189766784,extreme_fear,True,-0.8,0.12106671208452711,2.1122358926707543
2020-03-31,6394.45,6523.23,6321.4,6410.44,72337.595259,538231,465780496.6224872,12,Extreme Fear,98.38760289048214,0.12095323480183053,2.112006485856056,0.002508431734471707,11.189099262750071,extreme_fear,True,-0.76,0.12095323480183053,2.112006485856056
2020-04-01,6412.14,6679.94,6150.11,6642.92,97500.7524,758061,618527468.8341641,12,Extreme Fear,139.41138729278012,0.09190755424277668,1.0426403692534503,0.03562371453633789,11.48761537387924,extreme_fear,True,-0.76,0.09190755424277668,1.0426403692534503
2020-04-02,6643.36,7198.0,6551.0,6794.09,149299.906871,1101043,1014494762.4416422,14,Extreme Fear,0.0,0.06993469309816412,0.9156214558909138,0.02250149077446257,11.913712359756156,extreme_fear,True,-0.72,0.06993469309816412,0.9156214558909138
2020-04-03,6793.86,7048.0,6602.1,6734.1,104080.276939,840456,710254017.1002722,14,Extreme Fear,493.71495907810424,0.06893021953494562,0.8620010322081963,-0.008868945989810946,11.552917774011055,extreme_fear,True,-0.72,0.06893021953494562,0.8620010322081963
2020-04-04,6732.97,6990.41,6650.01,6856.99,72990.861139,659051,495076283.5209041,12,Extreme Fear,407.57066771102615,0.06610306668466313,0.858075233813918,0.018084399293975692,11.19808952241691,extreme_fear,True,-0.76,0.06610306668466313,0.858075233813918
2020-04-05,6857.41,6895.54,6677.52,6772.78,49685.356983,506433,337062083.0020279,12,Extreme Fear,228.01382335136427,0.06119737829426938,0.8157131622622645,-0.012356932145710244,10.81346554056468,extreme_fear,True,-0.76,0.06119737829426938,0.8157131622622645
2020-04-06,6772.78,7355.14,6765.0,7329.9,118052.000832,956586,837357664.6519214,12,Extreme Fear,0.0,0.06024901066957317,0.8357022036229953,0.07905023544895948,11.678880491391627,extreme_fear,True,-0.76,0.06024901066957317,0.8357022036229953
2020-04-07,7329.9,7459.69,7077.0,7197.32,103585.168918,924436,757201786.6976632,20,Extreme Fear,26.19038375144136,0.059660672810708165,0.8445680952985026,-0.018253138732796458,11.548149441397394,extreme_fear,True,-0.6,0.059660672810708165,0.8445680952985026
2020-04-08,7197.32,7420.0,7150.0,7361.28,76059.145838,750516,555122600.2750258,21,Extreme Fear,283.32862936422094,0.053666737050510956,0.7200311761315334,0.02252509615524215,11.239266551311383,extreme_fear,True,-0.58,0.053666737050510956,0.7200311761315334
2020-04-09,7360.26,7371.92,7108.08,7283.54,61094.872417,686207,444741085.9037586,22,Extreme Fear,218.14706855938195,0.04699935995931407,0.7233580740688802,-0.010616822906183088,11.02018322047608,extreme_fear,True,-0.56,0.04699935995931407,0.7233580740688802
2020-04-10,7283.54,7295.75,6739.98,6858.92,104674.623375,949050,727281590.7719399,15,Extreme Fear,0.0,0.04639449693539435,0.7621096829702719,-0.060067012815594734,11.558611992839314,extreme_fear,True,-0.7,0.04639449693539435,0.7621096829702719
2020-04-11,6858.92,6944.3,6760.0,6876.83,45470.293206,484618,311699573.516674,15,Extreme Fear,107.21851734247181,0.04407784153877614,0.7201975210231046,0.002607795009356709,10.72481449513783,extreme_fear,True,-0.7,0.04407784153877614,0.7201975210231046
2020-04-12,6876.84,7177.0,6780.0,6903.79,73868.666501,648323,516235035.18651134,10,Extreme Fear,74.42652241161568,0.040030451427301744,0.6207410041576752,0.003912746218315506,11.210044018390168,extreme_fear,True,-0.8,0.040030451427301744,0.6207410041576752
2020-04-13,6903.79,6903.79,6575.0,6837.91,96415.476573,804179,649390681.2485026,11,Extreme Fear,0.0,0.039460399425139826,0.604852595784883,-0.009588406781744151,11.47642201307568,extreme_fear,True,-0.78,0.039460399425139826,0.604852595784883
2020-04-14,6838.04,6978.0,6754.28,6868.7,69068.623285,608665,474794776.19211113,15,Extreme Fear,0.0,0.038374992948092726,0.6036363832449179,0.004492730411147658,11.142855829714108,extreme_fear,True,-0.7,0.038374992948092726,0.6036363832449179
2020-04-15,6868.57,6933.0,6605.0,6621.24,61571.384994,581374,416947490.6156957,18,Extreme Fear,83.68511317188099,0.038538534672802965,0.6176592430166444,-0.03669219621182481,11.027952512276261,extreme_fear,True,-0.64,0.038538534672802965,0.6176592430166444
2020-04-16,6621.25,7190.0,6468.27,7101.94,125009.857539,971163,865277543.3946934,13,Extreme Fear,255.26765434449558,0.0393030064765478,0.6280748735155286,0.07008532257417706,11.736147873487127,extreme_fear,True,-0.74,0.0393030064765478,0.6280748735155286
2020-04-17,7101.99,7148.12,6972.98,7027.55,54126.509763,537554,382334236.16947895,15,Extreme Fear,69.28145729198846,0.03876463418611266,0.6241590400179885,-0.01052984748182655,10.89907935892038,extreme_fear,True,-0.7,0.03876463418611266,0.6241590400179885
2020-04-18,7026.78,7293.08,7014.4,7248.6,49488.542819,494670,354845083.77618897,18,Extreme Fear,31.494476252152236,0.03810283363351547,0.5806583141144468,0.030970208092469646,10.809496463564178,extreme_fear,True,-0.64,0.03810283363351547,0.5806583141144468
2020-04-19,7248.6,7266.15,7055.6,7120.74,45664.86393,483574,326485586.9317383,16,Extreme Fear,237.81388414985523,0.03480511292043192,0.5195338718994311,-0.017796694163898973,10.729084439377553,extreme_fear,True,-0.68,0.03480511292043192,0.5195338718994311
2020-04-20,7121.4,7220.0,6751.0,6826.83,90149.49137,785174,629612368.7476892,15,Extreme Fear,0.0,0.035706209003839307,0.5463033044200221,-0.04215121560930678,11.409224586574505,extreme_fear,True,-0.7,0.035706209003839307,0.5463033044200221
2020-04-21,6828.98,6940.0,6762.0,6841.37,60109.710808,555797,411800606.08159715,17,Extreme Fear,117.10538879250512,0.03411674678963834,0.5326608217537356,0.0021275669780452776,11.00392668497522,extreme_fear,True,-0.66,0.03411674678963834,0.5326608217537356
2020-04-22,6841.36,7156.38,6818.0,7125.14,61486.377334,508659,431271646.17559904,19,Extreme Fear,0.0,0.03234638676376444,0.5458871614164976,0.0406413711082043,11.026570922494136,extreme_fear,True,-0.62,0.03234638676376444,0.5458871614164976
2020-04-23,7125.12,7738.0,7020.0,7482.39,102773.569561,881099,756320213.5858521,19,Extreme Fear,0.0,0.03376789032604859,0.5681836105201709,0.048922884583249386,11.54028349350819,extreme_fear,True,-0.62,0.03376789032604859,0.5681836105201709
2020-04-24,7483.96,7615.96,7388.0,7505.0,60182.119939,601093,452118137.79400164,20,Extreme Fear,111.81410689856071,0.033346405415005095,0.5661897307766983,0.003017205417696101,11.005130576200349,extreme_fear,True,-0.6,0.033346405415005095,0.5661897307766983
2020-04-25,7505.0,7705.0,7431.07,7538.67,43874.427726,521943,331292050.77197313,24,Extreme Fear,126.78715686237766,0.033421543886884314,0.5626787553371712,0.004476308802495665,10.68908691740105,extreme_fear,True,-0.52,0.033421543886884314,0.5626787553371712
2020-04-26,7539.03,7700.0,7480.0,7693.1,50522.616209,554480,384202783.2747096,21,Extreme Fear,245.65589909194236,0.03171756924837154,0.4952181394686347,0.02027804933449806,10.830176360733258,extreme_fear,True,-0.58,0.03171756924837154,0.4952181394686347
2020-04-27,7693.1,7792.02,7606.0,7774.62,65441.339576,637800,504025811.6512535,28,Fear,0.0,0.031088856485960364,0.48979476651852644,0.010540759050406048,11.088909441360514,fear,False,-0.44,0.031088856485960364,0.48979476651852644
2020-04-28,7773.51,7780.0,7659.12,7738.98,46302.752638,499414,357391780.93076265,26,Fear,111.78874125855477,0.0307597441834203,0.4855275083513702,-0.004594686301061086,10.742956690531734,fear,False,-0.48,0.0307597441834203,0.4855275083513702
2020-04-29,7738.58,8952.89,7710.05,8778.57,183546.887514,1433128,1536390177.044949,26,Fear,0.0,0.03640061257471882,0.6507681971514423,0.12604362825102328,12.120225431625117,fear,False,-0.48,0.03640061257471882,0.6507681971514423
2020-04-30,8778.58,9460.0,8401.0,8620.0,206277.214124,1661554,1839283907.4625194,44,Fear,0.0,0.038287953608350994,0.607067829488804,-0.018228439547185536,12.23697624276053,fear,False,-0.12,0.038287953608350994,0.607067829488804
2020-05-01,8620.0,9059.18,8613.56,8826.96,91468.815059,865960,805640126.6308705,40,Fear,247.9522322440557,0.038714371103780086,0.6076267609198835,0.023725589801303106,11.423753374144287,fear,False,-0.2,0.038714371103780086,0.6076267609198835
2020-05-02,8825.67,9010.0,8753.0,8972.05,59002.08755,637884,523838859.5442492,40,Fear,186.1716266222834,0.03815114244191692,0.606900326765355,0.016303515058974757,10.98532810446531,fear,False,-0.2,0.03815114244191692,0.606900326765355
2020-05-03,8972.58,9200.0,8712.0,8894.16,90126.065643,877460,808427095.9321591,45,Fear,173.96977267265322,0.038290198800088694,0.6064770524917531,-0.008719307953238976,11.408964698572825,fear,False,-0.1,0.038290198800088694,0.6064770524917531
2020-05-04,8894.15,8950.0,8522.0,8871.96,84418.512331,848802,738343818.6939254,44,Fear,0.0,0.0386043210525641,0.608305206517941,-0.002499140111014321,11.343541996947149,fear,False,-0.12,0.0386043210525641,0.608305206517941
2020-05-05,8871.92,9118.58,8760.0,9021.83,76480.765342,812543,683083018.8779808,40,Fear,0.0,0.03843121816256542,0.5795394630793683,0.01675145450840847,11.244794554762032,fear,False,-0.2,0.03843121816256542,0.5795394630793683
2020-05-06,9021.36,9395.0,8906.21,9142.92,105925.30242,1007661,972793508.4649074,42,Fear,0.0,0.03642310335583925,0.5424261928797919,0.013332613300691144,11.570489430529626,fear,False,-0.16,0.03642310335583925,0.5424261928797919
2020-05-07,9143.4,10067.0,9021.0,9986.4,147154.611378,1254835,1409783462.0063643,49,Neutral,0.0,0.039148358052959055,0.5970536614505232,0.08824435807397825,11.899239091111472,neutral,False,-0.02,0.039148358052959055,0.5970536614505232
2020-05-08,9986.3,10035.96,9705.0,9800.01,100683.7964,967816,997005843.7404792,55,Greed,120.9633431673209,0.03905763127396693,0.608299850541107,-0.018840761270535238,11.519740156126739,neutral,False,0.1,0.03905763127396693,0.608299850541107
2020-05-09,9800.02,9914.25,9520.0,9539.4,81950.679567,839384,795001351.6797023,56,Greed,0.0,0.03923773575909505,0.6156864072763079,-0.026952815683587594,11.31387287659641,greed,False,0.12,0.03923773575909505,0.6156864072763079
2020-05-10,9539.1,9574.83,8117.0,8722.77,183865.182028,1565771,1594996476.975637,48,Neutral,0.0,0.044161873978961874,0.6918136281017558,-0.08949374237266458,12.121958061661054,neutral,False,-0.04,0.044161873978961874,0.6918136281017558
2020-05-11,8722.77,9168.0,8200.0,8561.52,168807.251832,1367382,1468392820.7608037,40,Fear,824.192279298246,0.046504166593576854,0.6997384717078016,-0.018659103544510936,12.03651282131124,fear,False,-0.2,0.046504166593576854,0.6997384717078016
2020-05-12,8562.04,8978.26,8528.78,8810.79,86522.780066,784859,760195457.0509586,39,Fear,271.6413952856074,0.04656066716888731,0.6943407376307377,0.028699362273097852,11.368163011612722,fear,False,-0.22,0.04656066716888731,0.6943407376307377
2020-05-13,8810.99,9398.0,8792.99,9309.37,92466.274018,869216,839725719.9602077,41,Fear,0.0,0.04557120834239922,0.6991431985392336,0.05504431306987792,11.434599251805064,fear,False,-0.18,0.04557120834239922,0.6991431985392336
2020-05-14,9309.35,9939.0,9256.76,9791.98,129565.37747,1199530,1247456797.8136663,40,Fear,0.0,0.046381858104185034,0.7122449234072609,0.050542263457842476,11.771940878058386,fear,False,-0.2,0.046381858104185034,0.7122449234072609
2020-05-15,9791.97,9845.62,9150.0,9316.42,115890.761516,1055630,1099721375.8919058,44,Fear,468.1414508358178,0.04716424862900529,0.7463854669063833,-0.049785248551448925,11.660403315331095,fear,False,-0.12,0.04716424862900529,0.7463854669063833
2020-05-16,9315.96,9588.0,9220.0,9381.27,59587.627862,692028,560547005.0259086,41,Fear,236.51500105093874,0.047296254925096766,0.7455898313862237,0.006936713576645949,10.995203245296388,fear,False,-0.18,0.047296254925096766,0.7455898313862237
2020-05-17,9380.81,9888.0,9322.1,9680.04,68647.764323,722718,663088800.815278,40,Fear,19.283234408741595,0.04784393211210472,0.7494689306641736,0.03135088520193182,11.136743844358467,fear,False,-0.2,0.04784393211210472,0.7494689306641736
2020-05-18,9681.11,9950.0,9464.23,9733.93,82006.603583,794292,797622297.3261683,50,Neutral,292.9756968854639,0.048268000110596385,0.7475388515089405,0.005551686585784176,11.314555054503902,neutral,False,0.0,0.048268000110596385,0.7475388515089405
2020-05-19,9733.93,9897.21,9474.0,9775.53,78539.760454,773581,760713946.0085461,50,Neutral,395.7223685385601,0.04428819426712663,0.6128236009771266,0.004264604253293181,11.271360278140081,neutral,False,0.0,0.04428819426712663,0.6128236009771266
2020-05-20,9775.13,9842.0,9326.0,9511.43,74923.73809,731189,721190802.7634026,52,Neutral,239.16827678045516,0.0419471365224845,0.618341088927928,-0.02738809106362215,11.224226049734055,neutral,False,0.04,0.0419471365224845,0.618341088927928
2020-05-21,9511.43,9578.47,8815.0,9068.65,108928.780969,951971,1002046265.9412597,49,Neutral,0.0,0.042873095738271555,0.6410606898604405,-0.04767082257525894,11.598449562056377,neutral,False,-0.02,0.042873095738271555,0.6410606898604405
2020-05-22,9067.51,9271.0,8933.52,9170.0,58943.131024,693694,537847834.4967086,42,Fear,190.7404534628123,0.04298599994447593,0.6397184634107959,0.011113875556824242,10.984328377106742,fear,False,-0.16,0.04298599994447593,0.6397184634107959
2020-05-23,9170.0,9307.85,9070.0,9179.15,43526.296966,512460,400407195.62892234,40,Fear,100.78551778862719,0.04250072332539742,0.6386710448533098,0.0009973214844743207,10.681120562377384,fear,False,-0.2,0.04250072332539742,0.6386710448533098
2020-05-24,9179.01,9298.0,8700.0,8720.34,70379.86645,774088,636787240.3733248,43,Fear,91.82053512294969,0.04292669166607877,0.6656972920453301,-0.05127637976639384,11.161662513317651,fear,False,-0.14,0.04292669166607877,0.6656972920453301
2020-05-25,8718.14,8979.66,8642.72,8900.35,62833.910949,733557,553545285.9140139,41,Fear,87.16735161982805,0.04289584200862674,0.6671157255905447,0.02043237382109617,11.04825018998212,fear,False,-0.18,0.04289584200862674,0.6671157255905447
2020-05-26,8900.35,9017.67,8700.0,8841.18,58299.770138,678304,516455128.89068806,39,Fear,240.45438996092585,0.04256486352643408,0.6653201197012625,-0.006670249903320306,10.973353429586385,fear,False,-0.22,0.04256486352643408,0.6653201197012625
2020-05-27,8841.0,9225.0,8811.73,9204.07,68910.355514,662850,624660855.780037,39,Fear,0.0,0.0404054707928688,0.5976321745892179,0.040225425628930105,11.140561743444026,fear,False,-0.22,0.0404054707928688,0.5976321745892179
2020-05-28,9204.07,9625.47,9110.0,9575.89,74110.787662,738725,693930106.1813825,41,Fear,0.0,0.04082835579704855,0.6142606364412978,0.0396027036055747,11.213316383171207,fear,False,-0.18,0.04082835579704855,0.6142606364412978
2020-05-29,9575.87,9605.26,9330.0,9427.07,57374.362961,593705,542758086.6064702,48,Neutral,174.01079976751026,0.04065102967598983,0.6092592608400512,-0.015663143272285802,10.957352844224953,neutral,False,-0.04,0.04065102967598983,0.6092592608400512
2020-05-30,9426.6,9740.0,9331.23,9697.72,55665.27254,651290,530598690.0714505,48,Neutral,212.38142392539683,0.03454900619962031,0.5179239378211312,0.028305468467552164,10.927111758225555,neutral,False,-0.04,0.03454900619962031,0.5179239378211312
2020-05-31,9697.72,9700.0,9381.41,9448.27,48333.786403,651473,461272298.8525205,51,Neutral,276.93336170985054,0.031451631887777214,0.5231040182370115,-0.026059150370553428,10.78588610654584,neutral,False,0.02,0.031451631887777214,0.5231040182370115
2020-06-01,9448.27,10380.0,9421.67,10200.77,76649.12696,826964,749707596.6593573,50,Neutral,31.693821585540793,0.033329487180913546,0.5768978036806844,0.07663155167361478,11.246993494280757,neutral,False,0.0,0.033329487180913546,0.5768978036806844
2020-06-02,10202.71,10228.99,9266.0,9518.04,108970.773151,1004312,1070060237.1302093,56,Greed,600.6948361139752,0.0347462664008103,0.6084229702057153,-0.06927426238341051,11.598834989026978,greed,False,0.12,0.0347462664008103,0.6084229702057153
2020-06-03,9518.02,9690.0,9365.21,9666.24,46252.644939,562784,441928818.0430156,48,Neutral,137.91450955881191,0.033720440324652795,0.5828196487347814,0.015450457159570928,10.741873929175677,neutral,False,-0.04,0.033720440324652795,0.5828196487347814
2020-06-04,9666.32,9881.63,9450.0,9789.06,57456.100969,665881,557234945.6467389,54,Neutral,60.6470561842924,0.03280578960494038,0.5544422029733735,0.01262603317612486,10.958776473791666,neutral,False,0.08,0.03280578960494038,0.5544422029733735
2020-06-05,9788.14,9854.75,9581.0,9621.16,47788.05005,566062,465200788.20363384,53,Neutral,196.57242153459538,0.03260229121715824,0.5585150123202343,-0.017300596060589795,10.774530888270625,neutral,False,0.06,0.03260229121715824,0.5585150123202343
2020-06-06,9621.17,9735.0,9531.05,9666.3,32752.950893,435796,315604867.2361491,54,Neutral,44.47615940295906,0.031754665509623796,0.5473709891006601,0.004680770035723853,10.396748340607365,neutral,False,0.08,0.031754665509623796,0.5473709891006601
2020-06-07,9666.85,9802.0,9372.46,9746.99,57952.848385,637766,556919603.7915448,54,Neutral,114.67870236870131,0.03161313920155692,0.5478347399057882,0.008312909833360433,10.967385000018972,neutral,False,0.08,0.03161313920155692,0.5478347399057882
2020-06-08,9746.99,9800.0,9633.0,9782.01,40664.664125,485139,395459395.8213372,53,Neutral,76.84883907366373,0.031149263115998603,0.5477711096888126,0.0035864650046320786,10.613114791006947,neutral,False,0.06,0.031149263115998603,0.5477711096888126
2020-06-09,9782.0,9877.0,9570.0,9772.43,46024.001289,551863,447208895.8386983,52,Neutral,105.61721512158775,0.03059340955645846,0.5381741664668792,-0.000979828700433323,10.736918306550256,neutral,False,0.04,0.03059340955645846,0.5381741664668792
2020-06-10,9772.44,9992.72,9704.18,9885.0,47130.762982,560909,462384305.3511993,54,Neutral,0.0,0.02875787981113326,0.50674415882396,0.011453300920539622,10.760681208668554,neutral,False,0.08,0.02875787981113326,0.50674415882396
2020-06-11,9885.22,9964.0,9113.0,9280.4,94418.98473,966502,902075648.5453849,52,Neutral,43.622420693424964,0.03075636289639551,0.5592988903375212,-0.06311380730512214,11.455497441341768,neutral,False,0.04,0.03075636289639551,0.5592988903375212
2020-06-12,9278.88,9557.12,9232.51,9465.13,50119.066932,553203,472007894.3756753,38,Fear,155.81574032131897,0.030909603074416724,0.5634050838942191,0.019709870061973344,10.822156792156743,fear,False,-0.24,0.030909603074416724,0.5634050838942191
2020-06-13,9464.96,9494.73,9351.0,9473.34,27759.784851,392763,261673162.2584724,38,Fear,77.662896190963,0.029663224285667592,0.5278617348573356,0.0008670183509335627,10.231343664266499,fear,False,-0.24,0.029663224285667592,0.5278617348573356
2020-06-14,9473.34,9480.99,9245.0,9342.1,30055.506608,415568,282131272.3800662,40,Fear,67.78966859938647,0.029410665882529413,0.5278968456999453,-0.013950471361775322,10.310801171361812,fear,False,-0.2,0.029410665882529413,0.5278968456999453
2020-06-15,9342.1,9495.0,8910.45,9426.02,86107.924707,839521,793518842.5509845,37,Fear,116.28828118495348,0.030242396673282507,0.5272389733675316,0.008942883921489994,11.363356726912041,fear,False,-0.26,0.030242396673282507,0.5272389733675316
2020-06-16,9426.05,9589.0,9373.09,9525.59,52052.446927,543481,494458269.1397911,39,Fear,0.0,0.02976696604155831,0.5098269242024063,0.010507911061560557,10.860007084023623,fear,False,-0.22,0.02976696604155831,0.5098269242024063
2020-06-17,9526.97,9565.0,9236.61,9465.14,48046.411152,536158,453209812.2257806,38,Fear,102.87842161787968,0.029213885709403625,0.4902566152348546,-0.006366285463241823,10.779922721744288,fear,False,-0.24,0.029213885709403625,0.4902566152348546
2020-06-18,9465.13,9489.0,9280.0,9386.32,37381.953765,475074,351649555.0725387,40,Fear,156.80830723461162,0.029105850981059157,0.4879573753312689,-0.008362265766844552,10.528943347300148,fear,False,-0.2,0.029105850981059157,0.4879573753312689
2020-06-19,9386.32,9438.3,9215.79,9310.23,45330.983673,503484,423086965.1927383,39,Fear,82.62982117724057,0.028710023360650167,0.4767226032347926,-0.008139514519042584,10.721746043964172,fear,False,-0.22,0.028710023360650167,0.4767226032347926
2020-06-20,9310.23,9395.0,9170.95,9358.95,30329.065384,382778,282120360.5567526,38,Fear,125.60216358101212,0.02854223082175479,0.46868097050742874,0.005219309107220791,10.319861785305102,fear,False,-0.24,0.02854223082175479,0.46868097050742874
2020-06-21,9358.95,9422.0,9281.54,9294.69,24316.926234,321015,227467940.6102112,37,Fear,34.33032621882293,0.0254854466176509,0.3697657004316039,-0.006889835356610858,10.09892793968781,fear,False,-0.26,0.0254854466176509,0.3697657004316039
2020-06-22,9294.69,9780.0,9277.09,9685.69,57895.468343,588704,550995799.0694704,38,Fear,50.58023656870669,0.022879427314744197,0.3180157142746618,0.04120626916014081,10.966394393537792,fear,False,-0.24,0.022879427314744197,0.3180157142746618
2020-06-23,9685.69,9720.0,9577.03,9624.89,41031.02938,474319,395487616.460878,41,Fear,49.25531038994594,0.02250482669103566,0.31413974160693414,-0.006297086976149205,10.622083873593372,fear,False,-0.18,0.02250482669103566,0.31413974160693414
2020-06-24,9624.33,9670.0,9208.0,9296.49,61571.561464,572362,579426702.7966821,50,Neutral,0.0,0.022665278818939313,0.33286377095510367,-0.03471554197335148,11.02795537837627,neutral,False,0.0,0.022665278818939313,0.33286377095510367
2020-06-25,9298.33,9340.0,9009.69,9249.49,55831.619156,536205,514396747.4047828,43,Fear,0.0,0.02286441642063477,0.32849290586309965,-0.0050684946945599284,10.93009563942426,fear,False,-0.14,0.02286441642063477,0.32849290586309965
2020-06-26,9249.49,9298.0,9045.45,9162.21,50292.298277,510947,461347064.82950306,40,Fear,225.0763847213677,0.02298635360939905,0.3285365015642362,-0.009480998907668087,10.825607228599008,fear,False,-0.2,0.02298635360939905,0.3285365015642362
2020-06-27,9162.21,9196.24,8833.0,9012.0,46290.930113,499415,419606802.2372014,43,Fear,0.0,0.022835256120190932,0.3293476261500227,-0.016530393391535187,10.742701326996922,fear,False,-0.14,0.022835256120190932,0.3293476261500227
2020-06-28,9012.0,9191.0,8948.06,9116.35,30688.176421,374404,278721674.9221112,40,Fear,195.32727527927244,0.023001356256606917,0.3329258898002518,0.011512482108878288,10.331632726526129,fear,False,-0.2,0.023001356256606917,0.3329258898002518
2020-06-29,9116.16,9238.0,9024.67,9192.56,42120.293261,434299,384206326.4706804,41,Fear,88.27174287491566,0.022823807150692512,0.33549730951043494,0.008324956553215883,10.648284928735544,fear,False,-0.18,0.022823807150692512,0.33549730951043494
2020-06-30,9192.93,9205.0,9064.89,9138.55,31463.162801,328083,287781334.5170158,44,Fear,110.68718925923008,0.02257624588777928,0.3311681083096024,-0.0058927316772564384,10.35657270560229,fear,False,-0.12,0.02257624588777928,0.3311681083096024
2020-07-01,9138.08,9292.0,9080.1,9232.0,38488.528699,374832,354087627.16966116,42,Fear,71.3930270320072,0.019379099276686636,0.24956663007394933,0.01017398021090804,10.558115520008077,fear,False,-0.16,0.019379099276686636,0.24956663007394933
2020-07-02,9231.99,9261.96,8940.0,9086.54,45725.168076,470292,417724468.88735676,42,Fear,87.34953539225363,0.019405914105648663,0.2436994532512499,-0.01588151210121853,10.730404149053294,fear,False,-0.16,0.019405914105648663,0.2436994532512499
2020-07-03,9086.54,9125.0,9037.47,9058.26,28943.420177,343189,263123750.46717235,41,Fear,31.12965512639106,0.019340861922106652,0.24347914552525976,-0.0031171490343047835,10.273098174854267,fear,False,-0.18,0.019340861922106652,0.24347914552525976
2020-07-04,9057.79,9190.0,9040.04,9135.46,26441.968484,335225,240576054.91572312,40,Fear,56.27937207286364,0.01917010257827385,0.2421891124292226,0.008486495706433785,10.182707742177644,fear,False,-0.2,0.01917010257827385,0.2421891124292226
2020-07-05,9135.0,9145.24,8893.03,9069.41,34073.653627,384500,308410443.6592152,38,Fear,0.0,0.017572344085121403,0.24008042641080765,-0.007256331939539371,10.436279743737156,fear,False,-0.24,0.017572344085121403,0.24008042641080765
2020-07-06,9069.41,9375.0,9055.92,9344.2,54463.132277,533540,502548376.20946366,40,Fear,0.0,0.017918097184154495,0.26216801472558043,0.029848617569280738,10.905279279759274,fear,False,-0.2,0.017918097184154495,0.26216801472558043
2020-07-07,9342.47,9379.42,9203.0,9257.39,34587.336678,433481,320576525.3553498,43,Fear,106.05939914004622,0.017479997019056517,0.2631890274703884,-0.009333678488988535,10.451242902089092,fear,False,-0.14,0.017479997019056517,0.2631890274703884
2020-07-08,9257.4,9470.0,9231.0,9436.06,56140.517781,652605,525344876.6999235,44,Fear,78.29760866075837,0.017560983413247282,0.27110135953419073,0.01911636867434222,10.935613072905047,fear,False,-0.12,0.017560983413247282,0.27110135953419073
2020-07-09,9436.06,9440.79,9160.0,9232.43,48044.450645,575491,447640493.54432976,44,Fear,151.55736114580318,0.017735952571932383,0.28089435982844324,-0.021816234347635674,10.779881916469705,fear,False,-0.12,0.017735952571932383,0.28089435982844324
2020-07-10,9232.42,9317.48,9125.0,9288.34,38295.494006,525484,352238898.76948255,41,Fear,64.82031295511347,0.017661139126468592,0.2811271443022777,0.006037564295295626,10.553087518273546,fear,False,-0.18,0.017661139126468592,0.2811271443022777
2020-07-11,9288.34,9299.28,9178.25,9234.03,22561.366,413452,208410250.5095937,44,Fear,91.02301892091691,0.017633560159034917,0.28083552445017795,-0.005864277156991473,10.023994253424329,fear,False,-0.12,0.017633560159034917,0.28083552445017795
2020-07-12,9234.02,9345.0,9157.5,9302.75,30872.702286,484875,285591381.4915314,41,Fear,93.31341920085339,0.016373506869236318,0.23669971016337965,0.00741448243121315,10.337627651274342,fear,False,-0.18,0.016373506869236318,0.23669971016337965
2020-07-13,9303.31,9343.82,9200.89,9242.62,42740.069115,642552,396614086.79626995,43,Fear,125.43836829955033,0.016383440931170345,0.2367456279235386,-0.006484660129130597,10.662892145975247,fear,False,-0.14,0.016383440931170345,0.2367456279235386
2020-07-14,9242.61,9279.54,9113.0,9255.85,45772.552509,613139,421789086.4549474,43,Fear,0.0,0.015202340972929218,0.20289838309586605,0.0014303888111533642,10.731439900259623,fear,False,-0.14,0.015202340972929218,0.20289838309586605
2020-07-15,9255.85,9276.49,9160.57,9197.6,39053.579665,554780,360201683.49480516,44,Fear,95.06240547249224,0.01451150788710879,0.20334058025913362,-0.00631320359826029,10.572689819824511,fear,False,-0.12,0.01451150788710879,0.20334058025913362
2020-07-16,9197.6,9226.15,9047.25,9133.72,43375.571191,681807,395883667.0248003,43,Fear,0.0,0.014276662989816771,0.20202470015948837,-0.006969520861188566,10.677651685831043,fear,False,-0.14,0.014276662989816771,0.20202470015948837
2020-07-17,9133.72,9186.83,9089.81,9154.32,28054.358741,470991,256360345.57676792,41,Fear,65.0165523187317,0.013287871207496868,0.19261542477347082,0.0022528394199239758,10.24189929071479,fear,False,-0.18,0.013287871207496868,0.19261542477347082
2020-07-18,9154.31,9219.3,9121.1,9170.28,22554.541457,430377,206628105.36278892,44,Fear,22.561595110602177,0.012872243117084684,0.18847500289089542,0.0017419211372258878,10.023691719642489,fear,False,-0.12,0.012872243117084684,0.18847500289089542
2020-07-19,9170.3,9232.27,9101.35,9208.99,26052.019417,440449,238521988.0313255,41,Fear,86.15746337846329,0.012630497009317222,0.18670812188176647,0.004212360691051645,10.167850564983073,fear,False,-0.18,0.012630497009317222,0.18670812188176647
2020-07-20,9208.99,9221.52,9131.0,9160.78,35458.764082,557096,325297289.27265835,44,Fear,74.25095431613117,0.01253163127212508,0.18644831785905877,-0.005248852945236642,10.476125725157281,fear,False,-0.12,0.01253163127212508,0.18644831785905877
2020-07-21,9160.78,9437.73,9152.8,9390.0,60413.582486,782959,563360524.7994282,44,Fear,0.0,0.012821561971792366,0.20323367648703486,0.02471396532100174,11.008969234238206,fear,False,-0.12,0.012821561971792366,0.20323367648703486
2020-07-22,9390.0,9544.0,9261.0,9518.16,48815.004107,663029,457776105.61557144,50,Neutral,26.801068974276397,0.01257609492766317,0.19788588399166665,0.013556259591711564,10.795793005793744,neutral,False,0.0,0.01257609492766317,0.19788588399166665
2020-07-23,9518.16,9664.0,9440.33,9603.27,51856.2335,735371,494282948.7336824,55,Greed,0.0,0.012898503984526308,0.19810458548404136,0.008902112662382592,10.856230428225249,neutral,False,0.1,0.012898503984526308,0.19810458548404136
2020-07-24,9603.27,9637.0,9463.44,9537.8,43931.136205,677725,419240263.5218282,53,Neutral,150.28285344575312,0.012940108882896362,0.19985702764677413,-0.006840814574633343,10.690378600623522,neutral,False,0.06,0.012940108882896362,0.19985702764677413
2020-07-25,9538.1,9732.9,9513.0,9700.42,40679.545416,675222,391431695.7168218,55,Greed,27.09272644232155,0.012757765175386375,0.20314282330481856,0.01690633264140375,10.613480675468791,neutral,False,0.1,0.012757765175386375,0.20314282330481856
2020-07-26,9700.42,10111.0,9650.0,9931.54,65279.269319,945611,644607634.4817771,55,Greed,0.0,0.0134316356090734,0.19323490634703896,0.023546368090711377,11.086429796545321,neutral,False,0.1,0.0134316356090734,0.19323490634703896
2020-07-27,9931.54,11394.86,9917.21,11029.96,150188.933144,1901088,1580355372.0991797,58,Greed,0.0,0.02284267889509596,0.40526725276868797,0.10489965515383327,11.919649334798674,greed,False,0.16,0.02284267889509596,0.40526725276868797
2020-07-28,11029.96,11242.23,10565.0,10906.27,97267.734187,1475636,1065375500.1891887,76,Extreme Greed,320.1765280355625,0.024075271735241148,0.4093057809910597,-0.011277353573673094,11.485222601534398,extreme_greed,True,0.52,0.024075271735241148,0.4093057809910597
2020-07-29,10906.27,11342.82,10812.0,11100.53,76838.094233,1127302,853242253.6158237,71,Greed,179.38024355240856,0.024588695959636375,0.39590294204396326,0.017655001714241426,11.249455814818027,greed,False,0.42,0.024588695959636375,0.39590294204396326
2020-07-30,11100.52,11170.0,10831.0,11099.61,60794.826456,879960,669779541.8872834,76,Extreme Greed,218.56645567650887,0.024776498251459753,0.3971482857079874,-8.288236024881114e-05,11.015259973149588,extreme_greed,True,0.52,0.024776498251459753,0.3971482857079874
2020-07-31,11099.79,11444.0,10960.0,11335.46,70063.660974,971584,786344325.8552314,75,Greed,0.0,0.025386134218790074,0.39534910359609443,0.02102589283746785,11.15715955022495,greed,False,0.5,0.025386134218790074,0.39534910359609443
2020-08-01,11335.46,11861.0,11220.0,11801.17,85087.485126,1174252,987817017.3186326,75,Greed,0.0,0.02631941482142218,0.40917478631719634,0.040262813695335666,11.351435242947906,greed,False,0.5,0.02631941482142218,0.40917478631719634
2020-08-02,11801.17,12123.46,10518.5,11071.35,97553.077604,1459900,1105757335.5281618,80,Extreme Greed,253.02591185354635,0.03243597648350753,0.48665382348080377,-0.06383798859409126,11.48815189454386,extreme_greed,True,0.6,0.03243597648350753,0.48665382348080377
2020-08-03,11071.36,11473.0,10936.0,11219.81,56931.841475,919185,641127593.2614517,75,Greed,190.05486551344924,0.032979046572216064,0.4860219545014949,0.013320275400209495,10.949610067724475,greed,False,0.5,0.032979046572216064,0.4860219545014949
2020-08-04,11219.68,11414.98,11000.0,11191.97,58629.113709,863692,658084242.6797222,72,Greed,305.075805880519,0.033309094161247214,0.48454482483134736,-0.002484409031295822,10.978986673163122,greed,False,0.44,0.033309094161247214,0.48454482483134736
2020-08-05,11191.99,11780.93,11093.0,11744.91,74970.256852,964637,861433645.4244397,75,Greed,49.819135201675046,0.034174059805346296,0.49859430912167435,0.04822339837274129,11.224846738554998,greed,False,0.5,0.034174059805346296,0.49859430912167435
2020-08-06,11744.91,11900.0,11562.5,11762.46,63529.08502,919918,746479211.7155949,79,Extreme Greed,0.0,0.03436221300633979,0.4988100975305065,0.0014931490218287942,11.059253111827257,extreme_greed,True,0.58,0.03436221300633979,0.4988100975305065
2020-08-07,11762.47,11909.94,11322.0,11594.23,65755.926022,940045,767005529.2821208,77,Extreme Greed,183.5825169443184,0.03499875897516368,0.5066750441501938,-0.01440554370016026,11.09370507559075,extreme_greed,True,0.54,0.03499875897516368,0.5066750441501938
2020-08-08,11594.36,11808.27,11512.0,11761.41,41858.16104,779318,489087264.36028093,77,Extreme Greed,145.3125744377937,0.035112369934460805,0.5059563769665788,0.014316272674542746,10.642042063835751,extreme_greed,True,0.54,0.035112369934460805,0.5059563769665788
2020-08-09,11761.02,11797.11,11521.97,11681.68,41493.067342,853386,483708602.8963804,79,Extreme Greed,223.74390562936713,0.03523019691176323,0.5066976131821286,-0.006802030569309808,10.63328164026405,extreme_greed,True,0.58,0.03523019691176323,0.5066976131821286
2020-08-10,11681.69,12067.35,11450.0,11892.92,84952.337887,1340835,1009169063.3832129,78,Extreme Greed,122.12988096367125,0.03569244508375199,0.5050354938579154,0.01792146240338923,11.349845647463003,extreme_greed,True,0.56,0.03569244508375199,0.5050354938579154
2020-08-11,11892.9,11935.0,11125.0,11392.08,90748.284634,1343979,1049615697.1379416,84,Extreme Greed,155.08821722297213,0.03669721689859633,0.5410963229099677,-0.04302488795968553,11.415844849843767,extreme_greed,True,0.68,0.03669721689859633,0.5410963229099677
2020-08-12,11392.09,11617.52,11150.0,11564.33,64909.613644,1104096,743303608.0999826,75,Greed,268.5109149981204,0.03697597124144601,0.5415175590196716,0.01500698346852347,11.080751021829858,greed,False,0.5,0.03697597124144601,0.5415175590196716
2020-08-13,11564.34,11792.96,11270.36,11780.0,70132.491502,1243382,809611114.2132484,75,Greed,123.25874886180812,0.037394065092995345,0.5389656193171244,0.01847781763804461,11.158141467807063,greed,False,0.5,0.037394065092995345,0.5389656193171244
2020-08-14,11779.77,11850.0,11634.03,11760.54,59818.852697,1011746,702273220.6964158,78,Extreme Greed,0.0,0.03734968928640918,0.5400909672302202,-0.001653318439828755,10.999076152745586,extreme_greed,True,0.56,0.03734968928640918,0.5400909672302202
2020-08-15,11760.55,11980.0,11680.0,11852.4,56237.90505,1018956,667446824.0641296,79,Extreme Greed,48.87338155083416,0.03697736559780883,0.5375962864395887,0.007780518936332989,10.937346275612931,extreme_greed,True,0.58,0.03697736559780883,0.5375962864395887
2020-08-16,11852.4,11931.72,11686.0,11911.0,41368.236906,790240,489731524.6369436,82,Extreme Greed,179.71897448139325,0.032050786907948596,0.40025214514547014,0.004931964178818936,10.630268640853316,extreme_greed,True,0.64,0.032050786907948596,0.40025214514547014
2020-08-17,11910.99,12468.0,11769.78,12281.13,84734.21154,1210228,1026883452.8947719,83,Extreme Greed,0.0,0.0318987965137637,0.406821637567454,0.03060159513066791,11.347274713374444,extreme_greed,True,0.66,0.0318987965137637,0.406821637567454
2020-08-18,12281.15,12387.77,11817.93,11945.01,75923.835527,1189390,920402307.1768105,82,Extreme Greed,405.37464408544525,0.03187632098556129,0.4211485838982359,-0.027750320081645123,11.237485952647832,extreme_greed,True,0.64,0.03187632098556129,0.4211485838982359
2020-08-19,11945.1,12020.08,11561.0,11754.59,73940.169606,1258060,870612801.5295693,80,Extreme Greed,0.0,0.032036192407879416,0.42682113887086676,-0.01606981533902176,11.21101152632083,extreme_greed,True,0.6,0.032036192407879416,0.42682113887086676
2020-08-20,11754.38,11888.0,11668.0,11853.55,46085.254351,798027,543576025.0485107,75,Greed,102.56361856879474,0.03160591805755107,0.42201938437925096,0.008383598166900236,10.73824831558363,greed,False,0.5,0.03160591805755107,0.42201938437925096
2020-08-21,11853.54,11878.0,11485.81,11531.34,64448.306142,1189668,755451999.6540914,81,Extreme Greed,96.68272894809063,0.031041903205263895,0.4094417306686644,-0.02755885468727366,11.073618726284181,extreme_greed,True,0.62,0.031041903205263895,0.4094417306686644
2020-08-22,11531.23,11686.0,11376.81,11662.96,43678.701646,809328,504305451.410864,78,Extreme Greed,0.0,0.02475681955782704,0.3374276523932468,0.011349461965321588,10.684615885755402,extreme_greed,True,0.56,0.02475681955782704,0.3374276523932468
2020-08-23,11663.51,11718.07,11514.13,11648.13,37900.00469,627352,440406018.65187865,76,Extreme Greed,60.25868474918049,0.024021231150079165,0.3352490679814452,-0.001272355947377651,10.542706514817212,extreme_greed,True,0.52,0.024021231150079165,0.3352490679814452
2020-08-24,11648.12,11824.9,11585.09,11748.2,46212.391867,656584,542298951.538298,78,Extreme Greed,8.439800986747661,0.023661358677076482,0.335635682768358,0.008554385259456227,10.741003263334116,extreme_greed,True,0.56,0.023661358677076482,0.335635682768358
2020-08-25,11748.19,11767.85,11117.64,11318.42,69590.923272,996668,797034671.6452801,75,Greed,0.0,0.02351242606655336,0.3176200928426893,-0.03726855030411857,11.150389425059407,greed,False,0.5,0.02351242606655336,0.3176200928426893
2020-08-26,11318.42,11539.32,11244.0,11461.43,53998.231231,862654,615452789.9673375,76,Extreme Greed,136.00428562944072,0.023452660764449556,0.3215672480476077,0.01255599829022591,10.896706570028474,extreme_greed,True,0.52,0.023452660764449556,0.3215672480476077
2020-08-27,11461.42,11592.2,11125.0,11330.38,63246.036383,959270,717474981.6640126,75,Greed,180.76980831503266,0.023115499272463817,0.32015848611871445,-0.011499871598155137,11.054787738744755,greed,False,0.5,0.023115499272463817,0.32015848611871445
2020-08-28,11330.38,11542.65,11276.89,11526.91,45953.908365,719985,525606229.654251,74,Greed,148.15633397490373,0.023075249056289247,0.32216114068017737,0.017196688078947187,10.735394181076384,greed,False,0.48,0.023075249056289247,0.32216114068017737
2020-08-29,11526.9,11580.02,11417.04,11465.84,32973.7992,611834,379228275.2707224,79,Extreme Greed,17.896764942739413,0.022935716743205554,0.32184893891734245,-0.005312121743530515,10.403468561456194,extreme_greed,True,0.58,0.022935716743205554,0.32184893891734245
2020-08-30,11465.84,11719.0,11458.0,11711.16,43177.879054,756541,501375342.9350389,75,Greed,12.25633785478491,0.022033252324061992,0.324568044078099,0.02117005324622385,10.673083584150069,greed,False,0.5,0.022033252324061992,0.324568044078099
2020-08-31,11711.17,11800.77,11570.0,11649.51,55353.617744,822062,646723855.5714536,75,Greed,11.560980081443239,0.020085403498304837,0.28458406694922833,-0.005278114294061569,10.921497297229376,greed,False,0.5,0.020085403498304837,0.28458406694922833
2020-09-01,11649.51,12050.85,11515.0,11921.97,78148.193668,1321492,928047313.4889667,75,Greed,99.04239994124313,0.02025604014372348,0.29121457236329634,0.023118797396930114,11.266362221929267,greed,False,0.5,0.02025604014372348,0.29121457236329634
2020-09-02,11921.97,11954.57,11160.1,11388.54,87221.845602,1373524,1005391012.1338751,83,Extreme Greed,136.6338931275029,0.021413568402113423,0.32852187683184136,-0.04577532981158565,11.37621010148015,extreme_greed,True,0.66,0.021413568402113423,0.32852187683184136
2020-09-03,11388.54,11462.6,9960.8,10140.85,121950.106015,1611610,1325106403.3158674,79,Extreme Greed,0.0,0.028426847403068792,0.5221744269616746,-0.11603576554688845,11.711367272975382,extreme_greed,True,0.58,0.028426847403068792,0.5221744269616746
2020-09-04,10138.29,10627.05,9875.5,10446.25,92733.599113,1434860,959925718.3512754,40,Fear,226.91803712566426,0.029891486364737287,0.536212919685479,0.02967124125373026,11.437486135863246,fear,False,-0.2,0.029891486364737287,0.536212919685479
2020-09-05,10446.25,10565.68,9825.0,10166.69,90001.605568,1476782,917578408.8761182,41,Fear,598.1832566078356,0.03132020583965179,0.5393607503999003,-0.027126372308919018,11.407582788797722,fear,False,-0.18,0.03132020583965179,0.5393607503999003
2020-09-06,10166.69,10347.14,9994.86,10256.2,56368.788815,1053192,574903000.2351745,41,Fear,189.08464319551803,0.030703409843641262,0.5240292491928569,0.008765710743617944,10.939670894504534,fear,False,-0.18,0.030703409843641262,0.5240292491928569
2020-09-07,10255.89,10410.75,9875.0,10373.44,62620.230676,927363,634278537.8151095,41,Fear,249.68923153499026,0.030871415812966135,0.5238699749126612,0.011366292597355596,11.044843678616825,fear,False,-0.18,0.030871415812966135,0.5238699749126612
2020-09-08,10373.45,10438.0,9850.0,10126.65,73491.878418,1048125,742947901.9712393,41,Fear,493.8583178885661,0.03140580210786429,0.5264629403589723,-0.0240781306870189,11.20493018138132,fear,False,-0.18,0.03140580210786429,0.5264629403589723
2020-09-09,10126.66,10343.0,9981.01,10219.2,49347.113776,755560,503082625.21479094,38,Fear,243.1056513778783,0.03166891568688568,0.5267538970084595,0.009097741146643187,10.806634558369158,fear,False,-0.24,0.03166891568688568,0.5267538970084595
2020-09-10,10219.29,10483.35,10070.83,10336.87,58253.75375,851877,602390078.4922807,38,Fear,110.31145873395076,0.031806511592049024,0.525167988750197,0.011448811499434249,10.972563811411733,fear,False,-0.24,0.031806511592049024,0.525167988750197
2020-09-11,10336.86,10397.6,10200.0,10387.89,43830.254467,637869,451241002.66033626,41,Fear,105.00829739256864,0.03170688903129903,0.5229293936237739,0.004923589278497632,10.688079599168303,fear,False,-0.18,0.03170688903129903,0.5229293936237739
2020-09-12,10387.89,10477.97,10269.25,10440.92,35379.153096,577724,366912671.4437269,41,Fear,22.107806660040794,0.03173434860359621,0.5241450212940169,0.00509199657416824,10.47387803006153,fear,False,-0.18,0.03173434860359621,0.5241450212940169
2020-09-13,10440.67,10580.11,10200.0,10332.83,43837.609865,692439,455338605.3291489,38,Fear,124.75637237939208,0.03199437749856231,0.5217315684393476,-0.010406496224025646,10.688247400632918,fear,False,-0.24,0.03199437749856231,0.5217315684393476
2020-09-14,10332.84,10750.0,10212.34,10671.77,67059.291361,828957,706175591.3866128,39,Fear,253.483864611569,0.031825407455089674,0.5255779417121872,0.03227573226362602,11.113332452726091,fear,False,-0.22,0.031825407455089674,0.5255779417121872
2020-09-15,10671.77,10930.04,10606.48,10785.31,61822.452786,893852,666457161.1491377,47,Neutral,0.0,0.03189074564036385,0.5248525225421355,0.010583085836546963,11.032021891152665,neutral,False,-0.06,0.03189074564036385,0.5248525225421355
2020-09-16,10785.23,11093.0,10661.22,10954.01,64991.51244,884153,708644989.4830699,43,Fear,119.31795299442545,0.03185790189003618,0.5278313545583257,0.015520576216204314,11.082011962505591,fear,False,-0.14,0.03185790189003618,0.5278313545583257
2020-09-17,10954.01,11045.46,10745.83,10939.99,55601.614529,829137,605010288.7799246,48,Neutral,207.49488499162996,0.031918346563120176,0.5231167447013058,-0.0012807163530045075,10.925967518108438,neutral,False,-0.04,0.031918346563120176,0.5231167447013058
2020-09-18,10940.0,11038.03,10812.84,10933.39,47266.728275,717371,516147935.6692284,49,Neutral,165.78071100831644,0.03198155118854025,0.5230615217752539,-0.0006034732812486935,10.763561907831516,neutral,False,-0.02,0.03198155118854025,0.5230615217752539
2020-09-19,10933.4,11179.79,10887.37,11080.65,38440.036858,620127,423651901.1577304,48,Neutral,4.890087799906511,0.032036532433607316,0.5191258244118387,0.013378934222998818,10.556854821928722,neutral,False,-0.04,0.032036532433607316,0.5191258244118387
2020-09-20,11080.64,11080.64,10723.0,10920.28,39157.922565,646329,426815210.75551224,52,Neutral,11.104669506421269,0.03222913392899307,0.5207696584036564,-0.014578732844710519,10.575358045313859,neutral,False,0.04,0.03222913392899307,0.5207696584036564
2020-09-21,10920.28,10988.86,10296.35,10417.22,70683.431179,1028531,751020795.2358837,48,Neutral,0.0,0.03283013094625004,0.5332081590374185,-0.047161404910191086,11.165966470515677,neutral,False,-0.04,0.03283013094625004,0.5332081590374185
2020-09-22,10417.22,10572.71,10353.0,10529.61,43991.235476,738576,460362500.7284081,39,Fear,79.75536985597181,0.03163046716645249,0.5157919067637388,0.010731082319475616,10.69174569933142,fear,False,-0.22,0.03163046716645249,0.5157919067637388
2020-09-23,10529.61,10537.15,10136.82,10241.46,51876.568079,774391,539362015.157462,43,Fear,47.25723927513007,0.025920941509927516,0.3188835155799355,-0.027747100849892316,10.856622485105058,fear,False,-0.14,0.025920941509927516,0.3188835155799355
2020-09-24,10241.46,10795.24,10190.93,10736.32,57676.619427,789282,604520870.055638,39,Fear,156.60034085893543,0.025193803297069536,0.3451240536691871,0.047188198471375946,10.962607161139308,fear,False,-0.22,0.025193803297069536,0.3451240536691871
2020-09-25,10736.33,10760.53,10556.24,10686.67,48101.117008,733430,512647249.14932007,46,Fear,74.96443355617029,0.023368573070024587,0.3293683615300428,-0.0046352156160350795,10.781060678443755,neutral,False,-0.08,0.023368573070024587,0.3293683615300428
2020-09-26,10686.57,10820.94,10644.68,10728.6,28420.836659,502670,304511477.6808554,45,Fear,11.469097405886629,0.02300686770324396,0.3285925144256987,0.0039159023986676655,10.254877840309959,fear,False,-0.1,0.02300686770324396,0.3285925144256987
2020-09-27,10728.59,10799.0,10594.82,10774.25,30549.483253,516004,327169249.4549957,47,Neutral,98.08705973676149,0.02203519072850918,0.3269408025807244,0.004245955171710726,10.327103049661266,neutral,False,-0.06,0.02203519072850918,0.3269408025807244
2020-09-28,10774.26,10950.0,10626.0,10696.12,50095.251734,686664,544463219.5978092,43,Fear,63.10044042935695,0.021004566435858366,0.31443841775102344,-0.007277969114733297,10.821681506812986,fear,False,-0.14,0.021004566435858366,0.31443841775102344
2020-09-29,10696.11,10867.54,10635.87,10840.48,41874.898399,587576,449345822.46022886,45,Fear,167.3019156153345,0.02065616329168719,0.31596287237022325,0.013406216589902006,10.642441842831886,fear,False,-0.1,0.02065616329168719,0.31596287237022325
2020-09-30,10840.58,10849.34,10665.13,10776.59,39596.027322,595383,425279696.28526336,49,Neutral,144.27088675682765,0.020072415464025776,0.31577924729597623,-0.005911086565506154,10.586484072058655,neutral,False,-0.02,0.020072415464025776,0.31577924729597623
2020-10-01,10776.59,10920.0,10437.0,10619.13,60866.332893,794855,652168989.4617349,45,Fear,75.63038338019075,0.020812725084116905,0.3210886917307926,-0.014719097354311225,11.016435474774209,fear,False,-0.1,0.020812725084116905,0.3210886917307926
2020-10-02,10619.13,10664.64,10374.0,10570.4,50130.393705,777193,526864379.30936533,41,Fear,41.43471527810749,0.02096751458479813,0.32133369984628846,-0.004599449436267366,10.82238276390714,fear,False,-0.18,0.02096751458479813,0.32133369984628846
2020-10-03,10570.4,10603.56,10496.46,10542.06,22298.221341,381329,235160884.60853615,40,Fear,43.597852102950135,0.020429235772845108,0.3189809334157658,-0.0026846721814158783,10.0122621937739,fear,False,-0.2,0.020429235772845108,0.3189809334157658
2020-10-04,10542.07,10696.87,10517.87,10666.63,23212.001595,377553,246252050.90681073,42,Fear,18.84312506743416,0.019365269675033346,0.3000482062506629,0.01174720668925434,10.052424734024955,fear,False,-0.16,0.019365269675033346,0.3000482062506629
2020-10-05,10666.62,10798.0,10615.64,10792.21,34025.761653,483340,364158510.23798054,42,Fear,0.0,0.019077764613129936,0.30059985402317024,0.011704400948838524,10.434873212368316,fear,False,-0.16,0.019077764613129936,0.30059985402317024
2020-10-06,10792.2,10800.0,10525.0,10599.66,48674.740471,734526,520051256.08219916,47,Neutral,123.51846715195401,0.01864225192458708,0.3012424892308001,-0.018002652442652742,10.792915498351507,neutral,False,-0.06,0.01864225192458708,0.3012424892308001
2020-10-07,10599.65,10681.87,10546.17,10666.39,32811.990279,503440,348298562.85686266,43,Fear,72.30180085533155,0.01835324687571638,0.30255471431950515,0.006275751163339584,10.398549284859035,fear,False,-0.14,0.01835324687571638,0.30255471431950515
2020-10-08,10666.4,10950.0,10530.41,10925.57,51959.691572,659291,559311760.4414803,46,Fear,49.21577787243164,0.018886785407788625,0.31560165333435064,0.0240082372384519,10.85822353489317,neutral,False,-0.08,0.018886785407788625,0.31560165333435064
2020-10-09,10925.44,11104.64,10829.0,11050.64,48240.073237,635681,530822321.5162347,48,Neutral,0.0,0.018853005386479663,0.31455394813001025,0.011382431304897278,10.783945349579849,neutral,False,-0.04,0.018853005386479663,0.31455394813001025
2020-10-10,11050.64,11491.0,11050.51,11293.22,43648.036943,698561,494785212.2308735,53,Neutral,0.0,0.01906769351769388,0.3188039452428016,0.02171420080767896,10.68391358758749,neutral,False,0.06,0.01906769351769388,0.3188039452428016
2020-10-11,11293.22,11445.0,11221.0,11369.02,29043.851339,509714,329927755.03808504,55,Greed,113.7918188979563,0.017152639770537544,0.2615492710082531,0.006689566668831729,10.27656208201162,neutral,False,0.1,0.017152639770537544,0.2615492710082531
2020-10-12,11369.02,11720.01,11172.0,11528.25,52825.28371,740823,604779845.7920177,52,Neutral,94.61121327754212,0.018100125148083585,0.2628140488869901,0.013908432475919988,10.87474521322232,neutral,False,0.04,0.018100125148083585,0.2628140488869901
2020-10-13,11528.24,11557.0,11300.0,11420.56,42205.283709,618262,482663390.7240358,56,Greed,121.1351885394078,0.017597732647294157,0.23999567824321047,-0.009385304987830363,10.650300698560846,greed,False,0.12,0.017597732647294157,0.23999567824321047
2020-10-14,11420.57,11547.98,11280.0,11417.89,41415.106015,590025,472007015.7209343,53,Neutral,199.2064480685025,0.016117548405774715,0.18283269747180775,-0.00023381621889088832,10.63140097285041,neutral,False,0.06,0.016117548405774715,0.18283269747180775
2020-10-15,11417.89,11617.34,11250.83,11505.12,48760.717679,662386,556436445.5576282,56,Greed,185.37600445325486,0.01648278011530179,0.18114069081578377,0.007610730096360131,10.794680302088203,greed,False,0.12,0.01648278011530179,0.18114069081578377
2020-10-16,11505.13,11541.15,11200.0,11319.32,48797.749502,693210,553211001.6122569,52,Neutral,176.79867350134802,0.016824209078418768,0.1945008814106845,-0.016281153381309317,10.795439474015533,neutral,False,0.04,0.016824209078418768,0.1945008814106845
2020-10-17,11319.24,11402.42,11255.0,11360.2,22368.915241,365973,253582775.96265447,56,Greed,65.19242427455741,0.016719360991813,0.19444573356745778,0.003605018472487021,10.015427561623122,greed,False,0.12,0.016719360991813,0.19444573356745778
2020-10-18,11360.31,11505.0,11346.22,11503.14,23284.041191,346946,266150824.34809864,55,Greed,0.0,0.016332512415728716,0.1937301179489302,0.012504022806047878,10.05552347745895,neutral,False,0.1,0.016332512415728716,0.1937301179489302
2020-10-19,11503.14,11823.99,11407.96,11751.47,47414.534692,650960,550728683.7992793,55,Greed,0.0,0.016778408193357564,0.20096977530000815,0.021358297570117018,10.766684099750746,neutral,False,0.1,0.016778408193357564,0.20096977530000815
2020-10-20,11751.46,12038.38,11677.59,11909.99,62134.750663,906111,737425592.0819718,56,Greed,0.0,0.017115008422884184,0.19998191746249364,0.013399204588298025,11.037060703405134,greed,False,0.12,0.017115008422884184,0.19998191746249364
2020-10-21,11910.0,13217.68,11886.95,12780.96,114584.456767,1453620,1437122186.6339955,61,Greed,0.0,0.02142615091372615,0.29504234916757593,0.07057901976281855,11.649067443758744,greed,False,0.22,0.02142615091372615,0.29504234916757593
2020-10-22,12780.75,13185.0,12678.08,12968.52,70038.824144,1035811,905778888.8702906,73,Greed,169.25313356222543,0.021749266345801925,0.2909121864074936,0.014568318834834563,11.156804997909347,greed,False,0.46,0.021749266345801925,0.2909121864074936
2020-10-23,12968.84,13027.69,12720.08,12923.07,50386.999841,699313,650680239.1101469,74,Greed,161.94378399453836,0.02194240186857866,0.29141270807973985,-0.0035107961066538486,10.827488481124606,greed,False,0.48,0.02194240186857866,0.29141270807973985
2020-10-24,12923.06,13166.73,12870.0,13111.73,35952.20907,536821,468299521.7696653,73,Greed,0.0,0.0220386747687336,0.29177110837315745,0.014493163177937982,10.489945809661874,greed,False,0.46,0.0220386747687336,0.29177110837315745
2020-10-25,13111.73,13350.0,12888.0,13028.83,38481.579504,610498,502672049.22905165,76,Extreme Greed,128.79751936703826,0.022424116544374543,0.29760897114907603,-0.006342655085969484,10.557934951338469,extreme_greed,True,0.52,0.022424116544374543,0.29760897114907603
2020-10-26,13029.64,13238.81,12765.0,13052.19,60951.672986,818144,794395722.4533455,75,Greed,141.7877188305053,0.02268915248764861,0.28126641586025225,0.0017913414618498272,11.017836583031483,greed,False,0.5,0.02268915248764861,0.28126641586025225
2020-10-27,13052.15,13789.29,13019.87,13636.17,80811.01945,1003615,1085403903.1259663,61,Greed,0.0,0.023901856142907314,0.30449210043076524,0.04376988541595295,11.299868614542055,greed,False,0.22,0.023901856142907314,0.30449210043076524
2020-10-28,13636.16,13859.48,12888.0,13266.4,94440.561226,1234511,1263487952.995157,70,Greed,481.3988790402641,0.025278644789769482,0.33183316099302945,-0.027491298279312352,11.455725933854389,greed,False,0.4,0.025278644789769482,0.33183316099302945
2020-10-29,13266.4,13642.91,12920.77,13455.7,74872.602132,1008433,997867948.8609743,67,Greed,436.8020960956168,0.02609507676319751,0.3321669594522385,0.01416828517726635,11.223543309956694,greed,False,0.34,0.02609507676319751,0.3321669594522385
2020-10-30,13455.69,13669.98,13115.0,13560.1,70657.778881,1060387,946818817.5575092,74,Greed,289.9358662181951,0.026160612122013142,0.32923602113869327,0.007728849021307219,11.165603486524374,greed,False,0.48,0.026160612122013142,0.32923602113869327
2020-10-31,13560.1,14100.0,13411.5,13791.0,67339.238515,1022202,927048458.5423619,73,Greed,0.0,0.026879891320570018,0.33021438874182046,0.016884548375875077,11.11749838458757,greed,False,0.46,0.026879891320570018,0.33021438874182046
2020-11-01,13791.0,13895.0,13603.0,13761.5,36285.648526,606248,499124369.07532644,72,Greed,104.26698205344321,0.026254695613341216,0.332380656524345,-0.0021413673004317957,10.499177584668127,greed,False,0.44,0.026254695613341216,0.332380656524345
2020-11-02,13761.49,13830.0,13195.05,13549.37,64566.421908,869850,873629993.8313928,71,Greed,0.0,0.026833233633110028,0.3375330934024634,-0.015534786411904644,11.07544976992991,greed,False,0.42,0.026833233633110028,0.3375330934024634
2020-11-03,13549.63,14066.11,13284.99,14023.53,74115.630787,1052569,1009402087.7104615,71,Greed,242.70654978013735,0.027729896639025756,0.3478128990722065,0.03439658130142223,11.213381730833959,greed,False,0.42,0.027729896639025756,0.3478128990722065
2020-11-04,14023.53,14259.0,13525.0,14144.01,93016.988262,1212959,1293872665.4179618,74,Greed,170.79078251431966,0.028298097140004464,0.3477330347329492,0.00855457982732576,11.440537424937226,greed,False,0.48,0.028298097140004464,0.3477330347329492
2020-11-05,14144.01,15750.0,14093.56,15590.02,143741.522673,1736055,2131865609.2908912,72,Greed,0.0,0.03173688446093032,0.4509892442430169,0.09733975303388694,11.875771984211074,greed,False,0.44,0.03173688446093032,0.4509892442430169
2020-11-06,15590.02,15960.0,15166.0,15579.92,122618.197695,1654968,1909660728.8229203,90,Extreme Greed,0.0,0.03242122609385497,0.4527894387587596,-0.0006480603012701369,11.71683072291311,extreme_greed,True,0.8,0.03242122609385497,0.4527894387587596
2020-11-07,15579.93,15753.52,14344.22,14818.3,101431.206553,1557021,1536510177.0914738,88,Extreme Greed,0.0,0.03472808533132791,0.5098006762941355,-0.050120002204518566,11.527136079724707,extreme_greed,True,0.76,0.03472808533132791,0.5098006762941355
2020-11-08,14818.3,15650.0,14703.88,15475.1,65547.178574,998773,998031373.8397803,82,Extreme Greed,455.02908223723574,0.03539816701944006,0.5206522083831193,0.04336937714861154,11.090525445916146,extreme_greed,True,0.64,0.03539816701944006,0.5206522083831193
2020-11-09,15475.1,15840.0,14805.54,15328.41,108976.334134,1505441,1670447935.514179,90,Extreme Greed,422.3429786521281,0.036312383450878546,0.5271820338439774,-0.009524311280312406,11.59888601960105,extreme_greed,True,0.8,0.036312383450878546,0.5271820338439774
2020-11-10,15328.41,15460.0,15072.46,15297.21,61681.919606,1093466,943615126.0891505,90,Extreme Greed,111.38562910822688,0.033573032169688356,0.4824028536161978,-0.0020375104761155144,11.029746129769793,extreme_greed,True,0.8,0.033573032169688356,0.4824028536161978
2020-11-11,15297.21,15965.0,15272.68,15684.24,78469.746458,1247167,1226425496.3618553,86,Extreme Greed,0.0,0.033687886972512446,0.48540978020653525,0.024985927702935035,11.2704684340471,extreme_greed,True,0.72,0.033687886972512446,0.48540978020653525
2020-11-12,15684.25,16340.7,15440.64,16291.86,102196.356592,1472049,1628755508.6741984,87,Extreme Greed,104.93140524633402,0.03438696040474277,0.4929573547152131,0.03800921004285134,11.534651306331536,extreme_greed,True,0.74,0.03438696040474277,0.4929573547152131
2020-11-13,16291.85,16480.0,15952.35,16320.7,75691.881014,1208773,1230358611.1248891,89,Extreme Greed,4.630389616812846,0.03452810179818927,0.494028985110967,0.0017686441983009846,11.234426181546803,extreme_greed,True,0.78,0.03452810179818927,0.494028985110967
2020-11-14,16320.04,16326.99,15670.0,16070.45,59116.347179,931424,944765868.609419,90,Extreme Greed,48.30848184540295,0.03464449096795044,0.4992873903834432,-0.015452058926512477,10.987262767160441,extreme_greed,True,0.8,0.03464449096795044,0.4992873903834432
2020-11-15,16069.56,16180.0,15774.72,15957.0,43596.841513,854441,696651729.7452534,86,Extreme Greed,173.87595299952122,0.03446580257740565,0.5023234187345947,-0.007084577418178802,10.682739984350667,extreme_greed,True,0.72,0.03446580257740565,0.5023234187345947
2020-11-16,15957.0,16880.0,15864.0,16713.57,81300.675924,1202386,1335728013.9057605,90,Extreme Greed,0.0,0.034611221897467404,0.5046733213765107,0.04632335988450774,11.305909609449682,extreme_greed,True,0.8,0.034611221897467404,0.5046733213765107
2020-11-17,16713.08,17858.82,16538.0,17659.38,115221.403102,1646652,1982752071.450512,86,Extreme Greed,0.0,0.034773027713014326,0.5080011314761556,0.055046122658961215,11.654610800802924,extreme_greed,True,0.72,0.034773027713014326,0.5080011314761556
2020-11-18,17659.38,18476.93,17214.45,17776.12,149019.788134,2091832,2663337935.5002985,91,Extreme Greed,0.0,0.03530093979077746,0.5087394151113513,0.006588896577796588,11.91183438237808,extreme_greed,True,0.82,0.03530093979077746,0.5087394151113513
2020-11-19,17777.75,18179.8,17335.65,17802.82,93009.561008,1513304,1656794228.8537636,94,Extreme Greed,349.73279687238124,0.035439337147271106,0.5102232476013578,0.00150088816654907,11.440457573388798,extreme_greed,True,0.88,0.035439337147271106,0.5102232476013578
2020-11-20,17802.81,18815.22,17740.04,18655.67,88423.018489,1444692,1623135138.5910714,86,Extreme Greed,0.0,0.035681778584089836,0.5236370556958385,0.04679324961628493,11.389887604877163,extreme_greed,True,0.72,0.035681778584089836,0.5236370556958385
2020-11-21,18655.66,18965.9,18308.58,18703.8,75577.458394,1451352,1413641591.284171,91,Extreme Greed,43.11362565741789,0.03588163395275472,0.5218406225498482,0.0025765904402387323,11.232913348314758,extreme_greed,True,0.82,0.03588163395275472,0.5218406225498482
2020-11-22,18703.8,18750.0,17610.86,18414.43,81645.737778,1528524,1497662550.0540428,94,Extreme Greed,0.0,0.03631120870281905,0.5218856510774641,-0.0155921153820781,11.310144895909325,extreme_greed,True,0.88,0.03631120870281905,0.5218856510774641
2020-11-23,18413.88,18766.0,18000.0,18368.0,82961.506093,1629379,1529064319.6694436,90,Extreme Greed,283.34806344216696,0.03592991150030145,0.5204581185363997,-0.002524576253394546,11.326131997186545,extreme_greed,True,0.8,0.03592991150030145,0.5204581185363997
2020-11-24,18368.01,19418.97,18018.0,19160.01,113581.509241,2179862,2145301450.4579413,88,Extreme Greed,236.9844938157019,0.03662927881812203,0.529851773954683,0.04221527432609045,11.640276001254744,extreme_greed,True,0.76,0.03662927881812203,0.529851773954683
2020-11-25,19160.0,19484.21,18500.27,18719.11,93266.576887,1785408,1774870796.2882328,94,Extreme Greed,309.6672090000627,0.03416789435181258,0.448523680422106,-0.023280367279034576,11.443217089932364,extreme_greed,True,0.88,0.03416789435181258,0.448523680422106
2020-11-26,18718.83,18915.03,16188.0,17149.47,181005.246693,2770483,3127314143.1045747,93,Extreme Greed,0.0,0.03946633288762946,0.5647762799857193,-0.08757765783988204,12.106281297081985,extreme_greed,True,0.86,0.03946633288762946,0.5647762799857193
2020-11-27,17149.47,17457.62,16438.08,17139.52,85297.024787,1572299,1446670351.435088,86,Extreme Greed,270.974686249605,0.03826887135380281,0.5269964785237783,-0.000580361234278455,11.35389485346936,extreme_greed,True,0.72,0.03826887135380281,0.5269964785237783
2020-11-28,17139.53,17880.49,16865.56,17719.85,64910.69997,1209385,1128061605.1072252,87,Extreme Greed,0.0,0.03815705225607111,0.5190002063334541,0.03329857201976857,11.080767757669879,extreme_greed,True,0.74,0.03815705225607111,0.5190002063334541
2020-11-29,17719.84,18360.05,17517.0,18184.99,55329.016303,1141289,996743798.8649217,89,Extreme Greed,0.0,0.03759720751868174,0.5194842952405,0.02591104840521473,10.921052757006478,extreme_greed,True,0.78,0.03759720751868174,0.5194842952405
2020-11-30,18185.0,19863.16,18184.99,19695.87,115463.466888,1744149,2205929119.5053363,88,Extreme Greed,0.0,0.03927390195826195,0.575587775490692,0.07981244056034183,11.656709454909324,extreme_greed,True,0.76,0.03927390195826195,0.575587775490692
2020-12-01,19695.87,19888.0,18001.12,18764.96,127698.762652,2023802,2446070334.828799,95,Extreme Greed,807.4750414948984,0.04106323312783588,0.6124917301314227,-0.0484176681386951,11.757429352482692,extreme_greed,True,0.9,0.04106323312783588,0.6124917301314227
2020-12-02,18764.96,19342.0,18330.0,19204.09,75911.013478,1566635,1436895344.8259494,92,Extreme Greed,327.41329426345237,0.0409924825011865,0.6053706615394796,0.023131976224671752,11.237317057968982,extreme_greed,True,0.84,0.0409924825011865,0.6053706615394796
2020-12-03,19204.08,19598.0,18867.2,19421.9,66689.391279,1242229,1286548310.8267057,92,Extreme Greed,0.0,0.04107713672590221,0.6049669079876092,0.011278018177224552,11.107801167964363,extreme_greed,True,0.84,0.04107713672590221,0.6049669079876092
2020-12-04,19422.34,19527.0,18565.31,18650.52,71283.6682,1286657,1358079975.0254982,92,Extreme Greed,218.9977887863485,0.04126629599818263,0.6244766840799726,-0.04052726761991646,11.174422522661205,extreme_greed,True,0.84,0.04126629599818263,0.6244766840799726
2020-12-05,18650.51,19177.0,18500.0,19147.66,42922.748573,932124,813445434.1308142,93,Extreme Greed,192.1459404971686,0.04140769920401347,0.6254203150631381,0.02630648721030668,10.667157234139676,extreme_greed,True,0.86,0.04140769920401347,0.6254203150631381
2020-12-06,19147.66,19420.0,18857.0,19359.4,37043.091861,820382,709558933.5829058,95,Extreme Greed,0.0,0.04075182914175892,0.6099236630801822,0.01099757468367193,10.519837158845506,extreme_greed,True,0.9,0.04075182914175892,0.6099236630801822
2020-12-07,19358.67,19420.91,18902.88,19166.9,41372.296293,840954,793517668.683946,94,Extreme Greed,253.22184516682267,0.039590711431972084,0.5856745850707938,-0.009993256658502918,10.630366764151447,extreme_greed,True,0.88,0.039590711431972084,0.5856745850707938
2020-12-08,19166.9,19294.84,18200.0,18324.11,61626.947614,1143181,1160658077.404659,95,Extreme Greed,0.0,0.03922542414143278,0.6108162013027503,-0.044967153911558415,11.028854515129561,extreme_greed,True,0.9,0.03922542414143278,0.6108162013027503
2020-12-09,18324.11,18639.57,17650.0,18541.28,79585.553801,1302476,1450130664.0645843,86,Extreme Greed,0.0,0.03938948205446174,0.6119015907368657,0.011781918605685223,11.284587870450034,extreme_greed,True,0.72,0.03938948205446174,0.6119015907368657
2020-12-10,18541.29,18557.32,17911.12,18254.63,52890.675094,891151,966149529.0006071,94,Extreme Greed,253.54485644542422,0.03888117186909664,0.5910875460789898,-0.015580851185682042,10.875982328092764,extreme_greed,True,0.88,0.03888117186909664,0.5910875460789898
2020-12-11,18254.81,18292.73,17572.33,18036.53,72610.724259,1117810,1301081647.3079002,89,Extreme Greed,0.0,0.03896691009327381,0.5921575705395159,-0.01201960068239654,11.192867906969912,extreme_greed,True,0.78,0.03896691009327381,0.5921575705395159
2020-12-12,18036.53,18948.66,18020.7,18808.69,49519.978432,891810,915552835.9061834,90,Extreme Greed,0.0,0.038639898284028376,0.6093526751787671,0.041919851281025024,10.810131471817188,extreme_greed,True,0.8,0.038639898284028376,0.6093526751787671
2020-12-13,18808.69,19411.0,18711.12,19174.99,56560.821744,938022,1083520569.0948539,91,Extreme Greed,0.0,0.038549178918675715,0.6125617757374238,0.019287828659587614,10.943071829177786,extreme_greed,True,0.82,0.038549178918675715,0.6125617757374238
2020-12-14,19174.99,19349.0,19000.0,19273.14,47257.201294,842382,906101687.739595,95,Extreme Greed,102.92874293197097,0.03729478429330135,0.5942592111921247,0.005105590997883581,10.763360329647542,extreme_greed,True,0.9,0.03729478429330135,0.5942592111921247
2020-12-15,19273.69,19570.0,19050.0,19426.43,61834.366011,1046423,1196361527.9258018,91,Extreme Greed,71.12369154261178,0.03681787245903078,0.5881316286775801,0.007922093279086292,11.03221457320858,extreme_greed,True,0.82,0.03681787245903078,0.5881316286775801
2020-12-16,19426.43,21560.0,19278.6,21335.52,114306.33557,1659135,2325135958.6418414,92,Extreme Greed,0.0,0.03382357951269197,0.5744511274284834,0.09373877942102818,11.646637277555591,extreme_greed,True,0.84,0.03382357951269197,0.5744511274284834
2020-12-17,21335.52,23800.0,21230.0,22797.16,184882.476748,2795084,4196645567.425877,92,Extreme Greed,0.0,0.03625205029954583,0.6048958385946431,0.06626267735967427,12.12747564137519,extreme_greed,True,0.84,0.03625205029954583,0.6048958385946431
2020-12-18,22797.15,23285.18,22350.0,23107.39,79646.134315,1613775,1820875361.2945976,95,Extreme Greed,172.1205327790047,0.03581801603711394,0.600700108800215,0.013516512987803837,11.285348780764304,extreme_greed,True,0.9,0.03581801603711394,0.600700108800215
2020-12-19,23107.39,24171.47,22750.0,23821.61,86045.064677,1678611,2018969878.8868675,93,Extreme Greed,0.0,0.036184641918206896,0.6021773941364301,0.030440672117046565,11.362626445863555,extreme_greed,True,0.86,0.036184641918206896,0.6021773941364301
2020-12-20,23821.6,24295.0,23060.0,23455.52,76690.145685,1743225,1810862074.730308,92,Extreme Greed,344.332979258048,0.034898436207389014,0.5562520027990305,-0.015487290255670515,11.247528500418074,extreme_greed,True,0.84,0.034898436207389014,0.5562520027990305
2020-12-21,23455.54,24102.77,21815.0,22719.71,88030.297243,1593949,2035446293.928971,92,Extreme Greed,117.76519730350168,0.034900827217410064,0.536453914641094,-0.03187303196066846,11.385436321059498,extreme_greed,True,0.84,0.034900827217410064,0.536453914641094
2020-12-22,22719.88,23837.1,22353.4,23810.79,87033.12616,1496277,2010758620.243527,88,Extreme Greed,456.51168909149277,0.035220241070779486,0.5508739140598246,0.046906009597780754,11.374044085625622,extreme_greed,True,0.76,0.035220241070779486,0.5508739140598246
2020-12-23,23810.79,24100.0,22600.0,23232.76,119047.259733,2194611,2797688007.0718794,93,Extreme Greed,377.7478277658865,0.0359011571161097,0.564940352971991,-0.02457548767882941,11.687275833867652,extreme_greed,True,0.86,0.0359011571161097,0.564940352971991
2020-12-24,23232.39,23794.43,22703.42,23729.2,69013.834252,1421257,1602394244.0767715,86,Extreme Greed,369.70845053400905,0.03581374733434017,0.5349073049906243,0.02114300567337218,11.142062259888476,extreme_greed,True,0.72,0.03581374733434017,0.5349073049906243
2020-12-25,23728.99,24789.86,23433.6,24712.47,79519.943569,1504426,1919766316.6677368,94,Extreme Greed,0.0,0.036282464510853256,0.5423189489509308,0.04060161725614667,11.283763131684832,extreme_greed,True,0.88,0.036282464510853256,0.5423189489509308
2020-12-26,24712.47,26867.03,24500.0,26493.39,97806.513386,1735574,2496533065.1755805,93,Extreme Greed,0.0,0.038133970645967206,0.5784713360749226,0.06958729338063542,11.490746452844146,extreme_greed,True,0.86,0.038133970645967206,0.5784713360749226
2020-12-27,26493.4,28422.0,25700.0,26281.66,148455.586214,2438493,4028928683.882025,91,Extreme Greed,0.0,0.040296260631385146,0.5773530023885644,-0.008023910388927925,11.908041109756724,extreme_greed,True,0.82,0.040296260631385146,0.5773530023885644
2020-12-28,26281.54,27500.0,26101.0,27079.41,79721.742496,1508204,2151806808.5743527,92,Extreme Greed,307.40709571275346,0.04014239567561604,0.532270493744853,0.02990230298266988,11.286297631789813,extreme_greed,True,0.84,0.04014239567561604,0.532270493744853
2020-12-29,27079.42,27410.0,25880.0,27385.0,69411.592606,1605166,1851617219.7682345,91,Extreme Greed,408.10415992318735,0.040214939620934795,0.5323823139567283,0.011221757725855123,11.147809172977473,extreme_greed,True,0.82,0.040214939620934795,0.5323823139567283
2020-12-30,27385.0,28996.0,27320.0,28875.54,95356.057826,1916095,2683953237.460271,91,Extreme Greed,0.0,0.040724870274725336,0.5280851052715014,0.05299945173010715,11.465373141532746,extreme_greed,True,0.82,0.040724870274725336,0.5280851052715014
2020-12-31,28875.55,29300.0,27850.0,28923.63,75508.505152,1552793,2173600125.420074,95,Extreme Greed,199.59322581015323,0.040937253269291415,0.5182158585007367,0.0016640381201618827,11.232000579912334,extreme_greed,True,0.9,0.040937253269291415,0.5182158585007367
2021-01-01,28923.63,29600.0,28624.57,29331.69,54182.925011,1314910,1582526989.1618726,94,Extreme Greed,0.0,0.04062807196136444,0.5145962045056598,0.014009593427538712,10.900121101095836,extreme_greed,True,0.88,0.04062807196136444,0.5145962045056598
2021-01-02,29331.7,33300.0,28946.53,32178.33,129993.873362,2245922,4073842163.671541,94,Extreme Greed,0.0,0.04450081923698961,0.5717312829891971,0.09262474311680098,11.775242600342546,extreme_greed,True,0.88,0.04450081923698961,0.5717312829891971
2021-01-03,32176.45,34778.11,31962.99,33000.05,120957.56675,2369698,4057598425.4920163,93,Extreme Greed,0.0,0.04585670764199254,0.5664697242699929,0.025215831986554423,11.703195075056927,extreme_greed,True,0.86,0.04585670764199254,0.5664697242699929
2021-01-04,33000.05,33600.0,28130.0,31988.71,140899.88569,2642408,4429010349.695345,94,Extreme Greed,0.0,0.051566906458737856,0.5997889126242051,-0.031126048570094073,11.855804886601844,extreme_greed,True,0.88,0.051566906458737856,0.5997889126242051
2021-01-05,31989.75,34360.0,29900.0,33949.53,116049.997038,2526851,3743617144.6469154,93,Extreme Greed,616.9504665175109,0.052746214524480126,0.5585898027946216,0.059491981974053296,11.6617763861791,extreme_greed,True,0.86,0.052746214524480126,0.5585898027946216
2021-01-06,33949.53,36939.21,33288.0,36769.36,127139.20131,2591783,4431954248.519614,95,Extreme Greed,0.0,0.05236434357045725,0.5742571063646842,0.07978987964728743,11.75303783849804,extreme_greed,True,0.9,0.05236434357045725,0.5742571063646842
2021-01-07,36769.36,40365.0,36300.0,39432.28,132825.700437,2814686,5062569943.383371,91,Extreme Greed,0.0,0.05398986937334421,0.5952465408508644,0.06991988054158309,11.79679302468751,extreme_greed,True,0.82,0.05398986937334421,0.5952465408508644
2021-01-08,39432.48,41950.0,36500.0,40582.81,139789.957499,2925632,5568443208.731365,93,Extreme Greed,732.7521125033159,0.0565501995742195,0.595137144781579,0.028759807724559636,11.847896271430505,extreme_greed,True,0.86,0.0565501995742195,0.595137144781579
2021-01-09,40586.96,41380.0,38720.0,40088.22,75785.979675,1998156,3054779029.1617765,93,Extreme Greed,363.2253596880787,0.05681944783991625,0.5922122520124765,-0.012262052365310671,11.235668589812619,extreme_greed,True,0.86,0.05681944783991625,0.5922122520124765
2021-01-10,40088.22,41350.0,35111.11,38150.02,118209.544503,2628050,4604034729.507071,94,Extreme Greed,295.84090328763796,0.05942636928395177,0.6182043021843889,-0.04955624359220215,11.680214129450475,extreme_greed,True,0.88,0.05942636928395177,0.6182043021843889
2021-01-11,38150.02,38264.74,30420.0,35404.47,251156.138287,4472957,8497730017.898506,90,Extreme Greed,0.0,0.06637968493777771,0.707646123578994,-0.07468819862209011,12.433830089600207,extreme_greed,True,0.8,0.06637968493777771,0.707646123578994
2021-01-12,35410.37,36628.0,32531.0,34051.24,133948.151996,2674145,4651302423.484117,84,Extreme Greed,696.2301095480543,0.06771658034180497,0.7213415915277361,-0.03897163438842312,11.805208078655115,extreme_greed,True,0.68,0.06771658034180497,0.7213415915277361
2021-01-13,34049.15,37850.0,32380.0,37371.38,124477.914938,2514289,4322876606.419626,78,Extreme Greed,963.914946240579,0.07060582048660288,0.7676785708629115,0.09303872186648503,11.731883589095197,extreme_greed,True,0.56,0.07060582048660288,0.7676785708629115
2021-01-14,37371.38,40100.0,36701.23,39144.5,102950.389421,2297466,3974826638.1450887,83,Extreme Greed,0.0,0.07120076867781172,0.7697258421102371,0.04635475642223115,11.542002495071413,extreme_greed,True,0.66,0.07120076867781172,0.7697258421102371
2021-01-15,39145.21,39747.76,34408.0,36742.22,118300.920916,2560801,4371588898.681637,88,Extreme Greed,390.90971985768437,0.07274255926252637,0.8067361180177592,-0.06333342468810564,11.68098683451775,extreme_greed,True,0.76,0.07274255926252637,0.8067361180177592
2021-01-16,36737.43,37950.0,35357.8,35994.98,86348.431508,2066363,3178840336.1492844,84,Extreme Greed,396.2397191680662,0.07210394820696119,0.8129554320991719,-0.020547018278436267,11.366145919055478,extreme_greed,True,0.68,0.07210394820696119,0.8129554320991719
2021-01-17,35994.98,36852.5,33850.0,35828.61,80157.727384,1860642,2843103040.240664,79,Extreme Greed,0.0,0.07266404121145487,0.8142093669381842,-0.004632748030488363,11.29175156491879,extreme_greed,True,0.58,0.07266404121145487,0.8142093669381842
2021-01-18,35824.99,37469.83,34800.0,36631.27,70698.11875,1707766,2554843260.524399,79,Extreme Greed,266.42981926550846,0.0729321894006778,0.8146396722818137,0.02215551096647076,11.16617424261975,extreme_greed,True,0.58,0.0729321894006778,0.8146396722818137
2021-01-19,36622.46,37850.0,35844.06,35891.49,79611.307769,1939371,2935348499.344214,80,Extreme Greed,188.22140907861146,0.07286047983441964,0.8103399975219342,-0.020402027184059653,11.284911419142775,extreme_greed,True,0.6,0.07286047983441964,0.8103399975219342
2021-01-20,35901.94,36415.31,33400.0,35468.23,89368.422918,2234539,3126721093.5207763,78,Extreme Greed,0.0,0.07346372666375084,0.8137945562826826,-0.011862853824953393,11.40052268755978,extreme_greed,True,0.56,0.07346372666375084,0.8137945562826826
2021-01-21,35468.23,35600.0,30071.0,30850.13,135004.076658,2881505,4386783586.504226,75,Greed,0.0,0.07674905079004522,0.9714176585807659,-0.13949640193442464,11.8130602544313,greed,False,0.5,0.07674905079004522,0.9714176585807659
2021-01-22,30851.99,33826.53,28850.0,32945.17,142971.684049,2707810,4483295872.022273,40,Fear,524.7061090381269,0.0774151293645621,0.9425716760052246,0.06570370018688361,11.870401875991398,fear,False,-0.2,0.0774151293645621,0.9425716760052246
2021-01-23,32950.0,33456.0,31390.16,32078.0,64595.287675,1700056,2089098295.7584367,74,Greed,296.6689704589404,0.07705759078308311,0.9430166147845178,-0.02667422755262735,11.075896740902559,greed,False,0.48,0.07705759078308311,0.9430166147845178
2021-01-24,32078.0,33071.0,30900.0,32259.9,57978.037966,1528287,1864609665.3657017,70,Greed,329.5873989622944,0.07383514793847386,0.9366642721741293,0.005654535963060998,10.967819562061742,greed,False,0.4,0.07383514793847386,0.9366642721741293
2021-01-25,32259.45,34875.0,31910.0,32254.2,88499.226921,2106548,2958759288.5635686,74,Greed,0.0,0.07242508494570944,0.9103324382115623,-0.00017670555784965065,11.390749095601935,greed,False,0.48,0.07242508494570944,0.9103324382115623
2021-01-26,32254.19,32921.88,30837.37,32467.77,84972.20691,2010392,2708545364.4946413,71,Greed,0.0,0.07160453988730427,0.8580901844230279,0.006599637655448867,11.350079504474234,greed,False,0.42,0.07160453988730427,0.8580901844230279
2021-01-27,32464.01,32557.29,29241.72,30366.15,95911.961711,2065953,2958081421.641559,78,Extreme Greed,174.15424893355134,0.07163840213640317,0.8341911119228935,-0.06691940379282074,11.471185984177717,extreme_greed,True,0.56,0.07163840213640317,0.8341911119228935
2021-01-28,30362.19,33783.98,29842.1,33364.86,92621.145617,2060660,2953553214.065682,55,Greed,475.70902722164874,0.07113636214190307,0.9068423205821222,0.09417474914995402,11.436272748960622,neutral,False,0.1,0.07113636214190307,0.9068423205821222
2021-01-29,33368.18,38531.9,31915.4,34252.2,231827.005626,4403349,8195593336.228467,77,Extreme Greed,0.0,0.0749723682413701,0.9157103926594907,0.026247545889008964,12.353746707096548,extreme_greed,True,0.54,0.0749723682413701,0.9157103926594907
2021-01-30,34246.28,34933.0,32825.0,34262.88,84889.68134,2201040,2884500062.9380784,76,Extreme Greed,241.77769717708006,0.07216865154422743,0.9026138418331315,0.00031175618817061364,11.349107825925934,extreme_greed,True,0.52,0.07216865154422743,0.9026138418331315
2021-01-31,34262.89,34342.69,32171.67,33092.98,68742.280384,1707064,2289641045.7580123,78,Extreme Greed,189.94066258744502,0.06584808920606353,0.8725646571661834,-0.03474137711240443,11.138119723900713,extreme_greed,True,0.56,0.06584808920606353,0.8725646571661834
2021-02-01,33092.97,34717.27,32296.16,33526.37,82718.276882,1810492,2791776658.0056057,77,Extreme Greed,513.3048366118974,0.06462557348412964,0.8639059334298046,0.013011118061134976,11.323195858795119,extreme_greed,True,0.54,0.06462557348412964,0.8639059334298046
2021-02-02,33517.09,35984.33,33418.0,35466.24,78056.65988,1789672,2716321896.3176084,76,Extreme Greed,0.0,0.061933940849252384,0.8196543287588073,0.056248964732994594,11.265190250682563,extreme_greed,True,0.52,0.061933940849252384,0.8196543287588073
2021-02-03,35472.71,37662.63,35362.38,37618.87,80784.333663,1881740,2951232788.184305,78,Extreme Greed,0.0,0.0613675684357004,0.8307541029456019,0.05892452811562625,11.299538335400625,extreme_greed,True,0.56,0.0613675684357004,0.8307541029456019
2021-02-04,37620.26,38708.27,36161.95,36936.66,92080.735898,2211866,3452669022.1532927,80,Extreme Greed,56.511251071991914,0.058941985333802766,0.8015136295925632,-0.018301232416527882,11.430421035305619,extreme_greed,True,0.6,0.058941985333802766,0.8015136295925632
2021-02-05,36936.65,38310.12,36570.0,38290.24,66681.334275,1853253,2509278291.7515864,81,Extreme Greed,346.71221339491825,0.05850519014156026,0.8071487233769703,0.03599047963365647,11.107680346787506,extreme_greed,True,0.62,0.05850519014156026,0.8071487233769703
2021-02-06,38289.32,40955.51,38215.94,39186.94,98757.311183,2291646,3922095148.9281507,84,Extreme Greed,0.0,0.05812961689786005,0.8096431193862443,0.023148494595260992,11.500420717318946,extreme_greed,True,0.68,0.05812961689786005,0.8096431193862443
2021-02-07,39181.01,39700.0,37351.0,38795.69,84363.679763,1976357,3256521384.240611,86,Extreme Greed,3.3960071025193908,0.05785846042804119,0.8083842350057815,-0.010034370035014157,11.342892253401947,extreme_greed,True,0.72,0.05785846042804119,0.8083842350057815
2021-02-08,38795.69,46794.45,37988.89,46374.87,138597.536914,3230961,5881536976.635699,83,Extreme Greed,0.0,0.06385824030618797,1.014372802164177,0.1784485597042829,11.83932959439677,extreme_greed,True,0.66,0.06385824030618797,1.014372802164177
2021-02-09,46374.86,48142.19,44961.09,46420.42,115499.861712,3119034,5386255398.017187,95,Extreme Greed,0.0,0.06346200988185233,1.0112484708731655,0.0009817309404045217,11.657024611644568,extreme_greed,True,0.9,0.06346200988185233,1.0112484708731655
2021-02-10,46420.42,47310.0,43727.0,44807.58,97154.1822,2891592,4431650130.251105,92,Extreme Greed,195.39735500252763,0.06021240598401821,0.8583469371183483,-0.03536212709216373,11.484054502772473,extreme_greed,True,0.84,0.06021240598401821,0.8583469371183483
2021-02-11,44807.58,48678.9,43994.02,47969.51,89561.081454,2570949,4185630934.410895,93,Extreme Greed,505.61333656606337,0.05790948848150579,0.8601962697334403,0.06818827920686066,11.402676145829604,extreme_greed,True,0.86,0.05790948848150579,0.8601962697334403
2021-02-12,47968.66,48985.8,46125.0,47287.6,85870.035697,2418841,4080571908.9676614,92,Extreme Greed,247.57745276616578,0.05784073624914931,0.8526198438731857,-0.01431749606359439,11.360590219376238,extreme_greed,True,0.84,0.05784073624914931,0.8526198438731857
2021-02-13,47298.15,48150.0,46202.53,47153.69,63768.097399,2058823,3007710147.4181595,92,Extreme Greed,309.03650481948307,0.05738594378546219,0.854965199603604,-0.0028358377938660748,11.063008303502778,extreme_greed,True,0.84,0.05738594378546219,0.854965199603604
2021-02-14,47156.78,49707.43,47014.17,48577.79,73735.475533,2090070,3584808348.8347325,95,Extreme Greed,0.0,0.0566280881172942,0.8526688800044091,0.029754163680420775,11.208239312881036,extreme_greed,True,0.9,0.0566280881172942,0.8526688800044091
2021-02-15,48580.47,49010.92,45570.79,47911.1,79398.156784,2313155,3782219060.664722,93,Extreme Greed,114.94192616671852,0.05678993261645579,0.8601240819751512,-0.013819220219635516,11.282230432658466,extreme_greed,True,0.86,0.05678993261645579,0.8601240819751512
2021-02-16,47911.1,50689.18,47003.62,49133.45,88813.266298,2199849,4349983777.692368,95,Extreme Greed,0.0,0.05585541028575695,0.7972911768338978,0.025192855227892837,11.394291313069651,extreme_greed,True,0.9,0.05585541028575695,0.7972911768338978
2021-02-17,49133.45,52618.74,48947.0,52119.71,85743.637818,2514374,4365831514.815298,95,Extreme Greed,0.0,0.05419040214222172,0.7654053114776714,0.05900312258279128,11.35911716773336,extreme_greed,True,0.9,0.05419040214222172,0.7654053114776714
2021-02-18,52117.67,52530.0,50901.9,51552.6,60758.046954,1891592,3149973077.487466,91,Extreme Greed,158.2459178675646,0.04810813501291015,0.7741953062350608,-0.010940542497739106,11.014654812578872,extreme_greed,True,0.82,0.04810813501291015,0.7741953062350608
2021-02-19,51552.61,56368.0,50710.2,55906.0,79659.77802,2339215,4251167827.6842465,93,Extreme Greed,110.72107897430034,0.04946003964184679,0.7990170062431327,0.0810690632665145,11.285520070138732,extreme_greed,True,0.86,0.04946003964184679,0.7990170062431327
2021-02-20,55906.0,57700.46,53863.93,55841.19,80948.205314,2642846,4551890859.8512745,91,Extreme Greed,0.0,0.049545563670996454,0.7745211640960608,-0.001159939811759115,11.30156478855736,extreme_greed,True,0.82,0.049545563670996454,0.7745211640960608
2021-02-21,55841.19,58352.8,55477.59,57408.57,58166.708511,1950533,3317998263.3478894,91,Extreme Greed,128.39160107046308,0.04905676531381457,0.7729670716406593,0.027681826201509746,10.97106845134307,extreme_greed,True,0.82,0.04905676531381457,0.7729670716406593
2021-02-22,57412.35,57508.47,47622.0,54087.67,134019.434944,3313083,7213386720.436798,94,Extreme Greed,0.0,0.05430980948799159,0.8224009689644466,-0.05958734671550698,11.805740105311736,extreme_greed,True,0.88,0.05430980948799159,0.8224009689644466
2021-02-23,54087.67,54183.59,44892.56,48891.0,169375.025051,3825196,8215839131.243385,94,Extreme Greed,452.2964811062792,0.0592961752580205,0.9155238883625876,-0.10101291813933688,12.039870618518675,extreme_greed,True,0.88,0.0592961752580205,0.9155238883625876
2021-02-24,48891.0,51374.99,46988.69,49676.2,91881.209252,2194532,4574033001.379536,76,Extreme Greed,485.08737228737283,0.05980106302457188,0.9079819784281151,0.015932614704777116,11.4282518179267,extreme_greed,True,0.52,0.05980106302457188,0.9079819784281151
2021-02-25,49676.21,52041.73,46674.34,47073.73,83310.673121,2305679,4152188728.141615,79,Extreme Greed,769.9474599504352,0.06124436098560518,0.9357358899868092,-0.053810849213675946,11.330331948650635,extreme_greed,True,0.58,0.06124436098560518,0.9357358899868092
2021-02-26,47073.73,48424.11,44106.78,46276.87,109423.200663,2371766,5086374532.734615,55,Greed,0.0,0.06181986771220242,0.9393107837430986,-0.017072827721116277,11.602978218359814,neutral,False,0.1,0.06181986771220242,0.9393107837430986
2021-02-27,46276.88,48394.0,45000.0,46106.43,66060.834292,1757720,3105897438.550972,56,Greed,602.6586001393598,0.062048043175411224,0.937935928711225,-0.0036898485630648403,11.098331328171723,greed,False,0.12,0.062048043175411224,0.937935928711225
2021-02-28,46103.67,46638.46,43000.0,45135.66,83055.369042,1838345,3708359965.4545813,55,Greed,0.0,0.05643750761091746,0.6947363724961998,-0.02127979822740345,11.327262761260076,neutral,False,0.1,0.05643750761091746,0.6947363724961998
2021-03-01,45134.11,49790.0,44950.53,49587.03,85086.111648,2147223,4057515794.8657284,38,Fear,0.0,0.05735385652771675,0.7730324453879918,0.09405668615894246,11.351419100866806,fear,False,-0.24,0.05735385652771675,0.7730324453879918
2021-03-02,49595.76,50200.0,47047.6,48440.65,64221.06214,1855583,3120472069.909453,78,Extreme Greed,256.67852282454714,0.057039145774516756,0.7662291446699476,-0.023389970343295822,11.070086506591133,extreme_greed,True,0.56,0.057039145774516756,0.7662291446699476
2021-03-03,48436.61,52640.0,48100.71,50349.37,81035.913705,2242131,4109521257.5407004,78,Extreme Greed,0.0,0.05670501044105781,0.7400834991655751,0.03864676941605752,11.302647714465193,extreme_greed,True,0.56,0.05670501044105781,0.7400834991655751
2021-03-04,50349.37,51773.88,47500.0,48374.09,82649.716829,2291936,4079837240.856762,84,Extreme Greed,530.3710671263362,0.05730635715122997,0.7533004133123508,-0.04002176686968146,11.3223666770969,extreme_greed,True,0.68,0.05730635715122997,0.7533004133123508
2021-03-05,48374.09,49448.93,46300.0,48751.71,78192.496372,2054216,3727133104.8373103,77,Extreme Greed,0.0,0.05771788626724524,0.7535001064893754,0.007775933948251447,11.26692896760724,extreme_greed,True,0.54,0.05771788626724524,0.7535001064893754
2021-03-06,48746.81,49200.0,47070.0,48882.2,44399.234242,1476474,2143910705.2915032,77,Extreme Greed,325.8811040605986,0.05753883688690002,0.7462076763901311,0.002673048282055846,10.700977501469787,extreme_greed,True,0.54,0.05753883688690002,0.7462076763901311
2021-03-07,48882.2,51450.03,48882.2,50971.75,55235.028032,1758101,2778875909.4491262,76,Extreme Greed,0.0,0.057118076173713984,0.758297087960143,0.04185823565066163,10.919352596810546,extreme_greed,True,0.52,0.057118076173713984,0.758297087960143
2021-03-08,50959.11,52402.78,49274.67,52375.17,66987.359664,1999401,3400847931.036074,81,Extreme Greed,253.80038904650854,0.05681574512652634,0.7590895442417787,0.02716106637595351,11.112259218842897,extreme_greed,True,0.62,0.05681574512652634,0.7590895442417787
2021-03-09,52375.18,54895.0,51789.41,54884.5,71656.737076,2194398,3861450964.6549034,81,Extreme Greed,0.0,0.05652285808312124,0.748348797199972,0.04679835308017754,11.17964245641451,extreme_greed,True,0.62,0.05652285808312124,0.748348797199972
2021-03-10,54874.67,57387.69,53005.0,55851.59,84749.238943,2647284,4700197563.359213,68,Greed,0.0,0.05736526124131803,0.7483330175904523,0.017467017083068827,11.347452045178777,greed,False,0.36,0.05736526124131803,0.7483330175904523
2021-03-11,55851.59,58150.0,54272.82,57773.16,81914.812859,2509970,4612366201.00222,73,Greed,303.8489647476089,0.05634600149730752,0.7011054322268103,0.03382631374464177,11.31343511867628,greed,False,0.46,0.05634600149730752,0.7011054322268103
2021-03-12,57773.15,58081.51,54962.84,57221.72,73405.406047,2489931,4162054726.378839,70,Greed,467.2195147558389,0.05607521647293467,0.7021902749639236,-0.009590761378339105,11.203752863756927,greed,False,0.4,0.05607521647293467,0.7021902749639236
2021-03-13,57221.72,61844.0,56078.23,61188.39,83245.091346,2559002,4933383453.245978,74,Greed,0.0,0.057193665025849105,0.7349747694526803,0.06702391904951818,11.329544443293505,greed,False,0.48,0.057193665025849105,0.7349747694526803
2021-03-14,61188.38,61724.79,58966.78,58968.31,52601.05275,1829769,3176397573.8846426,78,Extreme Greed,245.0081956362346,0.051643831000487854,0.7134121912749829,-0.03695728467773086,10.870491412784073,extreme_greed,True,0.56,0.051643831000487854,0.7134121912749829
2021-03-15,58976.08,60633.43,54600.0,55605.2,102771.427298,2683815,5874241052.093372,76,Extreme Greed,0.0,0.04719211323580293,0.6429077534747905,-0.05872345889857389,11.540262648797466,extreme_greed,True,0.52,0.04719211323580293,0.6429077534747905
2021-03-16,55605.2,56938.29,53271.34,56900.75,77986.694355,2241208,4304259207.6451,71,Greed,0.0,0.04651216058977993,0.6447899670495483,0.023031800001562738,11.264293505928112,greed,False,0.42,0.04651216058977993,0.6447899670495483
2021-03-17,56900.74,58974.73,54123.69,58912.97,70421.620841,2204296,3960992972.154292,71,Greed,166.938437725981,0.04563528330429104,0.6100957894292315,0.03475274808665303,11.162255609214965,greed,False,0.42,0.04563528330429104,0.6100957894292315
2021-03-18,58912.97,60129.97,57023.0,57648.16,66580.406675,2040947,3900885761.212806,72,Greed,0.0,0.04445304558404062,0.6131570601324838,-0.02170294068462528,11.106165619175847,greed,False,0.44,0.04445304558404062,0.6131570601324838
2021-03-19,57641.0,59468.0,56270.74,58030.01,52392.652961,1885830,3052711147.934925,71,Greed,248.02786905022703,0.0439977406807845,0.6109743699993091,0.006601961060385554,10.86652164981076,greed,False,0.42,0.0439977406807845,0.6109743699993091
2021-03-20,58030.01,59880.0,57820.17,58102.28,44476.941776,1724131,2616535093.051585,75,Greed,78.4461247802836,0.042882632347319996,0.6000803726520956,0.001244615245755456,10.702726171524757,greed,False,0.5,0.042882632347319996,0.6000803726520956
2021-03-21,58100.02,58589.1,55450.11,57351.56,48564.470274,1773546,2774223129.62381,73,Greed,0.0,0.04129227242004632,0.5227453050758444,-0.013004861172545526,10.790647478209765,greed,False,0.46,0.04129227242004632,0.5227453050758444
2021-03-22,57351.56,58430.73,53650.0,54083.25,62581.626169,1927345,3527479514.325653,70,Greed,326.20677255302803,0.041959497851901166,0.5636057509144071,-0.05867551851751849,11.04422700232789,greed,False,0.4,0.041959497851901166,0.5636057509144071
2021-03-23,54083.25,55830.9,53000.0,54340.89,59789.365427,1740349,3264650774.8174615,66,Greed,58.43631651678407,0.04077712162177104,0.549848147496628,0.004752456139708097,10.99858308845519,greed,False,0.32,0.04077712162177104,0.549848147496628
2021-03-24,54342.8,57200.0,51700.0,52303.65,83537.465021,2401988,4583159614.046461,65,Greed,304.30734872808773,0.041391109271911114,0.5479676213680701,-0.038210823911918046,11.333050493097106,greed,False,0.3,0.041391109271911114,0.5479676213680701
2021-03-25,52303.66,53287.0,50427.56,51293.78,87400.534538,2099425,4536327184.95786,60,Greed,0.0,0.04110969620669895,0.5539313997496336,-0.019496661048352345,11.378256677620348,greed,False,0.2,0.04110969620669895,0.5539313997496336
2021-03-26,51293.78,55073.46,51214.6,55025.59,63813.774692,1773150,3397036140.7516375,54,Neutral,74.32992225789478,0.04183118747977896,0.603804200705609,0.07022885249165932,11.063724350292233,neutral,False,0.08,0.04183118747977896,0.603804200705609
2021-03-27,55025.59,56700.36,53950.0,55817.14,50105.475055,1528776,2767070175.861931,65,Greed,0.0,0.0417990915357389,0.5898068429980823,0.014282640925523643,10.821885563636986,greed,False,0.3,0.0417990915357389,0.5898068429980823
2021-03-28,55817.14,56559.75,54691.84,55777.63,39050.387511,1551283,2178777329.4452167,74,Greed,248.13678145133235,0.0412211733916397,0.5838970523474407,-0.0007080977298643483,10.572608078675701,greed,False,0.48,0.0412211733916397,0.5838970523474407
2021-03-29,55777.65,58405.82,54800.01,57635.47,67857.937398,1983437,3877131109.734646,72,Greed,152.8589764221376,0.04136734024382049,0.5719860383692057,0.0327652838371849,11.125171642916072,greed,False,0.44,0.04136734024382049,0.5719860383692057
2021-03-30,57635.46,59368.0,57071.35,58746.57,55122.443122,1612744,3221944107.4550304,72,Greed,0.0,0.04031763236967827,0.5725818228012387,0.019094591554397786,10.917312228399034,greed,False,0.44,0.04031763236967827,0.5725818228012387
2021-03-31,58746.57,59800.0,56769.0,58740.55,60975.542666,1928224,3575976083.804576,76,Extreme Greed,320.33336384571487,0.03985522560079325,0.5605218961258716,-0.00010247931867370034,11.018228122855916,extreme_greed,True,0.52,0.03985522560079325,0.5605218961258716
2021-04-01,58739.46,59490.0,57935.45,58720.44,47415.61722,1594431,2789238879.9433737,74,Greed,153.3427913222299,0.03932115621214953,0.5592011766200655,-0.00034241155632151754,10.76670693063266,greed,False,0.48,0.03932115621214953,0.5592011766200655
2021-04-02,58720.45,60200.0,58428.57,58950.01,47382.418781,1666356,2811159761.2684674,74,Greed,37.94729878751433,0.03727617559899746,0.5028412201480633,0.003901919152452414,10.766006527085125,greed,False,0.48,0.03727617559899746,0.5028412201480633
2021-04-03,58950.01,59791.72,56880.0,57051.94,47409.852113,1606805,2783151686.164537,73,Greed,34.93560655681681,0.03737348653087454,0.4991365956328689,-0.03272771563018565,10.766585336570481,greed,False,0.46,0.03737348653087454,0.4991365956328689
2021-04-04,57051.95,58492.85,56388.0,58202.01,41314.081973,1499113,2380139010.7302327,74,Greed,80.15284162316107,0.034969791422650505,0.45609787375382904,0.01995780923504549,10.62895868870204,greed,False,0.48,0.034969791422650505,0.45609787375382904
2021-04-05,58202.01,59272.0,56777.77,59129.99,54258.01579,2035877,3155214764.1644855,71,Greed,159.6227455179416,0.03429725908352466,0.4524494790669287,0.015818350490323988,10.901506016985486,greed,False,0.42,0.03429725908352466,0.4524494790669287
2021-04-06,59129.99,59495.24,57413.02,57991.15,54201.000727,1960513,3166911557.1481576,75,Greed,219.27325230798954,0.032654514001900635,0.44104728847758856,-0.019447828016770405,10.900454650855073,greed,False,0.5,0.032654514001900635,0.44104728847758856
2021-04-07,57990.03,58655.0,55473.0,55953.45,71228.405659,2206433,4053294016.4845147,72,Greed,0.0,0.03273623236248283,0.45257095009947984,-0.035770317641772804,11.17364697372316,greed,False,0.44,0.03273623236248283,0.45257095009947984
2021-04-08,55953.44,58153.31,55700.0,58077.52,44283.147019,1661080,2531779682.552427,73,Greed,355.1812556503547,0.03240506736181177,0.47248734523898106,0.03725857482507307,10.69835945518695,greed,False,0.46,0.03240506736181177,0.47248734523898106
2021-04-09,58077.52,58894.9,57654.0,58142.54,40831.884911,1615962,2378340697.289584,70,Greed,0.0,0.032189574751744124,0.47248330853912274,0.001118911946587532,10.617218548102331,greed,False,0.4,0.032189574751744124,0.47248330853912274
2021-04-10,58142.55,61500.0,57900.01,59769.13,69906.424117,2470398,4197138552.4690337,70,Greed,0.0,0.03235896528425048,0.4795460111446395,0.027591725106052453,11.154912828390941,greed,False,0.4,0.03235896528425048,0.4795460111446395
2021-04-11,59769.13,60699.0,59232.52,60002.43,41156.715391,1746102,2462032926.6179814,76,Extreme Greed,115.14164409156811,0.0304382667433468,0.4224690690405334,0.003895754468994307,10.625142385767605,extreme_greed,True,0.52,0.0304382667433468,0.4224690690405334
2021-04-12,59998.8,61300.0,59350.59,59860.0,56375.037117,1806298,3393042867.8714666,74,Greed,150.14624270561302,0.02994149878309133,0.4233246946024761,-0.0023765589774449635,10.93978173519944,greed,False,0.48,0.02994149878309133,0.4233246946024761
2021-04-13,59860.01,63777.77,59805.15,63575.0,82848.688746,2703735,5154877375.389618,74,Greed,0.8132147302009868,0.02804944676579729,0.43459460111755444,0.060211808883630515,11.32477119588577,greed,False,0.48,0.02804944676579729,0.43459460111755444
2021-04-14,63575.01,64854.0,61301.0,62959.53,82616.343993,2645625,5239081228.156977,75,Greed,107.56086962546144,0.028091990810715856,0.4271935752934732,-0.009728172284078391,11.321962809100198,greed,False,0.5,0.028091990810715856,0.4271935752934732
2021-04-15,62959.53,63800.0,62020.0,63159.98,51649.70034,1938028,3248931738.293182,79,Extreme Greed,161.90207149348996,0.026616433591503584,0.3639444722267693,0.0031787337071748686,10.852239672788457,extreme_greed,True,0.58,0.026616433591503584,0.3639444722267693
2021-04-16,63158.74,63520.61,60000.0,61334.8,91764.139884,2639940,5647292669.615494,78,Extreme Greed,54.229132492854134,0.026879006438465358,0.3845353887017441,-0.02932349103283781,11.426976867219713,extreme_greed,True,0.56,0.026879006438465358,0.3845353887017441
2021-04-17,61334.81,62506.05,59580.91,60006.66,58912.256128,2268816,3605701810.675047,76,Extreme Greed,252.4694332453146,0.027268433443003125,0.39568694192770115,-0.021891825636385424,10.983804431660507,extreme_greed,True,0.52,0.027268433443003125,0.39568694192770115
2021-04-18,60006.67,60499.0,50931.3,56150.01,124882.131824,3444089,6949379727.429154,79,Extreme Greed,0.0,0.03470978154212672,0.45160428793439966,-0.06642869678323018,11.735125626023747,extreme_greed,True,0.58,0.03470978154212672,0.45160428793439966
2021-04-19,56150.01,57526.81,54221.58,55633.14,78229.042267,2390527,4398619580.647143,74,Greed,238.6493971229329,0.0352113714601501,0.4457921820200715,-0.00924779241999631,11.267396242075744,greed,False,0.48,0.0352113714601501,0.4457921820200715
2021-04-20,55633.14,57076.24,53329.96,56425.0,72744.482151,2148820,4037701391.6195264,73,Greed,345.3096902424544,0.035695466097589966,0.4497483556589211,0.014133255844769198,11.194708335435582,greed,False,0.46,0.035695466097589966,0.4497483556589211
2021-04-21,56425.0,56757.91,53536.02,53787.63,66984.756909,2134946,3704549578.6973033,73,Greed,523.4914562376259,0.03637461175508918,0.4781531937712938,-0.0478688076233732,11.11222036366815,greed,False,0.46,0.03637461175508918,0.4781531937712938
2021-04-22,53787.62,55521.48,50500.0,51690.96,104656.631337,2744621,5594983857.318092,65,Greed,0.0,0.03832862152896018,0.4930018151219537,-0.03976060378705051,11.55844009267974,greed,False,0.3,0.03832862152896018,0.4930018151219537
2021-04-23,51690.95,52131.85,47500.0,51125.14,132230.780719,2888237,6571097317.467918,55,Greed,0.0,0.039752559593504995,0.48365707399808344,-0.011006558547651292,11.792304013783609,neutral,False,0.1,0.039752559593504995,0.48365707399808344
2021-04-24,51110.56,51166.22,48657.14,50047.84,55361.512573,1164985,2762081002.878663,37,Fear,306.9816325211536,0.04002046410618555,0.4769974836471701,-0.02129700475873513,10.92163991240746,fear,False,-0.26,0.04002046410618555,0.4769974836471701
2021-04-25,50047.84,50567.91,46930.0,49066.77,58255.645004,1475479,2867858315.1873198,31,Fear,86.67859181376937,0.040851284599151445,0.4705686970032273,-0.019797324384079943,10.972596276672396,fear,False,-0.38,0.040851284599151445,0.4705686970032273
2021-04-26,49066.76,54356.62,48753.44,54001.39,86310.802124,2174544,4555688503.3973875,27,Fear,0.0,0.04312048143044837,0.5982676316951766,0.09582776337101846,11.365710038693864,fear,False,-0.46,0.04312048143044837,0.5982676316951766
2021-04-27,54001.38,55460.0,53222.0,55011.97,54064.034675,1568666,2949719328.3669896,50,Neutral,0.0,0.0428237027176052,0.5905012288928616,0.018541010943021647,10.897924450323353,neutral,False,0.0,0.0428237027176052,0.5905012288928616
2021-04-28,55011.97,56428.0,53813.16,54846.22,55130.459015,1830042,3020242787.5066776,59,Greed,104.74231062013975,0.04290646045568147,0.5730779206759256,-0.003017528793609669,10.917457637596591,greed,False,0.18,0.04290646045568147,0.5730779206759256
2021-04-29,54846.23,55195.84,52330.94,53555.0,52486.019455,1763676,2823220335.4760413,52,Neutral,0.0,0.04340527541419366,0.5776013423840584,-0.023824105906546798,10.868302117021376,neutral,False,0.04,0.04340527541419366,0.5776013423840584
2021-04-30,53555.0,57963.0,53013.01,57694.27,68578.910045,2267648,3808187372.7393794,51,Neutral,42.29547554224259,0.04429568853772533,0.633001012257894,0.07444869860711945,11.135740332700179,neutral,False,0.02,0.04429568853772533,0.633001012257894
2021-05-01,57697.25,58458.07,56956.14,57800.37,42600.351836,1743013,2460342954.8425207,68,Greed,0.0,0.04431183787284444,0.6327989340545471,0.001837315218213768,10.659617791284388,greed,False,0.36,0.04431183787284444,0.6327989340545471
2021-05-02,57797.35,57911.02,56035.25,56578.21,36812.878863,1371638,2089763230.439627,66,Greed,0.0,0.04431992186044972,0.6365815248227522,-0.021371248289667417,10.51360303203538,greed,False,0.32,0.04431992186044972,0.6365815248227522
2021-05-03,56578.21,58981.44,56435.0,57169.39,57649.931286,2102128,3337604542.627381,61,Greed,92.2460502104429,0.043872433995758194,0.5943170374019218,0.01039468653491475,10.962144333779756,greed,False,0.22,0.043872433995758194,0.5943170374019218
2021-05-04,57169.39,57200.0,53046.69,53200.01,85324.625903,2492629,4705402064.300975,68,Greed,0.0,0.04438487322688075,0.6397682184355362,-0.07196003096966748,11.354218389387915,greed,False,0.36,0.04438487322688075,0.6397682184355362
2021-05-05,53205.05,58069.82,52900.0,57436.11,77263.923439,2378119,4327994296.151437,48,Neutral,643.3973140702684,0.04596048757992045,0.7070010068840396,0.07661461528794215,11.254982417211506,neutral,False,-0.04,0.04596048757992045,0.7070010068840396
2021-05-06,57436.11,58360.0,55200.0,56393.68,70181.671908,2459881,3992289527.7370973,65,Greed,250.30946222974748,0.045930586127373996,0.7029949764913895,-0.018316104117848727,11.158842471993935,greed,False,0.3,0.045930586127373996,0.7029949764913895
2021-05-07,56393.68,58650.0,55241.63,57314.75,74542.747829,2361692,4239374487.4747725,64,Greed,509.9519245997702,0.04618262991537425,0.7032836400145895,0.016200912209963583,11.21912803617188,greed,False,0.28,0.04618262991537425,0.7032836400145895
2021-05-08,57315.49,59500.0,56900.0,58862.05,69709.906028,2311378,4079553831.9880643,67,Greed,10.765189383038608,0.04042775220327405,0.6673932751727945,0.02663856290765698,11.152097710437648,greed,False,0.34,0.04042775220327405,0.6673932751727945
2021-05-09,58866.53,59300.0,56235.66,58240.84,69806.11991,2170139,4043552701.5065985,73,Greed,312.3788607756425,0.04027442229012938,0.6677248400564497,-0.010609743743877945,11.153476962700687,greed,False,0.46,0.04027442229012938,0.6677248400564497
2021-05-10,58240.83,59500.0,53400.0,55816.14,89586.34925,2575419,5131782639.966137,72,Greed,297.2282718050613,0.0418318313643915,0.6844735235128325,-0.04252375198618774,11.402958235235722,greed,False,0.44,0.0418318313643915,0.6844735235128325
2021-05-11,55816.14,56862.43,54370.0,56670.02,64329.54055,1911480,3583030654.763019,61,Greed,215.31885207435187,0.04152761191653728,0.6629031624998617,0.01518224822672772,11.071774222299641,greed,False,0.22,0.04152761191653728,0.6629031624998617
2021-05-12,56670.02,58000.01,48600.0,49631.32,99842.789836,2676826,5476115093.110468,68,Greed,135.01520298501757,0.0461119425549436,0.8077550301063795,-0.13262323703978,11.511352126281764,greed,False,0.36,0.0461119425549436,0.8077550301063795
2021-05-13,49537.15,51367.19,46000.0,49670.97,147332.002121,3570506,7303694688.601401,31,Fear,0.0,0.04679544348051246,0.8071022933828248,0.0007985717571492955,11.900443836973079,fear,False,-0.38,0.04679544348051246,0.8071022933828248
2021-05-14,49671.92,51483.0,48799.75,49841.45,80082.204306,2095860,4015904915.407911,26,Fear,242.4675467610875,0.046860315478037956,0.8038003489177677,0.0034263093346637553,11.290808939908962,fear,False,-0.48,0.046860315478037956,0.8038003489177677
2021-05-15,49844.16,50700.0,46555.0,46762.99,89437.449359,2286791,4350775846.517358,27,Fear,1.90586939106018,0.047186393662633254,0.8326373552647786,-0.06375488905286,11.401294770082014,fear,False,-0.46,0.047186393662633254,0.8326373552647786
2021-05-16,46762.99,49795.89,43825.39,46431.5,114269.812775,2661295,5367497608.115901,20,Extreme Fear,189.93040133334566,0.048034241830556275,0.7473739240976826,-0.007113969892819319,11.646317709695381,extreme_fear,True,-0.6,0.048034241830556275,0.7473739240976826
2021-05-17,46426.83,46686.0,42001.0,43538.04,166657.172736,3216821,7346755531.933858,27,Fear,0.0,0.04978320167922554,0.7666547285601129,-0.06434306949225864,12.023694123529733,fear,False,-0.46,0.04978320167922554,0.7666547285601129
2021-05-18,43538.02,45799.29,42250.02,42849.78,116979.860784,2561165,5146670282.547902,21,Extreme Fear,657.695459080517,0.050548070316579874,0.7660863178275572,-0.0159345278743997,11.669757068912533,extreme_fear,True,-0.58,0.050548070316579874,0.7660863178275572
2021-05-19,42849.78,43584.9,30000.0,36690.09,354347.243161,6331062,13477694934.871798,23,Extreme Fear,0.0,0.07085052112259953,0.9188866356746588,-0.15519381949293082,12.778032624219426,extreme_fear,True,-0.54,0.07085052112259953,0.9188866356746588
2021-05-20,36671.23,42451.67,34850.0,40526.64,203017.596923,4269898,8019897067.17622,11,Extreme Fear,1179.5128972514137,0.0746872640013172,0.9561130518291069,0.0994528443006428,12.221047938616808,extreme_fear,True,-0.78,0.0746872640013172,0.9561130518291069
2021-05-21,40525.39,42200.0,33488.0,37252.01,202100.888258,3993336,7713346610.274129,19,Extreme Fear,1609.1258917752377,0.08080970516334436,0.9813325740464081,-0.084253632547951,12.216522298523072,extreme_fear,True,-0.62,0.08080970516334436,0.9813325740464081
2021-05-22,37263.35,38829.0,35200.62,37449.73,126542.243689,2716691,4730567647.674401,12,Extreme Fear,481.54892791903075,0.08175707379158563,0.9860993815532022,0.005293597223083863,11.748331473608957,extreme_fear,True,-0.76,0.08175707379158563,0.9860993815532022
2021-05-23,37458.51,38270.64,31111.01,34655.25,217136.046593,4082004,7431242463.203842,14,Extreme Fear,182.86060880528026,0.08615523803551921,0.9987318957624572,-0.07755027101425602,12.288279378900931,extreme_fear,True,-0.72,0.08615523803551921,0.9987318957624572
2021-05-24,34681.44,39920.0,34031.0,38796.29,161630.893971,3510578,5996773032.151345,10,Extreme Fear,293.7144729028279,0.08820226884268718,1.0944532479873041,0.11287539419061506,11.99307058236053,extreme_fear,True,-0.8,0.08820226884268718,1.0944532479873041
2021-05-25,38810.99,39791.77,36419.62,38324.72,111996.228404,2508310,4253519579.378729,22,Extreme Fear,553.1895527818796,0.08811505805176335,1.038999697629503,-0.012229504705664857,11.626220474745931,extreme_fear,True,-0.56,0.08811505805176335,1.038999697629503
2021-05-26,38324.72,40841.0,37800.44,39241.91,104780.773396,2432319,4113717505.2635546,22,Extreme Fear,72.65329455333124,0.0884099469175205,1.0506381210544449,0.02365018953907607,11.55962557407641,extreme_fear,True,-0.56,0.0884099469175205,1.0506381210544449
2021-05-27,39241.92,40411.14,37134.27,38529.98,86547.158794,2102182,3361413526.0535436,27,Fear,469.94587820571394,0.0887729731928971,1.042793590452891,-0.018308668772305418,11.368444732728728,fear,False,-0.46,0.0887729731928971,1.042793590452891
2021-05-28,38529.99,38877.83,34684.0,35663.49,135377.62972,2659178,4926260941.933614,21,Extreme Fear,0.0,0.08988661574564827,1.0465950152277987,-0.07730916315521141,11.81582340956245,extreme_fear,True,-0.58,0.08988661574564827,1.0465950152277987
2021-05-29,35661.79,37338.58,33632.76,34605.15,112663.092689,2169643,3949843335.322595,18,Extreme Fear,237.80207657798084,0.09069657117652133,1.0453146544310785,-0.030124961488519942,11.632157163598636,extreme_fear,True,-0.64,0.09069657117652133,1.0453146544310785
2021-05-30,34605.15,36488.0,33379.0,35641.27,73535.386967,1559892,2601994948.148242,10,Extreme Fear,608.6789147209466,0.09032111527250862,1.0613827677583378,0.02950172116854018,11.20552202467183,extreme_fear,True,-0.8,0.09032111527250862,1.0613827677583378
2021-05-31,35641.26,37499.0,34153.84,37253.81,94160.735289,1896359,3406047734.8311286,18,Extreme Fear,306.4329906936517,0.09098968980305584,1.0798977970723775,0.04424998538763259,11.452758550835275,extreme_fear,True,-0.64,0.09098968980305584,1.0798977970723775
2021-06-01,37253.82,37894.81,35666.0,36693.09,81234.66377,1760417,2973928300.375587,20,Extreme Fear,179.6035823932274,0.08821314429536027,0.9960656297180103,-0.015165767520091036,11.305097328775782,extreme_fear,True,-0.6,0.08821314429536027,0.9960656297180103
2021-06-02,36694.85,38225.0,35920.0,37568.68,67587.372495,1530915,2523462575.6884375,23,Extreme Fear,423.7843529112886,0.08735952700212185,1.0041399095097812,0.02358227059865497,11.121176447171004,extreme_fear,True,-0.54,0.08735952700212185,1.0041399095097812
2021-06-03,37568.68,39476.0,37170.0,39246.79,75889.106011,1949658,2930945325.709207,24,Extreme Fear,0.0,0.08743771508757707,1.0233811058743525,0.04369893289158691,11.237028422265324,extreme_fear,True,-0.52,0.08743771508757707,1.0233811058743525
2021-06-04,39246.78,39289.07,35555.15,36829.0,91317.799245,1926311,3379399754.9305224,27,Fear,289.4615061473966,0.08771546377035301,1.0232665950622561,-0.06358407913456297,11.422101000977516,fear,False,-0.46,0.08771546377035301,1.0232665950622561
2021-06-05,36829.15,37925.0,34800.0,35513.2,70459.62149,1463754,2560547116.8364058,24,Extreme Fear,252.40113264992584,0.08679395028306432,1.026703617372265,-0.03638111995464031,11.162795079896695,extreme_fear,True,-0.52,0.08679395028306432,1.026703617372265
2021-06-06,35516.07,36480.0,35222.0,35796.31,47650.206637,993430,1711857075.0471697,17,Extreme Fear,166.21599946824887,0.08575385509383286,1.0110796884789814,0.007940357113332096,10.771642245631183,extreme_fear,True,-0.66,0.08575385509383286,1.0110796884789814
2021-06-07,35796.31,36900.0,33300.0,33552.79,77574.952573,1532260,2755673601.713914,15,Extreme Fear,140.81328691467954,0.08617668861090351,1.0296743925179466,-0.06472479604498639,11.258999877946751,extreme_fear,True,-0.7,0.08617668861090351,1.0296743925179466
2021-06-08,33556.96,34068.01,31000.0,33380.81,123251.189037,2074885,4030784324.609684,13,Extreme Fear,0.0,0.07121172263903791,0.8802722989244268,-0.005138835456786614,11.721979739217428,extreme_fear,True,-0.74,0.07121172263903791,0.8802722989244268
2021-06-09,33380.8,37534.79,32396.82,37388.05,136607.597517,2601479,4794741674.438823,14,Extreme Fear,0.0,0.06899135357735792,0.9032051381592778,0.11336995068009252,11.82486784329105,extreme_fear,True,-0.72,0.06899135357735792,0.9032051381592778
2021-06-10,37388.05,38491.0,35782.0,36675.72,109527.284943,2231430,4062957162.3643,21,Extreme Fear,0.0,0.06238281843136083,0.8548007166880072,-0.019236178908744933,11.603928974760764,extreme_fear,True,-0.58,0.06238281843136083,0.8548007166880072
2021-06-11,36677.83,37680.4,35936.77,37331.98,78466.0053,1727645,2903043643.310072,21,Extreme Fear,338.69986741572467,0.061306894902628965,0.8571108831095255,0.01773537623175507,11.270420756472568,extreme_fear,True,-0.58,0.061306894902628965,0.8571108831095255
2021-06-12,37331.98,37463.63,34600.36,35546.11,87717.54999,1719650,3132387326.5375137,28,Fear,175.67864254346074,0.05566776858546821,0.8284464558431212,-0.04901960505525715,11.381877272251216,fear,False,-0.44,0.05566776858546821,0.8284464558431212
2021-06-13,35546.12,39380.0,34757.0,39020.57,86921.025555,1894103,3208991521.63768,23,Extreme Fear,450.05651068302643,0.05404381417332459,0.7956731056216709,0.09325821606697823,11.372755233138772,extreme_fear,True,-0.54,0.05404381417332459,0.7956731056216709
2021-06-14,39020.56,41064.05,38730.0,40516.29,108522.391949,2185089,4320307646.765389,28,Fear,0.0,0.05330175334377909,0.8048909320182469,0.03761517248338315,11.594711808079902,fear,False,-0.44,0.05330175334377909,0.8048909320182469
2021-06-15,40516.28,41330.0,39506.4,40144.04,80679.622838,1931890,3247746713.62741,38,Fear,215.4094823274479,0.05262945904601481,0.802040529012493,-0.009230129428558456,11.29824131726793,fear,False,-0.24,0.05262945904601481,0.802040529012493
2021-06-16,40143.8,40527.14,38116.01,38349.01,87771.976937,2134897,3450556041.6005836,33,Fear,0.0,0.0520455946997296,0.8166430485536725,-0.04574527341953061,11.382497559395391,fear,False,-0.34,0.0520455946997296,0.8166430485536725
2021-06-17,38349.0,39559.88,37365.0,38092.97,79541.307119,1620210,3065622530.039886,26,Fear,61.59040466186322,0.050324317329708414,0.765091885835264,-0.006698961944875927,11.284031752106664,fear,False,-0.48,0.050324317329708414,0.765091885835264
2021-06-18,38092.97,38202.84,35129.29,35819.84,95228.042935,1809253,3507868126.3062024,25,Extreme Fear,0.0,0.04962227982073589,0.790967728393706,-0.06152782082782359,11.46402974604759,extreme_fear,True,-0.5,0.04962227982073589,0.790967728393706
2021-06-19,35820.48,36457.0,34803.52,35483.72,68712.449461,1212278,2453817534.777169,23,Extreme Fear,64.44703884873257,0.04856125298706516,0.7848831286850437,-0.00942793009744289,11.137685676654728,extreme_fear,True,-0.54,0.04856125298706516,0.7848831286850437
2021-06-20,35483.72,36137.72,33336.0,35600.16,89878.17085,1691871,3124634336.8407607,21,Extreme Fear,86.90286862995639,0.048147557483002965,0.7673719436001953,0.0032761324830971688,11.406210375068593,extreme_fear,True,-0.58,0.048147557483002965,0.7673719436001953
2021-06-21,35600.17,35750.0,31251.23,31608.93,168778.873159,2688993,5545926077.788067,23,Extreme Fear,279.222517051679,0.05077517405796466,0.8717574964368918,-0.11891045662276035,12.036344694300288,extreme_fear,True,-0.54,0.05077517405796466,0.8717574964368918
2021-06-22,31614.12,33298.78,28805.0,32509.56,204208.179762,3113977,6406159197.076789,10,Extreme Fear,0.0,0.05373425002317301,0.8740325649016856,0.028094524319938106,12.22689524151081,extreme_fear,True,-0.8,0.05373425002317301,0.8740325649016856
2021-06-23,32509.56,34881.0,31683.0,33678.07,126966.100563,2026228,4282250433.919445,14,Extreme Fear,0.0,0.05466986785409368,0.8680375592413985,0.0353126837670968,11.751675405109202,extreme_fear,True,-0.72,0.05466986785409368,0.8680375592413985
2021-06-24,33675.07,35298.0,32286.57,34663.09,86625.80426,1531230,2925373222.105977,22,Extreme Fear,557.5405429511741,0.054335663069245824,0.8508714629485569,0.028828548379449724,11.36935302083583,extreme_fear,True,-0.56,0.054335663069245824,0.8508714629485569
2021-06-25,34663.08,35500.0,31275.0,31584.45,116061.130356,2094932,3846120542.6572967,27,Fear,681.3455992308029,0.05575449355867633,0.9024895113377432,-0.09301052120369376,11.661872317107822,fear,False,-0.46,0.05575449355867633,0.9024895113377432
2021-06-26,31576.09,32730.0,30151.0,32283.65,107820.375287,1814051,3376415451.793124,20,Extreme Fear,0.0,0.05663772458576711,0.9066701737960876,0.021895999249812816,11.588221929680367,extreme_fear,True,-0.6,0.05663772458576711,0.9066701737960876
2021-06-27,32283.65,34749.0,31973.45,34700.34,96613.244211,1799875,3199980157.7503333,22,Extreme Fear,0.0,0.05606035542300273,0.9175666707394213,0.07218857505595316,11.478471114436305,extreme_fear,True,-0.56,0.05606035542300273,0.9175666707394213
2021-06-28,34702.49,35297.71,33862.72,34494.89,82222.267819,1868627,2837122779.5244017,25,Extreme Fear,0.0,0.054892795295674146,0.9176498696754043,-0.005938288050668354,11.317181442399384,extreme_fear,True,-0.5,0.054892795295674146,0.9176498696754043
2021-06-29,34494.89,36600.0,34225.43,35911.73,90788.79622,1673802,3233947791.8633885,25,Extreme Fear,27.69486819373978,0.05199587093960172,0.832311133791943,0.04025278594807432,11.416291167328678,extreme_fear,True,-0.5,0.05199587093960172,0.832311133791943
2021-06-30,35911.72,36100.0,34017.55,35045.0,77152.197634,1301036,2688939291.095673,28,Fear,396.8012264944889,0.05168353094295942,0.8339394620446494,-0.024431033120821895,11.253535342596239,fear,False,-0.44,0.05168353094295942,0.8339394620446494
2021-07-01,35045.0,35057.57,32711.0,33504.69,71708.266112,1240681,2410809595.390457,28,Fear,0.0,0.052127370959267325,0.843618146626462,-0.04494752092035272,11.180361307418215,fear,False,-0.44,0.052127370959267325,0.843618146626462
2021-07-02,33502.33,33977.04,32699.0,33786.55,56172.181378,1176457,1870193042.393537,21,Extreme Fear,230.175016751991,0.051281343023740475,0.8287349155674392,0.008377365268202767,10.936176920058148,extreme_fear,True,-0.58,0.051281343023740475,0.8287349155674392
2021-07-03,33786.54,34945.61,33316.73,34669.13,43044.578641,1078278,1478423023.503483,24,Extreme Fear,0.0,0.04888397109922938,0.7567747609544861,0.025786871340954098,10.669991570241729,extreme_fear,True,-0.52,0.04888397109922938,0.7567747609544861
2021-07-04,34669.12,35967.85,34357.15,35286.51,43703.475789,1164970,1544458212.3926332,27,Fear,0.0,0.048638885878022606,0.7447678300686864,0.017651072284598005,10.685182915426463,fear,False,-0.46,0.048638885878022606,0.7447678300686864
2021-07-05,35288.13,35293.78,33125.55,33690.14,64123.874245,1109367,2183406257.4938293,29,Fear,0.0,0.04900520420958425,0.7578064093650823,-0.04629552498009569,11.068572026685441,fear,False,-0.42,0.04900520420958425,0.7578064093650823
2021-07-06,33690.15,35118.88,33532.0,34220.01,58210.596349,1184687,1991691100.9482658,20,Extreme Fear,363.7784475601488,0.04870542529228314,0.7493405233544714,0.01560534774517823,10.971822684999424,extreme_fear,True,-0.6,0.04870542529228314,0.7493405233544714
2021-07-07,34220.02,35059.09,33777.77,33862.12,53807.521675,1041416,1857658028.480804,28,Fear,316.87831854919676,0.04835761591526764,0.7495305615481935,-0.010513575195606917,10.893168544463139,fear,False,-0.44,0.04835761591526764,0.7495305615481935
2021-07-08,33862.11,33929.64,32077.0,32875.71,70136.48032,1257892,2304973020.298715,20,Extreme Fear,0.0,0.04762824123935839,0.7262860221328802,-0.029562898272273284,11.158198341653778,extreme_fear,True,-0.6,0.04762824123935839,0.7262860221328802
2021-07-09,32875.71,34100.0,32261.07,33815.81,47153.939899,1236351,1562958239.3913763,20,Extreme Fear,428.37536774526745,0.04780187281758049,0.7349807660422194,0.028194357383748637,10.761172845524982,extreme_fear,True,-0.6,0.04780187281758049,0.7349807660422194
2021-07-10,33815.81,34262.0,33004.78,33502.87,34761.175468,865508,1171790111.0829954,20,Extreme Fear,161.46267284155513,0.046827136597147025,0.7350463332641742,-0.009297337803434783,10.456256395493403,extreme_fear,True,-0.6,0.046827136597147025,0.7350463332641742
2021-07-11,33502.87,34666.0,33306.47,34258.99,31572.647448,952891,1070033013.1920449,20,Extreme Fear,136.37632259690227,0.04353679923171755,0.5979204115608803,0.022317905214544593,10.360046437649574,extreme_fear,True,-0.6,0.04353679923171755,0.5979204115608803
2021-07-12,34259.0,34678.43,32658.34,33086.63,48181.403762,1176847,1620646741.3349633,25,Extreme Fear,292.39695386519804,0.039766840438532125,0.6059816330920662,-0.034819738727865,10.782728411526906,extreme_fear,True,-0.5,0.039766840438532125,0.6059816330920662
2021-07-13,33086.94,33340.0,32202.25,32729.77,41126.361008,956053,1348583017.010343,20,Extreme Fear,0.0,0.03789964208162362,0.5932105817997071,-0.01084421199366593,10.624404581939517,extreme_fear,True,-0.6,0.03789964208162362,0.5932105817997071
2021-07-14,32729.12,33114.03,31550.0,32820.02,46777.823484,1123129,1515692074.9875476,21,Extreme Fear,105.46632731293849,0.03654027955808378,0.5826988041363492,0.002753633750060858,10.753164512420458,extreme_fear,True,-0.58,0.03654027955808378,0.5826988041363492
2021-07-15,32820.03,33185.25,31133.0,31880.0,51639.576353,1099367,1652077965.43656,20,Extreme Fear,392.58937914569236,0.03345336218288462,0.4877718690820747,-0.029059841124266395,10.852043641073324,extreme_fear,True,-0.6,0.03345336218288462,0.4877718690820747
2021-07-16,31874.49,32249.18,31020.0,31383.87,48499.864154,1067591,1538342711.5796566,22,Extreme Fear,175.30691441131913,0.03201379828191589,0.4841003369739349,-0.015684787261425026,10.789316275973198,extreme_fear,True,-0.56,0.03201379828191589,0.4841003369739349
2021-07-17,31383.86,31955.92,31164.31,31520.07,34012.242132,883442,1072815966.3363075,15,Extreme Fear,178.46659355435372,0.030187112725007997,0.3998590962435917,0.004330419138805793,10.434475801497161,extreme_fear,True,-0.7,0.030187112725007997,0.3998590962435917
2021-07-18,31520.07,32435.0,31108.97,31778.56,35923.716186,760979,1140964365.6466014,19,Extreme Fear,167.95456988229196,0.030193042490077825,0.40245587998809573,0.008167362765899914,10.489152974358786,extreme_fear,True,-0.62,0.030193042490077825,0.40245587998809573
2021-07-19,31778.57,31899.0,30407.44,30839.65,47340.468499,846029,1470563281.936503,24,Extreme Fear,0.0,0.02952676157209764,0.37616030228329,-0.029990648832101084,10.765120779491333,extreme_fear,True,-0.52,0.02952676157209764,0.37616030228329
2021-07-20,30839.65,31063.07,29278.0,29790.35,61034.049017,1062139,1821230700.020391,19,Extreme Fear,0.0,0.029518320739114718,0.38385906405522224,-0.03461668416799106,11.019187168037156,extreme_fear,True,-0.62,0.029518320739114718,0.38385906405522224
2021-07-21,29790.34,32858.0,29482.61,32144.51,82796.265128,1415058,2603140706.0822244,10,Extreme Fear,196.51943519992287,0.03156991066729456,0.46220897796812527,0.07605715848404894,11.324138232206234,extreme_fear,True,-0.8,0.03156991066729456,0.46220897796812527
2021-07-22,32144.51,32591.35,31708.0,32287.83,46148.092433,1000742,1482763544.9505365,21,Extreme Fear,82.77281630968794,0.031365042728177715,0.46124032168624746,0.0044487049941116285,10.739610905013883,extreme_fear,True,-0.58,0.031365042728177715,0.46124032168624746
2021-07-23,32287.58,33650.0,31924.32,33634.09,50112.863626,1394786,1631947003.0730467,23,Extreme Fear,0.0,0.031506461890169694,0.476247191671157,0.040849756917323884,10.822033013118,extreme_fear,True,-0.54,0.031506461890169694,0.476247191671157
2021-07-24,33634.1,34500.0,33401.14,34258.14,47977.550138,1196914,1625046258.4365523,22,Extreme Fear,0.0,0.03120414710132497,0.4766453857763741,0.01838406474345351,10.778488475023382,extreme_fear,True,-0.56,0.03120414710132497,0.4766453857763741
2021-07-25,34261.51,35398.0,33851.12,35381.02,47852.928313,1245775,1646935552.8055446,27,Fear,0.0,0.03061393422503213,0.4599452790279713,0.03225131745929758,10.775887592772438,fear,False,-0.46,0.03061393422503213,0.4599452790279713
2021-07-26,35381.02,40550.0,35205.78,37237.6,152452.512724,3330102,5832475057.065677,26,Fear,0.0,0.03548015933521395,0.48976100032005515,0.05114348533727734,11.934608434563286,fear,False,-0.48,0.03548015933521395,0.48976100032005515
2021-07-27,37241.33,39542.61,36383.0,39457.87,88397.267015,1938478,3335658261.995547,32,Fear,548.1557566602588,0.036863372565378166,0.5216423154077432,0.05791451692422995,11.389596332027912,fear,False,-0.36,0.036863372565378166,0.5216423154077432
2021-07-28,39456.61,40900.0,38772.0,40019.56,101344.528441,2631048,4040889461.6615276,50,Neutral,0.0,0.03679044823094045,0.5030298448419336,0.014134814167452743,11.526281163654184,neutral,False,0.0,0.03679044823094045,0.5030298448419336
2021-07-29,40019.57,40640.0,39200.0,40016.48,53998.439283,1428738,2154190697.3453183,50,Neutral,266.4811518363509,0.03635363916384658,0.49933858775062046,-7.696532715802908e-05,10.89671042296207,neutral,False,0.0,0.03635363916384658,0.49933858775062046
2021-07-30,40018.49,42316.71,38313.23,42206.37,73602.784805,1797012,2939833541.3815365,53,Neutral,153.1793845751445,0.03839941599841448,0.5189148989779133,0.05327978825254109,11.206438141025622,neutral,False,0.06,0.03839941599841448,0.5189148989779133
2021-07-31,42206.36,42448.0,41000.15,41461.83,44849.791012,1565380,1868285510.8846788,60,Greed,67.28489423490998,0.038306258082458564,0.5273404976915927,-0.017797912555153794,10.711074207765941,greed,False,0.2,0.038306258082458564,0.5273404976915927
2021-08-01,41461.84,42599.0,39422.01,39845.44,53953.186326,1603964,2227567271.4878654,60,Greed,179.00477285388007,0.03886827720009035,0.5331188888031549,-0.03976527538307319,10.895872029665156,greed,False,0.2,0.03886827720009035,0.5331188888031549
2021-08-02,39850.27,40480.01,38690.0,39147.82,50837.351954,1162878,2010928003.5944088,48,Neutral,0.0,0.039062636272067304,0.5370701029057229,-0.017663231962589804,10.836386638069612,neutral,False,-0.04,0.039062636272067304,0.5370701029057229
2021-08-03,39146.86,39780.0,37642.03,38207.05,57117.435853,1379871,2195360658.567329,48,Neutral,0.0,0.03922637472109654,0.5496689721770427,-0.024324684058787516,10.952864705477145,neutral,False,-0.04,0.03922637472109654,0.5496689721770427
2021-08-04,38207.04,39969.66,37508.56,39723.18,52329.35243,1220555,2028792778.1848047,42,Fear,498.53115821853805,0.03921800908339178,0.5424524580033742,0.03891484283709042,10.86531272455244,fear,False,-0.16,0.03921800908339178,0.5424524580033742
2021-08-05,39723.17,41350.0,37332.7,40862.46,84343.755621,1913281,3314527738.339733,50,Neutral,438.05031428531544,0.041221211135483556,0.5361810587664197,0.028276896761954197,11.342656055844355,neutral,False,0.0,0.041221211135483556,0.5361810587664197
2021-08-06,40862.46,43392.43,39853.86,42836.87,75753.941347,2223356,3148022459.9161587,52,Neutral,0.0,0.04264195588942838,0.5482282379316309,0.04718738719477047,11.23524575300155,neutral,False,0.04,0.04264195588942838,0.5482282379316309
2021-08-07,42836.87,44700.0,42446.41,44572.54,73396.740808,2258213,3197407326.036793,69,Greed,0.0,0.042838942166029674,0.5541618708454978,0.03971879398871793,11.203634810455995,greed,False,0.38,0.042838942166029674,0.5541618708454978
2021-08-08,44572.54,45310.0,43261.0,43794.37,69329.092698,1857112,3074924734.87934,74,Greed,99.54993776540353,0.04280699814741941,0.5418711840301195,-0.01761270403291667,11.146619905135196,greed,False,0.48,0.04280699814741941,0.5418711840301195
2021-08-09,43794.36,46454.15,42779.0,46253.4,74587.884845,2130595,3362870286.258118,65,Greed,292.16950188730243,0.043494511695979586,0.5201145255331117,0.05462970446216788,11.21973337146174,greed,False,0.3,0.043494511695979586,0.5201145255331117
2021-08-10,46248.87,46700.0,44589.46,45584.99,53814.643421,1951330,2452485823.9336543,71,Greed,164.40632818885925,0.041454277771254454,0.493999361781669,-0.01455647910352678,10.893300891661395,greed,False,0.42,0.041454277771254454,0.493999361781669
2021-08-11,45585.0,46743.47,45341.14,45511.0,52734.901977,1862925,2432788769.8326964,70,Greed,197.94438532021175,0.04149183897074965,0.4965856366367754,-0.0016244406865866849,10.873032791924498,greed,False,0.4,0.04149183897074965,0.4965856366367754
2021-08-12,45510.67,46218.12,43770.0,44399.0,55266.108781,1623329,2478758524.8641763,70,Greed,0.0,0.04153319576585678,0.5094983247570759,-0.02473710831782772,10.919915138531222,greed,False,0.4,0.04153319576585678,0.5094983247570759
2021-08-13,44400.06,47886.0,44217.39,47800.0,48239.370431,1804716,2239435701.1177917,70,Greed,160.26663066786645,0.042669394858881715,0.5521871325336546,0.07380869283538957,10.783930780548907,greed,False,0.4,0.042669394858881715,0.5521871325336546
2021-08-14,47799.99,48144.0,45971.03,47068.51,46114.359022,1849556,2166461458.668249,76,Extreme Greed,169.97784838918093,0.04269822428702052,0.5601997900016993,-0.015421439567330678,10.73887965601776,extreme_greed,True,0.52,0.04269822428702052,0.5601997900016993
2021-08-15,47068.5,47372.27,45500.0,46973.82,42110.711334,1580122,1950753713.2121248,71,Greed,116.54923660594856,0.03863000893415635,0.5453764912367872,-0.002013774690601655,10.648057413295419,greed,False,0.42,0.03863000893415635,0.5453764912367872
2021-08-16,46973.82,48053.83,45660.0,45901.29,52480.574014,1655378,2462127629.6090236,72,Greed,253.10094614582573,0.037607188135778735,0.5297451970005561,-0.023097203992741226,10.868198361324922,greed,False,0.44,0.037607188135778735,0.5297451970005561
2021-08-17,45901.3,47160.0,44376.0,44695.95,57039.341629,1781303,2616339597.9157424,72,Greed,0.0,0.03780982853942673,0.5426279741013783,-0.02661032775885209,10.951496512752982,greed,False,0.44,0.03780982853942673,0.5426279741013783
2021-08-18,44695.95,46000.0,44203.28,44705.29,54099.415985,1656723,2439673265.947117,73,Greed,192.74482372436486,0.037877956642656536,0.5425897681639377,0.00020894564849409231,10.898578669674642,greed,False,0.46,0.037877956642656536,0.5425897681639377
2021-08-19,44699.37,47033.0,43927.7,46760.62,53411.75392,1774382,2416320067.133769,70,Greed,260.01869651996793,0.036616166404546964,0.5335999742057086,0.0449495565754806,10.885786111588867,greed,False,0.4,0.036616166404546964,0.5335999742057086
2021-08-20,46760.62,49382.99,46622.99,49322.47,56850.352228,1950404,2721131744.2778172,70,Greed,0.0,0.03713049532968844,0.5524828002977937,0.05333836243326847,10.948177694902672,greed,False,0.4,0.03713049532968844,0.5524828002977937
2021-08-21,49322.47,49757.04,48222.0,48821.87,46745.136584,2069725,2290966131.376161,78,Extreme Greed,10.554456699938164,0.03588940632091388,0.5275015475539558,-0.010201389940111036,10.752465499016537,extreme_greed,True,0.56,0.03588940632091388,0.5275015475539558
2021-08-22,48821.88,49500.0,48050.0,49239.22,37007.887795,1610192,1807169840.1691713,76,Extreme Greed,200.0374670960028,0.03559637344908067,0.5172747129355141,0.008512092205915797,10.518886352554604,extreme_greed,True,0.52,0.03559637344908067,0.5172747129355141
2021-08-23,49239.22,50500.0,49029.0,49488.85,52462.541954,2143309,2616721363.685172,79,Extreme Greed,0.0,0.0350403470839638,0.5005543800079252,0.005056931265299252,10.867854707336546,extreme_greed,True,0.58,0.0350403470839638,0.5005543800079252
2021-08-24,49488.85,49860.0,47600.0,47674.01,51014.594748,1692896,2486079315.5644236,79,Extreme Greed,0.0,0.03455133163913809,0.5208635649034334,-0.03736100600577641,10.839867042296612,extreme_greed,True,0.58,0.03455133163913809,0.5208635649034334
2021-08-25,47674.01,49264.3,47126.28,48973.32,44655.830342,1559186,2149442271.5264206,73,Greed,188.3319040778692,0.03226338888004604,0.5202096427655188,0.026889274355853948,10.706740156548177,greed,False,0.46,0.03226338888004604,0.5202096427655188
2021-08-26,48973.32,49352.84,46250.0,46843.87,49371.277774,1532753,2333900030.229628,75,Greed,330.9809792873485,0.03140809735231412,0.5326686627726827,-0.044455503018913885,10.807124112505996,greed,False,0.5,0.03140809735231412,0.5326686627726827
2021-08-27,46843.86,49149.93,46348.0,49069.9,42068.104965,1320503,2007071230.219995,71,Greed,545.4219520329075,0.031628169908336064,0.5390487402784908,0.04642565518730656,10.647045130763743,greed,False,0.42,0.031628169908336064,0.5390487402784908
2021-08-28,49069.9,49299.0,48346.88,48895.35,26681.063786,793012,1303966035.7705495,78,Extreme Greed,3.0566764050202386,0.031122033723852305,0.533578046152911,-0.0035635122599486395,10.191709371273673,extreme_greed,True,0.56,0.031122033723852305,0.533578046152911
2021-08-29,48895.35,49632.27,47762.54,48767.83,32652.283473,1193046,1588661416.3603797,72,Greed,112.7064843047508,0.02954103621193826,0.5014031333741046,-0.002611425769036323,10.39367007017634,greed,False,0.44,0.02954103621193826,0.5014031333741046
2021-08-30,48767.84,48888.61,46853.0,46982.91,40288.35083,1204012,1932344430.923926,73,Greed,0.0,0.029440136704443978,0.5179652647400523,-0.03728695560163383,10.603817644858184,greed,False,0.46,0.029440136704443978,0.5179652647400523
2021-08-31,46982.91,48246.11,46700.0,47100.89,48645.52737,1300400,2303799571.3822727,73,Greed,187.54460304264163,0.029480866192431506,0.517841253545681,0.0025079782457921107,10.792315148547186,greed,False,0.46,0.029480866192431506,0.517841253545681
2021-09-01,47100.89,49156.0,46512.0,48810.52,49904.65528,1280384,2386074445.415852,71,Greed,214.39146698557676,0.029509887517647364,0.5212818222014958,0.03565396658703159,10.817869569572533,greed,False,0.42,0.029509887517647364,0.5212818222014958
2021-09-02,48810.51,50450.13,48584.06,49246.64,54410.770538,1549849,2704192314.674689,74,Greed,0.0,0.027962200386589413,0.45375274655407105,0.008895278543618722,10.904317401077913,greed,False,0.48,0.027962200386589413,0.45375274655407105
2021-09-03,49246.63,51000.0,48316.84,49999.14,59025.644157,1645163,2949574478.071738,74,Greed,285.922474759686,0.028215111013792055,0.4516165164537166,0.015164663339698799,10.985727275185143,greed,False,0.48,0.028215111013792055,0.4516165164537166
2021-09-04,49998.0,50535.69,49370.0,49915.64,34664.65959,1225830,1733527136.4442587,72,Greed,116.44140227410912,0.027867356252246723,0.4515675374087615,-0.0016714247769793876,10.45347599133703,greed,False,0.44,0.027867356252246723,0.4515675374087615
2021-09-05,49917.54,51900.0,49450.0,51756.88,40544.835873,1417660,2049212025.844659,73,Greed,89.74966824601186,0.027778962754646037,0.45511263251224676,0.036222989665486205,10.610163699349746,greed,False,0.46,0.027778962754646037,0.45511263251224676
2021-09-06,51756.88,52780.0,50969.33,52663.9,49249.667081,1678015,2549290983.0568776,79,Extreme Greed,0.0,0.02696068565513182,0.4398316329046519,0.017372841164721087,10.804657886800738,extreme_greed,True,0.58,0.02696068565513182,0.4398316329046519
2021-09-07,52666.2,52920.0,42843.05,46863.73,123048.802719,3321711,6004105772.870442,79,Extreme Greed,69.16607713576217,0.03876778187113965,0.6248281157729646,-0.11668618261666851,11.720336325735294,extreme_greed,True,0.58,0.03876778187113965,0.6248281157729646
2021-09-08,46868.57,47340.99,44412.02,46048.31,65069.3152,1796101,3000605793.9389606,47,Neutral,227.98088861327912,0.038631111508750655,0.6074677624513548,-0.017552965928858206,11.08320836838263,neutral,False,-0.06,0.038631111508750655,0.6074677624513548
2021-09-09,46048.31,47399.97,45513.08,46395.14,50651.66002,1567586,2351862983.5182414,45,Fear,255.3862541093488,0.0382422731098854,0.574198648213144,0.007503649579212201,10.832727283473425,fear,False,-0.1,0.0382422731098854,0.574198648213144
2021-09-10,46395.14,47033.0,44132.29,44850.91,49048.26618,1569941,2243698626.0395164,46,Fear,98.61150563215443,0.03895947631023838,0.5841504223116313,-0.03385083421309653,10.800560116356522,neutral,False,-0.08,0.03895947631023838,0.5841504223116313
2021-09-11,44842.2,45987.93,44722.22,45173.69,30440.4081,1060890,1380370764.0127168,31,Fear,141.20588052878276,0.03893516267035453,0.5837813441287871,0.007170959564001218,10.323526218587462,fear,False,-0.38,0.03893516267035453,0.5837813441287871
2021-09-12,45173.68,46460.0,44742.06,46025.24,32094.28052,1179808,1464780920.2199812,32,Fear,211.64284503989865,0.03906134315886151,0.5886600508987192,0.018675103944809108,10.376433116295669,fear,False,-0.36,0.03906134315886151,0.5886600508987192
2021-09-13,46025.23,46880.0,43370.0,44940.73,65429.15056,1703512,2930668118.2616343,44,Fear,208.6051900914661,0.039952543334148626,0.5802829980905991,-0.023845431156868973,11.088723165355548,fear,False,-0.12,0.039952543334148626,0.5802829980905991
2021-09-14,44940.72,47250.0,44594.44,47111.52,44855.85099,1210258,2072259519.0619197,30,Fear,272.3267261309202,0.040262177911219985,0.5983048166901452,0.04717304659737421,10.711209315834374,fear,False,-0.4,0.040262177911219985,0.5983048166901452
2021-09-15,47103.28,48500.0,46682.32,48121.41,43204.71174,1176050,2056996398.8439617,49,Neutral,0.0,0.03963986338427499,0.5815834148006224,0.021209635319469546,10.673704836340269,neutral,False,-0.02,0.03963986338427499,0.5815834148006224
2021-09-16,48121.4,48557.0,47021.1,47737.82,40725.08895,1176129,1948447232.9107177,53,Neutral,254.66670456515388,0.039087295812717034,0.5572072966354146,-0.00800323656818104,10.614599617629922,neutral,False,0.06,0.039087295812717034,0.5572072966354146
2021-09-17,47737.81,48150.0,46699.56,47299.98,34461.92776,1033968,1637122049.4128377,48,Neutral,129.5361073905218,0.039215161801104105,0.5578621209182568,-0.009214083189828333,10.447610450478923,neutral,False,-0.04,0.039215161801104105,0.5578621209182568
2021-09-18,47299.98,48843.2,47035.56,48292.74,30906.47038,976346,1491461627.9514225,50,Neutral,88.73100520651332,0.03920311408441052,0.563478724179463,0.02077136613693967,10.338720838376263,neutral,False,0.0,0.03920311408441052,0.563478724179463
2021-09-19,48292.75,48372.83,46829.18,47241.75,29847.24349,909785,1421642879.4932063,53,Neutral,184.20545271327128,0.03902862944406128,0.5527504439312569,-0.0220032032815168,10.303847769163015,neutral,False,0.06,0.03902862944406128,0.5527504439312569
2021-09-20,47241.75,47347.25,42500.0,43015.62,78003.524443,1842231,3457139274.300071,50,Neutral,0.0,0.04140610554758428,0.6453632881277314,-0.09371472997414354,11.264509289817576,neutral,False,0.0,0.04140610554758428,0.6453632881277314
2021-09-21,43016.64,43639.0,39600.0,40734.38,84534.080485,1820721,3551997786.6903553,27,Fear,0.0,0.04277202633760001,0.6502144358549734,-0.054490852225822076,11.34491005138299,fear,False,-0.46,0.04277202633760001,0.6502144358549734
2021-09-22,40734.09,44000.55,40565.39,43543.61,58349.05542,1304011,2482639471.907596,21,Extreme Fear,513.563145085213,0.04385188277304215,0.7016897882677444,0.06669051131367976,10.974198449408865,extreme_fear,True,-0.58,0.04385188277304215,0.7016897882677444
2021-09-23,43546.37,44978.0,43069.09,44865.26,48699.57655,1196106,2147211305.482089,27,Fear,0.0,0.043637485003869866,0.7095336768250872,0.029900811262542855,10.793425613961011,fear,False,-0.46,0.043637485003869866,0.7095336768250872
2021-09-24,44865.26,45200.0,40675.0,42810.57,84113.426292,1819744,3596718231.0505486,33,Fear,206.82137796732064,0.0457718822706016,0.7243596641345148,-0.04687874118217047,11.339921479972718,fear,False,-0.34,0.0457718822706016,0.7243596641345148
2021-09-25,42810.58,42966.84,41646.28,42670.64,33594.57189,949787,1428238748.2095258,28,Fear,109.1735882250239,0.04550240777467918,0.7059448674696497,-0.00327393879868255,10.422119782007687,fear,False,-0.44,0.04550240777467918,0.7059448674696497
2021-09-26,42670.63,43950.0,40750.0,43160.9,49879.99765,1374145,2124657079.2797766,27,Fear,149.47721480966587,0.04638484412210759,0.7032349558223099,0.011423896898211428,10.8173753526809,fear,False,-0.46,0.04638484412210759,0.7032349558223099
2021-09-27,43160.9,44350.0,42098.0,42147.35,39776.84383,1001487,1728912299.8034244,26,Fear,172.885783269601,0.037360924897041264,0.5833020634032889,-0.023763181042317418,10.591040208636901,fear,False,-0.48,0.037360924897041264,0.5833020634032889
2021-09-28,42147.35,42787.38,40888.0,41026.54,43372.2624,1045389,1816305387.8388581,25,Extreme Fear,0.0,0.036870882349588546,0.5868635216666501,-0.026952637413386934,10.677575400559938,extreme_fear,True,-0.5,0.036870882349588546,0.5868635216666501
2021-09-29,41025.01,42590.0,40753.88,41524.28,33511.53487,884909,1399625476.0563762,24,Extreme Fear,352.03596604909563,0.0369421963947981,0.5884511046835641,0.012059142038448096,10.419644983024702,extreme_fear,True,-0.52,0.0369421963947981,0.5884511046835641
2021-09-30,41524.29,44141.37,41410.17,43824.1,46381.22781,1197815,2005486003.5646772,20,Extreme Fear,0.0,0.036948831061752785,0.6143449522169105,0.053905577976211407,10.74465008329224,extreme_fear,True,-0.6,0.036948831061752785,0.6143449522169105
2021-10-01,43820.01,48495.0,43283.03,48141.61,66244.87492,1771237,3076094886.592474,27,Fear,0.0,0.03980331803086095,0.7010771909693747,0.09396298154418624,11.10111338115794,fear,False,-0.46,0.03980331803086095,0.7010771909693747
2021-10-02,48141.6,48336.59,47430.18,47634.9,30508.98131,996116,1459064880.5324447,54,Neutral,37.78429495891561,0.03956217443292214,0.7001928602732905,-0.01058119005719298,10.325776388428292,neutral,False,0.08,0.03956217443292214,0.7001928602732905
2021-10-03,47634.89,49228.08,47088.0,48200.01,30825.05601,1114294,1482764462.1905775,49,Neutral,93.2693782924354,0.0386208510777741,0.6943386051227864,0.01179354266560912,10.336083145062524,neutral,False,-0.02,0.0386208510777741,0.6943386051227864
2021-10-04,48200.01,49536.12,46891.0,49224.94,46796.49372,1437692,2258464361.1263566,54,Neutral,379.98433452017423,0.03854268675929267,0.6785554134938382,0.02104117710619458,10.753563558586237,neutral,False,0.08,0.03854268675929267,0.6785554134938382
2021-10-05,49224.93,51886.3,49022.4,51471.99,52125.66793,1641651,2618101829.0177226,59,Greed,0.0,0.03895331044826029,0.6922212626471406,0.04463737058465869,10.8614127730238,greed,False,0.18,0.03895331044826029,0.6922212626471406
2021-10-06,51471.99,55750.0,50382.41,55315.0,79877.545181,2443126,4236927265.381522,68,Greed,0.0,0.0410310802246155,0.7319159677966609,0.07200634327060802,11.288250055723033,greed,False,0.36,0.0410310802246155,0.7319159677966609
2021-10-07,55315.0,55332.31,53357.0,53785.22,54917.37766,1703147,2983143121.088643,76,Extreme Greed,152.7884108116648,0.04111580286670117,0.7405750231563829,-0.02804541125150523,10.913585110380666,extreme_greed,True,0.52,0.04111580286670117,0.7405750231563829
2021-10-08,53785.22,56100.0,53617.61,53951.43,46160.25785,1548832,2522087625.0940795,74,Greed,191.1767522676121,0.04125289580853447,0.7386892372989231,0.00308548914159256,10.739874487171578,greed,False,0.48,0.04125289580853447,0.7386892372989231
2021-10-09,53955.67,55489.0,53661.67,54949.72,55177.08013,1609483,3024862790.6955924,72,Greed,266.53856925159573,0.041268079793640895,0.7325926015408843,0.018334387918285084,10.918302931003323,greed,False,0.44,0.041268079793640895,0.7325926015408843
2021-10-10,54949.72,56561.31,54080.0,54659.0,89237.836128,2427176,4923958325.389876,71,Greed,80.97305879428292,0.039102223306054756,0.6306155463573347,-0.005304699876692706,11.399060400471223,greed,False,0.42,0.039102223306054756,0.6306155463573347
2021-10-11,54659.01,57839.04,54415.06,57471.35,52933.165751,1690409,2994673617.7236485,71,Greed,206.13745454010638,0.037762830710484085,0.5925904245588303,0.05017267734198954,10.876785373208953,greed,False,0.42,0.037762830710484085,0.5925904245588303
2021-10-12,57471.35,57680.0,53879.0,55996.93,53471.2855,1554412,3017210682.8859496,78,Extreme Greed,496.4904071260653,0.03729178492536161,0.5811611559218293,-0.02598969495671528,10.886900069172393,extreme_greed,True,0.56,0.03729178492536161,0.5811611559218293
2021-10-13,55996.91,57777.0,54167.19,57367.0,55808.44492,1610489,3123307687.477303,70,Greed,579.4452913410171,0.03783940243653104,0.5792488914548737,0.024172357303921338,10.929680479570589,greed,False,0.4,0.03783940243653104,0.5792488914548737
2021-10-14,57370.83,58532.54,56818.05,57347.94,43053.336781,1372048,2481915791.591235,70,Greed,0.0,0.0353143332704394,0.5383045268539229,-0.00033230196825961595,10.67019501628307,greed,False,0.4,0.0353143332704394,0.5383045268539229
2021-10-15,57347.94,62933.0,56850.0,61672.42,82512.908022,2649137,4959389368.726733,71,Greed,89.22259255202168,0.03762820924898914,0.5713513475219828,0.07269990621610015,11.320710020956774,greed,False,0.42,0.03762820924898914,0.5713513475219828
2021-10-16,61672.42,62378.42,60150.0,60875.57,35467.88096,1360379,2173374058.808911,78,Extreme Greed,152.40763461715036,0.03656072813946179,0.5818012662546165,-0.013004884546981205,10.476382804229463,extreme_greed,True,0.56,0.03656072813946179,0.5818012662546165
2021-10-17,60875.57,61718.39,58963.0,61528.33,39099.24124,1331655,2371696294.7973056,79,Extreme Greed,50.208108065717845,0.03640507252463072,0.5621585942500729,0.010665774343540647,10.573858340158568,extreme_greed,True,0.58,0.03640507252463072,0.5621585942500729
2021-10-18,61528.32,62695.78,59844.45,62009.84,51798.44844,1629184,3195091233.4205527,78,Extreme Greed,92.37590139870905,0.03643100072302566,0.5375469794966642,0.007795362977312687,10.855115474903224,extreme_greed,True,0.56,0.03643100072302566,0.5375469794966642
2021-10-19,62005.6,64486.0,61322.22,64280.59,53628.107744,1755708,3370863940.269437,75,Greed,0.0,0.03657640557919452,0.5391727854070082,0.035964637291379095,10.889828607819158,greed,False,0.5,0.03657640557919452,0.5391727854070082
2021-10-20,64280.59,67000.0,63481.4,66001.41,51428.934856,1823286,3362878816.4045925,82,Extreme Greed,0.0,0.036286988749297484,0.5261688018508702,0.0264183860137485,10.847956227996455,extreme_greed,True,0.64,0.036286988749297484,0.5261688018508702
2021-10-21,66001.4,66639.74,62000.0,62193.15,68538.64537,2181665,4407757970.879756,84,Extreme Greed,302.78324098846946,0.03431517810666632,0.5237422591579877,-0.05943124037142096,11.135153031153918,extreme_greed,True,0.68,0.03431517810666632,0.5237422591579877
2021-10-22,62193.15,63732.39,60000.0,60688.22,52119.35886,1555280,3229377744.3114257,75,Greed,0.0,0.03516740548825799,0.5342067715899057,-0.024495255024330125,10.861291729935186,greed,False,0.5,0.03516740548825799,0.5342067715899057
2021-10-23,60688.23,61747.64,59562.15,61286.75,27626.93678,982103,1686121722.2187824,74,Greed,63.15369856374033,0.0349934211914449,0.5342684910524541,0.009814059457965237,10.226546546045743,greed,False,0.48,0.0349934211914449,0.5342684910524541
2021-10-24,61286.75,61500.0,59510.63,60852.22,31226.57676,1052085,1889694558.9504948,73,Greed,286.84518289629676,0.03449248327952308,0.537295880004969,-0.007115367573461971,10.349024830436235,greed,False,0.46,0.03449248327952308,0.537295880004969
2021-10-25,60852.22,63710.63,60650.0,63078.78,36853.83806,1270453,2309339650.1093802,72,Greed,0.0,0.03428273735480456,0.530834386192378,0.03593611946449075,10.514715045789531,greed,False,0.44,0.03428273735480456,0.530834386192378
2021-10-26,63078.78,63293.48,59817.55,60328.81,40217.50083,1334460,2492606133.3189454,76,Extreme Greed,286.6713433167523,0.032373138978304336,0.5116624210092747,-0.044574653976376374,10.602057523902245,extreme_greed,True,0.52,0.032373138978304336,0.5116624210092747
2021-10-27,60328.81,61496.0,58000.0,58413.44,62124.49016,1913083,3688306192.972418,73,Greed,0.0,0.032954008291210805,0.5154088633957216,-0.03226376706842764,11.036895556685174,greed,False,0.46,0.032954008291210805,0.5154088633957216
2021-10-28,58413.44,62499.0,57820.0,60575.89,61056.35301,1878275,3677629851.0596066,66,Greed,471.9973407389707,0.03403274176283815,0.527892022385421,0.03635095878154798,11.019552536532597,greed,False,0.32,0.03403274176283815,0.527892022385421
2021-10-29,60575.9,62980.0,60174.81,62253.71,43973.90414,1417344,2706090987.3096256,70,Greed,113.2586470490887,0.03428475836834889,0.531674571859834,0.027321172837900806,10.691351649227029,greed,False,0.4,0.03428475836834889,0.531674571859834
2021-10-30,62253.7,62359.25,60673.0,61859.19,31478.12566,1197748,1937860260.4380624,73,Greed,183.7387786468333,0.03395149690682413,0.5319907983336899,-0.006357458874696461,10.357048160097987,greed,False,0.46,0.03395149690682413,0.5319907983336899
2021-10-31,61859.19,62405.3,59945.36,61299.8,39267.63794,1563417,2396556477.343494,74,Greed,204.09811011922633,0.0333873859081428,0.5080535854912678,-0.009084092793678443,10.578155996539692,greed,False,0.48,0.0333873859081428,0.5080535854912678
2021-11-01,61299.81,62437.74,59405.0,60911.11,44687.66672,1472636,2737282804.738131,74,Greed,343.09898539271256,0.032796677337991235,0.4977568524626602,-0.006360992003154558,10.707452830226607,greed,False,0.48,0.032796677337991235,0.4977568524626602
2021-11-02,60911.12,64270.0,60624.68,63219.99,46368.2841,1858362,2909221038.40065,73,Greed,0.0,0.032589067999370704,0.5067588270373067,0.03720496031871912,10.744370972172032,greed,False,0.46,0.032589067999370704,0.5067588270373067
2021-11-03,63220.57,63500.0,60382.76,62896.48,43336.09049,1601925,2713389500.4663587,76,Extreme Greed,354.9260383217382,0.03304242504685681,0.5076958876615358,-0.005130348313391929,10.676741065437826,extreme_greed,True,0.52,0.03304242504685681,0.5076958876615358
2021-11-04,62896.49,63086.31,60677.01,61395.01,35930.93314,1346081,2218138026.7045407,73,Greed,321.1394143102496,0.03054164086826783,0.44837614717782726,-0.024161638804099172,10.489353850825152,greed,False,0.46,0.03054164086826783,0.44837614717782726
2021-11-05,61395.01,62595.72,60721.0,60937.12,31604.48749,1243074,1943346371.470386,73,Greed,252.65757726155599,0.030423689557411277,0.44671477665189063,-0.007486048650989339,10.36105439866987,greed,False,0.46,0.030423689557411277,0.44671477665189063
2021-11-06,60940.18,61560.49,60050.0,61470.61,25590.57408,965309,1556774943.5537283,71,Greed,0.0,0.029985227014548452,0.44615369756938317,0.008716661568431403,10.14997936266539,greed,False,0.42,0.029985227014548452,0.44615369756938317
2021-11-07,61470.62,63286.35,61322.78,63273.59,25515.6883,1068629,1585744720.199772,73,Greed,0.0,0.029630371933584244,0.457233109942411,0.02890884809094554,10.147048769422677,greed,False,0.46,0.029630371933584244,0.457233109942411
2021-11-08,63273.58,67789.0,63273.58,67525.83,54442.094554,2349581,3575716171.0442996,75,Greed,0.0,0.030298693603510965,0.49666651022325325,0.06504216884637133,10.904892930566055,greed,False,0.5,0.030298693603510965,0.49666651022325325
2021-11-09,67525.82,68524.25,66222.4,66947.66,44661.378068,1847655,3014326962.087268,84,Extreme Greed,0.0,0.02977557671610842,0.4897712690740027,-0.008599071276880508,10.706864381792245,extreme_greed,True,0.68,0.02977557671610842,0.4897712690740027
2021-11-10,66947.67,69000.0,62822.9,64882.43,65171.504046,2347934,4335575752.805223,75,Greed,145.58478656691082,0.03084296896562502,0.4527667239661441,-0.03133425720348249,11.084777597869383,greed,False,0.5,0.03084296896562502,0.4527667239661441
2021-11-11,64882.42,65600.07,64100.0,64774.26,37237.98058,1327827,2415537333.57771,77,Extreme Greed,67.8553487710662,0.02992091906123925,0.4420965313495457,-0.0016685606442103456,10.525084502745576,extreme_greed,True,0.54,0.02992091906123925,0.4420965313495457
2021-11-12,64774.25,65450.7,62278.0,64122.23,44490.10816,1479149,2844286547.5040407,74,Greed,68.59095397983856,0.030271582697307724,0.4438338811951687,-0.010117196545531833,10.703022154905247,greed,False,0.48,0.030271582697307724,0.4438338811951687
2021-11-13,64122.22,65000.0,63360.22,64380.0,22504.97383,904149,1442441613.5983925,72,Greed,149.30544187676946,0.030143711918575507,0.4424713643085736,0.004011920193832118,10.021491622873658,greed,False,0.44,0.030143711918575507,0.4424713643085736
2021-11-14,64380.01,65550.51,63576.27,65519.1,25705.07347,951393,1658473781.2937696,74,Greed,141.60074932141092,0.029695093978831168,0.42881612077312714,0.01753867731607232,10.154443662684315,greed,False,0.48,0.029695093978831168,0.42881612077312714
2021-11-15,65519.11,66401.82,63400.0,63606.74,37829.37124,1305209,2460915922.8761277,72,Greed,221.95580821958552,0.029374438202948907,0.4102046047189116,-0.029622263612827583,10.540841096817525,greed,False,0.44,0.029374438202948907,0.4102046047189116
2021-11-16,63606.73,63617.31,58574.07,60058.87,77455.15609,2353681,4705744041.299647,71,Greed,0.0,0.030399021699575406,0.44665010892384166,-0.057394191714532264,11.257454416773085,greed,False,0.42,0.030399021699575406,0.44665010892384166
2021-11-17,60058.87,60840.23,58373.0,60344.87,46289.38491,1471305,2767802055.200423,52,Neutral,153.4304002054721,0.02908275814716335,0.4275182936082477,0.004750691928607092,10.742667946185898,neutral,False,0.04,0.02908275814716335,0.4275182936082477
2021-11-18,60344.86,60976.0,56474.26,56891.62,62146.99931,1960419,3644824179.1448526,54,Neutral,252.4992314396639,0.030239806821193732,0.46212297849246525,-0.058927885424531284,11.037257814357343,neutral,False,0.08,0.030239806821193732,0.46212297849246525
2021-11-19,56891.62,58320.0,55600.0,58052.24,50715.88726,1560459,2896189975.910774,34,Fear,0.0,0.030692544339758723,0.470250359272384,0.020195240460608506,10.833994498678257,fear,False,-0.32,0.030692544339758723,0.470250359272384
2021-11-20,58057.1,59845.0,57353.0,59707.51,33811.5901,1200190,1982718831.1570773,43,Fear,0.0,0.030748795160685048,0.4824319488165823,0.028114513307780045,10.428558925060393,fear,False,-0.14,0.030748795160685048,0.4824319488165823
2021-11-21,59707.52,60029.76,58486.65,58622.02,31902.22785,1249219,1886578154.5167086,49,Neutral,102.76487196590328,0.030216047223330506,0.48595780138022115,-0.018347414213866074,10.370431124892331,neutral,False,-0.02,0.030216047223330506,0.48595780138022115
2021-11-22,58617.7,59444.0,55610.0,56247.18,51724.32047,1624768,2968622334.1376567,50,Neutral,0.0,0.030523522677081423,0.4820732694010431,-0.0413544874234942,10.853683365166404,neutral,False,0.0,0.030523522677081423,0.4820732694010431
2021-11-23,56243.83,58009.99,55317.0,57541.27,49917.85017,1570845,2837210673.4885187,33,Fear,239.66448919265866,0.03044242404358382,0.49265962403711544,0.022746522987712518,10.818133936611156,fear,False,-0.34,0.03044242404358382,0.49265962403711544
2021-11-24,57541.26,57735.0,55837.0,57138.29,39612.04964,1432991,2246374244.330568,42,Fear,255.32219723283558,0.030324046827416334,0.4872918131274441,-0.007027959623695437,10.586888634796017,fear,False,-0.16,0.030324046827416334,0.4872918131274441
2021-11-25,57138.29,59398.9,57000.0,58960.36,42153.51522,1604266,2455658857.700593,32,Fear,0.0,0.03055357958629011,0.5024759638625218,0.0313908838384089,10.649073357817361,fear,False,-0.36,0.03055357958629011,0.5024759638625218
2021-11-26,58960.37,59150.0,53500.0,53726.53,65927.87066,2138184,3649353860.4295664,47,Neutral,95.00328346113696,0.03322883787551287,0.5956359635681909,-0.09295843321180253,11.09631655460414,neutral,False,-0.06,0.03322883787551287,0.5956359635681909
2021-11-27,53723.72,55280.0,53610.0,54721.03,29716.99957,1110145,1623173123.4917316,21,Extreme Fear,110.6153960267171,0.033214612598106964,0.5883861404104983,0.0183411757514558,10.29947453714035,extreme_fear,True,-0.58,0.033214612598106964,0.5883861404104983
2021-11-28,54716.47,57445.05,53256.64,57274.88,36163.7137,1253408,1982198373.532835,27,Fear,144.33521635973958,0.033479549840150835,0.5600823370219018,0.04561403694585218,10.495811511113168,fear,False,-0.46,0.033479549840150835,0.5600823370219018
2021-11-29,57274.89,58865.97,56666.67,57776.25,40125.28009,1349625,2313371348.113543,33,Fear,0.0,0.03355550443995616,0.5632950321252892,0.008715658399547181,10.59976184084409,fear,False,-0.34,0.03355550443995616,0.5632950321252892
2021-11-30,57776.25,59176.99,55875.55,56950.56,49161.05194,1587472,2823644073.021905,40,Fear,277.1383782847528,0.03204335986951062,0.5569084855439396,-0.014394268550105557,10.802856961742325,fear,False,-0.2,0.03204335986951062,0.5569084855439396
2021-12-01,56950.56,59053.55,56458.01,57184.07,44956.63656,1442301,2584928714.0757422,34,Fear,374.23288638828484,0.032458588613992916,0.5579483999068473,0.004091840063051094,10.713453672160654,fear,False,-0.32,0.032458588613992916,0.5579483999068473
2021-12-02,57184.07,57375.47,55777.77,56480.34,37574.05976,1307890,2127110102.1073096,32,Fear,0.0,0.03199090882849986,0.558215548374314,-0.012382750098007033,10.534069191287468,fear,False,-0.36,0.03199090882849986,0.558215548374314
2021-12-03,56484.26,57600.0,51680.0,53601.05,58927.69027,1865063,3246198505.9468513,31,Fear,87.31697806093833,0.03498218101166449,0.5797555627299568,-0.05232395555977342,10.984066382595822,fear,False,-0.38,0.03498218101166449,0.5797555627299568
2021-12-04,53601.05,53859.1,42000.3,49152.47,114203.373748,3362771,5495712061.978532,25,Extreme Fear,0.0,0.048189771143268716,0.6317308467026332,-0.08664155778315352,11.645736118219515,extreme_fear,True,-0.5,0.048189771143268716,0.6317308467026332
2021-12-05,49152.46,49699.05,47727.21,49396.33,45580.82012,1371839,2231486105.8439116,18,Extreme Fear,79.03109049058592,0.04809592252947986,0.6325793667547454,0.004949030282182365,10.727242295617181,extreme_fear,True,-0.64,0.04809592252947986,0.6325793667547454
2021-12-06,49396.32,50891.11,47100.0,50441.92,58571.21575,1741956,2851528919.1795363,16,Extreme Fear,240.11978337168554,0.04794033469653001,0.6200704826818069,0.020946445463868552,10.97799865608199,extreme_fear,True,-0.68,0.04794033469653001,0.6200704826818069
2021-12-07,50441.91,51936.33,50039.74,50588.95,38253.46877,1212350,1950573500.2086658,25,Extreme Fear,0.0,0.047878253105329005,0.6195742884756335,0.0029105975984963822,10.551989521940268,extreme_fear,True,-0.5,0.047878253105329005,0.6195742884756335
2021-12-08,50588.95,51200.0,48600.0,50471.19,38425.92466,1118225,1925458787.1147523,28,Fear,0.0,0.04727822521559439,0.5907631958527644,-0.002330494560926045,10.556487632138083,fear,False,-0.44,0.04727822521559439,0.5907631958527644
2021-12-09,50471.19,50797.76,47320.0,47545.59,37692.68665,1130599,1841474998.89511,29,Fear,222.16304868070858,0.04779951097081585,0.6115217109850588,-0.05971363822672122,10.537221366554324,fear,False,-0.42,0.04779951097081585,0.6115217109850588
2021-12-10,47535.9,50125.0,46852.0,47140.54,44233.57391,1215231,2135023722.8531513,24,Extreme Fear,411.96398943284294,0.048315623402016124,0.594847822609382,-0.008555687528783013,10.697239370446743,extreme_fear,True,-0.52,0.048315623402016124,0.594847822609382
2021-12-11,47140.54,49485.71,46751.0,49389.99,28889.19358,957390,1397524635.581402,16,Extreme Fear,448.61400141993,0.048789848732888746,0.6290960952920038,0.0466144194002914,10.271222879605826,extreme_fear,True,-0.68,0.048789848732888746,0.6290960952920038
2021-12-12,49389.99,50777.0,48638.0,50053.9,26017.93421,863605,1292315883.6245537,27,Fear,0.0,0.04830829601247712,0.6212030314675594,0.013352652721007085,10.166541356524284,fear,False,-0.46,0.04830829601247712,0.6212030314675594
2021-12-13,50053.9,50189.97,45672.75,46702.75,50869.52093,1399599,2423888500.790305,28,Fear,0.0,0.04953133240538799,0.6502788684630011,-0.06929737535263912,10.837019220237572,fear,False,-0.44,0.04953133240538799,0.6502788684630011
2021-12-14,46702.76,48700.41,46290.0,48343.28,39955.98445,1194992,1887427362.4740965,21,Extreme Fear,308.8220330270832,0.04979629314179535,0.669606455966624,0.034524176232671906,10.595533738473868,extreme_fear,True,-0.58,0.04979629314179535,0.669606455966624
2021-12-15,48336.95,49500.0,46547.0,48864.98,51629.181,1438176,2487012309.0915494,28,Fear,306.6847655417811,0.050172240669618694,0.6572435555501546,0.010733758816394861,10.851842314877453,fear,False,-0.44,0.050172240669618694,0.6572435555501546
2021-12-16,48864.98,49436.43,47511.0,47632.38,31949.86739,1023983,1551200654.052745,29,Fear,282.7665082022005,0.04862046945429006,0.5829177937421567,-0.025548202428183887,10.371923309249336,fear,False,-0.42,0.04862046945429006,0.5829177937421567
2021-12-17,47632.38,47995.96,45456.0,46131.2,43104.4887,1261780,2015966349.5161324,23,Extreme Fear,0.0,0.04899279345219861,0.5824159171203073,-0.03202327139996514,10.671382416840697,extreme_fear,True,-0.54,0.04899279345219861,0.5824159171203073
2021-12-18,46133.83,47392.37,45500.0,46834.48,25020.05271,862066,1165205135.7008426,24,Extreme Fear,327.69902001873834,0.04823773511582712,0.554191699320548,0.015130173120065147,10.127432890733312,extreme_fear,True,-0.52,0.04823773511582712,0.554191699320548
2021-12-19,46834.47,48300.01,46406.91,46681.23,29305.70665,874827,1384958598.3627698,29,Fear,0.0,0.048265544799017526,0.550424299674321,-0.0032775271061218484,10.285537542252287,fear,False,-0.42,0.048265544799017526,0.550424299674321
2021-12-20,46681.24,47537.57,45558.85,46914.16,35848.50609,1076488,1663363117.8304534,25,Extreme Fear,0.0,0.04798677928017147,0.5529712742393247,0.00497739217481098,10.487057174029793,extreme_fear,True,-0.5,0.04798677928017147,0.5529712742393247
2021-12-21,46914.17,49328.96,46630.0,48889.88,37713.92924,1119412,1827234149.0598803,27,Fear,0.0,0.04820158311116421,0.5803128787132954,0.041250873237454126,10.537784781058773,fear,False,-0.46,0.04820158311116421,0.5803128787132954
2021-12-22,48887.59,49576.13,48421.87,48588.16,27004.2022,949480,1322418595.3337295,45,Fear,0.0,0.04815617867162693,0.5800855176288794,-0.0061905422711137255,10.203747769913315,fear,False,-0.1,0.04815617867162693,0.5800855176288794
2021-12-23,48588.17,51375.0,47920.42,50838.81,35192.54046,1176050,1738129830.7814522,34,Fear,93.62922092384086,0.04684327550061872,0.5835645482474339,0.04528015945422746,10.468589420378237,fear,False,-0.32,0.04684327550061872,0.5835645482474339
2021-12-24,50838.82,51810.0,50384.43,50820.0,31684.84269,1075177,1618089927.2810063,41,Fear,0.0,0.03306002515111143,0.49204095848810653,-0.0003700613889668522,10.363593696935446,fear,False,-0.18,0.03306002515111143,0.49204095848810653
2021-12-25,50819.99,51156.23,50142.32,50399.66,19135.51613,766979,971491029.130824,39,Fear,39.15809592298518,0.032720571442433455,0.49311700217083315,-0.008305548869195585,9.859301370582003,fear,False,-0.22,0.032720571442433455,0.49311700217083315
2021-12-26,50399.67,51280.0,49412.0,50775.49,22569.88914,797133,1132200241.5624182,37,Fear,122.05053337609725,0.03142275463053155,0.4881767226827092,0.007429328815574095,10.024371957969656,fear,False,-0.26,0.03142275463053155,0.4881767226827092
2021-12-27,50775.48,52088.0,50449.0,50701.44,28792.21566,1009411,1472065236.0117192,40,Fear,0.0,0.03131878299582852,0.4881167291900688,-0.0014594452777345129,10.26786034000589,fear,False,-0.2,0.03131878299582852,0.4881167291900688
2021-12-28,50701.44,50704.05,47313.01,47543.74,45853.33924,1345774,2242102220.931003,41,Fear,0.0,0.03191070716328964,0.5391335546516406,-0.06430418312979821,10.733203304694602,fear,False,-0.18,0.03191070716328964,0.5391335546516406
2021-12-29,47543.74,48139.08,46096.99,46464.66,39498.87,1114074,1873785571.2732966,27,Fear,0.0,0.031007680545647835,0.5023743351522907,-0.02295810578396181,10.584027342885072,fear,False,-0.46,0.031007680545647835,0.5023743351522907
2021-12-30,46464.66,47900.0,45900.0,47120.87,30352.29569,910157,1428755720.453203,22,Extreme Fear,318.2120883944857,0.03020017835370686,0.5043492915599289,0.01402397902343454,10.320627434154227,extreme_fear,True,-0.56,0.03020017835370686,0.5043492915599289
2021-12-31,47120.88,48548.26,45678.0,46216.93,34937.99796,1059783,1650715977.918517,28,Fear,324.4925313308266,0.03034379105278808,0.4770754453519982,-0.019369821492674983,10.461330282676027,fear,False,-0.44,0.03034379105278808,0.4770754453519982
2022-01-01,46216.93,47954.63,46208.37,47722.65,19604.46325,714899,924155159.5834866,21,Extreme Fear,251.10734230021026,0.030201921831390543,0.4901878370700973,0.03205994678177879,9.8835125361318,extreme_fear,True,-0.58,0.030201921831390543,0.4901878370700973
2022-01-02,47722.66,47990.0,46654.0,47286.18,18340.4604,709624,866610995.5633582,29,Fear,212.08995762969772,0.027678907646050376,0.4232242176863707,-0.009188052743592882,9.816864849094058,fear,False,-0.42,0.027678907646050376,0.4232242176863707
2022-01-03,47286.18,47570.0,45696.0,46446.1,27662.0771,885624,1292203508.325655,29,Fear,3.271335848778955,0.027363934265747777,0.40818041498519336,-0.01792557472959721,10.22781769639789,fear,False,-0.42,0.027363934265747777,0.40818041498519336
2022-01-04,46446.1,47557.54,45500.0,45832.01,35491.4136,1021815,1649170424.1276133,23,Extreme Fear,368.6535386411873,0.026755010037005242,0.4071519017940489,-0.013309745191831738,10.477046075785603,extreme_fear,True,-0.54,0.026755010037005242,0.4071519017940489
2022-01-05,45832.01,47070.0,42500.0,43451.13,51784.11857,1478532,2334288544.645448,24,Extreme Fear,0.0,0.02958847281880485,0.438160768950097,-0.0533458970167032,10.854838789926108,extreme_fear,True,-0.52,0.02958847281880485,0.438160768950097
2022-01-06,43451.14,43816.0,42430.58,43082.31,38880.37305,1150707,1674466154.4383326,15,Extreme Fear,79.66615328822758,0.028996223161205037,0.4264325172467455,-0.00852438625717462,10.568244853435752,extreme_fear,True,-0.7,0.028996223161205037,0.4264325172467455
2022-01-07,43082.3,43145.83,40610.0,41566.48,54836.50818,1406635,2293851015.4652367,18,Extreme Fear,0.0,0.029614189968230533,0.4352960281754643,-0.03581839879060997,10.912111458782526,extreme_fear,True,-0.64,0.029614189968230533,0.4352960281754643
2022-01-08,41566.48,42300.0,40501.0,41679.74,32952.73111,1021908,1367233494.8277667,10,Extreme Fear,272.5700150946198,0.02970239842245655,0.43630707068642394,0.0027210861918856148,10.402829422990447,extreme_fear,True,-0.8,0.02970239842245655,0.43630707068642394
2022-01-09,41679.74,42786.7,41200.02,41864.62,22724.39426,752733,952830064.5125849,23,Extreme Fear,64.96346025711054,0.02958694145532666,0.4361329951450018,0.00442591939892638,10.0311942634649,extreme_fear,True,-0.54,0.02958694145532666,0.4361329951450018
2022-01-10,41864.62,42248.5,39650.0,41822.49,50729.17019,1250983,2088111339.5055964,23,Extreme Fear,0.0,0.029848922613331334,0.4001120100989417,-0.0010068457032168852,10.834256373044733,extreme_fear,True,-0.54,0.029848922613331334,0.4001120100989417
2022-01-11,41822.49,43100.0,41268.93,42729.29,37296.43729,1015526,1574803608.9600787,21,Extreme Fear,0.0,0.03024794135027667,0.41340217865575674,0.02145040043967803,10.526653086056653,extreme_fear,True,-0.58,0.03024794135027667,0.41340217865575674
2022-01-12,42729.29,44322.0,42450.0,43902.66,33943.2928,1023902,1470906437.7120714,22,Extreme Fear,0.0,0.029345167360382944,0.3874560299816713,0.027090276943410884,10.43244655234978,extreme_fear,True,-0.56,0.029345167360382944,0.3874560299816713
2022-01-13,43902.65,44500.0,42311.22,42560.11,34910.87762,1036234,1515944525.4954948,21,Extreme Fear,384.82870739924385,0.0298827005502212,0.3953717177727199,-0.03105748088409937,10.460553739284665,extreme_fear,True,-0.58,0.0298827005502212,0.3953717177727199
2022-01-14,42558.35,43448.78,41725.95,43059.96,32640.88292,946938,1392000443.3501675,21,Extreme Fear,7.087434575513956,0.030253418656126397,0.4020547496075261,0.011676133382902501,10.39332085895729,extreme_fear,True,-0.58,0.030253418656126397,0.4020547496075261
2022-01-15,43059.96,43800.0,42555.0,43084.29,21936.05616,752688,946488263.5484481,23,Extreme Fear,28.332641737337934,0.030090418911643078,0.39931940797181725,0.0005648665034966843,9.995886961973873,extreme_fear,True,-0.54,0.030090418911643078,0.39931940797181725
2022-01-16,43084.29,43475.0,42581.79,43071.66,20602.35271,732171,887203134.0531468,21,Extreme Fear,161.63077233299666,0.029912725288316604,0.39960236668856414,-0.0002931892710942959,9.933160557479596,extreme_fear,True,-0.58,0.029912725288316604,0.39960236668856414
2022-01-17,43071.66,43176.18,41540.42,42201.62,27562.08613,918029,1169381684.4668436,22,Extreme Fear,0.0,0.028900922497956425,0.34435327797204723,-0.020406631301085873,10.224196416384855,extreme_fear,True,-0.56,0.028900922497956425,0.34435327797204723
2022-01-18,42201.63,42691.0,41250.0,42352.12,29324.08257,905061,1228459687.3994458,24,Extreme Fear,145.83739089817902,0.0286817274230308,0.33982695765032195,0.0035598699462948903,10.286164388121808,extreme_fear,True,-0.52,0.0286817274230308,0.33982695765032195
2022-01-19,42352.12,42559.13,41138.56,41660.01,31685.72159,924528,1327478459.1602297,24,Extreme Fear,271.43030707752774,0.02847140797172451,0.33482637184429404,-0.016476803005825883,10.363621435366058,extreme_fear,True,-0.52,0.02847140797172451,0.33482637184429404
2022-01-20,41660.0,43505.0,40553.31,40680.91,42330.33953,1098761,1784801200.404487,24,Extreme Fear,187.62725252963094,0.028855935957186326,0.3374915396570095,-0.023782735226194826,10.653259354508078,extreme_fear,True,-0.52,0.028855935957186326,0.3374915396570095
2022-01-21,40680.92,41100.0,35440.45,36445.31,88860.891999,2092561,3405501703.2219367,19,Extreme Fear,0.0,0.034694160158465506,0.47243179881858643,-0.109946159879111,11.394827414690699,extreme_fear,True,-0.62,0.034694160158465506,0.47243179881858643
2022-01-22,36445.31,36835.22,34008.0,35071.42,90471.338961,2099978,3207531048.0306516,13,Extreme Fear,0.0,0.03611533188149388,0.48024439829182874,-0.038426226985850784,11.412788382965534,extreme_fear,True,-0.74,0.03611533188149388,0.48024439829182874
2022-01-23,35071.42,36499.0,34601.01,36244.55,44279.52354,1142407,1572414639.0428774,11,Extreme Fear,391.29291089394684,0.0364227164355925,0.5090809281614991,0.032902471390134344,10.698277626602081,extreme_fear,True,-0.78,0.0364227164355925,0.5090809281614991
2022-01-24,36244.55,37550.0,32917.17,36660.35,91904.753211,1999352,3192041586.10319,13,Extreme Fear,251.46339697174085,0.04005035222422666,0.5160081932870625,0.011406764386201865,11.428508028562304,extreme_fear,True,-0.74,0.04005035222422666,0.5160081932870625
2022-01-25,36660.35,37545.14,35701.0,36958.32,49232.40183,1248246,1799224214.4997392,12,Extreme Fear,224.59280213017817,0.03823177217178862,0.49505730726697483,0.008095001638556682,10.80430725949634,extreme_fear,True,-0.76,0.03823177217178862,0.49505730726697483
2022-01-26,36958.32,38919.98,36234.63,36809.34,69830.16036,1584468,2627491976.6908574,23,Extreme Fear,27.107241466807036,0.03918194923037412,0.49526135095848645,-0.004039173875103207,11.153821292271642,extreme_fear,True,-0.54,0.03918194923037412,0.49526135095848645
2022-01-27,36807.24,37234.47,35507.01,37160.1,53020.87934,1308408,1925920128.3436604,20,Extreme Fear,0.0,0.038855605979073324,0.48739590689404294,0.009483987687842301,10.878441064767726,extreme_fear,True,-0.6,0.038855605979073324,0.48739590689404294
2022-01-28,37160.11,38000.0,36155.01,37716.56,42154.26956,1061101,1560203931.220128,24,Extreme Fear,22.856772107842243,0.03899188981453312,0.4920301618092791,0.014863650295472364,10.649091252724741,extreme_fear,True,-0.52,0.03899188981453312,0.4920301618092791
2022-01-29,37716.57,38720.74,37268.44,38166.84,26129.49682,816601,989652386.9966494,24,Extreme Fear,0.0,0.03899962293457149,0.4946224792928027,0.011867820497437117,10.170820101536286,extreme_fear,True,-0.52,0.03899962293457149,0.4946224792928027
2022-01-30,38166.83,38359.26,37351.63,37881.76,21430.66527,698593,812750216.6010319,29,Fear,201.69766583507953,0.038224120579321966,0.49452955592006687,-0.007497346048860223,9.972578131849515,fear,False,-0.42,0.038224120579321966,0.49452955592006687
2022-01-31,37881.75,38744.0,36632.61,38466.9,36855.2458,936014,1386754529.0295446,20,Extreme Fear,144.87905695340956,0.03851913734039043,0.49065745179969217,0.015328401493649993,10.514753242981152,extreme_fear,True,-0.6,0.03851913734039043,0.49065745179969217
2022-02-01,38466.9,39265.2,38000.0,38694.59,34574.44663,917617,1334266166.7099988,26,Fear,0.0,0.03833386447430969,0.47772599402211213,0.005901665736712944,10.450870151488031,fear,False,-0.48,0.03833386447430969,0.47772599402211213
2022-02-02,38694.59,38855.92,36586.95,36896.36,35794.6813,907905,1353093948.9776013,28,Fear,0.0,0.03858622511309777,0.4924570657213678,-0.04758689578779582,10.485554594312509,fear,False,-0.44,0.03858622511309777,0.4924570657213678
2022-02-03,36896.37,37387.0,36250.0,37311.61,32081.10999,848961,1179502838.6566265,20,Extreme Fear,0.0,0.03842624935646487,0.4922144789102947,0.01119163707773322,10.376022662067646,extreme_fear,True,-0.6,0.03842624935646487,0.4922144789102947
2022-02-04,37311.98,41772.33,37026.73,41574.25,64703.95874,1380724,2526572562.058285,20,Extreme Fear,0.0,0.04151919504057739,0.6405075399171655,0.108176446956934,11.077577664706844,extreme_fear,True,-0.6,0.04151919504057739,0.6405075399171655
2022-02-05,41571.7,41913.69,40843.01,41382.59,32532.34372,1006352,1349805515.9300365,33,Fear,0.0,0.041570992821734244,0.6405581590557234,-0.004620724246786973,10.389990064827801,fear,False,-0.34,0.041570992821734244,0.6405581590557234
2022-02-06,41382.6,42656.0,41116.56,42380.87,22405.16704,788291,934168802.8801152,37,Fear,36.69072380332239,0.0415404884286748,0.6429440258926188,0.02383682019847353,10.017046882671139,fear,False,-0.26,0.0415404884286748,0.6429440258926188
2022-02-07,42380.87,44500.5,41645.85,43839.99,51060.62006,1473274,2204523609.903396,45,Fear,0.0,0.04223289368022253,0.6539318602319719,0.033849333356895696,10.840768834474188,fear,False,-0.1,0.04223289368022253,0.6539318602319719
2022-02-08,43839.99,45492.0,42666.0,44042.99,64880.29387,1653350,2847485971.4977336,48,Neutral,94.34388417589754,0.0428603474476705,0.6504213485782727,0.004619787837026136,11.080299218218,neutral,False,-0.04,0.0428603474476705,0.6504213485782727
2022-02-09,44043.0,44799.0,43117.92,44372.72,34428.16729,1066395,1512500139.1430995,54,Neutral,254.4126608148409,0.042123283337346676,0.642908843037049,0.007458663819307352,10.446630324883852,neutral,False,0.08,0.042123283337346676,0.642908843037049
2022-02-10,44372.71,45821.0,43174.01,43495.44,62357.29091,1541483,2772188373.222783,50,Neutral,239.76662515535799,0.03797879622380825,0.49250178530153976,-0.019968761180241705,11.040635879476286,neutral,False,0.0,0.03797879622380825,0.49250178530153976
2022-02-11,43495.44,43920.0,41938.51,42373.73,44975.1687,1169354,1937866768.5059533,50,Neutral,0.0,0.03695693223096908,0.47858441369482985,-0.02612751026362113,10.713865809784462,neutral,False,0.0,0.03695693223096908,0.47858441369482985
2022-02-12,42373.73,43079.49,41688.88,42217.87,26556.85681,830322,1123136004.7237246,44,Fear,108.71005209286069,0.03652126940836321,0.47239336487401007,-0.0036850036261710803,10.187043253590296,fear,False,-0.12,0.03652126940836321,0.47239336487401007
2022-02-13,42217.87,42760.0,41870.0,42053.66,17732.08113,624898,750533311.6529565,44,Fear,148.7783807853191,0.03207941575627137,0.4738907215396204,-0.003897169253580327,9.783130771198488,fear,False,-0.12,0.03207941575627137,0.4738907215396204
2022-02-14,42053.65,42842.4,41550.56,42535.94,34010.1306,867622,1436927831.4445863,46,Fear,157.61432580791248,0.03162670879097469,0.47415022662414325,0.011402943760908854,10.434413718040913,neutral,False,-0.08,0.03162670879097469,0.47415022662414325
2022-02-15,42535.94,44751.4,42427.03,44544.86,38095.19576,990694,1672855933.625659,46,Fear,0.0,0.030973835134883797,0.4917527013334654,0.046147405647282806,10.547843457626024,neutral,False,-0.08,0.030973835134883797,0.4917527013334654
2022-02-16,44544.85,44549.97,43307.0,43873.56,28471.8727,823745,1250973502.3018453,51,Neutral,169.99327557857646,0.030547043442323438,0.4995231376366489,-0.015184910543850608,10.256671956120748,neutral,False,0.02,0.030547043442323438,0.4995231376366489
2022-02-17,43873.56,44164.71,40073.21,40515.7,47245.99494,1067658,1993400162.9480667,52,Neutral,0.0,0.032540634872730935,0.5878517962324836,-0.07962230741964704,10.763123166154685,neutral,False,0.04,0.032540634872730935,0.5878517962324836
2022-02-18,40515.71,40959.88,39450.0,39974.44,43845.92241,1025882,1765622365.9527562,30,Fear,0.0,0.032526571811835936,0.5899827217616455,-0.013449303448535153,10.688437003966845,fear,False,-0.4,0.032526571811835936,0.5899827217616455
2022-02-19,39974.45,40444.32,39639.03,40079.17,18042.0551,586653,721960636.0646693,25,Extreme Fear,121.81515811624332,0.03244216092657524,0.5888432202072825,0.0026164981129269994,9.800460706197066,extreme_fear,True,-0.5,0.03244216092657524,0.5888432202072825
2022-02-20,40079.17,40125.44,38000.0,38386.89,33439.29011,811235,1293216601.4518795,27,Fear,0.0,0.03239261153156941,0.6086132183507169,-0.04314075292804988,10.417486838205361,fear,False,-0.46,0.03239261153156941,0.6086132183507169
2022-02-21,38386.89,39494.35,36800.0,37008.16,62347.68496,1352290,2382027320.8617606,25,Extreme Fear,64.630344357068,0.03346602427707875,0.6215940416719481,-0.03657756618202442,11.040481820667452,extreme_fear,True,-0.5,0.03346602427707875,0.6215940416719481
2022-02-22,37008.16,38429.0,36350.0,38230.33,53785.94589,1212527,2010628230.7549176,20,Extreme Fear,168.02057418831993,0.033323756160508464,0.6089549517064619,0.032490750766217165,10.892767483213278,extreme_fear,True,-0.6,0.033323756160508464,0.6089549517064619
2022-02-23,38230.33,39249.93,37036.79,37250.01,43560.732,1030872,1665486687.239937,25,Extreme Fear,87.6293949511032,0.03397082347648676,0.6155888262440706,-0.025976966353583753,10.681911381313418,extreme_fear,True,-0.5,0.03397082347648676,0.6155888262440706
2022-02-24,37250.02,39843.0,34322.28,38327.21,120476.29458,2622780,4335107392.009488,23,Extreme Fear,262.9889907752912,0.03595743990515511,0.47972644961447486,0.028507874523143458,11.699208287082673,extreme_fear,True,-0.54,0.03595743990515511,0.47972644961447486
2022-02-25,38328.68,39683.53,38014.37,39219.17,56574.57125,1408558,2197889580.282669,27,Fear,146.4656270737247,0.03625138379852665,0.4892314964724943,0.02300557006710982,10.943314892037316,fear,False,-0.46,0.03625138379852665,0.4892314964724943
2022-02-26,39219.16,40348.45,38573.18,39116.72,29361.2568,924257,1152621719.69438,26,Fear,63.501397058391184,0.036418529482245436,0.47911823060341846,-0.0026156608014754846,10.287431288351788,fear,False,-0.48,0.036418529482245436,0.47911823060341846
2022-02-27,39116.73,39855.7,37000.0,37699.07,46229.44719,1265753,1780512702.886402,26,Fear,6.474143801858239,0.03669773929349252,0.4707315117832424,-0.03691457135600522,10.741372259091179,fear,False,-0.48,0.03669773929349252,0.4707315117832424
2022-02-28,37699.08,44225.84,37450.17,43160.0,73945.63858,1931087,2975160226.1689854,20,Extreme Fear,91.00371018621442,0.04208646012239942,0.6919943013830042,0.1352787146752529,11.211085488441597,extreme_fear,True,-0.6,0.04208646012239942,0.6919943013830042
2022-03-01,43160.0,44949.0,42809.98,44421.2,61743.09873,1866871,2701611023.6943197,51,Neutral,0.0,0.04228191843555116,0.6995659462773013,0.028802692569624658,11.030737486786956,neutral,False,0.02,0.04228191843555116,0.6995659462773013
2022-03-02,44421.2,45400.0,43334.09,43892.98,57782.65081,1653131,2550792948.2886243,52,Neutral,209.67052867560864,0.041988375651340275,0.6970994628583602,-0.01196243454904842,10.964443850607202,neutral,False,0.04,0.041988375651340275,0.6970994628583602
2022-03-03,43892.99,44101.12,41832.28,42454.0,50940.61021,1289320,2192152097.925188,39,Fear,0.0,0.04212952491139342,0.7012010466729313,-0.033333261588257904,10.838415727456596,fear,False,-0.22,0.04212952491139342,0.7012010466729313
2022-03-04,42454.0,42527.3,38550.0,39148.66,61964.68498,1465066,2527001270.719469,33,Fear,0.0,0.043924353293534814,0.7581984874636771,-0.0810549423019875,11.034319904648402,fear,False,-0.34,0.043924353293534814,0.7581984874636771
2022-03-05,39148.65,39613.24,38407.59,39397.96,30363.13341,879727,1187689935.0879934,22,Extreme Fear,25.31971257709524,0.044029519248373596,0.7590480471762328,0.006347843793420254,10.320984434681959,extreme_fear,True,-0.56,0.044029519248373596,0.7590480471762328
2022-03-06,39397.97,39693.87,38088.57,38420.81,39677.26158,986352,1542258009.6292188,22,Extreme Fear,248.37353014064402,0.04418628003109271,0.7607570737734904,-0.025114798426121913,10.588533546416523,extreme_fear,True,-0.56,0.04418628003109271,0.7607570737734904
2022-03-07,38420.8,39547.57,37155.0,37988.0,63994.11559,1456041,2449362161.7015386,23,Extreme Fear,210.6646114058255,0.04439996016084035,0.7363838875137991,-0.011328919506856962,11.066546414208458,extreme_fear,True,-0.54,0.04439996016084035,0.7363838875137991
2022-03-08,37988.01,39362.08,37867.65,38730.63,55583.06638,1271128,2149652714.8043456,21,Extreme Fear,266.2389135966977,0.044541365019941895,0.7420770981990431,0.019360439473765596,10.925633872339606,extreme_fear,True,-0.58,0.044541365019941895,0.7420770981990431
2022-03-09,38730.63,42594.06,38656.45,41941.71,67392.58799,1570230,2797240840.960747,22,Extreme Fear,0.0,0.044532837899821376,0.7485001889879122,0.07965003732031377,11.118290320378424,extreme_fear,True,-0.56,0.044532837899821376,0.7485001889879122
2022-03-10,41941.7,42039.63,38539.73,39422.0,71962.93154,1512655,2854310740.8076735,28,Fear,729.3490657354594,0.0457601317896436,0.7806606248200942,-0.06195676107004793,11.183906425700496,fear,False,-0.44,0.0457601317896436,0.7806606248200942
2022-03-11,39422.01,40236.26,38223.6,38729.57,59018.7642,1252571,2305825015.6010857,22,Extreme Fear,139.5503078924027,0.046197217023797275,0.7828508631991502,-0.017720645144228633,10.985610709612853,extreme_fear,True,-0.56,0.046197217023797275,0.7828508631991502
2022-03-12,38729.57,39486.71,38660.52,38807.36,24034.36432,671733,939663387.3149893,22,Extreme Fear,101.05494565299402,0.045703720478706855,0.7674137481160961,0.002006528401358036,10.087239931881777,extreme_fear,True,-0.56,0.045703720478706855,0.7674137481160961
2022-03-13,38807.35,39310.0,37578.51,37777.34,32791.82359,841844,1268441605.1866875,21,Extreme Fear,5.571720893919586,0.045115244353152666,0.7619544613328901,-0.026900467390317852,10.397934482503931,extreme_fear,True,-0.58,0.045115244353152666,0.7619544613328901
2022-03-14,37777.35,39947.12,37555.0,39671.37,46945.45375,1114899,1821922588.4472065,23,Extreme Fear,354.48182802580243,0.04525885428127148,0.7731024853034288,0.04892031687140569,10.756741648212024,extreme_fear,True,-0.54,0.04525885428127148,0.7731024853034288
2022-03-15,39671.37,39887.61,38098.33,39280.33,46015.54926,1060517,1796571984.458497,21,Extreme Fear,366.6271053149077,0.04500672163144114,0.767514784729752,-0.009905884169983963,10.73673464574415,extreme_fear,True,-0.58,0.04500672163144114,0.767514784729752
2022-03-16,39280.33,41718.0,38828.48,41114.0,88120.76167,2051837,3552563766.3655386,24,Extreme Fear,0.0,0.04144073476341411,0.7775022410747031,0.045624811430510115,11.386463444433168,extreme_fear,True,-0.52,0.04144073476341411,0.7775022410747031
2022-03-17,41114.01,41478.82,40500.0,40917.9,37189.38087,935784,1521083189.7108624,27,Fear,93.39050522639344,0.041162097211538906,0.7745114608397359,-0.004781075985047464,10.523778539025768,fear,False,-0.46,0.041162097211538906,0.7745114608397359
2022-03-18,40917.89,42325.02,40135.04,41757.51,45408.00969,1065054,1862337033.4847212,25,Extreme Fear,123.61625706072446,0.04133654220746521,0.7769241785944113,0.02031169524144141,10.723443793358266,extreme_fear,True,-0.5,0.04133654220746521,0.7769241785944113
2022-03-19,41757.51,42400.0,41499.29,42201.13,29067.18108,801197,1216709156.4428053,28,Fear,58.06132375548433,0.04021619018753902,0.7625021304767134,0.010567682574771557,10.27736501877878,fear,False,-0.44,0.04021619018753902,0.7625021304767134
2022-03-20,42201.13,42296.26,40911.0,41262.11,30653.33468,799695,1273880705.2502496,31,Fear,93.49709327134987,0.033743398801365676,0.5937202822825605,-0.022502352481311442,10.330496734141152,fear,False,-0.38,0.033743398801365676,0.5937202822825605
2022-03-21,41262.11,41544.22,40467.94,41002.25,39426.24877,947206,1618789548.0684214,30,Fear,0.0,0.03328919916772457,0.5823378925003353,-0.006317702205992036,10.582187085901582,fear,False,-0.4,0.03328919916772457,0.5823378925003353
2022-03-22,41002.26,43361.0,40875.51,42364.13,59454.94294,1367343,2525975507.8012,26,Fear,0.0,0.03364362412815791,0.5956511233364327,0.03267507037255884,10.992974043153785,fear,False,-0.48,0.03364362412815791,0.5956511233364327
2022-03-23,42364.13,43025.96,41751.47,42882.76,40828.87039,916671,1725787170.5823965,31,Fear,174.2348901475042,0.03313444278638922,0.5854858885056181,0.012167866742905374,10.617144717754075,fear,False,-0.38,0.03313444278638922,0.5854858885056181
2022-03-24,42882.76,44220.89,42560.46,43991.46,56195.12374,1202541,2436258223.6223383,40,Fear,0.0,0.03082916454068412,0.5053159443367686,0.02552564380828476,10.936585265925208,fear,False,-0.2,0.03082916454068412,0.5053159443367686
2022-03-25,43991.46,45094.14,43579.0,44313.16,54614.43648,1141588,2421153187.6604123,47,Neutral,0.0,0.030891323114812356,0.5053396385706734,0.007286174227543661,10.908053531179918,neutral,False,-0.06,0.030891323114812356,0.5053396385706734
2022-03-26,44313.16,44792.99,44071.97,44511.27,23041.61741,693647,1022802857.60941,51,Neutral,88.28522746755553,0.030467834251511217,0.4920106161177925,0.004460717136023095,10.045057312432723,neutral,False,0.02,0.030467834251511217,0.4920106161177925
2022-03-27,44511.27,46999.0,44421.46,46827.76,41874.91071,1135096,1907019662.3441498,49,Neutral,0.0,0.03025605122196957,0.5097490149571299,0.05073377393082759,10.642442136826586,neutral,False,-0.02,0.03025605122196957,0.5097490149571299
2022-03-28,46827.76,48189.84,46663.56,47122.21,58949.2614,1498975,2789898402.616576,60,Greed,0.0,0.030117967864019914,0.5088348029095928,0.006268250306015814,10.98443237662494,greed,False,0.2,0.030117967864019914,0.5088348029095928
2022-03-29,47122.21,48096.47,46950.85,47434.8,36772.28457,1095678,1748600385.4502351,56,Greed,193.7964512597273,0.02734757013892214,0.4368176921956763,0.006611696768465159,10.51249970372233,greed,False,0.12,0.02734757013892214,0.4368176921956763
2022-03-30,47434.79,47700.22,46445.42,47067.99,40947.2085,1081607,1932152559.8831122,55,Greed,24.409476709873054,0.02498898973601897,0.36041976348287746,-0.007762984396878372,10.62003891845947,neutral,False,0.1,0.02498898973601897,0.36041976348287746
2022-03-31,47067.99,47600.0,45200.0,45510.34,48645.12667,1290541,2262485160.568584,52,Neutral,105.28410903781057,0.025004610447736855,0.3799165730145208,-0.03365359925692603,10.792306911373657,neutral,False,0.04,0.025004610447736855,0.3799165730145208
2022-04-01,45510.35,46720.09,44200.0,46283.49,56271.06474,1372216,2556532890.870311,50,Neutral,41.73819443781804,0.025934812139484762,0.38042824328078356,0.01684575714059203,10.937935734231601,neutral,False,0.0,0.025934812139484762,0.38042824328078356
2022-04-02,46283.49,47213.0,45620.0,45811.0,37073.53582,1056716,1721690754.4393935,52,Neutral,0.0,0.025637191559826553,0.3639406476234931,-0.010261073071446306,10.520658673845977,neutral,False,0.04,0.025637191559826553,0.3639406476234931
2022-04-03,45810.99,47444.11,45530.92,46407.35,33394.67794,966563,1550999693.0508049,48,Neutral,300.1344598567351,0.02488080925205295,0.33357796652012245,0.012933614904539842,10.416151823154557,neutral,False,-0.04,0.02488080925205295,0.33357796652012245
2022-04-04,46407.36,46890.71,45118.0,46580.51,44641.87514,1171998,2053434523.8685389,52,Neutral,147.62924429427864,0.024654665509027965,0.3274116979376344,0.003724361441516804,10.706427601997346,neutral,False,0.04,0.024654665509027965,0.3274116979376344
2022-04-05,46580.5,47200.0,45353.81,45497.55,42192.74852,1046080,1951668192.9295099,53,Neutral,250.09426205840148,0.02331628404130811,0.31526371551111304,-0.023523734948063195,10.650003649239645,neutral,False,0.06,0.02331628404130811,0.31526371551111304
2022-04-06,45497.54,45507.14,43121.0,43170.47,60849.32936,1471912,2700644700.890392,48,Neutral,0.0,0.024200758066752055,0.3748987564440351,-0.052501781655002897,11.016156077155268,neutral,False,-0.04,0.024200758066752055,0.3748987564440351
2022-04-07,43170.47,43900.99,42727.35,43444.19,37396.54156,999816,1623879486.6600313,34,Fear,0.0,0.023409734898109283,0.3694206607365259,0.006320429156202368,10.529333507469103,fear,False,-0.32,0.023409734898109283,0.3694206607365259
2022-04-08,43444.2,43970.62,42107.14,42252.01,42375.04203,1108136,1830699971.6113117,37,Fear,187.8056137684545,0.02394826241847827,0.38248947598109084,-0.027825199218427053,10.654314836540667,fear,False,-0.26,0.02394826241847827,0.38248947598109084
2022-04-09,42252.02,42800.0,42125.48,42753.97,17891.66047,640230,759274586.6137776,30,Fear,68.12095886658219,0.02362356767856009,0.3749622030843012,0.011810129932037259,9.792089987735077,fear,False,-0.4,0.02362356767856009,0.3749622030843012
2022-04-10,42753.96,43410.3,41868.0,42158.85,22771.09403,678983,971459737.5009404,34,Fear,80.49353749738742,0.02385890860621631,0.37814908424494065,-0.014017429746878484,10.033247204895222,fear,False,-0.32,0.02385890860621631,0.37814908424494065
2022-04-11,42158.85,42414.71,39200.0,39530.45,63560.44721,1385924,2602039073.0150447,32,Fear,0.0,0.024868484403416338,0.42559664508913464,-0.06437336581826365,11.059746656654848,fear,False,-0.36,0.024868484403416338,0.42559664508913464
2022-04-12,39530.45,40699.0,39254.63,40074.94,57751.01778,1153667,2309514071.593873,20,Extreme Fear,190.42933475568586,0.025013648097839073,0.426366279018442,0.013679940298762482,10.963896252124846,extreme_fear,True,-0.6,0.025013648097839073,0.426366279018442
2022-04-13,40074.95,41561.31,39588.54,41147.79,41342.27254,948061,1677171454.091079,25,Extreme Fear,84.12988368611134,0.025336056585395412,0.42718076376148095,0.02641901842530263,10.629640803664866,extreme_fear,True,-0.5,0.025336056585395412,0.42718076376148095
2022-04-14,41147.78,41500.0,39551.94,39942.38,36807.01401,803756,1494726286.0180101,28,Fear,454.50698331443743,0.025739798844716073,0.4351026052849256,-0.029732304130666604,10.513443704093339,fear,False,-0.44,0.025739798844716073,0.4351026052849256
2022-04-15,39942.37,40870.36,39766.4,40551.9,24026.35739,616536,966888436.8162509,22,Extreme Fear,175.05061602638315,0.025909655545620868,0.43987298637142885,0.015144719601020222,10.086906731305957,extreme_fear,True,-0.56,0.025909655545620868,0.43987298637142885
2022-04-16,40551.9,40709.35,39991.55,40378.71,15805.44718,423446,638275503.9141085,28,Fear,127.25804095217327,0.024892680363262448,0.3883148649991149,-0.004279969331170057,9.668109917827444,fear,False,-0.44,0.024892680363262448,0.3883148649991149
2022-04-17,40378.7,40595.67,39546.17,39678.12,19988.49259,590241,803414248.9836985,28,Fear,64.54763669645955,0.024765648083456382,0.3863730280025406,-0.017502763604226226,9.902912016447003,fear,False,-0.44,0.024765648083456382,0.3863730280025406
2022-04-18,39678.11,41116.73,38536.51,40801.13,54243.49575,1157741,2153574975.9131336,24,Extreme Fear,122.94868362641242,0.026049987942197615,0.40446520220425586,0.027909874843025737,10.901238370205629,extreme_fear,True,-0.52,0.026049987942197615,0.40446520220425586
2022-04-19,40801.13,41760.0,40571.0,41493.18,35788.85843,934526,1472363265.3621879,27,Fear,0.0,0.02609277345122166,0.41358883529047474,0.01681929927737526,10.485391906911612,fear,False,-0.46,0.02609277345122166,0.41358883529047474
2022-04-20,41493.19,42199.0,40820.0,41358.19,40877.35041,1063843,1697039284.0853007,27,Fear,113.03924648280318,0.0255435091203713,0.4008049136532701,-0.0032586092287824916,10.618331408931677,fear,False,-0.46,0.0255435091203713,0.4008049136532701
2022-04-21,41358.19,42976.0,39751.0,40480.01,59316.27657,1515456,2476061417.8872576,27,Fear,163.6967710591938,0.026584955003954552,0.39642923473683944,-0.02146219513885801,10.990639025738348,fear,False,-0.46,0.026584955003954552,0.39642923473683944
2022-04-22,40480.01,40795.06,39177.0,39709.18,46664.0196,1043471,1870172362.40225,26,Fear,0.0,0.02674046517552493,0.39876795118541136,-0.019225876795201286,10.750728688457386,fear,False,-0.48,0.02674046517552493,0.39876795118541136
2022-04-23,39709.19,39980.0,39285.0,39441.6,20291.42375,724132,804677022.9078971,24,Extreme Fear,87.78141327840761,0.02626871937848578,0.39167901928841214,-0.006761298356655493,9.917953600392558,extreme_fear,True,-0.52,0.02626871937848578,0.39167901928841214
2022-04-24,39441.61,39940.0,38929.62,39450.13,26703.61186,868183,1056336243.0198609,24,Extreme Fear,106.83939079208824,0.025982719605607687,0.3904666616911992,0.0002162457340772487,10.192554110894845,extreme_fear,True,-0.52,0.025982719605607687,0.3904666616911992
2022-04-25,39450.12,40616.0,38200.0,40426.08,63037.12784,1280351,2470071005.2401423,23,Extreme Fear,124.03046308480188,0.026724821378165675,0.402602801839357,0.02443777865032932,11.051479162580126,extreme_fear,True,-0.54,0.026724821378165675,0.402602801839357
2022-04-26,40426.08,40797.31,37702.26,38112.65,66650.258,1381618,2615206861.8349133,27,Fear,507.6382283192308,0.027823664219695014,0.41298054239379195,-0.05892887322404605,11.107214196567105,fear,False,-0.46,0.027823664219695014,0.41298054239379195
2022-04-27,38112.64,39474.72,37881.31,39235.72,57083.12272,1232083,2218523642.426387,21,Extreme Fear,244.08713885631528,0.028134133489246368,0.4296766288900472,0.02904130834995406,10.952263777872913,extreme_fear,True,-0.58,0.028134133489246368,0.4296766288900472
2022-04-28,39235.72,40372.63,38881.43,39742.07,56086.6715,1135242,2223808385.8063755,24,Extreme Fear,0.0,0.0279866879868612,0.4253601482980413,0.012822767969639432,10.934653478612846,extreme_fear,True,-0.52,0.0279866879868612,0.4253601482980413
2022-04-29,39742.06,39925.25,38175.0,38596.11,51453.65715,1101140,2006135662.8559992,23,Extreme Fear,61.81843996511557,0.028547220222289647,0.43125544355640943,-0.02925883015250115,10.848436820368669,extreme_fear,True,-0.54,0.028547220222289647,0.43125544355640943
2022-04-30,38596.11,38795.38,37578.2,37630.8,35321.18989,1017369,1354900532.1335113,20,Extreme Fear,0.0,0.028454689088251932,0.4361929722143356,-0.025328630177714796,10.472238342995286,extreme_fear,True,-0.6,0.028454689088251932,0.4361929722143356
2022-05-01,37630.8,38675.0,37386.38,38468.35,38812.24104,1021157,1478259271.913873,22,Extreme Fear,230.04468380246695,0.02680198107240586,0.38703880703088306,0.02201296126766681,10.566490966576282,extreme_fear,True,-0.56,0.02680198107240586,0.38703880703088306
2022-05-02,38468.35,39167.34,38052.0,38525.16,53200.92628,1053893,2058450718.2963233,28,Fear,0.0,0.026643031455814852,0.3831529984983478,0.0014757090645608362,10.881831086456357,fear,False,-0.44,0.026643031455814852,0.3831529984983478
2022-05-03,38525.16,38651.51,37517.8,37728.95,40316.45358,1005131,1539320434.2647235,27,Fear,0.0,0.02613783572337811,0.3733299933406718,-0.02088383006942929,10.604514942031582,fear,False,-0.46,0.02613783572337811,0.3733299933406718
2022-05-04,37728.95,40023.77,37670.0,39690.0,62574.61736,1238847,2438553987.4535437,21,Extreme Fear,69.24296748330771,0.02660352388104239,0.40825020718394095,0.05067156251954114,11.044115001379161,extreme_fear,True,-0.58,0.02660352388104239,0.40825020718394095
2022-05-05,39690.0,39845.51,35571.9,36552.97,88722.43355,1979692,3329684235.9639516,27,Fear,258.5684529448288,0.030436008588455517,0.4964075908603459,-0.08233682535055205,11.393268051201717,fear,False,-0.46,0.030436008588455517,0.4964075908603459
2022-05-06,36552.97,36675.63,35258.0,36013.77,68437.80187,1214518,2466507512.182029,22,Extreme Fear,0.0,0.03080043446647886,0.49756957425336223,-0.014861076122788424,11.133680609869074,extreme_fear,True,-0.56,0.03080043446647886,0.49756957425336223
2022-05-07,36013.77,36146.3,34785.0,35472.39,34281.70682,746488,1222539413.6400983,23,Extreme Fear,50.636273870601585,0.031030152204966372,0.49689942382729,-0.015146717920837934,10.442367162020632,extreme_fear,True,-0.54,0.031030152204966372,0.49689942382729
2022-05-08,35472.4,35514.22,33713.95,34038.4,72445.64344,1301451,2498365159.9945807,18,Extreme Fear,0.0,0.030592949231348254,0.4956905713100195,-0.04126534832558704,11.190591813987758,extreme_fear,True,-0.64,0.030592949231348254,0.4956905713100195
2022-05-09,34038.39,34243.15,30033.33,30076.31,191876.926428,2564538,6166367111.275724,11,Extreme Fear,0.0,0.03508850554638039,0.6310180384213007,-0.12375148039084222,12.164609437288833,extreme_fear,True,-0.78,0.03508850554638039,0.6310180384213007
2022-05-10,30074.23,32658.99,29730.4,31017.1,165532.00311,2470325,5179856929.47993,10,Extreme Fear,483.60810846944673,0.03701990028796005,0.6514543398947966,0.03080084662153245,12.016919827371108,extreme_fear,True,-0.8,0.03701990028796005,0.6514543398947966
2022-05-11,31017.11,32162.59,27785.0,29103.94,207063.739278,3559270,6300295994.553139,12,Extreme Fear,295.7496081974114,0.040580349949661434,0.6743556098885344,-0.0636651051045502,12.240781944067505,extreme_fear,True,-0.76,0.040580349949661434,0.6743556098885344
2022-05-12,29103.94,30243.0,26700.0,29029.75,204507.263138,3951233,5795451310.945579,12,Extreme Fear,145.69530817666083,0.043556955719716885,0.6760556861796516,-0.00255239398280821,12.228358770401533,extreme_fear,True,-0.76,0.043556955719716885,0.6760556861796516
2022-05-13,29029.74,31083.37,28751.67,29287.05,97872.36957,2051900,2956855804.856112,10,Extreme Fear,0.0,0.0447360593738141,0.6810229021171507,0.008824272580558484,11.491419557529655,extreme_fear,True,-0.8,0.0447360593738141,0.6810229021171507
2022-05-14,29287.05,30343.27,28630.0,30086.74,51095.87863,1204626,1501483453.5008905,9,Extreme Fear,362.962689639461,0.045281244525356,0.6953371735772305,0.02693910433173367,10.841459119905897,extreme_fear,True,-0.82,0.045281244525356,0.6953371735772305
2022-05-15,30086.74,31460.0,29480.0,31328.89,46275.66912,1016769,1401499926.2304175,10,Extreme Fear,0.0,0.04537368194763635,0.7091312245086289,0.040456131904645545,10.742371596980595,extreme_fear,True,-0.8,0.04537368194763635,0.7091312245086289
2022-05-16,31328.89,31328.9,29087.04,29874.01,73082.19658,1561954,2185567735.682062,14,Extreme Fear,489.00591745647546,0.04523201118981569,0.7004003261168125,-0.04755180340819563,11.199340067237825,extreme_fear,True,-0.72,0.04523201118981569,0.7004003261168125
2022-05-17,29874.01,30788.37,29450.38,30444.93,56724.13307,1175382,1715109131.0802064,8,Extreme Fear,296.40287875573,0.04528707461729153,0.6933928887241463,0.018930606202495235,10.945955026499083,extreme_fear,True,-0.84,0.04528707461729153,0.6933928887241463
2022-05-18,30444.93,30709.99,28654.47,28715.32,59749.15799,1379212,1762843836.1269379,12,Extreme Fear,252.85323776784546,0.04595572778093308,0.7047130943336164,-0.05848869957421896,10.997910377476888,extreme_fear,True,-0.76,0.04595572778093308,0.7047130943336164
2022-05-19,28715.33,30545.18,28691.38,30319.23,67877.36415,1860780,2014360135.7852721,13,Extreme Fear,581.6609930413774,0.04632906015661704,0.7455526746270306,0.05435138641776955,11.12545788756888,extreme_fear,True,-0.74,0.04632906015661704,0.7455526746270306
2022-05-20,30319.22,30777.33,28730.0,29201.01,60517.25325,1694004,1800589029.270878,13,Extreme Fear,551.9759480001449,0.047047942757015355,0.7496989994809445,-0.03757886695618367,11.010683781049456,extreme_fear,True,-0.74,0.047047942757015355,0.7496989994809445
2022-05-21,29201.01,29656.18,28947.28,29445.06,20987.13124,643486,616194663.9792111,13,Extreme Fear,99.65942095768682,0.04693992615745756,0.7428398431134351,0.008322856374715155,9.951664730772828,extreme_fear,True,-0.74,0.04693992615745756,0.7428398431134351
2022-05-22,29445.07,30487.99,29255.11,30293.94,36158.98748,862880,1082530816.01625,14,Extreme Fear,0.0,0.047106619240189655,0.7560209680618417,0.028421538420796314,10.49568081300788,extreme_fear,True,-0.72,0.047106619240189655,0.7560209680618417
2022-05-23,30293.93,30670.51,28866.35,29109.15,63901.49932,1328317,1914305818.0745187,10,Extreme Fear,307.0344138549377,0.04763750352962916,0.7619663106380669,-0.039895134769211214,11.065098103627138,extreme_fear,True,-0.8,0.04763750352962916,0.7619663106380669
2022-05-24,29109.14,29845.86,28669.0,29654.58,59442.96036,946421,1740257602.3067698,12,Extreme Fear,127.31166065541049,0.04724691590704942,0.734424809171471,0.018564024573910418,10.992772482323728,extreme_fear,True,-0.76,0.04724691590704942,0.734424809171471
2022-05-25,29654.58,30223.74,29294.21,29542.15,59537.38659,985440,1771708175.0718913,11,Extreme Fear,0.0,0.04491929737944402,0.6898751830485681,-0.003798525195082192,10.994359740257417,extreme_fear,True,-0.78,0.04491929737944402,0.6898751830485681
2022-05-26,29542.14,29886.64,28019.56,29201.35,94581.65463,1431112,2759055410.397752,12,Extreme Fear,0.0,0.045439684665880255,0.6897081555489851,-0.011603116040031471,11.457218810546848,extreme_fear,True,-0.76,0.045439684665880255,0.6897081555489851
2022-05-27,29201.35,29397.66,28282.9,28629.8,90998.5201,1321406,2626515958.50349,12,Extreme Fear,258.21677597786015,0.04544380270888153,0.6903170901111044,-0.0197668076759755,11.418598522729386,extreme_fear,True,-0.76,0.04544380270888153,0.6903170901111044
2022-05-28,28629.81,29266.0,28450.0,29031.33,34479.35127,684423,994674257.5679231,13,Extreme Fear,223.0360673135049,0.04506391734696889,0.6857063960564578,0.013927458255286653,10.448115909925457,extreme_fear,True,-0.74,0.04506391734696889,0.6857063960564578
2022-05-29,29031.33,29587.78,28839.21,29468.1,27567.34764,635311,804777532.6497605,14,Extreme Fear,0.0,0.04162063645166547,0.5352995249698235,0.014932730664861931,10.224387294819701,extreme_fear,True,-0.72,0.04162063645166547,0.5352995249698235
2022-05-30,29468.1,32222.0,29299.62,31734.22,96785.9476,1380410,2980527582.4674954,10,Extreme Fear,0.0,0.041666674013960736,0.5888070223577568,0.07408727158891816,11.480257093305081,extreme_fear,True,-0.8,0.041666674013960736,0.5888070223577568
2022-05-31,31734.23,32399.0,31200.01,31801.04,62433.11632,1161340,1981259117.0115466,16,Extreme Fear,41.69526937022776,0.037090798330683884,0.5367785956284998,0.002103399738536469,11.041851123837047,extreme_fear,True,-0.68,0.037090798330683884,0.5367785956284998
2022-06-01,31801.05,31982.97,29301.0,29805.83,103395.63382,1404611,3171191028.249736,17,Extreme Fear,0.0,0.03512940642566708,0.5903184885540911,-0.06479498169315473,11.546318014052734,extreme_fear,True,-0.66,0.03512940642566708,0.5903184885540911
2022-06-02,29805.84,30689.0,29594.55,30452.62,56961.42928,1086183,1711652906.191896,13,Extreme Fear,174.54365112456992,0.033885157287281885,0.594144233560963,0.021468021186670065,10.95012963846767,extreme_fear,True,-0.74,0.033885157287281885,0.594144233560963
2022-06-03,30452.63,30699.0,29282.36,29700.21,54067.44727,993769,1615616950.714381,10,Extreme Fear,297.9798111175334,0.033578870051399444,0.5937866742940799,-0.025017916656657774,10.897987569683965,extreme_fear,True,-0.8,0.033578870051399444,0.5937866742940799
2022-06-04,29700.21,29988.88,29485.0,29864.04,25617.90113,618037,760874329.4663156,14,Extreme Fear,71.14343624560091,0.03250407538947967,0.5743399777429036,0.005500964525962497,10.151046648987897,extreme_fear,True,-0.72,0.03250407538947967,0.5743399777429036
2022-06-05,29864.03,30189.0,29531.42,29919.21,23139.9281,604680,691201528.1600258,10,Extreme Fear,101.18874518410925,0.031078048682704824,0.5490358896836437,0.001845667997686214,10.049314893569115,extreme_fear,True,-0.8,0.031078048682704824,0.5490358896836437
2022-06-06,29919.2,31765.64,29890.23,31373.1,68836.92456,1124745,2149499896.9349375,13,Extreme Fear,0.0,0.031575739424127135,0.5709228398046354,0.047450088834951915,11.139495574138666,extreme_fear,True,-0.74,0.031575739424127135,0.5709228398046354
2022-06-07,31373.1,31589.6,29218.96,31125.33,110674.51658,1743957,3347397952.7305903,15,Extreme Fear,371.03755949126156,0.03194087952578681,0.5269775318659576,-0.007928880711022794,11.6143488896667,extreme_fear,True,-0.7,0.03194087952578681,0.5269775318659576
2022-06-08,31125.32,31327.22,29843.88,30204.77,68542.61276,1236327,2087270428.3470392,17,Extreme Fear,334.3744012714394,0.031495398388978274,0.5047544911104888,-0.030022098209930834,11.13521091492381,extreme_fear,True,-0.66,0.031495398388978274,0.5047544911104888
2022-06-09,30204.77,30700.0,29944.1,30109.93,46291.1865,841562,1399839073.774508,11,Extreme Fear,145.6098793919001,0.030293835360040183,0.4853502351761628,-0.00314484124646771,10.742706865582761,extreme_fear,True,-0.78,0.030293835360040183,0.4853502351761628
2022-06-10,30109.93,30382.8,28850.0,29091.88,76204.2498,1258608,2255866294.494887,13,Extreme Fear,0.0,0.030910947081435165,0.5008632258365324,-0.0343959202434377,11.241172511773101,extreme_fear,True,-0.74,0.030910947081435165,0.5008632258365324
2022-06-11,29091.87,29440.41,28099.99,28424.7,65901.39895,1084163,1892007188.0756001,12,Extreme Fear,0.0,0.031047032498369185,0.4946674970215748,-0.023200611947273582,11.095914948641608,extreme_fear,True,-0.76,0.031047032498369185,0.4946674970215748
2022-06-12,28424.71,28544.96,26560.0,26574.53,92474.598809,1451271,2551767136.329585,14,Extreme Fear,0.0,0.03148517650890234,0.5299570084933695,-0.06730524721449922,11.43468927831871,extreme_fear,True,-0.72,0.03148517650890234,0.5299570084933695
2022-06-13,26574.53,26895.84,21925.77,22487.41,254611.034966,3261484,6192246037.404874,11,Extreme Fear,0.0,0.04141129138288022,0.7751864546710948,-0.16699764123151092,12.447492306530684,extreme_fear,True,-0.78,0.04141129138288022,0.7751864546710948
2022-06-14,22485.27,23362.88,20846.0,22136.41,187201.64671,2583151,4136108699.025428,8,Extreme Fear,0.0,0.04395005643516946,0.7742944739773987,-0.01573183286725236,12.139941639514717,extreme_fear,True,-0.84,0.04395005643516946,0.7742944739773987
2022-06-15,22136.42,22800.0,20111.62,22583.72,200774.493467,2847831,4249276481.256697,7,Extreme Fear,474.5401087963969,0.046264772352666114,0.783894550052339,0.020005528538409763,12.209937634164675,extreme_fear,True,-0.86,0.046264772352666114,0.783894550052339
2022-06-16,22583.72,22995.73,20232.0,20401.31,99673.59429,1690477,2130037160.0626109,7,Extreme Fear,1091.4470503935074,0.049083010956039626,0.8449571636534332,-0.10163017824163617,11.509656069215572,extreme_fear,True,-0.86,0.049083010956039626,0.8449571636534332
2022-06-17,20400.6,21365.43,20246.66,20468.81,86694.33663,1352992,1796575392.5507207,9,Extreme Fear,261.62307645456974,0.04946603081998348,0.8406396202486797,0.0033031496542327322,11.370143839181807,extreme_fear,True,-0.82,0.04946603081998348,0.8406396202486797
2022-06-18,20468.81,20792.06,17622.0,18970.79,196441.655524,2467372,3726639821.696151,6,Extreme Fear,0.0,0.054115932464309915,0.8559767464999822,-0.0760018363469714,12.188120747749515,extreme_fear,True,-0.88,0.054115932464309915,0.8559767464999822
2022-06-19,18970.79,20815.95,17960.41,20574.0,128320.87595,1950660,2487561781.535987,6,Extreme Fear,1328.1366013602672,0.05619726733443584,0.8667580556524994,0.08112771492687064,11.762289249370683,extreme_fear,True,-0.88,0.05619726733443584,0.8667580556524994
2022-06-20,20574.0,21090.0,19637.03,20573.89,109028.94154,1639448,2220396381.7426524,9,Extreme Fear,79.19153253233318,0.05678360503852847,0.8660229955380607,-5.346568195921985e-06,11.599368644683022,extreme_fear,True,-0.82,0.05678360503852847,0.8660229955380607
2022-06-21,20573.9,21723.0,20348.4,20723.52,104371.0749,1515321,2198596137.343284,9,Extreme Fear,0.0,0.05624152666723976,0.8562571229131458,0.007246490991842595,11.55570785569754,extreme_fear,True,-0.82,0.05624152666723976,0.8562571229131458
2022-06-22,20723.51,20900.0,19770.51,19987.99,92133.97938,1394981,1872204589.2375817,11,Extreme Fear,0.0,0.05652426007451788,0.8452313954615073,-0.03613769395083157,11.430999094266895,extreme_fear,True,-0.78,0.05652426007451788,0.8452313954615073
2022-06-23,19988.0,21233.0,19890.07,21110.13,83127.08716,1207858,1710694866.4572449,11,Extreme Fear,347.5821099746359,0.05684823220817675,0.8865396565867746,0.05462142687846785,11.328125886334666,extreme_fear,True,-0.78,0.05684823220817675,0.8865396565867746
2022-06-24,21110.12,21558.41,20736.72,21237.69,77430.36622,1309709,1635129191.170251,11,Extreme Fear,0.0,0.05704187975711048,0.8867183416903364,0.0060244133369918825,11.257134311060918,extreme_fear,True,-0.78,0.05704187975711048,0.8867183416903364
2022-06-25,21237.68,21614.5,20906.62,21491.19,51431.67794,874540,1093873137.974752,14,Extreme Fear,234.57184553524579,0.05714039920637248,0.8902556781029813,0.011865650317023644,10.848009563941597,extreme_fear,True,-0.72,0.05714039920637248,0.8902556781029813
2022-06-26,21491.18,21888.0,20964.73,21038.07,53278.10464,885306,1139258367.162915,14,Extreme Fear,207.3652602335767,0.056848383318443725,0.8575588734404065,-0.02130943009010775,10.883280731007943,extreme_fear,True,-0.72,0.056848383318443725,0.8575588734404065
2022-06-27,21038.08,21539.85,20510.0,20742.56,64475.0013,1002214,1354369225.8404648,12,Extreme Fear,5.412590210126742,0.05626080510133811,0.8566835239977076,-0.014146025460121855,11.074032850912399,extreme_fear,True,-0.76,0.05626080510133811,0.8566835239977076
2022-06-28,20742.57,21212.1,20202.01,20281.29,63801.0832,1064497,1321862977.9315486,10,Extreme Fear,121.1853286777241,0.05626520382892525,0.8559657072588638,-0.022488841996465433,11.063525447245182,extreme_fear,True,-0.8,0.05626520382892525,0.8559657072588638
2022-06-29,20281.28,20432.31,19854.92,20123.01,77309.04379,1210636,1556549790.008924,13,Extreme Fear,0.0,0.056297277423338704,0.8549082315923938,-0.007834849739538354,11.255566223721667,extreme_fear,True,-0.74,0.056297277423338704,0.8549082315923938
2022-06-30,20123.0,20179.08,18626.0,19942.21,93846.64806,1438163,1808994369.0314438,11,Extreme Fear,0.0,0.05689223638531244,0.8540437020956125,-0.009025345538186133,11.44941732544715,extreme_fear,True,-0.78,0.05689223638531244,0.8540437020956125
2022-07-01,19942.21,20918.35,18975.0,19279.8,111844.59494,1668363,2197016369.9695287,11,Extreme Fear,244.08716296669897,0.05804321984533745,0.855577788986771,-0.03378067520510561,11.62486564156645,extreme_fear,True,-0.78,0.05804321984533745,0.855577788986771
2022-07-02,19279.8,19467.39,18977.01,19252.81,46180.3021,833508,888415536.8730664,14,Extreme Fear,79.24575998503816,0.05733301157296585,0.8384566674482121,-0.001400891578015631,10.740308624680074,extreme_fear,True,-0.72,0.05733301157296585,0.8384566674482121
2022-07-03,19252.82,19647.63,18781.0,19315.83,51087.46631,880786,980255891.3952553,11,Extreme Fear,162.10071006535745,0.0507051063040866,0.6219510558739171,0.003267942871976135,10.841294468415501,extreme_fear,True,-0.78,0.0507051063040866,0.6219510558739171
2022-07-04,19315.83,20354.01,19055.31,20236.71,74814.04601,1282843,1470987695.521582,14,Extreme Fear,0.0,0.04914357935002902,0.6498448209096713,0.04657331482099153,11.2227609272163,extreme_fear,True,-0.72,0.04914357935002902,0.6498448209096713
2022-07-05,20236.71,20750.0,19304.4,20175.83,96041.13756,1612273,1919950110.1674304,19,Extreme Fear,303.78073721110394,0.047172723619954025,0.643443722817452,-0.0030129284649952903,11.472531894913105,extreme_fear,True,-0.62,0.047172723619954025,0.643443722817452
2022-07-06,20175.84,20675.22,19761.25,20564.51,82439.5808,1472221,1665481948.0096319,18,Extreme Fear,313.4914465037314,0.04434487367643791,0.5387441795934984,0.019081421173606727,11.31982095008123,extreme_fear,True,-0.64,0.04434487367643791,0.5387441795934984
2022-07-07,20564.51,21838.1,20251.68,21624.98,85014.58261,1653722,1783224085.7236798,18,Extreme Fear,0.0,0.04490963359551266,0.5671630653297945,0.05028235345384914,11.350578080875346,extreme_fear,True,-0.64,0.04490963359551266,0.5671630653297945
2022-07-08,21624.99,22527.37,21189.26,21594.75,403081.57349,4358216,8781330156.61243,20,Extreme Fear,0.0,0.03988749111789072,0.48575765009521227,-0.0013988983702488548,12.906894236053486,extreme_fear,True,-0.6,0.03988749111789072,0.48575765009521227
2022-07-09,21594.75,21980.0,21322.12,21591.83,178417.84468,3524386,3857190523.4942718,24,Extreme Fear,172.0153353716752,0.03485764227576051,0.39780670680851826,-0.00013522719346830976,12.09188352035894,extreme_fear,True,-0.52,0.03485764227576051,0.39780670680851826
2022-07-10,21592.15,21607.65,20655.0,20862.47,192188.21556,3434401,4062794310.272034,24,Extreme Fear,0.0,0.03405629427204451,0.4187233303774757,-0.03436315139820555,12.166230460215067,extreme_fear,True,-0.52,0.03405629427204451,0.4187233303774757
2022-07-11,20861.11,20868.48,19875.23,19963.61,137535.40724,3232941,2813718031.1093426,22,Extreme Fear,0.0,0.0335508013486338,0.446722438279775,-0.04404073474684607,11.831636670139474,extreme_fear,True,-0.56,0.0335508013486338,0.446722438279775
2022-07-12,19963.61,20059.42,19240.0,19328.75,139506.45862,3626399,2754215439.3324776,16,Extreme Fear,0.0,0.0331867768569708,0.4430260275848477,-0.032317491445751946,11.845866177523076,extreme_fear,True,-0.68,0.0331867768569708,0.4430260275848477
2022-07-13,19331.28,20366.61,18910.94,20234.87,209250.24888,4789109,4096306063.801935,15,Extreme Fear,263.7149155788761,0.03351939721325113,0.4290643425537825,0.045813728987704215,12.251286177741695,extreme_fear,True,-0.7,0.03351939721325113,0.4290643425537825
2022-07-14,20234.87,20900.0,19616.07,20588.84,174809.21696,4576355,3526210098.285044,18,Extreme Fear,0.0,0.034187789492295555,0.43376754127352096,0.017341827629275455,12.071450469417588,extreme_fear,True,-0.64,0.034187789492295555,0.43376754127352096
2022-07-15,20588.84,21200.0,20382.29,20830.04,143343.3049,4411375,2984339734.3532705,15,Extreme Fear,0.0,0.03430322917502557,0.4336785231009602,0.011646994153803221,11.872997765651588,extreme_fear,True,-0.7,0.03430322917502557,0.4336785231009602
2022-07-16,20830.04,21588.94,20478.61,21195.6,121011.67393,3723401,2539616922.7986083,21,Extreme Fear,201.01598615680112,0.03454695398790307,0.43206402602480687,0.01739743738897494,11.703642298685432,extreme_fear,True,-0.58,0.03454695398790307,0.43206402602480687
2022-07-17,21195.6,21684.54,20750.01,20798.16,118229.4525,4261057,2511251392.5765257,24,Extreme Fear,278.71654957599793,0.03442679422754194,0.43452239741330984,-0.018929091711402925,11.680382528042072,extreme_fear,True,-0.52,0.03442679422754194,0.43452239741330984
2022-07-18,20799.58,22777.63,20762.45,22432.58,239942.73132,6564387,5263396811.539256,20,Extreme Fear,225.53017884189234,0.036014170357993085,0.5012685631620817,0.07564984518217717,12.388155554349966,extreme_fear,True,-0.6,0.036014170357993085,0.5012685631620817
2022-07-19,22432.58,23800.0,21579.54,23396.62,263770.76574,6488375,5954419902.221928,30,Fear,0.0,0.03814688918232303,0.5153759235660149,0.04207720104807247,12.482835693336668,fear,False,-0.4,0.03814688918232303,0.5153759235660149
2022-07-20,23398.48,24276.74,22906.19,23223.3,238762.17094,6364038,5631801151.220376,31,Fear,0.0,0.03742211116419781,0.514728792633828,-0.007435482451242203,12.383223234802816,fear,False,-0.38,0.03742211116419781,0.514728792633828
2022-07-21,23223.3,23442.77,22341.46,23152.19,184817.68191,4808194,4232411759.3950253,34,Fear,0.0,0.035647162172342026,0.4930567589985397,-0.003066708544995841,12.127125114943723,fear,False,-0.32,0.035647162172342026,0.4930567589985397
2022-07-22,23152.19,23756.49,22500.0,22684.83,171598.43966,4745582,3981394766.228058,33,Fear,269.67368687943434,0.0362247656677246,0.5029572454058616,-0.02039295734074819,12.052912373104215,fear,False,-0.34,0.0362247656677246,0.5029572454058616
2022-07-23,22684.83,23000.77,21934.57,22451.07,122137.77375,3762227,2745262660.6777816,31,Fear,0.0,0.03627894018915454,0.5070392879364249,-0.010358144626696868,11.71290497957646,fear,False,-0.38,0.03627894018915454,0.5070392879364249
2022-07-24,22448.58,23014.64,22257.15,22579.68,115189.67277,3671238,2610817967.1639385,30,Fear,241.6452578808951,0.035467829628058264,0.4855895600255551,0.0057121122651888545,11.654335377131726,fear,False,-0.4,0.035467829628058264,0.4855895600255551
2022-07-25,22577.13,22666.0,21250.0,21310.9,180344.76643,4807238,3954002948.5472584,30,Fear,0.0,0.03519902954181598,0.5347970546995253,-0.05783170787580325,12.1026256669475,fear,False,-0.4,0.03519902954181598,0.5347970546995253
2022-07-26,21310.9,21347.82,20706.5,21254.67,177817.24326,4545385,3738774849.3577113,26,Fear,0.0,0.03491253428283111,0.5315405756011691,-0.0026420429802279126,12.088511578574415,fear,False,-0.48,0.03491253428283111,0.5315405756011691
2022-07-27,21254.67,23112.63,21042.53,22952.45,210971.19796,5475738,4614909656.6957855,28,Fear,0.0,0.03570843882693385,0.5706996109014427,0.07684804868982513,12.259476900581639,fear,False,-0.44,0.03570843882693385,0.5706996109014427
2022-07-28,22954.31,24199.72,22582.13,23842.93,236029.0741,6500034,5511388547.615389,32,Fear,0.0,0.03596915532752838,0.5837267130786635,0.03806305270838894,12.371710271758808,fear,False,-0.36,0.03596915532752838,0.5837267130786635
2022-07-29,23845.25,24442.66,23414.03,23773.75,198298.50623,6221401,4733780641.305037,39,Fear,55.10713735932744,0.036200320522628886,0.58412964471242,-0.0029057065160629104,12.19752878160004,fear,False,-0.22,0.036200320522628886,0.58412964471242
2022-07-30,23777.28,24668.0,23502.25,23643.51,151060.13211,4801528,3634601094.96542,42,Fear,303.5687319247252,0.036277574918601015,0.5671925390707713,-0.0054933721401181045,11.925433262420214,fear,False,-0.16,0.036277574918601015,0.5671925390707713
2022-07-31,23644.64,24194.82,23227.31,23293.32,127743.32483,4463721,3028386330.644831,39,Fear,75.77792837391439,0.03610001075471993,0.5417937408095509,-0.014922034485878831,11.757778254880817,fear,False,-0.22,0.03610001075471993,0.5417937408095509
2022-08-01,23296.36,23509.68,22850.0,23268.01,144210.16219,4775213,3346371889.652122,33,Fear,0.0,0.035867101215831615,0.5221757980541613,-0.001087168364516185,11.87902697423477,fear,False,-0.34,0.035867101215831615,0.5221757980541613
2022-08-02,23266.9,23459.89,22654.37,22987.79,158073.28225,5066511,3631020649.2263794,31,Fear,193.2488992110581,0.03477490391840706,0.5087265135774361,-0.012116250420426194,11.97081401619056,fear,False,-0.38,0.03477490391840706,0.5087265135774361
2022-08-03,22985.93,23647.68,22681.22,22818.37,145948.80995,4887642,3385430753.8050184,34,Fear,277.89904271966515,0.03417903921355827,0.5092338906752035,-0.007397292091435454,11.891011222429217,fear,False,-0.32,0.03417903921355827,0.5092338906752035
2022-08-04,22816.91,23223.32,22400.0,22622.98,154854.67016,4966138,3537434334.434649,30,Fear,23.406626888892596,0.034114527505529534,0.5108717998843288,-0.008599709479179367,11.950242344197456,fear,False,-0.4,0.034114527505529534,0.5108717998843288
2022-08-05,22622.41,23472.86,22586.95,23312.42,175251.69749,5340569,4046435951.354509,31,Fear,144.14519126453217,0.033767112229472755,0.5171464230067764,0.030020061930577643,12.07397849095549,fear,False,-0.38,0.033767112229472755,0.5171464230067764
2022-08-06,23313.56,23354.36,22909.52,22954.21,83911.80307,3360228,1944693656.7065682,31,Fear,109.57461225308406,0.03334501873115097,0.5151947683323244,-0.01548490381388308,11.337521562775304,fear,False,-0.38,0.03334501873115097,0.5151947683323244
2022-08-07,22954.21,23402.0,22844.62,23174.39,88890.00877,3646643,2051763044.552369,30,Fear,162.50406083506252,0.03110667506533592,0.4432615197571707,0.009546427689530375,11.395155027896983,fear,False,-0.4,0.03110667506533592,0.4432615197571707
2022-08-08,23174.39,24245.0,23154.25,23810.0,170958.44152,5892045,4078052110.543128,30,Fear,0.0,0.028859217298065586,0.42802720954617895,0.02705787086036656,12.04917577390094,fear,False,-0.4,0.028859217298065586,0.42802720954617895
2022-08-09,23810.98,23933.25,22865.0,23149.95,143182.50858,5105613,3347110918.907211,42,Fear,150.51150602394756,0.02845268173382047,0.43949203262653685,-0.028113039796074532,11.871875379260446,fear,False,-0.16,0.02845268173382047,0.43949203262653685
2022-08-10,23151.32,24226.0,22664.69,23954.05,208916.54953,6818207,4918825599.489632,31,Fear,341.49438035320395,0.029117593784445214,0.4557734569101836,0.03414479115449657,12.249690166666193,fear,False,-0.38,0.029117593784445214,0.4557734569101836
2022-08-11,23954.05,24918.54,23852.13,23934.39,249759.79557,8269994,6097813762.895935,41,Fear,0.0,0.02879379219139537,0.44842472728118193,-0.0008210750278983731,12.428254917243159,fear,False,-0.18,0.02879379219139537,0.44842472728118193
2022-08-12,23933.09,24456.5,23583.0,24403.68,174207.5704,6134163,4175834601.8605466,42,Fear,43.4172476277829,0.028501060575306866,0.44939624934393646,0.01941760376984897,12.068002800550408,fear,False,-0.16,0.028501060575306866,0.44939624934393646
2022-08-13,24401.7,24888.0,24291.22,24441.38,152852.25435,5617859,3751417148.252107,46,Fear,0.0,0.028332575796232193,0.4494500925119871,0.0015436569219570487,11.937227075983525,neutral,False,-0.08,0.028332575796232193,0.4494500925119871
2022-08-14,24443.06,25047.56,24144.0,24305.24,151206.14473,5473905,3708565144.8980093,47,Neutral,176.06029325631465,0.027423202979664,0.38827856754979534,-0.005585632561017508,11.926399381650475,neutral,False,-0.06,0.027423202979664,0.38827856754979534
2022-08-15,24305.25,25211.32,23773.22,24094.82,242539.54758,7488466,5894066098.523285,45,Fear,254.5619070555995,0.028239391167881222,0.3907705473889457,-0.008695085325241067,12.398920058867244,fear,False,-0.1,0.028239391167881222,0.3907705473889457
2022-08-16,24093.04,24247.49,23671.22,23854.74,179324.94821,5978567,4294907691.6509495,44,Fear,10.49371337301791,0.025477729030588325,0.2918049356139691,-0.01001393990872997,12.09695479218935,fear,False,-0.12,0.025477729030588325,0.2918049356139691
2022-08-17,23856.15,24446.71,23180.4,23342.66,210668.68766,6901586,4993659434.236888,41,Fear,125.1968761424771,0.024775391345700053,0.2699406412904786,-0.021700351923622782,12.258041977737655,fear,False,-0.18,0.024775391345700053,0.2699406412904786
2022-08-18,23342.66,23600.0,23111.04,23191.2,144185.97011,6029662,3375338942.2617874,30,Fear,23.55110251911174,0.024256727924923116,0.27056983068283424,-0.0065096914314182845,11.87885920443936,fear,False,-0.4,0.024256727924923116,0.27056983068283424
2022-08-19,23191.45,23208.67,20783.57,20834.39,283995.87747,8860928,6181759252.730264,33,Fear,0.0,0.02767265670013128,0.46360924094495665,-0.10716790958304105,12.556715001087282,fear,False,-0.34,0.02767265670013128,0.46360924094495665
2022-08-20,20834.39,21382.85,20761.9,21140.07,183041.68363,5723362,3871242921.2246804,29,Fear,68.16782546272202,0.02741173821241805,0.4681496676574812,0.014565304906857087,12.117469185284676,fear,False,-0.42,0.02741173821241805,0.4681496676574812
2022-08-21,21140.07,21800.0,21069.11,21515.61,159200.6841,5034461,3405034922.807078,27,Fear,0.0,0.027527579706548396,0.47479903326674794,0.017608426506096567,11.97792084949374,fear,False,-0.46,0.027527579706548396,0.47479903326674794
2022-08-22,21516.7,21548.71,20890.18,21399.83,222222.04526,6443370,4721412016.903412,29,Fear,84.01990049157992,0.027443110788527365,0.47385775377146566,-0.005395740129964921,12.311432364857684,fear,False,-0.42,0.027443110788527365,0.47385775377146566
2022-08-23,21400.75,21684.87,20890.14,21529.12,200967.77164,6333442,4299812533.944709,28,Fear,270.74350873063156,0.027328822892414503,0.474817143564828,0.00602345926973469,12.210899834085863,fear,False,-0.44,0.027328822892414503,0.474817143564828
2022-08-24,21529.11,21900.0,21145.0,21368.08,174383.22046,5561412,3744196823.564854,25,Extreme Fear,97.16148718637825,0.027305026645297905,0.4746593900891917,-0.007508217623966096,12.069010572869537,extreme_fear,True,-0.5,0.027305026645297905,0.4746593900891917
2022-08-25,21368.05,21819.88,21310.15,21559.04,169915.78301,5618785,3672148286.6013737,25,Extreme Fear,174.3090905662077,0.026999047279890696,0.46098144405802327,0.008896998430986994,12.043058199225397,extreme_fear,True,-0.5,0.026999047279890696,0.46098144405802327
2022-08-26,21559.04,21886.77,20107.9,20241.05,273811.61955,7587244,5785149465.09769,27,Fear,78.07616132742791,0.029186759903502387,0.5056327626448129,-0.06308249760374372,12.520195629029514,fear,False,-0.46,0.029186759903502387,0.5056327626448129
2022-08-27,20239.14,20402.93,19800.0,20037.6,162582.46032,5263328,3269764074.3564396,28,Fear,0.0,0.029285053234101927,0.5022700619434691,-0.010102211978267828,11.998940600166748,fear,False,-0.44,0.029285053234101927,0.5022700619434691
2022-08-28,20037.6,20171.18,19520.0,19555.61,139307.95976,4678693,2781133881.051846,28,Fear,5.32208276181412,0.02896241152391399,0.48863004446455166,-0.024348306776797283,11.844442299269648,fear,False,-0.44,0.02896241152391399,0.48863004446455166
2022-08-29,19555.61,20433.62,19550.79,20285.73,210509.49545,5840323,4211334408.9865937,24,Extreme Fear,224.03996597767176,0.028920559498410135,0.5101227308072677,0.03665548140456874,12.25728604011332,extreme_fear,True,-0.52,0.028920559498410135,0.5101227308072677
2022-08-30,20287.2,20576.25,19540.0,19811.66,256634.35529,6593178,5157974826.609323,27,Fear,393.5313909941592,0.02836404024313789,0.4897348226713444,-0.023647029931174457,12.455407608756618,fear,False,-0.46,0.02836404024313789,0.4897348226713444
2022-08-31,19813.03,20490.0,19797.94,20050.02,276946.60765,6389133,5595829094.391042,23,Extreme Fear,250.59239944463857,0.028130211141257345,0.4948114819231502,0.011959497995954903,12.531580014424325,extreme_fear,True,-0.54,0.028130211141257345,0.4948114819231502
2022-09-01,20048.44,20208.37,19565.66,20131.46,245289.97263,5937975,4893158531.781241,20,Extreme Fear,24.40521080319595,0.028040917416996984,0.4860971516393237,0.004053614327647557,12.410196351424913,extreme_fear,True,-0.6,0.028040917416996984,0.4860971516393237
2022-09-02,20132.64,20441.26,19755.29,19951.86,245986.6033,5740705,4946889819.514836,25,Extreme Fear,77.95078994310494,0.02822554940180309,0.4843236114285186,-0.008961393513317224,12.413032355301521,extreme_fear,True,-0.5,0.02822554940180309,0.4843236114285186
2022-09-03,19950.98,20055.93,19652.72,19831.9,146639.03204,3739909,2908816275.0102863,21,Extreme Fear,9.157686429677375,0.027924483290152617,0.4842705904612338,-0.006030619708257377,11.895729281564359,extreme_fear,True,-0.58,0.027924483290152617,0.4842705904612338
2022-09-04,19832.45,20029.23,19583.1,20000.3,145588.77893,3838915,2883227667.1961923,20,Extreme Fear,156.23117239802943,0.026957709155471438,0.4887690829269171,0.008455521077103931,11.888541343986386,extreme_fear,True,-0.6,0.026957709155471438,0.4887690829269171
2022-09-05,20000.3,20057.27,19633.83,19796.84,222543.01057,4657233,4404971191.907026,23,Extreme Fear,171.47039026273865,0.02691644902842348,0.48877367319083376,-0.010224944437388826,12.312875667839831,extreme_fear,True,-0.54,0.02691644902842348,0.48877367319083376
2022-09-06,19795.34,20180.0,18649.51,18790.61,356315.05718,7124384,6976809188.41019,22,Extreme Fear,68.45009829903795,0.028029658592732404,0.51048609424551,-0.052165052029039496,12.783570610538222,extreme_fear,True,-0.56,0.028029658592732404,0.51048609424551
2022-09-07,18790.61,19464.06,18510.77,19292.84,287394.7788,5597127,5436827909.201311,24,Extreme Fear,172.91032149661964,0.028692044582877423,0.527262962263745,0.02637676564806005,12.568612085447425,extreme_fear,True,-0.52,0.028692044582877423,0.527262962263745
2022-09-08,19292.85,19458.25,19012.0,19319.77,262813.28273,6013826,5057217166.675082,20,Extreme Fear,123.13499759453126,0.024764688234561183,0.3799852310090138,0.0013948813284810479,12.479199107427965,extreme_fear,True,-0.6,0.024764688234561183,0.3799852310090138
2022-09-09,19320.54,21597.22,19291.75,21360.11,428919.74652,7777214,8929831332.708796,22,Extreme Fear,0.0,0.02876526308914265,0.5281727227085343,0.10039623993986292,12.969025109361231,extreme_fear,True,-0.56,0.02876526308914265,0.5281727227085343
2022-09-10,21361.62,21810.8,21111.13,21648.34,307997.33504,5615783,6589753118.841131,28,Fear,0.0,0.028733941221928974,0.5265766180350259,0.013403613252505489,12.637846409450747,fear,False,-0.44,0.028733941221928974,0.5265766180350259
2022-09-11,21647.21,21860.0,21350.0,21826.87,280702.55149,4801844,6064643642.71623,26,Fear,130.25828881619864,0.028606252111942888,0.5268373708167075,0.008213002469083833,12.545050852048599,fear,False,-0.48,0.028606252111942888,0.5268373708167075
2022-09-12,21826.87,22488.0,21538.51,22395.74,395395.61828,6979539,8743762682.841719,25,Extreme Fear,0.0,0.0287530489990353,0.5339311123685625,0.02572898259027063,12.887642107917241,extreme_fear,True,-0.5,0.0287530489990353,0.5339311123685625
2022-09-13,22395.44,22799.0,19860.0,20173.57,431915.03333,8126869,9302239274.39612,34,Fear,158.97774871476898,0.033882442119170283,0.6542193677363526,-0.10449743036114226,12.975984165775303,fear,False,-0.32,0.033882442119170283,0.6542193677363526
2022-09-14,20173.62,20541.48,19617.62,20226.71,340826.40151,6313052,6886235196.646198,27,Fear,0.0,0.03429479285256923,0.6531008846853493,0.002630676354029713,12.739128540156196,fear,False,-0.46,0.03429479285256923,0.6531008846853493
2022-09-15,20227.17,20330.24,19497.0,19701.88,333069.76076,6690974,6655264974.213759,28,Fear,241.78535305998008,0.032834855358041905,0.6205993251145612,-0.026289945533484776,12.716107238794015,fear,False,-0.44,0.032834855358041905,0.6205993251145612
2022-09-16,19701.88,19890.0,19320.01,19803.3,283791.07064,5120935,5584012914.113887,20,Extreme Fear,0.0,0.03281991422262967,0.6201058518541399,0.00513452781707948,12.555993579647199,extreme_fear,True,-0.6,0.03281991422262967,0.6201058518541399
2022-09-17,19803.3,20189.0,19748.08,20113.62,179350.24338,3862666,3578667842.695283,22,Extreme Fear,0.0,0.03265762595198007,0.6159883346914754,0.0155486070502051,12.097095839970939,extreme_fear,True,-0.56,0.03265762595198007,0.6159883346914754
2022-09-18,20112.61,20117.26,19335.62,19416.18,254217.46904,4634096,5033968947.530573,27,Fear,52.55811377882551,0.032552495022197016,0.6143217063006513,-0.03529045844411419,12.445945357012773,fear,False,-0.46,0.032552495022197016,0.6143217063006513
2022-09-19,19417.45,19686.2,18232.56,19537.02,380512.40306,6820580,7215196795.656052,21,Extreme Fear,0.0,0.033430919411926725,0.6096136752751827,0.006204388221696427,12.849274052493746,extreme_fear,True,-0.58,0.033430919411926725,0.6096136752751827
2022-09-20,19537.02,19634.62,18711.87,18875.0,324098.3286,5900070,6206043205.412278,23,Extreme Fear,334.39612453425843,0.03373607293467674,0.6190347360083084,-0.03447283217250921,12.688802232066047,extreme_fear,True,-0.54,0.03373607293467674,0.6190347360083084
2022-09-21,18874.31,19956.0,18125.98,18461.36,385034.10021,6907777,7338667639.751957,23,Extreme Fear,274.5469914044516,0.03586249619485855,0.6220474434732205,-0.022158395968022992,12.86108718132168,extreme_fear,True,-0.54,0.03586249619485855,0.6220474434732205
2022-09-22,18461.36,19550.17,18356.39,19401.63,379321.72111,6251862,7203741481.483637,22,Extreme Fear,453.777831490665,0.03656086433802613,0.6504338806391674,0.049677183991239306,12.846139992343693,extreme_fear,True,-0.56,0.03656086433802613,0.6504338806391674
2022-09-23,19401.63,19500.0,18531.42,19289.91,385886.91829,5906265,7330336009.190998,20,Extreme Fear,434.9891717921287,0.0370953693584524,0.6504103603987116,-0.005774921881411174,12.863299647728521,extreme_fear,True,-0.6,0.0370953693584524,0.6504103603987116
2022-09-24,19288.57,19316.14,18805.34,18920.5,239496.56746,3907636,4568927983.6507845,24,Extreme Fear,159.79399621831462,0.03714658280398847,0.6523118162895729,-0.019336170941039267,12.386294363621841,extreme_fear,True,-0.52,0.03714658280398847,0.6523118162895729
2022-09-25,18921.99,19180.21,18629.2,18807.38,191191.4492,3714450,3625136713.924704,24,Extreme Fear,81.74310025427819,0.037242185166201154,0.6518438366326438,-0.0059966443373075,12.161030556842068,extreme_fear,True,-0.52,0.037242185166201154,0.6518438366326438
2022-09-26,18809.13,19318.96,18680.72,19227.82,439239.21943,5837041,8356951609.998724,21,Extreme Fear,196.05360796686074,0.03598818417662332,0.6298288444212518,0.02210884264131569,12.992799462617821,extreme_fear,True,-0.58,0.03598818417662332,0.6298288444212518
2022-09-27,19226.68,20385.86,18816.32,19079.13,593260.74161,8152473,11705770260.672161,20,Extreme Fear,0.0,0.03695167585106103,0.6233174315374723,-0.00776312114359553,13.293389280514202,extreme_fear,True,-0.6,0.03695167585106103,0.6233174315374723
2022-09-28,19078.1,19790.0,18471.28,19412.82,521385.45547,7357437,9964460007.304356,20,Extreme Fear,171.00596338763148,0.037966791801714805,0.6265405444643517,0.01733860506675769,13.164244884944782,extreme_fear,True,-0.6,0.037966791801714805,0.6265405444643517
2022-09-29,19412.82,19645.52,18843.01,19591.51,406424.93256,5631615,7868786414.856212,22,Extreme Fear,280.790550510603,0.03525669822164751,0.5050181808664361,0.009162636565833372,12.915154523167736,extreme_fear,True,-0.56,0.03525669822164751,0.5050181808664361
2022-09-30,19590.54,20185.0,19155.36,19422.61,444322.9534,6254203,8694127253.576595,21,Extreme Fear,0.0,0.03568331332616996,0.5008024257414249,-0.008658457767896248,13.004306949529699,extreme_fear,True,-0.58,0.03568331332616996,0.5008024257414249
2022-10-01,19422.61,19484.0,19159.42,19310.95,165625.13959,2470590,3200350294.52687,20,Extreme Fear,63.47046429502291,0.035613738341078324,0.4982050907316052,-0.00576555882359139,12.017482318529815,extreme_fear,True,-0.6,0.035613738341078324,0.4982050907316052
2022-10-02,19312.24,19395.91,18920.35,19056.8,206812.47032,3320217,3970724799.9558167,24,Extreme Fear,14.93397945287581,0.03529717663049095,0.484166894588991,-0.013248299277497894,12.239567721152323,extreme_fear,True,-0.52,0.03529717663049095,0.484166894588991
2022-10-03,19057.74,19719.1,18959.68,19629.08,293585.75212,4471910,5672105805.772144,24,Extreme Fear,123.39477805808158,0.030499622353450866,0.3434935733620017,0.029588146889959064,12.589925046343332,extreme_fear,True,-0.52,0.030499622353450866,0.3434935733620017
2022-10-04,19629.08,20475.0,19490.6,20337.82,327012.00127,4871932,6533428229.851051,20,Extreme Fear,0.0,0.03059116105717004,0.36750418779223104,0.0354700667521785,12.697752150337418,extreme_fear,True,-0.6,0.03059116105717004,0.36750418779223104
2022-10-05,20337.82,20365.6,19730.0,20158.26,312239.75224,4540004,6275437160.958072,25,Extreme Fear,225.00093078008584,0.030370479815719782,0.35581952208224665,-0.008868076947532767,12.651526608361996,extreme_fear,True,-0.5,0.030370479815719782,0.35581952208224665
2022-10-06,20158.26,20456.6,19853.0,19960.67,320122.1702,5085004,6452892402.324269,26,Fear,179.87214190556,0.03038580457893168,0.3575625720375342,-0.009850292500254246,12.676457983790753,fear,False,-0.48,0.03038580457893168,0.3575625720375342
2022-10-07,19960.67,20068.82,19320.0,19530.09,220874.83913,4324772,4353681483.987034,23,Extreme Fear,0.0,0.030668892266450497,0.36113537801143686,-0.02180748428132239,12.305351481291229,extreme_fear,True,-0.54,0.030668892266450497,0.36113537801143686
2022-10-08,19530.09,19627.38,19237.14,19417.96,102480.09842,2637385,1995917001.739599,24,Extreme Fear,16.39986765569905,0.03032380029051939,0.33899133747457977,-0.005757942171450429,11.537423896952669,extreme_fear,True,-0.52,0.03032380029051939,0.33899133747457977
2022-10-09,19416.52,19558.0,19316.04,19439.02,113900.82681,2833704,2215007204.237991,22,Extreme Fear,85.59011070221953,0.028569437003775334,0.3382357001523349,0.001083975237505919,11.643083408495844,extreme_fear,True,-0.56,0.028569437003775334,0.3382357001523349
2022-10-10,19439.96,19525.0,19020.25,19131.87,212509.09849,4432688,4101745483.129524,22,Extreme Fear,27.018031035607056,0.028049918040543985,0.3192205573639043,-0.015926855342589977,12.266740082853541,extreme_fear,True,-0.56,0.028049918040543985,0.3192205573639043
2022-10-11,19131.87,19268.09,18860.0,19060.0,243473.84286,4792106,4642843395.600282,24,Extreme Fear,0.0,0.025064463985297172,0.3082585338341892,-0.003763632670309744,12.40276479421517,extreme_fear,True,-0.52,0.025064463985297172,0.3082585338341892
2022-10-12,19060.0,19238.31,18965.88,19155.53,213826.26731,4556597,4086903621.9265537,20,Extreme Fear,104.19259936758614,0.023670775646001986,0.2513781942035086,0.00499954855969873,12.272919129287493,extreme_fear,True,-0.6,0.023670775646001986,0.2513781942035086
2022-10-13,19155.1,19513.79,18190.0,19375.13,399756.68337,7470896,7554309475.307986,20,Extreme Fear,34.59853751842817,0.024545746592275864,0.2541007389657078,0.011398838108565434,12.898611349430738,extreme_fear,True,-0.6,0.024545746592275864,0.2541007389657078
2022-10-14,19375.58,19951.87,19070.37,19176.93,351634.32601,6688310,6877621835.225796,24,Extreme Fear,0.0,0.025027254357698585,0.24678576864024782,-0.010282290815579725,12.770347068042645,extreme_fear,True,-0.52,0.025027254357698585,0.24678576864024782
2022-10-15,19176.93,19227.68,18975.18,19069.39,113847.64232,3052219,2178316065.622199,24,Extreme Fear,0.0,0.02478290551440853,0.246655554047745,-0.0056235623928088925,11.642616362625724,extreme_fear,True,-0.52,0.02478290551440853,0.246655554047745
2022-10-16,19068.4,19425.84,19063.74,19262.98,131894.61885,3438605,2531545363.3077,24,Extreme Fear,0.0,0.024499465955994348,0.2362917663520243,0.010100687533673864,11.789758540678333,extreme_fear,True,-0.52,0.024499465955994348,0.2362917663520243
2022-10-17,19262.98,19676.96,19152.03,19549.86,222813.87634,5162979,4331666395.604674,20,Extreme Fear,30.94750891447221,0.022308200090912056,0.23987755658107868,0.014783006060808625,12.314092066693693,extreme_fear,True,-0.6,0.022308200090912056,0.23987755658107868
2022-10-18,19548.48,19706.66,19091.0,19327.44,260313.07848,5588482,5065944973.464348,22,Extreme Fear,240.35434715705827,0.02073800764856985,0.23594814264418457,-0.011442277457683746,12.469640333592931,extreme_fear,True,-0.56,0.02073800764856985,0.23594814264418457
2022-10-19,19327.44,19360.16,19065.97,19123.97,186137.29538,4545820,3575041318.449784,23,Extreme Fear,52.837241553851015,0.020072958541705162,0.23594404052375953,-0.010583325769578811,12.13423982760298,extreme_fear,True,-0.54,0.020072958541705162,0.23594404052375953
2022-10-20,19123.35,19347.82,18900.0,19041.92,223530.13068,5391090,4276025723.9947824,23,Extreme Fear,94.73835928484532,0.019062475037398267,0.23462203620069538,-0.004299657437842867,12.317301496835226,extreme_fear,True,-0.54,0.019062475037398267,0.23462203620069538
2022-10-21,19041.92,19250.0,18650.0,19164.37,269310.75769,5679281,5126619487.869021,23,Extreme Fear,63.97434951996928,0.019400269150877603,0.2353145002991359,0.006409961253210738,12.503621224864071,extreme_fear,True,-0.54,0.019400269150877603,0.2353145002991359
2022-10-22,19164.37,19257.0,19112.72,19204.35,110403.90837,2887106,2117395641.1269214,20,Extreme Fear,12.487746587970985,0.01913837367287658,0.23043795581663537,0.0020839900038091587,11.611900814100673,extreme_fear,True,-0.6,0.01913837367287658,0.23043795581663537
2022-10-23,19204.29,19695.0,19070.11,19570.4,167057.20184,3939703,3233393909.200977,23,Extreme Fear,20.894140045802736,0.018900005091604288,0.2150633116111602,0.018881404774908718,12.026091558738282,extreme_fear,True,-0.54,0.018900005091604288,0.2150633116111602
2022-10-24,19570.4,19601.15,19157.0,19329.72,256168.14467,5676899,4957159176.816838,22,Extreme Fear,176.6287819854258,0.017969482321138826,0.17288270260328956,-0.012374412787988572,12.453589322970243,extreme_fear,True,-0.56,0.017969482321138826,0.17288270260328956
2022-10-25,19330.6,20415.87,19237.0,20080.07,326370.67061,7214687,6454151276.520069,20,Extreme Fear,2.3201536145087416,0.019198099776099698,0.22312789894439664,0.03808397301398036,12.695789040834933,extreme_fear,True,-0.6,0.019198099776099698,0.22312789894439664
2022-10-26,20079.02,21020.0,20050.41,20771.59,380492.69576,8512349,7833551674.485677,33,Fear,0.0,0.019814354280885627,0.25032438908842297,0.033858406805051616,12.849222259673867,fear,False,-0.34,0.019814354280885627,0.25032438908842297
2022-10-27,20771.61,20872.21,20200.0,20295.11,328643.57791,7748080,6771209922.011917,32,Fear,247.1241701454359,0.019643251641227277,0.2521308315359017,-0.023206217347907374,12.702729092682299,fear,False,-0.36,0.019643251641227277,0.2521308315359017
2022-10-28,20295.11,20750.0,20000.09,20591.84,287039.94569,6638096,5849603405.682575,30,Fear,158.81635181142667,0.020075322300627432,0.25420239059154714,0.014514910485440964,12.56737666864547,fear,False,-0.4,0.020075322300627432,0.25420239059154714
2022-10-29,20591.84,21085.0,20554.01,20809.67,254881.77755,6255599,5303038321.457483,34,Fear,0.0,0.020296692092914178,0.2554956283262261,0.01052290170330112,12.448555099185784,fear,False,-0.32,0.020296692092914178,0.2554956283262261
2022-10-30,20809.68,20931.21,20515.0,20627.48,192795.60886,4920007,3994389493.3258915,34,Fear,122.13642845124353,0.02017076191120523,0.24952126602571748,-0.008793615102669194,12.169385885276807,fear,False,-0.32,0.02017076191120523,0.24952126602571748
2022-10-31,20627.48,20845.92,20237.95,20490.74,303567.61628,6571526,6226304300.443864,31,Fear,50.412908153191815,0.020356680952642727,0.2508833169856261,-0.006651090639639452,12.623359653070017,fear,False,-0.38,0.020356680952642727,0.2508833169856261
2022-11-01,20490.74,20700.0,20330.74,20483.62,279932.43771,5971938,5740102554.92083,30,Fear,121.7556535798699,0.02041002234698577,0.2512108330044443,-0.00034753441282134187,12.542303559142475,fear,False,-0.4,0.02041002234698577,0.2512108330044443
2022-11-02,20482.81,20800.0,20048.04,20151.84,373716.27299,7431698,7633404092.430692,30,Fear,100.52675126143828,0.01876229620513677,0.2586036148763861,-0.016329943003790245,12.831252160123567,fear,False,-0.4,0.01876229620513677,0.2586036148763861
2022-11-03,20151.84,20393.32,20031.24,20207.82,319185.1544,6948227,6461673165.239643,30,Fear,79.38489245645273,0.01791615905933032,0.25452298438799265,0.002774058844848819,12.673526634704295,fear,False,-0.4,0.01791615905933032,0.25452298438799265
2022-11-04,20207.12,21302.05,20180.96,21148.52,453694.39165,9249613,9409862204.986904,30,Fear,0.0,0.01924962052730934,0.2941720127385867,0.04550026847944526,13.02517910421352,fear,False,-0.4,0.01924962052730934,0.2941720127385867
2022-11-05,21148.52,21480.65,21080.65,21299.37,245621.98525,5570832,5240395528.908201,38,Fear,0.0,0.01924928462029864,0.29369867877102607,0.007107568128679593,12.41154898773899,fear,False,-0.24,0.01924928462029864,0.29369867877102607
2022-11-06,21299.37,21365.27,20886.13,20905.58,230036.97217,5268210,4877535058.412703,40,Fear,33.57556209946646,0.019147508404589973,0.3028120568874331,-0.018661385830795497,12.345995323551884,fear,False,-0.2,0.019147508404589973,0.3028120568874331
2022-11-07,20905.58,21069.77,20384.89,20591.13,386977.60337,8344242,8035052131.593453,33,Fear,0.0,0.019187302898972296,0.30549340405017833,-0.015155708438383623,12.866122097908304,fear,False,-0.34,0.019187302898972296,0.30549340405017833
2022-11-08,20590.67,20700.88,17166.83,18547.23,760705.362783,14530601,14758384309.854223,31,Fear,0.0,0.031557486163919346,0.4886989536576952,-0.10453994878635704,13.542001390760728,fear,False,-0.38,0.031557486163919346,0.4886989536576952
2022-11-09,18545.38,18587.76,15588.0,15922.81,731926.929729,13605474,12737719697.394009,29,Fear,0.0,0.03930151410560521,0.7257456184720226,-0.15256777937932994,13.503435965186233,fear,False,-0.42,0.03930151410560521,0.7257456184720226
2022-11-10,15922.68,18199.0,15754.26,17601.15,608448.36432,12719887,10323294543.880354,22,Extreme Fear,1243.2692848855306,0.04360967479587517,0.8220559651873627,0.10021156844027021,13.318667330487852,extreme_fear,True,-0.56,0.04360967479587517,0.8220559651873627
2022-11-11,17602.45,17695.0,16361.6,17070.31,393552.86492,9900073,6725273822.837806,25,Extreme Fear,480.3761359940651,0.04484945281514283,0.8268953950782483,-0.030623543661599417,12.882970683229019,extreme_fear,True,-0.5,0.04484945281514283,0.8268953950782483
2022-11-12,17069.98,17119.1,16631.39,16812.08,167819.96035,5046837,2827930561.006379,21,Extreme Fear,124.60552263859338,0.044808378880722845,0.8221956058100615,-0.015243021519595543,12.030647019158987,extreme_fear,True,-0.58,0.044808378880722845,0.8221956058100615
2022-11-13,16813.16,16954.28,16229.0,16329.85,184960.78846,5382834,3074280132.053523,22,Extreme Fear,0.0,0.04508645409127913,0.8256222151038655,-0.02910295424526251,12.12789912732471,extreme_fear,True,-0.56,0.04508645409127913,0.8256222151038655
2022-11-14,16331.78,17190.0,15815.21,16619.46,380210.7775,9215128,6273920325.336827,24,Extreme Fear,259.99764433087165,0.04576346786340258,0.8134180322193062,0.017579576532614275,12.848481055557372,extreme_fear,True,-0.52,0.04576346786340258,0.8134180322193062
2022-11-15,16617.72,17134.69,16527.72,16900.57,282461.84391,7200265,4758545355.786832,22,Extreme Fear,180.28745388059681,0.045579975938415326,0.8035518686661672,0.01677305124617919,12.551298754641115,extreme_fear,True,-0.56,0.045579975938415326,0.8035518686661672
2022-11-16,16900.57,17015.92,16378.61,16662.76,261493.40809,6297404,4362538338.565324,23,Extreme Fear,178.3421753487539,0.04565618239547719,0.8022679297798654,-0.014171059886846265,12.474164354100552,extreme_fear,True,-0.54,0.04565618239547719,0.8022679297798654
2022-11-17,16661.61,16751.0,16410.74,16692.56,228038.97873,5352083,3785204632.014221,20,Extreme Fear,124.7328548611858,0.045471390748969616,0.7984017400550599,0.0017868218880000477,12.3372718526668,extreme_fear,True,-0.6,0.045471390748969616,0.7984017400550599
2022-11-18,16692.56,17011.0,16546.04,16700.45,214224.18184,5114799,3588467560.373121,23,Extreme Fear,0.0,0.04549468168538882,0.7956847927338716,0.00047255399539148176,12.274778324367931,extreme_fear,True,-0.54,0.04549468168538882,0.7956847927338716
2022-11-19,16699.43,16822.41,16553.53,16700.68,104963.15558,3142123,1747627888.1295474,23,Extreme Fear,104.861210000627,0.04546617348826142,0.7966222038078402,1.377198915139681e-05,11.561364668322021,extreme_fear,True,-0.54,0.04546617348826142,0.7966222038078402
2022-11-20,16700.68,16753.33,16180.0,16280.23,154842.13478,4557344,2561165772.4957075,24,Extreme Fear,0.0,0.04553284510616304,0.7982035625684901,-0.025497948917879515,11.950161391602487,extreme_fear,True,-0.52,0.04553284510616304,0.7982035625684901
2022-11-21,16279.5,16319.0,15476.0,15781.29,324096.997753,7440871,5188798317.004153,21,Extreme Fear,0.0,0.04602314315468789,0.7999744342439946,-0.031126427112839597,12.688798125751344,extreme_fear,True,-0.58,0.04602314315468789,0.7999744342439946
2022-11-22,15781.29,16315.0,15616.63,16226.94,239548.06623,6276097,3823612603.803002,22,Extreme Fear,379.3375116167681,0.0461323576884198,0.8128313296587112,0.02784776288354211,12.386509369767728,extreme_fear,True,-0.56,0.0461323576884198,0.8128313296587112
2022-11-23,16227.96,16706.0,16160.2,16603.11,264927.70408,6260616,4368042618.500261,22,Extreme Fear,0.0,0.04628503227526202,0.8204125480312203,0.02291720320295262,12.487212252955182,extreme_fear,True,-0.56,0.04628503227526202,0.8204125480312203
2022-11-24,16603.11,16812.63,16458.05,16598.95,206565.92346,5031851,3431724405.654768,20,Extreme Fear,0.0,0.04580161062537889,0.7951784216325177,-0.00025058686248794284,12.238374882373407,extreme_fear,True,-0.6,0.04580161062537889,0.7951784216325177
2022-11-25,16599.55,16666.0,16342.81,16522.14,182089.49533,4396465,3003553172.2294717,20,Extreme Fear,14.560138911483357,0.04580754674630405,0.7925016967683793,-0.004638140695062483,12.112253577780503,extreme_fear,True,-0.6,0.04580754674630405,0.7925016967683793
2022-11-26,16521.35,16701.99,16385.0,16458.57,181804.81666,3817130,3011990387.647429,22,Extreme Fear,136.59697595373922,0.04577854679280459,0.792766910296821,-0.003854985458206651,12.110688954653977,extreme_fear,True,-0.56,0.04577854679280459,0.792766910296821
2022-11-27,16457.61,16600.0,16401.0,16428.78,162025.47607,3362221,2679048565.5213013,26,Fear,84.00232892038002,0.045591728125443716,0.7934678736157283,-0.0018116393171025897,11.99550886154187,fear,False,-0.48,0.045591728125443716,0.7934678736157283
2022-11-28,16428.77,16487.04,15995.27,16212.91,252695.40367,5570407,4096398587.357314,28,Fear,0.0,0.038251685681958345,0.7132910894953325,-0.013226836427965193,12.439940104330772,fear,False,-0.44,0.038251685681958345,0.7132910894953325
2022-11-29,16212.18,16548.71,16100.0,16442.53,248106.25009,5206638,4072651066.9994063,26,Fear,166.15385397596253,0.030301728504803067,0.4625976988506665,0.014063432280211978,12.421612361180399,fear,False,-0.48,0.030301728504803067,0.4625976988506665
2022-11-30,16442.91,17249.0,16428.3,17163.64,303019.80719,6519330,5123595199.505285,29,Fear,0.0,0.02420277193560204,0.3248104043154364,0.042921922045645745,12.62155345261899,fear,False,-0.42,0.02420277193560204,0.3248104043154364
2022-12-01,17165.53,17324.0,16855.01,16977.37,232818.18218,5097720,3972607179.8685718,27,Fear,68.94931583136432,0.022105833798883055,0.30829082265778784,-0.010911911994265286,12.358013093937371,fear,False,-0.46,0.022105833798883055,0.30829082265778784
2022-12-02,16978.0,17105.73,16787.85,17092.74,202372.2062,4305515,3432385161.660257,27,Fear,43.5871028347297,0.02190772372118123,0.3039866352099415,0.006772531170246441,12.21786388581979,fear,False,-0.46,0.02190772372118123,0.3039866352099415
2022-12-03,17092.13,17188.98,16858.74,16885.2,154542.57306,3308694,2622504252.866453,27,Fear,81.40824812261833,0.02126649620905647,0.28739115697277434,-0.012216313353321956,11.948224891148373,fear,False,-0.46,0.02126649620905647,0.28739115697277434
2022-12-04,16885.2,17202.84,16878.25,17105.7,178619.13387,3948990,3040020095.051178,26,Fear,168.5723180925714,0.01826215458189902,0.284460223543039,0.012974242698661298,12.093011074217051,fear,False,-0.48,0.01826215458189902,0.284460223543039
2022-12-05,17106.65,17424.25,16867.0,16966.35,233703.29225,5138207,4015334796.603721,26,Fear,124.82385548775754,0.01814115068151466,0.28038387712129687,-0.008179770631694087,12.36180760793307,fear,False,-0.48,0.01814115068151466,0.28038387712129687
2022-12-06,16966.35,17107.01,16906.37,17088.96,218730.76883,4416864,3717926010.3405867,25,Extreme Fear,50.092220658570646,0.01747377831169603,0.27609111773053,0.007200670308000258,12.295596886435206,extreme_fear,True,-0.5,0.01747377831169603,0.27609111773053
2022-12-07,17088.96,17142.21,16678.83,16836.64,220657.41334,4284989,3723206794.305467,29,Fear,58.70682837084415,0.017643144505800193,0.2819445777491218,-0.014875177009226765,12.30436661186727,fear,False,-0.42,0.017643144505800193,0.2819445777491218
2022-12-08,16836.64,17299.0,16733.49,17224.1,236417.97804,4520282,4009427525.0304117,25,Extreme Fear,158.5756741605009,0.017814359127143978,0.29286930019023905,0.022752101931693153,12.373356610861062,extreme_fear,True,-0.5,0.017814359127143978,0.29286930019023905
2022-12-09,17224.1,17360.0,17058.21,17128.56,238422.06465,4282003,4097973425.697354,26,Fear,19.86706474257399,0.017838605393780863,0.29392259542560856,-0.005562320142259912,12.381797762952642,fear,False,-0.48,0.017838605393780863,0.29392259542560856
2022-12-10,17128.56,17227.72,17092.0,17127.49,140573.97937,3032257,2411933258.8486,27,Fear,41.06620985996368,0.017247547548763148,0.2765593791038534,-6.247071687181942e-05,11.853489172739238,fear,False,-0.46,0.017247547548763148,0.2765593791038534
2022-12-11,17127.49,17270.99,17071.0,17085.05,155286.47871,3260722,2663686104.0825615,26,Fear,58.704317007016584,0.01578581099758967,0.24747724874491012,-0.0024809629316508166,11.953026939731409,fear,False,-0.48,0.01578581099758967,0.24747724874491012
2022-12-12,17085.05,17241.89,16871.85,17209.83,226227.49694,4463916,3844787581.4819245,27,Fear,29.9931876568018,0.014938699113819027,0.23140197138314444,0.007276920090016073,12.329296395576922,fear,False,-0.46,0.014938699113819027,0.23140197138314444
2022-12-13,17208.93,18000.0,17080.14,17774.7,284462.9139,6242080,4983896040.378995,27,Fear,0.0,0.015902465002691404,0.24418155955810006,0.032295365713004065,12.558358168691242,fear,False,-0.46,0.015902465002691404,0.24418155955810006
2022-12-14,17775.82,18387.95,17660.94,17803.15,266681.22209,5743730,4779915721.484459,30,Fear,0.0,0.016554194270216406,0.24390194428545914,0.0015993100237424041,12.493809299329866,fear,False,-0.4,0.016554194270216406,0.24390194428545914
2022-12-15,17804.01,17854.82,17275.51,17356.34,223701.96882,4789226,3923378677.8337474,31,Fear,0.0,0.016933545183762853,0.2634679852064621,-0.025417550422032493,12.318069948601762,fear,False,-0.38,0.016933545183762853,0.2634679852064621
2022-12-16,17356.96,17531.73,16527.32,16632.12,253379.04116,5703001,4308933187.65654,29,Fear,0.0,0.018517391088005694,0.3079751432717013,-0.042622091974556034,12.442641832951237,fear,False,-0.42,0.018517391088005694,0.3079751432717013
2022-12-17,16631.5,16796.82,16579.85,16776.52,144825.66684,3905843,2417851422.213125,28,Fear,34.175678133379144,0.018528872261462388,0.30915742236531674,0.008644524244231441,11.883286000407875,fear,False,-0.44,0.018528872261462388,0.30915742236531674
2022-12-18,16777.54,16863.26,16663.07,16738.21,112619.31646,3369193,1884666030.099238,26,Fear,17.012665386090973,0.01814813158378461,0.30486708049841843,-0.0022861599473239873,11.631768529353145,fear,False,-0.48,0.01814813158378461,0.30486708049841843
2022-12-19,16739.0,16815.99,16256.3,16438.88,179094.28305,4681887,2981094033.013813,29,Fear,0.0,0.018340958555385384,0.30872914488366343,-0.018044869047170384,12.095667667103823,fear,False,-0.42,0.018340958555385384,0.30872914488366343
2022-12-20,16438.88,17061.27,16397.2,16895.56,248808.92324,5945803,4176995653.545711,29,Fear,92.74365884139335,0.017943191345796427,0.28403060822416426,0.027401604731458414,12.424440504316564,fear,False,-0.42,0.017943191345796427,0.28403060822416426
2022-12-21,16896.15,16925.0,16723.0,16824.67,156810.96362,4375570,2638528723.7360415,26,Fear,42.87441863975263,0.017634470491236735,0.2818489481769458,-0.004204603849787203,11.962796305500001,fear,False,-0.48,0.017634470491236735,0.2818489481769458
2022-12-22,16824.68,16868.52,16559.85,16821.43,176044.27235,4678640,2949612072.049303,28,Fear,5.245513083945423,0.017628949397475557,0.2805625439658495,-0.00019259290140687945,12.078490789830717,fear,False,-0.44,0.017628949397475557,0.2805625439658495
2022-12-23,16821.9,16955.14,16731.13,16778.5,161612.00947,4561020,2720021933.9789267,27,Fear,0.0,0.01752664202844052,0.2774269252966384,-0.0025553638570472736,11.99295373833506,fear,False,-0.46,0.01752664202844052,0.2774269252966384
2022-12-24,16778.52,16869.99,16776.62,16836.12,100224.29096,3076985,1686757294.9926343,29,Fear,26.835484925187583,0.01735497374175174,0.2734013356439337,0.003428273556819251,11.515165863003268,fear,False,-0.42,0.01735497374175174,0.2734013356439337
2022-12-25,16835.73,16857.96,16721.0,16832.11,125441.07202,3570157,2108857873.1916704,29,Fear,24.036934751860088,0.016832782288467196,0.2720057304349114,-0.00023820676162420736,11.739591381625523,fear,False,-0.42,0.016832782288467196,0.2720057304349114
2022-12-26,16832.11,16944.52,16791.0,16919.39,124564.00656,3915571,2099037538.6317942,28,Fear,0.0,0.0168025685663738,0.27134866486309167,0.005171929813683699,11.73257497169385,fear,False,-0.44,0.0168025685663738,0.27134866486309167
2022-12-27,16919.39,16972.83,16592.37,16706.36,173749.58616,5047628,2918379509.5314097,27,Fear,42.45910576894311,0.01667490751439492,0.26990864222277566,-0.01267081627317635,12.065370381611253,fear,False,-0.46,0.01667490751439492,0.26990864222277566
2022-12-28,16706.06,16785.19,16465.33,16547.31,193037.56577,5465468,3210894236.812391,28,Fear,0.0,0.016272888639970985,0.25724105751662063,-0.00956593439752758,12.1706400902422,fear,False,-0.44,0.016272888639970985,0.25724105751662063
2022-12-29,16547.32,16664.41,16488.91,16633.47,160998.47158,4553877,2671665748.0816226,28,Fear,65.68089104049412,0.016164221327613998,0.25809970628053763,0.005193379640446887,11.989150150629612,fear,False,-0.44,0.016164221327613998,0.25809970628053763
2022-12-30,16633.47,16677.35,16333.0,16607.48,164916.31174,4310415,2726831056.725026,28,Fear,61.140338610430796,0.016370829568856066,0.25804639677993474,-0.0015637342071172207,12.013193422636732,fear,False,-0.44,0.016370829568856066,0.25804639677993474
2022-12-31,16607.48,16644.09,16470.0,16542.4,114490.42864,3344374,1897047504.9188974,25,Extreme Fear,60.34916409371778,0.01635700065572265,0.25816716829045505,-0.003926414431065476,11.648246505818614,extreme_fear,True,-0.5,0.01635700065572265,0.25816716829045505
2023-01-01,16541.77,16628.0,16499.01,16616.75,96925.41374,3218355,1604793789.6772127,26,Fear,62.04245973664923,0.01612938105952876,0.25707968447954127,0.004484440922006132,11.481697031191356,fear,False,-0.48,0.01612938105952876,0.25707968447954127
2023-01-02,16617.17,16799.23,16548.7,16672.87,121888.57191,4036118,2034683215.2678783,27,Fear,0.0,0.01464948589683445,0.22473821364403382,0.00337162473850112,11.710862561361704,fear,False,-0.46,0.01464948589683445,0.22473821364403382
2023-01-03,16672.78,16778.4,16605.28,16675.18,159541.53733,5097596,2662765916.3256683,26,Fear,78.02697791893254,0.013682128164521204,0.22438403778369756,0.00013853883532594145,11.98005958943474,fear,False,-0.48,0.013682128164521204,0.22438403778369756
2023-01-04,16675.65,16991.87,16652.66,16850.36,220362.18862,6310703,3709833209.845365,29,Fear,0.0,0.013225523090566094,0.21328079684241796,0.010450635209181243,12.303027783557662,fear,False,-0.42,0.013225523090566094,0.21328079684241796
2023-01-05,16850.36,16879.82,16753.0,16831.85,163473.56641,4842014,2751080253.8177333,29,Fear,32.93163937109579,0.010638135132150839,0.14797391788741301,-0.0010990966366733739,12.00440658291557,fear,False,-0.42,0.010638135132150839,0.14797391788741301
2023-01-06,16831.85,17041.0,16679.0,16950.65,207401.28415,5388661,3490305009.6881223,26,Fear,31.043969336692037,0.010882817711236458,0.14691843644563873,0.007033256255153627,12.242410766417027,fear,False,-0.48,0.010882817711236458,0.14691843644563873
2023-01-07,16950.31,16981.91,16908.0,16943.57,104526.5688,3227161,1770201710.2089734,25,Extreme Fear,10.58747261879596,0.010779927365448255,0.14659508253443496,-0.0004177703515806188,11.557196564961691,extreme_fear,True,-0.5,0.010779927365448255,0.14659508253443496
2023-01-08,16943.83,17176.99,16911.0,17127.83,135155.89695,4036092,2291925699.9585457,25,Extreme Fear,10.155487590601819,0.009996803617393349,0.13305599922986322,0.010816215147354305,11.814184183383128,extreme_fear,True,-0.5,0.009996803617393349,0.13305599922986322
2023-01-09,17127.83,17398.8,17104.66,17178.26,266211.52723,6327667,4590284350.546169,25,Extreme Fear,0.0,0.008761017307047602,0.09378221869363075,0.0029400048985379155,12.492046486898166,extreme_fear,True,-0.5,0.008761017307047602,0.09378221869363075
2023-01-10,17179.04,17499.0,17146.34,17440.66,221382.42581,5448751,3829247653.7311053,26,Fear,90.84219216405751,0.009034953755858043,0.104565042800461,0.015159630933365425,12.307646918554166,fear,False,-0.48,0.009034953755858043,0.104565042800461
2023-01-11,17440.64,18000.0,17315.6,17943.26,262221.60653,5627464,4586965947.26355,26,Fear,0.0,0.010128071138644496,0.14047056840201183,0.02841029515457346,12.476945251684004,fear,False,-0.48,0.010128071138644496,0.14047056840201183
2023-01-12,17943.26,19117.04,17892.05,18846.62,454568.32178,8911373,8348431207.846009,30,Fear,0.0,0.01335948280211932,0.21318898672603726,0.04911903051513352,13.027103504250602,fear,False,-0.4,0.01335948280211932,0.21318898672603726
2023-01-13,18846.62,20000.0,18714.12,19930.01,368615.87823,8021774,7061633461.444734,31,Fear,0.0,0.016048656111436424,0.2771544873021532,0.055893048509553726,12.817510400419748,fear,False,-0.38,0.016048656111436424,0.2771544873021532
2023-01-14,19930.01,21258.0,19888.05,20954.92,393913.74951,8659545,8183071567.046188,46,Fear,0.0,0.018340747919297504,0.31178457642411683,0.050146827684418194,12.88388725444271,neutral,False,-0.08,0.018340747919297504,0.31178457642411683
2023-01-15,20952.76,21050.74,20551.01,20871.5,178542.22549,5194354,3710526606.138964,52,Neutral,101.40138913948118,0.01858221695853406,0.3157089418501996,-0.003988871656173911,12.092580409593495,neutral,False,0.04,0.01858221695853406,0.3157089418501996
2023-01-16,20872.99,21474.05,20611.48,21185.65,293078.08262,6856434,6168654053.042638,45,Fear,86.50408329405175,0.019140017466596247,0.30382553170341187,0.014939473685250641,12.588194346079714,fear,False,-0.1,0.019140017466596247,0.30382553170341187
2023-01-17,21185.65,21647.45,20841.31,21134.81,275407.74409,6440138,5840585769.490093,51,Neutral,164.8020723647747,0.0196376571105688,0.2981309152319405,-0.0024026215431750143,12.526007984307636,neutral,False,0.02,0.0196376571105688,0.2981309152319405
2023-01-18,21132.29,21650.0,20407.15,20677.47,350916.01949,7617173,7399719195.246726,52,Neutral,268.7470296013115,0.021134032385510874,0.32120323875319645,-0.021876742420547574,12.768302213108342,neutral,False,0.04,0.021134032385510874,0.32120323875319645
2023-01-19,20677.47,21192.0,20659.19,21071.59,251385.84925,5819932,5243024330.011201,45,Fear,126.75685008913597,0.021224751267833845,0.31888692969384774,0.018880985981668756,12.434744285765682,fear,False,-0.1,0.021224751267833845,0.31888692969384774
2023-01-20,21071.59,22755.93,20861.28,22667.21,338079.13659,7382435,7256172889.710533,51,Neutral,0.0,0.024182157396698486,0.3793937489268892,0.0729936990967774,12.731035278983631,neutral,False,0.02,0.024182157396698486,0.3793937489268892
2023-01-21,22666.0,23371.8,22422.0,22783.55,346445.48432,7796520,7938935168.532014,53,Neutral,0.0,0.02479360651359234,0.37915030847053,0.0051193975233281225,12.75548075282424,neutral,False,0.06,0.02479360651359234,0.37915030847053
2023-01-22,22783.35,23078.71,22292.37,22707.88,253577.75286,6603827,5775552321.544121,53,Neutral,163.64738715748015,0.02514603919163794,0.3827862555767756,-0.0033267835189935463,12.44342577238166,neutral,False,0.06,0.02514603919163794,0.3827862555767756
2023-01-23,22706.02,23180.0,22500.0,22916.45,293588.37938,7258655,6704191295.97568,50,Neutral,160.59267626943407,0.025423820769034735,0.3793290855396262,0.009142992475145141,12.589933995170805,neutral,False,0.0,0.025423820769034735,0.3793290855396262
2023-01-24,22917.81,23162.2,22462.93,22632.89,293158.78254,7395584,6721432962.573841,52,Neutral,273.0643210148059,0.025612198304475378,0.39218286115993933,-0.012450835212587299,12.588469661145368,neutral,False,0.04,0.025612198304475378,0.39218286115993933
2023-01-25,22631.94,23816.73,22300.0,23060.94,346042.83223,8060446,7875590359.115837,51,Neutral,163.9304494892262,0.027074752473127104,0.3878463065042861,0.018736119160646474,12.754317838950447,neutral,False,0.02,0.027074752473127104,0.3878463065042861
2023-01-26,23060.42,23282.47,22850.01,23009.65,288924.43581,7181086,6664592468.337928,54,Neutral,63.22859816938183,0.027038258701320664,0.3919752540988344,-0.0022265840828143047,12.573920465120441,neutral,False,0.08,0.027038258701320664,0.3919752540988344
2023-01-27,23009.65,23500.0,22534.88,23074.16,280833.86315,7079096,6461707755.053915,55,Greed,96.57892095196117,0.02761229848333716,0.39042956135041473,0.0027996835390564157,12.545518539126302,neutral,False,0.1,0.02761229848333716,0.39042956135041473
2023-01-28,23074.16,23189.0,22878.46,23022.6,148115.71085,4181816,3408985411.316586,52,Neutral,51.03476640271734,0.027592113226425286,0.39520066016963323,-0.002237034511835935,11.905749077343899,neutral,False,0.04,0.027592113226425286,0.39520066016963323
2023-01-29,23021.4,23960.54,22967.76,23742.3,295688.79204,7030837,6941922954.136406,55,Greed,0.0,0.028078020781759406,0.39648460547906356,0.03078192520585222,12.597062801977147,neutral,False,0.1,0.028078020781759406,0.39648460547906356
2023-01-30,23743.37,23800.51,22500.0,22826.15,302405.90121,7790224,7020727239.059652,61,Greed,179.8681836366013,0.028945500319083765,0.4428508124862858,-0.0393514588233174,12.61952543768044,greed,False,0.22,0.028945500319083765,0.4428508124862858
2023-01-31,22827.38,23320.0,22714.77,23125.13,264649.34909,6798411,6083858924.538486,51,Neutral,141.1928778758598,0.028691701324232037,0.4393128926138013,0.013013096440887308,12.486161017770545,neutral,False,0.02,0.028691701324232037,0.4393128926138013
2023-02-01,23125.13,23812.66,22760.23,23732.66,310790.42271,7863213,7212542002.325099,56,Greed,122.95258345155493,0.0279459063103413,0.4211424595344561,0.025932253556535844,12.64687408203945,greed,False,0.12,0.0279459063103413,0.4211424595344561
2023-02-02,23731.41,24255.0,23363.27,23488.94,364177.20751,9102300,8673696845.80511,60,Greed,0.0,0.0269562095149129,0.3932897412342897,-0.010322486493569125,12.805395861972423,greed,False,0.2,0.0269562095149129,0.3932897412342897
2023-02-03,23489.33,23715.7,23204.62,23431.9,332571.02904,8007846,7806490899.914181,60,Greed,0.0,0.025596342172270352,0.3619761593910479,-0.002431330219096245,12.714608737437224,greed,False,0.2,0.025596342172270352,0.3619761593910479
2023-02-04,23431.9,23587.78,23253.96,23326.84,166126.47295,4852404,3886777607.796051,58,Greed,102.56388860550612,0.025464226232043852,0.36215766894341483,-0.004493712909870792,12.020504662492417,greed,False,0.16,0.025464226232043852,0.36215766894341483
2023-02-05,23327.66,23433.33,22743.0,22932.91,209251.33917,5903916,4842463016.833934,58,Greed,0.0,0.02518414178296223,0.36889515290605057,-0.017031632139821246,12.251291388187873,greed,False,0.16,0.02518414178296223,0.36889515290605057
2023-02-06,22932.91,23158.25,22628.13,22762.52,265371.6069,6956395,6076050768.117038,56,Greed,68.92318121299287,0.02485837392896452,0.3704849694098402,-0.007457673107036351,12.48888641286635,greed,False,0.12,0.02485837392896452,0.3704849694098402
2023-02-07,22762.52,23350.25,22745.78,23240.46,308006.72482,8293878,7085929136.456849,54,Neutral,86.29002115493759,0.023818336958746265,0.36226244970936367,0.020779401555923737,12.637876895548526,neutral,False,0.08,0.023818336958746265,0.36226244970936367
2023-02-08,23242.42,23452.0,22665.85,22963.0,280056.30717,7896433,6457585647.820655,58,Greed,215.35774588405803,0.02401219765517827,0.3641069058324727,-0.01201050031064175,12.542745958969803,greed,False,0.16,0.02401219765517827,0.3641069058324727
2023-02-09,22961.85,23011.39,21688.0,21796.35,402894.6955,9784291,9052973327.197163,55,Greed,0.0,0.02244039391328709,0.3191365359844439,-0.052141700352517424,12.906430505294804,neutral,False,0.1,0.02244039391328709,0.3191365359844439
2023-02-10,21797.83,21938.16,21451.0,21625.19,338591.94247,6993675,7369456394.906654,48,Neutral,0.0,0.021945968629619304,0.31864884194653487,-0.007883685677702989,12.732550951794366,neutral,False,-0.04,0.021945968629619304,0.31864884194653487
2023-02-11,21625.19,21906.32,21599.78,21862.55,177021.58433,4207940,3842000897.7975802,49,Neutral,97.90563279693822,0.021529863511040775,0.32221420427198855,0.010916288456747329,12.084026949488466,neutral,False,-0.02,0.021529863511040775,0.32221420427198855
2023-02-12,21862.02,22090.0,21630.0,21783.54,204435.65163,4561903,4469822441.4372015,50,Neutral,69.63795719480214,0.02134323781043792,0.3195886074621181,-0.0036204886304742638,12.228008542992542,neutral,False,0.0,0.02134323781043792,0.3195886074621181
2023-02-13,21782.37,21894.99,21351.07,21773.97,295730.76791,6503611,6404813758.2696295,48,Neutral,0.0,0.02121317740197692,0.31748286228281924,-0.00043941906477148134,12.597204751526716,neutral,False,-0.04,0.02121317740197692,0.31748286228281924
2023-02-14,21774.63,22319.08,21532.77,22199.84,361958.40109,7695927,7938385476.792084,50,Neutral,0.0,0.019877466359993493,0.31803760534910813,0.01936986197704005,12.799284570088753,neutral,False,0.0,0.019877466359993493,0.31803760534910813
2023-02-15,22199.84,24380.0,22047.28,24324.05,375669.16111,8335550,8604133693.663172,53,Neutral,0.0,0.02389951761092956,0.4590736666758849,0.09138049119365944,12.836464144376125,neutral,False,0.06,0.02389951761092956,0.4590736666758849
2023-02-16,24322.87,25250.0,23505.25,23517.72,450080.68366,11006793,11074988148.779009,62,Greed,0.0,0.02513820044071151,0.4769945257671553,-0.033711393282664585,13.017182142696935,greed,False,0.24,0.02513820044071151,0.4769945257671553
2023-02-17,23517.72,25021.11,23339.37,24569.97,496813.21376,10895009,11968532252.05733,61,Greed,510.62772343915776,0.026757327919069193,0.5003023484436429,0.043770785975072134,13.115969406993264,greed,False,0.22,0.026757327919069193,0.5003023484436429
2023-02-18,24568.24,24877.0,24430.0,24631.95,216917.25213,6296097,5339920389.516133,60,Greed,56.099702017184505,0.026260050072133584,0.4896203286385088,0.002519415209186526,12.287271233209262,greed,False,0.2,0.026260050072133584,0.4896203286385088
2023-02-19,24632.05,25192.0,24192.57,24271.76,300395.99542,7660484,7408745406.624344,60,Greed,93.55533765829647,0.025733259174415088,0.4695363868503374,-0.014730846119734737,12.612856867957694,greed,False,0.2,0.025733259174415088,0.4695363868503374
2023-02-20,24272.51,25121.23,23840.83,24842.2,346938.56997,9808728,8561226688.07291,58,Greed,266.0343294362744,0.02644019339354684,0.4737873731258792,0.023230285350592204,12.756903011470277,greed,False,0.16,0.02644019339354684,0.4737873731258792
2023-02-21,24843.89,25250.0,24148.34,24452.16,376000.82868,10712371,9280992344.428871,60,Greed,273.4009555362918,0.026422050560751767,0.4708368158053985,-0.015825264394064464,12.837346626305774,greed,False,0.2,0.026422050560751767,0.4708368158053985
2023-02-22,24450.67,24476.05,23574.69,24182.21,379425.75365,11395957,9101745945.990707,59,Greed,0.0,0.02642368194057114,0.471104084668469,-0.011101316717520895,12.846414214121326,greed,False,0.18,0.02642368194057114,0.471104084668469
2023-02-23,24182.21,24599.59,23608.0,23940.2,398400.45437,11396877,9596083721.512953,56,Greed,316.9065786080938,0.02683616752210643,0.47271356404725196,-0.01005818454576867,12.895212945178878,greed,False,0.12,0.02683616752210643,0.47271356404725196
2023-02-24,23940.2,24132.35,22841.19,23185.29,343582.57453,11531424,8087524100.39044,53,Neutral,0.0,0.027767676715455075,0.4869162812517079,-0.032041028461487375,12.747182753399931,neutral,False,0.06,0.027767676715455075,0.4869162812517079
2023-02-25,23184.04,23219.13,22722.0,23157.07,191311.8101,9124568,4406286300.272117,52,Neutral,0.0,0.02762909156634968,0.4829302527821646,-0.0012178923770018468,12.161659889539482,neutral,False,0.04,0.02762909156634968,0.4829302527821646
2023-02-26,23157.07,23689.99,23059.18,23554.85,202323.73623,9506015,4716158181.22559,51,Neutral,0.0,0.027691722109479573,0.4854046139093806,0.01703161058168721,12.217624348106906,neutral,False,0.02,0.027691722109479573,0.4854046139093806
2023-02-27,23554.85,23897.99,23106.77,23492.09,283706.0859,11754195,6659785788.329373,50,Neutral,179.13308371444307,0.02783646102375051,0.4802964995980302,-0.0026679753126395687,12.55569407245265,neutral,False,0.0,0.02783646102375051,0.4802964995980302
2023-02-28,23492.09,23600.0,23020.97,23141.57,264140.99894,9568743,6172930936.037334,53,Neutral,107.48316772298094,0.027659203595159207,0.48146239659149304,-0.015033201397948169,12.48423832644875,neutral,False,0.06,0.027659203595159207,0.48146239659149304
2023-03-01,23141.57,24000.0,23020.03,23628.97,315287.41737,9390487,7441571085.495408,50,Neutral,165.1262242317379,0.027075961795704477,0.44410166738556295,0.020842934243896633,12.661239937886235,neutral,False,0.0,0.027075961795704477,0.44410166738556295
2023-03-02,23629.76,23796.93,23195.9,23465.32,239315.45219,7435815,5603770010.239548,51,Neutral,174.36852403947083,0.027125903181098185,0.44378149926974897,-0.006949915104728103,12.385537844273099,neutral,False,0.02,0.027125903181098185,0.44378149926974897
2023-03-03,23465.32,23476.95,21971.13,22354.34,319954.19785,8214639,7167184765.7436495,50,Neutral,0.0,0.0284864779960223,0.48026896840385397,-0.048503100831987105,12.675933132812837,neutral,False,0.0,0.0284864779960223,0.48026896840385397
2023-03-04,22354.34,22410.0,22157.08,22346.57,121257.38132,4169260,2706422995.680256,50,Neutral,23.289367992605058,0.028386909096393225,0.4799816305368862,-0.00034764393289772876,11.705670683812787,neutral,False,0.0,0.028386909096393225,0.4799816305368862
2023-03-05,22346.57,22662.09,22189.22,22430.24,154841.75786,4835978,3473011455.1879516,47,Neutral,34.06777580576502,0.028327076684165325,0.4800126252896638,0.003737206709584325,11.95015895737837,neutral,False,-0.06,0.028327076684165325,0.4800126252896638
2023-03-06,22430.24,22602.19,22258.0,22410.0,203751.82957,6471278,4569102169.185691,48,Neutral,120.52851706318037,0.027990567708892213,0.47536574576323587,-0.000902760617454153,12.224658010547456,neutral,False,-0.04,0.027990567708892213,0.47536574576323587
2023-03-07,22409.41,22557.91,21927.0,22197.96,292519.80912,7813394,6517594938.246053,49,Neutral,46.4388976273523,0.024810697319279578,0.33306111909529384,-0.009506895048812334,12.586287666848095,neutral,False,-0.02,0.024810697319279578,0.33306111909529384
2023-03-08,22198.56,22287.0,21580.0,21705.44,301460.57272,8018963,6641171704.242421,50,Neutral,0.0,0.023277766259642355,0.32220686448466185,-0.022437472391169118,12.616394516183588,neutral,False,0.0,0.023277766259642355,0.32220686448466185
2023-03-09,21704.37,21834.99,20042.72,20362.22,443658.28584,10076702,9403028764.707773,44,Fear,0.0,0.024224733172584577,0.33674424075400233,-0.06388169730657518,13.002809918613368,fear,False,-0.12,0.024224733172584577,0.33674424075400233
2023-03-10,20362.21,20367.78,19549.09,20150.69,618456.4671,12106261,12344992788.912497,34,Fear,0.0,0.024723698317107908,0.33379340779932526,-0.010442692083692516,13.334982083697305,fear,False,-0.32,0.024723698317107908,0.33379340779932526
2023-03-11,20150.69,20686.51,19765.03,20455.73,427831.82133,10412300,8651590672.468525,33,Fear,114.9557019409241,0.024882817249373447,0.34477759097806754,0.015024507857790617,12.966485456524705,fear,False,-0.34,0.024882817249373447,0.34477759097806754
2023-03-12,20455.73,22150.0,20270.6,21997.11,430944.94288,9721933,8982418413.80114,33,Fear,0.0,0.02667538173061877,0.4373847246267805,0.07264804225261712,12.973735618188268,fear,False,-0.34,0.02667538173061877,0.4373847246267805
2023-03-13,21998.05,24500.0,21813.88,24113.48,687889.31259,14820760,15824996078.605639,49,Neutral,0.0,0.030313011587650093,0.5564024665604539,0.0918599391330703,13.441383221109072,neutral,False,-0.02,0.030313011587650093,0.5564024665604539
2023-03-14,24112.27,26386.87,23976.42,24670.41,699360.93423,15223589,17465307097.884075,56,Greed,0.0,0.032541998081736176,0.5610064677805667,0.022833529552860565,13.45792224593187,greed,False,0.12,0.032541998081736176,0.5610064677805667
2023-03-15,24670.41,25196.97,23896.95,24285.66,581450.72984,12613034,14291005743.897852,50,Neutral,249.88058815368277,0.03284902362885337,0.5628429715587266,-0.015718497080592527,13.273281517927213,neutral,False,0.0,0.03284902362885337,0.5628429715587266
2023-03-16,24285.66,25167.4,24123.0,24998.78,439421.32998,10418081,10847330151.941006,52,Neutral,358.9287005796082,0.03251039996602286,0.5573687281889196,0.028940970979109415,12.993213981177302,neutral,False,0.04,0.03251039996602286,0.5573687281889196
2023-03-17,24998.78,27756.84,24890.0,27395.13,624460.68091,13113359,16476681071.24338,51,Neutral,0.0,0.03553590751159506,0.6378127521028554,0.0915382366931726,13.344643645652917,neutral,False,0.02,0.03553590751159506,0.6378127521028554
2023-03-18,27395.13,27724.85,26578.0,26907.49,371238.97174,9948603,10135945069.64263,64,Greed,190.69656364073387,0.03580292373016871,0.6436025615864539,-0.017960573857961144,12.824601262906981,greed,False,0.28,0.03580292373016871,0.6436025615864539
2023-03-19,26907.49,28390.1,26827.22,27972.87,372066.99054,9578297,10264707987.594164,63,Greed,113.21300670798387,0.03632115867716863,0.6524275406097542,0.03883042537639571,12.826829199139224,greed,False,0.26,0.03632115867716863,0.6524275406097542
2023-03-20,27972.87,28472.0,27124.47,27717.01,477378.23373,11775950,13300424536.514921,66,Greed,363.08610445497146,0.036749034823363426,0.6499294428399731,-0.009188807742989342,13.076064398487592,greed,False,0.32,0.036749034823363426,0.6499294428399731
2023-03-21,27717.01,28438.55,27303.1,28105.47,420929.7422,11530870,11760492716.33759,68,Greed,358.40789769201524,0.036729941169242344,0.6487224773631824,0.013917915171174959,12.950221215602587,greed,False,0.36,0.036729941169242344,0.6487224773631824
2023-03-22,28107.81,28868.05,26601.8,27250.97,224113.41296,3589327,6272099822.449624,62,Greed,231.52941223621787,0.03818150257770539,0.6617924815558291,-0.030875102511240874,12.319907510563743,greed,False,0.24,0.03818150257770539,0.6617924815558291
2023-03-23,27250.97,28750.0,27105.0,28295.41,128649.60818,2159091,3591123573.1149583,57,Greed,459.0708843044607,0.03796294636596213,0.6352387640286711,0.037610483876124916,11.76484777207758,greed,False,0.14,0.03796294636596213,0.6352387640286711
2023-03-24,28295.42,28374.3,27000.0,27454.47,86242.06544,1511137,2403443392.0273013,61,Greed,343.91181207776094,0.03851378764859394,0.6514077580494559,-0.030170604453767236,11.364913335763266,greed,False,0.22,0.03851378764859394,0.6514077580494559
2023-03-25,27454.46,27787.33,27156.09,27462.95,50844.08102,1088721,1397227639.2141378,64,Greed,122.15681185303417,0.03853330113011396,0.6519787927568566,0.00030882732901125104,10.836518993914982,greed,False,0.28,0.03853330113011396,0.6519787927568566
2023-03-26,27462.96,28194.4,27417.76,27968.05,49671.70353,1068196,1380973402.9961205,64,Greed,0.0,0.038660560952737975,0.6512240662302266,0.01822496367160109,10.813190704473204,greed,False,0.28,0.038660560952737975,0.6512240662302266
2023-03-27,27968.05,28023.86,26508.14,27124.91,88039.46898,1575264,2407130888.034605,64,Greed,13.385707991267063,0.03919036861827219,0.6642495323798429,-0.030610293346195108,11.385540504045652,greed,False,0.28,0.03919036861827219,0.6642495323798429
2023-03-28,27124.9,27520.0,26631.78,27261.07,78602.44341,1521981,2124533606.765556,59,Greed,216.23722899380388,0.039198915623557325,0.6535187510588961,0.005007183266062188,11.27215806457534,greed,False,0.18,0.039198915623557325,0.6535187510588961
2023-03-29,27261.06,28650.0,27240.1,28348.6,89486.16008,1704217,2519887866.2111588,57,Greed,0.0,0.038081384233917326,0.5958931250813677,0.039117969089514086,11.401839256327918,greed,False,0.14,0.038081384233917326,0.5958931250813677
2023-03-30,28348.6,29184.68,27686.0,28028.53,98865.43256,1843652,2808471938.6424427,60,Greed,97.12679889683614,0.03834001375097283,0.5964494979929371,-0.011354726247076305,11.50151493740455,greed,False,0.2,0.03834001375097283,0.5964494979929371
2023-03-31,28028.53,28656.69,27511.71,28465.36,78198.12139,1537349,2203253311.777351,63,Greed,183.81112471873695,0.038242574768181166,0.5964371025573751,0.01546498944228887,11.267000903099062,greed,False,0.26,0.038242574768181166,0.5964371025573751
2023-04-01,28465.36,28819.71,28220.27,28452.73,30238.44753,822781,860804237.452269,61,Greed,0.0,0.03645116291809923,0.5605620592164491,-0.00044379564413691034,10.316869490681963,greed,False,0.22,0.03645116291809923,0.5605620592164491
2023-04-02,28452.74,28530.0,27856.43,28171.87,37365.65692,938464,1053600933.0676805,63,Greed,0.0,0.03310272217849502,0.4811293839098091,-0.009920151427765776,10.528507297368682,greed,False,0.26,0.03310272217849502,0.4811293839098091
2023-04-03,28171.87,28500.99,27200.24,27800.0,79180.01405,1651062,2214361048.7823668,63,Greed,114.38910694100699,0.03113920107274456,0.48321773614346974,-0.01328794166506373,11.279479198103905,greed,False,0.26,0.03113920107274456,0.48321773614346974
2023-04-04,27800.0,28444.44,27662.79,28165.47,49722.55691,1102007,1397141464.875036,62,Greed,185.3923321649589,0.030545816464578383,0.47684054599501186,0.01306073888880465,10.814213970489012,greed,False,0.24,0.030545816464578383,0.47684054599501186
2023-04-05,28165.47,28775.0,27805.1,28170.01,60737.64732,1262730,1721098539.0660567,62,Greed,114.99746392663234,0.03036202355298524,0.47050651911361074,0.00016117729039769833,11.01431900423087,greed,False,0.24,0.03036202355298524,0.47050651911361074
2023-04-06,28170.01,28182.05,27711.0,28033.82,40118.94963,934548,1122713087.5561826,63,Greed,12.77540281033011,0.02669558598696524,0.3459183120720895,-0.0048462984303144436,10.599604061025275,greed,False,0.26,0.02669558598696524,0.3459183120720895
2023-04-07,28033.83,28100.0,27766.94,27906.33,24762.09387,655634,691323748.9286413,64,Greed,91.52032353314347,0.026134919579092915,0.3393048581091265,-0.004558093631494347,10.117069289862718,greed,False,0.28,0.026134919579092915,0.3393048581091265
2023-04-08,27906.34,28154.99,27859.02,27938.38,19479.96735,624159,545324518.6860754,61,Greed,49.59034373943966,0.025044522721864703,0.3098823236452545,0.0011478259451552448,9.877141901117092,greed,False,0.22,0.025044522721864703,0.3098823236452545
2023-04-09,27938.38,28530.0,27800.0,28323.76,32531.16101,777589,913915923.6951957,61,Greed,50.010490387667666,0.02443257725939144,0.31158701021152313,0.013699657615021985,10.389953709270102,greed,False,0.22,0.02443257725939144,0.31158701021152313
2023-04-10,28323.76,29770.0,28170.0,29637.34,67754.0622,1285695,1955300943.1708305,62,Greed,0.0,0.024940885370459895,0.34672547380793983,0.04533402443678367,11.123639695616085,greed,False,0.24,0.024940885370459895,0.34672547380793983
2023-04-11,29637.35,30550.0,29590.0,30200.42,67990.07621,1340458,2046078278.0821176,68,Greed,0.0,0.02280113781703551,0.32731856094530476,0.018820778757940998,11.12711703542001,greed,False,0.36,0.02280113781703551,0.32731856094530476
2023-04-12,30200.43,30486.0,29637.4,29888.07,62049.48451,1246556,1863497606.1415303,65,Greed,258.08176672194026,0.021717730537474365,0.3079361261922742,-0.010396427448109471,11.035687482943128,greed,False,0.3,0.021717730537474365,0.3079361261922742
2023-04-13,29888.07,30595.0,29854.59,30373.84,51934.11731,1054144,1571091101.1299672,61,Greed,134.67354826578062,0.02092923800284702,0.2853344934753758,0.01612230751029388,10.85773121946472,greed,False,0.22,0.02092923800284702,0.2853344934753758
2023-04-14,30373.84,31000.0,29966.0,30466.93,75984.19452,1504180,2323267494.38023,68,Greed,101.30096237969231,0.021195856636439057,0.28489461065766924,0.003060121449609667,11.238280630798261,greed,False,0.36,0.021195856636439057,0.28489461065766924
2023-04-15,30466.93,30595.6,30202.0,30295.09,25429.81247,732418,772211097.614016,68,Greed,57.62787745719426,0.020933645256595267,0.2830081045505908,-0.005656179900882534,10.143677484027984,greed,False,0.36,0.020933645256595267,0.2830081045505908
2023-04-16,30295.1,30549.99,30120.0,30304.65,26431.99322,708233,801322926.1525651,68,Greed,85.26166013868178,0.01964900725781936,0.25249749631577484,0.00031551290745832457,10.182330419813407,greed,False,0.36,0.01964900725781936,0.25249749631577484
2023-04-17,30304.66,30316.06,29240.65,29430.27,56441.81127,1137294,1675287761.4330356,69,Greed,0.0,0.01975342282068841,0.2811623072988107,-0.029277429572032238,10.940965497407873,greed,False,0.38,0.01975342282068841,0.2811623072988107
2023-04-18,29430.27,30485.0,29096.78,30380.01,62004.89434,1141562,1861001491.9786973,58,Greed,298.2908477779167,0.019581816829017076,0.2699025224071858,0.031761089816271876,11.034968601879296,greed,False,0.16,0.019581816829017076,0.2699025224071858
2023-04-19,30380.01,30413.53,28520.0,28797.1,86575.48656,1699891,2541283888.303447,63,Greed,308.29815232891735,0.020195263917993145,0.33437285238409276,-0.053510138704066394,11.36877198935301,greed,False,0.26,0.020195263917993145,0.33437285238409276
2023-04-20,28797.1,29088.3,28010.0,28243.65,76879.09372,1434642,2198854031.424746,52,Neutral,0.0,0.020089748741348452,0.33774648606180574,-0.01940603406257386,11.249989255333277,neutral,False,0.04,0.020089748741348452,0.33774648606180574
2023-04-21,28243.65,28374.02,27125.0,27262.84,77684.7679,1463628,2164667611.9354606,50,Neutral,0.0,0.020788900479101632,0.3598176629483551,-0.03534405077145466,11.260414479814873,neutral,False,0.0,0.020788900479101632,0.3598176629483551
2023-04-22,27262.84,27882.72,27140.35,27816.85,36023.69686,859500,989379475.3218232,53,Neutral,180.302476622076,0.020857048889308595,0.3669261646586909,0.02011734939753183,10.49193224700041,neutral,False,0.06,0.020857048889308595,0.3669261646586909
2023-04-23,27816.85,27816.85,27311.25,27590.6,34812.09581,873485,959389698.7572551,56,Greed,136.25855218824103,0.02004327652575159,0.36502917870115065,-0.008166817188415205,10.457720186117498,greed,False,0.12,0.02004327652575159,0.36502917870115065
2023-04-24,27590.59,28000.0,26942.82,27510.93,53111.56874,1211080,1458406515.6404214,53,Neutral,100.13369637682734,0.020357905613053805,0.3616158290348552,-0.002891754748673293,10.880150050543767,neutral,False,0.06,0.020357905613053805,0.3616158290348552
2023-04-25,27510.93,28399.99,27192.0,28300.79,52325.14637,1087067,1446329375.242731,53,Neutral,129.99993769003842,0.020671580116726894,0.37649060041481675,0.028306339200071688,10.865232344634702,neutral,False,0.06,0.020671580116726894,0.37649060041481675
2023-04-26,28300.8,30036.0,27235.0,28415.29,129228.40403,2261942,3719701461.9091635,56,Greed,184.3394058103242,0.024392841641924144,0.37622197626654935,0.004037661120266265,11.769336691601609,greed,False,0.12,0.024392841641924144,0.37622197626654935
2023-04-27,28415.29,29890.0,28378.86,29472.77,95430.82431,1990148,2784859692.3646197,59,Greed,311.3442325671096,0.025317665710388675,0.3963819327222322,0.0365394056503652,11.466156911223726,greed,False,0.18,0.025317665710388675,0.3963819327222322
2023-04-28,29472.77,29599.54,28891.0,29311.7,54298.16578,1129240,1590683771.6681979,64,Greed,129.8537736591642,0.025486398862829225,0.3974297653969888,-0.005480032501360423,10.902245725977641,greed,False,0.28,0.025486398862829225,0.3974297653969888
2023-04-29,29311.69,29448.88,29031.0,29230.45,20466.83058,619319,599466910.0466621,64,Greed,94.17834113901397,0.02532042513848697,0.39551475837861777,-0.0027757795765594477,9.926560834229843,greed,False,0.28,0.02532042513848697,0.39551475837861777
2023-04-30,29230.45,29969.39,29079.59,29233.21,39752.5372,949458,1172155267.8761897,60,Greed,37.284992160799554,0.024545261519744403,0.36014910032247427,9.441762633578723e-05,10.590428946976315,greed,False,0.2,0.024545261519744403,0.36014910032247427
2023-05-01,29233.2,29337.34,27666.95,28068.26,64433.65958,1362793,1828221138.9544399,63,Greed,0.0,0.025417725060159272,0.3788309863107691,-0.040665991207925405,11.073391439836756,greed,False,0.26,0.025417725060159272,0.3788309863107691
2023-05-02,28068.26,28879.88,27872.0,28669.86,50824.5224,1174697,1441733922.0116444,55,Greed,239.544464912366,0.025582112157382327,0.3878799935055765,0.021206996165195773,10.836134241502076,neutral,False,0.1,0.025582112157382327,0.3878799935055765
2023-05-03,28669.85,29266.66,28113.69,29026.16,64615.79213,1502909,1845961218.8432436,64,Greed,116.21565238535989,0.025937493348998312,0.3857578637508737,0.012351095602062214,11.076214120111882,greed,False,0.28,0.025937493348998312,0.3857578637508737
2023-05-04,29026.16,29379.83,28663.64,28838.16,42575.47501,961542,1233816136.1606576,64,Greed,75.14458215280649,0.025748463998520644,0.3854984127864506,-0.006497982228264741,10.65903366248568,greed,False,0.28,0.025748463998520644,0.3854984127864506
2023-05-05,28838.16,29677.0,28800.0,29505.61,58415.83048,1288027,1709786814.901134,61,Greed,99.0118237474145,0.02600359641470067,0.39581297834356455,0.02288090465334252,10.975342201946535,greed,False,0.22,0.02600359641470067,0.39581297834356455
2023-05-06,29505.6,29820.0,28300.0,28848.2,49249.28459,1221021,1429517892.780502,60,Greed,192.87828612773532,0.026868641957395408,0.4028079953886934,-0.02253281543081646,10.804650120403359,greed,False,0.2,0.026868641957395408,0.4028079953886934
2023-05-07,28848.19,29138.29,28395.23,28430.1,30003.41028,855425,865838535.326382,64,Greed,145.57022440556054,0.026653945686537037,0.39310096331920985,-0.01459915625864984,10.309066330183665,greed,False,0.28,0.026653945686537037,0.39310096331920985
2023-05-08,28430.09,28631.01,27262.0,27668.79,68244.36179,1600637,1903052694.6684127,60,Greed,0.0,0.02673111096996114,0.38199283833777414,-0.027143379896367045,11.130850098499188,greed,False,0.2,0.02673111096996114,0.38199283833777414
2023-05-09,27668.8,27818.0,27353.0,27628.27,40113.31069,1003698,1106923908.305847,51,Neutral,68.04979313109806,0.025399969504165777,0.33559883313510225,-0.0014655392981985705,10.599463495622112,neutral,False,0.02,0.025399969504165777,0.33559883313510225
2023-05-10,27628.28,28331.42,26777.0,27598.75,71155.11355,1534579,1971173412.435502,52,Neutral,59.48852331966512,0.02601629675554998,0.32928961858740474,-0.0010690420309266652,11.172617470928447,neutral,False,0.04,0.02601629675554998,0.32928961858740474
2023-05-11,27598.74,27630.14,26702.05,26968.62,47635.31365,1257000,1295799109.011004,52,Neutral,162.59047869852208,0.025716767361896733,0.3149829236889964,-0.0230965139643067,10.771329648563414,neutral,False,0.04,0.025716767361896733,0.3149829236889964
2023-05-12,26968.61,27091.12,25811.46,26795.01,67207.93494,1351633,1777052127.731093,49,Neutral,0.0,0.026276275043948125,0.30585767069560543,-0.00645829172740886,11.115546599004695,neutral,False,-0.02,0.026276275043948125,0.30585767069560543
2023-05-13,26795.01,27045.45,26692.03,26775.28,22814.90421,605049,612062852.0866882,48,Neutral,42.393859846158016,0.0262201252223864,0.3049651074076964,-0.0007366023552270455,10.035169294799106,neutral,False,-0.04,0.0262201252223864,0.3049651074076964
2023-05-14,26775.27,27200.0,26560.53,26917.62,21594.8036,629537,580801698.0002693,48,Neutral,81.94286536047177,0.025903449000467222,0.30585472484709736,0.005302016968638717,9.980207990655598,neutral,False,-0.04,0.025903449000467222,0.30585472484709736
2023-05-15,26917.61,27663.59,26726.0,27162.14,40430.08333,935914,1104633264.131574,50,Neutral,28.982673561632676,0.025658483698273372,0.288446727231047,0.0090430011641092,10.60732942372594,neutral,False,0.0,0.025658483698273372,0.288446727231047
2023-05-16,27162.15,27296.89,26852.11,27033.84,33270.45451,815642,900273404.6010331,54,Neutral,89.65649289546386,0.022145083596132806,0.2876695757763219,-0.004734677357132959,10.412425030175596,neutral,False,0.08,0.022145083596132806,0.2876695757763219
2023-05-17,27033.85,27500.0,26544.71,27405.61,42958.97785,1016823,1159714527.6352634,50,Neutral,87.64575176360289,0.021550168546679512,0.2562427679738488,0.013658322391184448,10.668000935836373,neutral,False,0.0,0.021550168546679512,0.2562427679738488
2023-05-18,27405.62,27485.33,26361.2,26821.28,49198.65143,1057318,1330745572.6946373,51,Neutral,299.90101296909006,0.022028870154248394,0.26401001235656846,-0.02155213466964205,10.80362149214539,neutral,False,0.02,0.022028870154248394,0.26401001235656846
2023-05-19,26821.28,27183.6,26630.0,26880.26,28754.13544,756295,772864757.1633048,48,Neutral,115.73085546920356,0.022118369318024467,0.2650137056565333,0.002196585934586688,10.26653687727262,neutral,False,-0.04,0.022118369318024467,0.2650137056565333
2023-05-20,26880.26,27150.0,26825.11,27102.43,14434.54718,481382,389225653.7451669,48,Neutral,78.7787783142426,0.021804901815915045,0.2683121743887306,0.008231203535191795,9.577379722017191,neutral,False,-0.04,0.021804901815915045,0.2683121743887306
2023-05-21,27102.42,27277.55,26666.03,26747.78,21347.87279,568937,575213570.2794422,52,Neutral,72.37341716157532,0.020560886440109432,0.23370385939933414,-0.013171912518513606,9.968707378564057,neutral,False,0.04,0.020560886440109432,0.23370385939933414
2023-05-22,26747.78,27099.89,26538.21,26849.27,26458.83828,717111,709594996.7242744,49,Neutral,81.79607479037924,0.02019665237687037,0.21800966169440367,0.0037871532594394926,10.1833455319432,neutral,False,-0.02,0.02019665237687037,0.21800966169440367
2023-05-23,26849.28,27495.83,26798.11,27219.61,38700.83858,816399,1054565781.6023751,50,Neutral,0.0,0.01976579268674742,0.21933997389143298,0.01369903691712277,10.56361654751696,neutral,False,0.0,0.01976579268674742,0.21933997389143298
2023-05-24,27219.61,27219.61,26080.5,26329.01,54393.0657,1012767,1442636235.4543552,50,Neutral,0.0,0.020314045467470468,0.2438668033565899,-0.03326629631528951,10.903991955969202,neutral,False,0.0,0.020314045467470468,0.2438668033565899
2023-05-25,26329.0,26631.98,25871.89,26473.79,37435.44895,753125,984117789.7017612,51,Neutral,20.580134062029508,0.020286780318080035,0.22500007838522756,0.005483813844004058,10.53037336738037,neutral,False,0.02,0.020286780318080035,0.22500007838522756
2023-05-26,26473.8,26932.16,26327.24,26705.92,35061.18713,655755,932817724.59401,49,Neutral,0.0,0.019274323328625075,0.2207927714312205,0.008730076726596555,10.464850017856355,neutral,False,-0.02,0.019274323328625075,0.2207927714312205
2023-05-27,26705.93,26895.0,26551.0,26854.27,15095.6867,415694,403337263.0344908,48,Neutral,81.93411680140811,0.01903823211555953,0.21936654216802862,0.005539576292267746,9.622164332990945,neutral,False,-0.04,0.01903823211555953,0.21936654216802862
2023-05-28,26854.28,28261.32,26764.36,28065.0,43916.00855,843861,1205762341.9704952,50,Neutral,0.0,0.019302191028395366,0.2572249172534108,0.04409840842612671,10.690034192044466,neutral,False,0.0,0.019302191028395366,0.2572249172534108
2023-05-29,28065.01,28447.14,27524.6,27736.4,42385.41945,805579,1182678581.634669,52,Neutral,64.04887045792512,0.019673588926704618,0.26095953342464884,-0.011777618425209708,10.65455970118323,neutral,False,0.04,0.019673588926704618,0.26095953342464884
2023-05-30,27736.39,28038.59,27554.0,27694.4,32686.75371,745633,908653906.0072742,51,Neutral,104.43713685344086,0.018306001971555037,0.26099302436062904,-0.0015154032789555,10.394725189495022,neutral,False,0.02,0.018306001971555037,0.26099302436062904
2023-05-31,27694.39,27835.51,26839.01,27210.35,46588.80573,908537,1265952178.7798684,51,Neutral,0.0,0.018385463947570804,0.2551881685442043,-0.017632811059524262,10.749115570869932,neutral,False,0.02,0.018385463947570804,0.2551881685442043
2023-06-01,27210.36,27350.0,26605.05,26817.93,39217.8088,814389,1055132509.8658342,52,Neutral,12.6313946692969,0.017594175297405597,0.2596516683246613,-0.014526721963616974,10.576886228735221,neutral,False,0.04,0.017594175297405597,0.2596516683246613
2023-06-02,26817.93,27300.0,26505.0,27242.59,36380.90269,811087,983857061.6408418,50,Neutral,218.82815839971548,0.017949522973958458,0.2654948314666846,0.015710863858149307,10.501799264573517,neutral,False,0.0,0.017949522973958458,0.2654948314666846
2023-06-03,27242.59,27333.29,26914.93,27069.22,16595.34117,466520,450588672.4704081,53,Neutral,61.9064449961743,0.01778394481751953,0.26614444900026846,-0.0063842684993772065,9.716877282544738,neutral,False,0.06,0.01778394481751953,0.26614444900026846
2023-06-04,27069.22,27455.02,26951.0,27115.21,19258.41049,504474,523747237.4389696,52,Neutral,102.37520708343632,0.0173499230630988,0.26420714408285284,0.0016975360281114345,9.8657031528706,neutral,False,0.04,0.0173499230630988,0.26420714408285284
2023-06-05,27115.2,27129.33,25388.0,25728.2,65805.60305,1420829,1722665798.0920303,53,Neutral,0.0,0.019378235827832935,0.32318973828472886,-0.05250715845555731,11.094460266423683,neutral,False,0.06,0.019378235827832935,0.32318973828472886
2023-06-06,25728.2,27355.33,25351.02,27230.08,68392.60438,1345725,1797636024.0812125,44,Fear,599.9339784617885,0.02138667255527086,0.3824481949679434,0.05673457801927024,11.133019974665503,fear,False,-0.12,0.02138667255527086,0.3824481949679434
2023-06-07,27230.07,27391.77,26125.01,26339.34,59619.44364,1311928,1589291467.5372329,53,Neutral,294.4638700384015,0.02159567542845734,0.39317445685743757,-0.03325860556385626,10.995737035420659,neutral,False,0.06,0.02159567542845734,0.39317445685743757
2023-06-08,26339.34,26810.0,26210.0,26498.61,31075.51083,848252,823023638.236875,50,Neutral,123.88716405612513,0.021632781117686326,0.3938103851365106,0.00602863973269374,10.34417535486005,neutral,False,0.0,0.021632781117686326,0.3938103851365106
2023-06-09,26498.62,26783.33,26269.91,26477.81,27934.7097,746911,741158215.0539023,50,Neutral,172.55024511188537,0.02172831489515164,0.3923917208348561,-0.0007852550651334101,10.237625269857867,neutral,False,0.0,0.02172831489515164,0.3923917208348561
2023-06-10,26477.8,26533.87,25358.0,25841.21,64944.60108,1713871,1673795235.4008923,49,Neutral,0.0,0.02235846296957251,0.3988702901926911,-0.024336519277700846,11.081289894394311,neutral,False,-0.02,0.02235846296957251,0.3988702901926911
2023-06-11,25841.22,26206.88,25634.7,25925.55,30014.29595,833902,776111471.8669971,47,Neutral,122.87328272188523,0.022378075772026565,0.39877780810841895,0.003258464490493794,10.309429078805803,neutral,False,-0.06,0.022378075772026565,0.39877780810841895
2023-06-12,25925.54,26106.48,25602.11,25905.19,29900.50893,858037,773303698.8633221,47,Neutral,147.57740231952994,0.022264948283942796,0.39462792701898364,-0.0007856342026842933,10.305630780304154,neutral,False,-0.06,0.022264948283942796,0.39462792701898364
2023-06-13,25905.2,26433.21,25712.57,25934.25,41065.60853,1007138,1068985236.5126554,45,Fear,45.530936589686625,0.021830001866541375,0.3775492440730483,0.0011211542039807445,10.622926274766554,fear,False,-0.1,0.021830001866541375,0.3775492440730483
2023-06-14,25934.24,26098.0,24820.56,25128.6,45077.31608,957418,1152808416.919793,46,Fear,0.0,0.022513325832350207,0.39204749134591677,-0.03155784923802867,10.7161344295579,neutral,False,-0.08,0.022513325832350207,0.39204749134591677
2023-06-15,25128.6,25759.01,24800.0,25598.49,48664.86063,943268,1224436974.8502872,41,Fear,287.2473587391276,0.022880187004341305,0.39731194032850403,0.018526725673652867,10.792712500991293,fear,False,-0.18,0.022880187004341305,0.39731194032850403
2023-06-16,25598.49,26518.0,25175.56,26345.0,51596.91662,926194,1335158158.639614,47,Neutral,0.0,0.023857577665433328,0.4115279912480967,0.028745138290379006,10.85121719425787,neutral,False,-0.06,0.023857577665433328,0.4115279912480967
2023-06-17,26345.01,26839.99,26181.0,26516.99,27842.2195,666967,738491809.8811625,47,Neutral,0.0,0.022954631144576115,0.37713754085515905,0.006507155969033793,10.234308834690154,neutral,False,-0.06,0.022954631144576115,0.37713754085515905
2023-06-18,26516.99,26700.0,26255.85,26339.97,21538.31022,555956,571013013.8553362,49,Neutral,123.85641796468298,0.02263602505549539,0.37596960071001595,-0.006698102267960422,9.97758849916517,neutral,False,-0.02,0.02263602505549539,0.37596960071001595
2023-06-19,26339.98,27068.09,26256.61,26844.35,35872.65974,732735,954193987.2948112,47,Neutral,103.50651270706437,0.022882653117474127,0.38369212137806763,0.0189678131440085,10.487730717205887,neutral,False,-0.06,0.022882653117474127,0.38369212137806763
2023-06-20,26844.35,28402.74,26652.0,28307.99,69666.95525,1189024,1912797983.5310054,49,Neutral,0.0,0.023929957548644354,0.4243634478310496,0.05308872645011515,11.151481384614756,neutral,False,-0.02,0.023929957548644354,0.4243634478310496
2023-06-21,28308.0,30800.0,28257.99,29993.89,108926.40412,1872873,3210301129.366291,59,Greed,0.0,0.026319138032432115,0.4630351548737685,0.057849597296170514,11.598427741607171,greed,False,0.18,0.026319138032432115,0.4630351548737685
2023-06-22,29993.89,30500.0,29525.61,29884.92,59054.5646,1146092,1775822103.7632556,65,Greed,142.82570903664123,0.026381012215241768,0.4625231631819398,-0.0036396889082070654,10.98621711923069,greed,False,0.3,0.026381012215241768,0.4625231631819398
2023-06-23,29884.92,31431.94,29800.0,30688.5,73931.89635,1338533,2265077496.195469,65,Greed,0.0,0.027256747867957693,0.466866924043483,0.026533986237444202,11.210899628837621,greed,False,0.3,0.027256747867957693,0.466866924043483
2023-06-24,30688.51,30800.0,30250.0,30527.43,30513.30135,776343,933244397.7040021,62,Greed,71.51900640829254,0.02725057969697773,0.46842297171600694,-0.005262367873937984,10.325917977363313,greed,False,0.24,0.02725057969697773,0.46842297171600694
2023-06-25,30527.44,31046.01,30277.49,30462.66,30223.44801,789910,926316644.4167665,64,Greed,118.19666389264947,0.02597231592846868,0.41630427857627356,-0.002123952410926466,10.316373326273826,greed,False,0.28,0.02597231592846868,0.41630427857627356
2023-06-26,30462.67,30666.0,29930.0,30267.99,45180.41489,954783,1367837657.5451825,55,Greed,0.0,0.024099541230540488,0.37771048491096965,-0.00641095284669021,10.718418973025425,neutral,False,0.1,0.024099541230540488,0.37771048491096965
2023-06-27,30267.99,30994.97,30226.17,30692.44,42699.64157,824373,1306206257.0193572,59,Greed,0.0,0.023489006632868025,0.34995837746353825,0.013925651745678577,10.661945805036286,greed,False,0.18,0.023489006632868025,0.34995837746353825
2023-06-28,30692.44,30709.74,29858.8,30077.41,40463.51937,895470,1224103637.6132562,62,Greed,8.303081189373495,0.02359522647787193,0.3637236812868995,-0.020241978544881276,10.608156090873603,greed,False,0.24,0.02359522647787193,0.3637236812868995
2023-06-29,30077.4,30843.98,30049.98,30447.31,36330.62903,758428,1107940389.9242406,54,Neutral,141.84699768414595,0.023711688777561087,0.36327736367789715,0.012223257058951633,10.500416439406122,neutral,False,0.08,0.023711688777561087,0.36327736367789715
2023-06-30,30447.31,31282.0,29500.0,30472.0,89419.07618,1559366,2726355505.5063505,56,Greed,133.6670533557334,0.024232833377142517,0.3450295224008033,0.0008105804662547625,11.401089318488797,greed,False,0.12,0.024232833377142517,0.3450295224008033
2023-07-01,30471.99,30661.6,30320.57,30585.9,17501.75075,567975,533859338.1325383,59,Greed,25.515925132685762,0.024097680575975694,0.34494308627630843,0.0037308892745919987,9.770056197764795,greed,False,0.18,0.024097680575975694,0.34494308627630843
2023-07-02,30585.9,30791.0,30155.0,30617.03,23286.41019,591533,711031423.4334425,63,Greed,67.78941126701177,0.0241182646041722,0.34437453856790307,0.001017271646457164,10.055625215747147,greed,False,0.26,0.0241182646041722,0.34437453856790307
2023-07-03,30617.02,31380.0,30570.27,31156.2,43761.64311,781855,1352635339.5043936,62,Greed,0.0,0.02408811610025428,0.34470466359182933,0.01745687224902878,10.686512984608497,greed,False,0.24,0.02408811610025428,0.34470466359182933
2023-07-04,31156.2,31350.69,30620.0,30766.51,33206.11943,779472,1028794008.5245212,64,Greed,218.84305297831034,0.023341935018726064,0.3207165232853852,-0.012586501609656327,10.410489458100425,greed,False,0.28,0.023341935018726064,0.3207165232853852
2023-07-05,30766.52,30878.07,30200.0,30504.81,33215.67122,827926,1013694790.3170501,61,Greed,0.0,0.022973408599162342,0.32566224305773056,-0.008542384639438915,10.410777068234761,greed,False,0.22,0.022973408599162342,0.32566224305773056
2023-07-06,30504.8,31500.0,29850.45,29895.43,71319.6261,1397042,2181763648.99527,56,Greed,106.29487258345294,0.02304954332620879,0.3320967670481753,-0.02017875019166179,11.17492682939463,greed,False,0.12,0.02304954332620879,0.3320967670481753
2023-07-07,29895.42,30449.0,29701.02,30344.7,34070.53895,912948,1027461795.2332091,55,Greed,10.949864368169989,0.02304979198218572,0.3334976597306825,0.014916247025860701,10.436188329432154,neutral,False,0.1,0.02304979198218572,0.3334976597306825
2023-07-08,30344.7,30386.81,30044.47,30284.63,13094.59042,480214,395759717.5724278,58,Greed,59.36676290023781,0.022989853090550502,0.3313902267395784,-0.0019815498424806542,9.479954478865793,greed,False,0.16,0.022989853090550502,0.3313902267395784
2023-07-09,30284.63,30445.52,30061.12,30160.71,15388.50196,473168,465781514.2589476,55,Greed,90.86498569536144,0.022687824645453335,0.33043527453921334,-0.004100239112277894,9.64137588356371,neutral,False,0.1,0.022687824645453335,0.33043527453921334
2023-07-10,30160.71,31045.78,29950.0,30411.57,41262.87652,896853,1254289037.7420728,56,Greed,52.63769729049991,0.021564511691230755,0.2798344870766524,0.008283044133908972,10.627718501112243,greed,False,0.12,0.021564511691230755,0.2798344870766524
2023-07-11,30411.57,30813.63,30300.0,30622.1,28476.83311,691213,868966244.2412692,57,Greed,90.22576058308923,0.018338941656089954,0.19409976098592016,0.0068988423929568915,10.256846162362732,greed,False,0.14,0.018338941656089954,0.19409976098592016
2023-07-12,30622.1,30983.25,30210.0,30380.0,38108.99669,784195,1166497472.433173,64,Greed,122.62807667212513,0.018133522800913206,0.19606261097189162,-0.007937473335964864,10.548205666835443,greed,False,0.28,0.018133522800913206,0.19606261097189162
2023-07-13,30380.0,31804.2,30251.0,31454.23,70772.51836,1301632,2194927210.224416,57,Greed,112.52494188330435,0.017965822053581576,0.21188195328043385,0.034748976139702924,11.167226045571638,greed,False,0.14,0.017965822053581576,0.21188195328043385
2023-07-14,31454.23,31630.0,29900.0,30312.01,60749.48424,1274387,1869443273.7476244,60,Greed,327.4395001100331,0.019338319124141964,0.25108394282254387,-0.03698946968873567,11.014513871290212,greed,False,0.2,0.019338319124141964,0.25108394282254387
2023-07-15,30312.0,30390.9,30200.0,30289.52,14118.55329,488354,427921094.3021783,56,Greed,8.49465327196373,0.019061904563700945,0.2510026540283216,-0.0007422255191403193,9.555245047582734,greed,False,0.12,0.019061904563700945,0.2510026540283216
2023-07-16,30289.52,30441.46,30064.29,30231.99,15760.1281,494225,477189328.0072937,57,Greed,36.25993810923917,0.018855145627226167,0.250051506539208,-0.0019011428276580337,9.665238491551426,greed,False,0.14,0.018855145627226167,0.250051506539208
2023-07-17,30232.0,30336.96,29659.2,30138.0,30882.76839,816466,929647644.243343,54,Neutral,0.0,0.018797505202659815,0.24466890257223853,-0.0031138012758330853,10.337953650055631,neutral,False,0.08,0.018797505202659815,0.24466890257223853
2023-07-18,30138.01,30239.78,29512.0,29859.13,30003.8601,754775,897157095.4774112,56,Greed,136.5554021095133,0.018703178159413768,0.2361352147404555,-0.00929617827722886,10.309081322367017,greed,False,0.12,0.018703178159413768,0.2361352147404555
2023-07-19,29859.14,30189.09,29761.96,29909.21,25657.36137,617415,769254865.2851151,50,Neutral,93.22228300599458,0.018471737013401126,0.23160266670468266,0.0016758040032582482,10.152585802406763,neutral,False,0.0,0.018471737013401126,0.23160266670468266
2023-07-20,29909.21,30417.46,29570.96,29800.0,37540.68193,749723,1125950643.7116494,56,Greed,81.91715296351538,0.017132787967093728,0.23171024155078482,-0.00365806621063334,10.533180475399059,greed,False,0.12,0.017132787967093728,0.23171024155078482
2023-07-21,29800.0,30061.7,29726.34,29901.72,23881.40865,555611,713123417.7612139,50,Neutral,51.85269176214067,0.017133185511740725,0.23162339581557745,0.0034076103143899864,10.080855554460241,neutral,False,0.0,0.017133185511740725,0.23162339581557745
2023-07-22,29901.72,29999.0,29625.1,29794.0,14660.40467,423988,437785700.3396102,52,Neutral,53.04717363037761,0.016986077778468913,0.23163638615385732,-0.0036089728683473903,9.59290557874316,neutral,False,0.04,0.016986077778468913,0.23163638615385732
2023-07-23,29793.99,30350.0,29730.0,30083.75,18292.78637,519434,548940321.0915866,54,Neutral,0.0,0.016848864689442276,0.22479906032426558,0.009678127907075769,9.81426207368553,neutral,False,0.08,0.016848864689442276,0.22479906032426558
2023-07-24,30083.75,30099.58,28861.9,29176.5,39628.99691,869107,1162562413.8190155,55,Greed,0.0,0.01748282787339736,0.24457410176833985,-0.030621568131757492,10.587316374483875,neutral,False,0.1,0.01748282787339736,0.24457410176833985
2023-07-25,29176.5,29376.0,29047.65,29228.91,21565.7478,533797,629531351.1145664,50,Neutral,35.69419718671522,0.017292675103093298,0.24402461776974776,0.0017946972401168204,9.978861585039965,neutral,False,0.0,0.017292675103093298,0.24402461776974776
2023-07-26,29228.91,29690.0,29096.94,29351.96,33931.63366,750401,995569172.1396836,51,Neutral,29.5561958421451,0.015943810768598632,0.2353061196149576,0.004201036310069169,10.432103004570866,neutral,False,0.02,0.015943810768598632,0.2353061196149576
2023-07-27,29351.95,29567.49,29083.85,29222.78,22476.47626,583045,659594157.3443576,51,Neutral,131.15552696023713,0.01574657213277598,0.22794304004404675,-0.004410782171051959,10.020224541721062,neutral,False,0.02,0.01574657213277598,0.22794304004404675
2023-07-28,29222.78,29542.22,29123.12,29314.14,23993.61627,543177,702705076.837866,52,Neutral,128.63755621778134,0.015789905617237497,0.228632656185464,0.0031214513568593983,10.0855430851988,neutral,False,0.04,0.015789905617237497,0.228632656185464
2023-07-29,29314.14,29406.92,29256.18,29352.9,10851.36844,339750,318276733.8766431,52,Neutral,21.63469703942513,0.015712603564980675,0.22866521668195552,0.0013213554199944793,9.29204647451801,neutral,False,0.04,0.015712603564980675,0.22866521668195552
2023-07-30,29352.9,29449.0,29033.24,29281.09,15706.97441,454846,459830379.6509824,52,Neutral,21.73415337334527,0.015074689522358175,0.22581972363132777,-0.002449433712539638,9.661860122631799,neutral,False,0.04,0.015074689522358175,0.22581972363132777
2023-07-31,29281.09,29530.0,29101.8,29232.25,22605.48964,563115,663025204.2072346,50,Neutral,82.54283079688858,0.015033239981471429,0.22343027791674655,-0.0016693633056041337,10.025948060188652,neutral,False,0.0,0.015033239981471429,0.22343027791674655
2023-08-01,29232.26,29739.25,28585.7,29705.99,44719.65162,900141,1299160215.077924,53,Neutral,63.02036857844833,0.015578937326959063,0.23153880254587,0.016076157104390566,10.70816831754819,neutral,False,0.06,0.015578937326959063,0.23153880254587
2023-08-02,29705.99,30047.5,28927.5,29186.01,48181.65141,945158,1419729744.649752,53,Neutral,120.05908491037921,0.014950479902620108,0.1958320978757724,-0.017659224099430867,10.782733551422057,neutral,False,0.06,0.014950479902620108,0.1958320978757724
2023-08-03,29186.0,29433.33,28968.0,29193.64,26476.91994,651970,773302705.4947629,52,Neutral,77.4298947621365,0.013078295621294336,0.15159730959756382,0.0002613924558795061,10.184028686820403,neutral,False,0.04,0.013078295621294336,0.15159730959756382
2023-08-04,29193.65,29333.08,28807.54,29113.99,23551.95217,544850,686643453.3930904,54,Neutral,62.9897808753044,0.013274784531900514,0.15156383574567261,-0.002732062666357572,10.066963990701133,neutral,False,0.08,0.013274784531900514,0.15156383574567261
2023-08-05,29114.0,29152.23,28978.64,29072.13,11645.52018,331924,338478560.1218247,50,Neutral,23.199799484099454,0.01319318273335918,0.15157587519135776,-0.0014388313646510047,9.362676851136147,neutral,False,0.0,0.01319318273335918,0.15157587519135776
2023-08-06,29072.13,29205.09,28991.88,29088.42,13178.1972,338654,383209498.8777505,49,Neutral,40.29123502193466,0.012877186704120615,0.15176458481778268,0.0005601735343276643,9.486319015696298,neutral,False,-0.02,0.012877186704120615,0.15176458481778268
2023-08-07,29088.43,29276.78,28701.03,29211.06,30966.87746,671438,899492595.6812717,49,Neutral,31.588754290171416,0.012737090533772437,0.1504493032532466,0.004207247848642796,10.340673443215065,neutral,False,-0.02,0.012737090533772437,0.1504493032532466
2023-08-08,29211.06,30244.0,29146.45,29770.42,45700.53392,877168,1352934531.6659672,54,Neutral,0.0,0.013535611485380957,0.16635666011603525,0.01896787840738051,10.729865259965033,neutral,False,0.08,0.013535611485380957,0.16635666011603525
2023-08-09,29770.41,30160.0,29376.67,29581.99,38003.88725,750252,1130396850.0974114,50,Neutral,203.03979588061682,0.013466101868662156,0.16736301533841416,-0.006349552885029144,10.54544372952927,neutral,False,0.0,0.013466101868662156,0.16736301533841416
2023-08-10,29581.99,29738.0,29320.2,29455.75,23463.45373,513691,692863472.0877249,53,Neutral,39.555075473303766,0.013515788693687166,0.16728703264332964,-0.004276592986209428,10.06319932918955,neutral,False,0.06,0.013515788693687166,0.16728703264332964
2023-08-11,29455.76,29564.52,29252.45,29426.03,20637.0443,437828,607176051.3015367,51,Neutral,29.54589907176935,0.013485937367005357,0.16695222764517928,-0.0010094804377126705,9.934843006821659,neutral,False,0.02,0.013485937367005357,0.16695222764517928
2023-08-12,29426.02,29481.35,29381.56,29430.17,8971.48068,310852,263949405.5434029,54,Neutral,12.759423980795676,0.013205884631992244,0.16252222885427112,0.0001406818655240356,9.101806011664364,neutral,False,0.08,0.013205884631992244,0.16252222885427112
2023-08-13,29430.18,29474.65,29272.32,29303.84,11101.70947,341726,326264625.2296824,54,Neutral,13.567215994093079,0.011977334076814353,0.12053910032048949,-0.004301773191170979,9.314854381748978,neutral,False,0.08,0.011977334076814353,0.12053910032048949
2023-08-14,29303.85,29695.32,29102.45,29430.93,31443.11532,671592,924613476.681799,50,Neutral,27.616557819078633,0.012186571978984184,0.12131143309673816,0.0043275966976988696,10.355935329420532,neutral,False,0.0,0.012186571978984184,0.12131143309673816
2023-08-15,29430.92,29499.26,29059.6,29200.0,27503.87691,591162,806683957.3100156,53,Neutral,84.57020974420256,0.012051431982028403,0.12377001526132815,-0.0078774528796102,10.222082252263576,neutral,False,0.06,0.012051431982028403,0.12377001526132815
2023-08-16,29200.01,29259.85,28723.08,28730.51,32996.69854,768028,959870747.0063142,52,Neutral,0.0,0.012104300573413213,0.13554384726535937,-0.016209084961303622,10.404162791201435,neutral,False,0.04,0.012104300573413213,0.13554384726535937
2023-08-17,28730.51,28783.48,25166.0,26623.41,100271.54033,1976577,2755821274.340605,50,Neutral,0.0,0.02163641454186123,0.29872324302292835,-0.07616872037641167,11.515637188223057,neutral,False,0.0,0.02163641454186123,0.29872324302292835
2023-08-18,26623.41,26832.6,25619.0,26054.0,69790.65711,1293122,1834219523.699404,37,Fear,187.12257738892893,0.022500864432762988,0.3035345461438867,-0.021619596661148415,11.153255427499182,fear,False,-0.26,0.022500864432762988,0.3035345461438867
2023-08-19,26054.0,26281.0,25801.09,26100.01,26160.75343,615764,680623880.8247554,39,Fear,85.32436501400771,0.022555889495617043,0.3045479660018486,0.0017643901949644589,10.172015605997377,fear,False,-0.22,0.022555889495617043,0.3045479660018486
2023-08-20,26100.01,26299.0,25971.05,26189.99,19056.91209,451543,497880752.2301158,37,Fear,76.81503733182544,0.022533535713087704,0.3059932511776178,0.003441579224086804,9.85518515411464,fear,False,-0.26,0.022533535713087704,0.3059932511776178
2023-08-21,26190.0,26258.42,25812.0,26126.92,30267.24233,565987,788205156.3215925,38,Fear,61.72847276513109,0.02201904619221366,0.2955671318958445,-0.0024110762869472635,10.31782129545406,fear,False,-0.24,0.02201904619221366,0.2955671318958445
2023-08-22,26126.92,26139.42,25300.0,26056.0,34247.06688,603624,886782344.1602929,37,Fear,0.0,0.0218638646521747,0.2927761837026841,-0.0027181324335439115,10.441356201483035,fear,False,-0.26,0.0218638646521747,0.2927761837026841
2023-08-23,26055.99,26819.27,25812.82,26432.72,44023.69978,673711,1156326251.922411,37,Fear,0.0,0.022356932342315287,0.30073018121491424,0.01435456870308414,10.69248339925423,fear,False,-0.26,0.022356932342315287,0.30073018121491424
2023-08-24,26432.71,26577.87,25864.0,26180.05,30205.22116,575619,792966965.8982658,41,Fear,210.0476952011964,0.022523470095545582,0.30104201169286926,-0.009604966342235453,10.315770074512598,fear,False,-0.18,0.022523470095545582,0.30104201169286926
2023-08-25,26180.05,26314.05,25777.15,26060.01,27753.33772,611438,722611079.1898074,39,Fear,85.94850124100437,0.022678779958277256,0.3007118242227968,-0.004595714908301547,10.231111390139937,fear,False,-0.22,0.022678779958277256,0.3007118242227968
2023-08-26,26060.0,26125.77,25985.92,26017.37,10022.22322,329412,261041530.4758038,38,Fear,16.592353501581478,0.022668885817568006,0.30022820923834054,-0.0016375635459644805,9.212560228271032,fear,False,-0.24,0.022668885817568006,0.30022820923834054
2023-08-27,26017.38,26182.23,25966.11,26101.77,12099.64216,349090,315548363.0193776,38,Fear,38.290668549351345,0.022538928323342505,0.2998289230824104,0.00323873624067934,9.400931157593806,fear,False,-0.24,0.022538928323342505,0.2998289230824104
2023-08-28,26101.78,26253.99,25864.5,26120.0,22692.62655,523057,591008939.17657,39,Fear,51.77117230954654,0.022076933786887156,0.28667676730417585,0.000698176287035663,10.029795329117633,fear,False,-0.22,0.022076933786887156,0.28667676730417585
2023-08-29,26120.0,28142.85,25922.0,27716.34,74251.99488,1137083,2023326050.758479,39,Fear,0.0,0.024428609375511858,0.3699395736066363,0.059320826564098275,11.21521992337474,fear,False,-0.22,0.024428609375511858,0.3699395736066363
2023-08-30,27716.34,27768.57,27017.24,27299.99,35448.25848,690292,969086451.1625257,49,Neutral,107.56941327292787,0.024631585107375044,0.3723368842321355,-0.0151357950818478,10.475829404660459,neutral,False,-0.02,0.024631585107375044,0.3723368842321355
2023-08-31,27299.99,27587.51,25655.01,25940.78,51032.80401,944690,1360373186.0116708,52,Neutral,0.0,0.026453714951174004,0.4080507134996625,-0.05107008806335594,10.840223920814143,neutral,False,0.04,0.026453714951174004,0.4080507134996625
2023-09-01,25940.77,26156.0,25333.75,25805.05,41032.15056,881179,1059444591.7097493,40,Fear,0.0,0.026795341181075082,0.4073698992946664,-0.005246038619321044,10.622111198393625,fear,False,-0.2,0.026795341181075082,0.4073698992946664
2023-09-02,25805.04,25987.5,25752.47,25869.51,16250.77698,567728,419812969.9468598,39,Fear,30.586291661978187,0.026807147222993426,0.408584958714419,0.0024948459526167835,9.69589600076867,fear,False,-0.22,0.026807147222993426,0.408584958714419
2023-09-03,25869.52,26135.0,25800.0,25971.21,17474.47667,496412,453100690.1021077,40,Fear,24.96317141292108,0.02672620520139816,0.40844895030083245,0.003923561650647033,9.768496619300219,fear,False,-0.2,0.02672620520139816,0.40844895030083245
2023-09-04,25971.21,26108.02,25631.21,25826.02,21777.59609,596830,563532890.5699993,40,Fear,73.23353876201226,0.0267647203454232,0.408408701151876,-0.005606105973525642,9.988637018035512,fear,False,-0.2,0.0267647203454232,0.408408701151876
2023-09-05,25826.03,25915.49,25562.62,25792.1,21323.39337,566736,548893707.6002005,40,Fear,44.90524612641699,0.026712498445145377,0.406957531978845,-0.0013142673496244822,9.967560029310643,fear,False,-0.2,0.026712498445145377,0.406957531978845
2023-09-06,25792.11,26040.0,25372.51,25759.95,27262.52386,636302,700763180.8011677,42,Fear,82.00784280253932,0.020010397352308064,0.3093302560996409,-0.0012472832474370724,10.213268285704366,fear,False,-0.16,0.020010397352308064,0.3093302560996409
2023-09-07,25759.95,26443.14,25615.38,26255.0,27687.49567,631929,718923008.9071183,41,Fear,0.0,0.019494255732995916,0.30817773137836046,0.019035486849342184,10.228736170399218,fear,False,-0.18,0.019494255732995916,0.30817773137836046
2023-09-08,26255.0,26445.5,25647.26,25910.5,28999.76471,646852,754184537.1096923,46,Fear,296.3347353644485,0.019769708337037055,0.31184932759637235,-0.01320815513349337,10.275042995487421,neutral,False,-0.08,0.019769708337037055,0.31184932759637235
2023-09-09,25910.5,25945.09,25796.64,25901.61,10980.62277,359038,284109473.8075783,41,Fear,12.856118328818038,0.01971282561838742,0.3115259052679876,-0.0003431630206622342,9.303887432034319,fear,False,-0.18,0.01971282561838742,0.3115259052679876
2023-09-10,25901.6,26033.66,25570.57,25841.61,18738.26914,489773,483577459.2055345,40,Fear,21.60578012253729,0.019725680458820057,0.31151880607956317,-0.0023191454606873935,9.838323189733844,fear,False,-0.2,0.019725680458820057,0.31151880607956317
2023-09-11,25841.6,25900.69,24901.0,25162.52,41682.32,864138,1057371884.6697066,40,Fear,0.0,0.01994567822567029,0.3249992072214985,-0.02663039767580389,10.637832337066266,fear,False,-0.2,0.01994567822567029,0.3249992072214985
2023-09-12,25162.53,26567.0,25131.48,25840.1,56434.38537,1047056,1464393036.9616623,30,Fear,80.12374932536592,0.020666206780792874,0.3357419935966525,0.02657196307677719,10.940833921393944,fear,False,-0.4,0.020666206780792874,0.3357419935966525
2023-09-13,25840.1,26405.22,25764.17,26222.0,31610.82753,714880,825437881.4687591,41,Fear,125.39459963549956,0.020606224961519183,0.3386638095184811,0.014671204201257093,10.361254984240606,fear,False,-0.18,0.020606224961519183,0.3386638095184811
2023-09-14,26222.0,26860.49,26126.77,26522.73,38333.1725,799278,1015267319.7730227,45,Fear,0.0,0.02075538350267101,0.3404908508237292,0.011403348118842957,10.554070923016301,fear,False,-0.1,0.02075538350267101,0.3404908508237292
2023-09-15,26522.73,26888.0,26224.0,26600.0,26227.29369,654094,695203258.0004445,45,Fear,207.47439695213018,0.021012902016283717,0.3404274585573686,0.0029091145916004006,10.174555891403699,fear,False,-0.1,0.021012902016283717,0.3404274585573686
2023-09-16,26599.99,26777.0,26445.0,26559.67,13960.93351,526416,370889866.4592735,43,Fear,70.96993652746364,0.021050181334912325,0.3404511257054415,-0.0015173159554027868,9.544018244424482,fear,False,-0.14,0.021050181334912325,0.3404511257054415
2023-09-17,26559.67,26623.25,26399.0,26527.51,12998.10277,476775,344703727.5601071,46,Fear,20.67018323390782,0.02098503544744627,0.3405313568085613,-0.0012115920994153866,9.472558685024053,neutral,False,-0.08,0.02098503544744627,0.3405313568085613
2023-09-18,26527.5,27409.0,26377.35,26762.51,43000.43256,938705,1158780347.625305,46,Fear,22.244959569922795,0.01857582969293396,0.2639439628548319,0.008819719840065637,10.668965454159986,neutral,False,-0.08,0.01857582969293396,0.2639439628548319
2023-09-19,26762.5,27483.57,26667.79,27210.26,36190.52187,898076,981539255.55962,46,Fear,185.9165931990563,0.018651180602855214,0.2666183634753441,0.01659208048714994,10.496552536735663,neutral,False,-0.08,0.018651180602855214,0.2666183634753441
2023-09-20,27210.25,27388.63,26800.0,27125.0,34207.21867,867288,927206075.9626273,47,Neutral,169.37304490623146,0.016163664994289076,0.1879078008905247,-0.003138296199427117,10.440191973000312,neutral,False,-0.06,0.016163664994289076,0.1879078008905247
2023-09-21,27125.01,27159.6,26377.7,26568.08,34476.82662,823416,920768143.3513128,47,Neutral,0.0,0.016070281795720676,0.20349622129316758,-0.020745316649489014,10.448042685159283,neutral,False,-0.06,0.016070281795720676,0.20349622129316758
2023-09-22,26568.08,26743.38,26468.77,26580.14,18198.2292,567149,484331618.9485319,43,Fear,42.727483130676575,0.016083738062070273,0.20348712915962577,0.0004538251782273123,9.809079571627958,fear,False,-0.14,0.016083738062070273,0.20348712915962577
2023-09-23,26580.14,26632.81,26509.0,26575.96,9440.7026,421717,250873957.3886738,47,Neutral,24.215882614196513,0.01600239868690191,0.20331943505664637,-0.0001572726369548166,9.152785684336024,neutral,False,-0.06,0.01600239868690191,0.20331943505664637
2023-09-24,26575.97,26738.54,26122.08,26248.38,15706.65771,545045,416368301.3736848,44,Fear,11.126387096736728,0.016117118799007454,0.20769948111053066,-0.01240277490489352,9.661839959411017,fear,False,-0.12,0.016117118799007454,0.20769948111053066
2023-09-25,26248.39,26446.15,25990.46,26304.81,26266.2039,873488,688252596.3809944,47,Neutral,17.198173805004316,0.016180851459481026,0.20759312360029628,0.002147539347757194,10.176038369002358,neutral,False,-0.06,0.016180851459481026,0.20759312360029628
2023-09-26,26304.8,26397.46,26088.34,26221.67,18495.35066,697727,485217905.0421048,46,Fear,87.28434436302575,0.015879604678407076,0.20797794791480503,-0.0031656440496646743,9.825274663805665,neutral,False,-0.08,0.015879604678407076,0.20797794791480503
2023-09-27,26221.68,26850.0,26112.06,26372.99,34771.57978,939690,918797815.048481,44,Fear,35.690819602377736,0.01574569941123892,0.19769684304354082,0.005754212215801186,10.456555659115002,fear,False,-0.12,0.01574569941123892,0.19769684304354082
2023-09-28,26373.0,27308.48,26342.4,27021.39,44517.83491,1158974,1193420040.1309185,46,Fear,17.871055333006666,0.015949324535175367,0.20842050123261424,0.024288394222757907,10.70364517235606,neutral,False,-0.08,0.015949324535175367,0.20842050123261424
2023-09-29,27021.39,27244.89,26665.16,26906.96,28478.76219,878610,767827314.9319088,48,Neutral,143.23748972483992,0.01619041555877611,0.20948389797418798,-0.0042437853832940535,10.256913902151618,neutral,False,-0.04,0.01619041555877611,0.20948389797418798
2023-09-30,26906.96,27094.99,26886.31,26962.56,12804.62307,534908,345406056.6806953,47,Neutral,32.530194433595646,0.016043634614736624,0.20888885812178837,0.002064247824862265,9.457561562042622,neutral,False,-0.06,0.016043634614736624,0.20888885812178837
2023-10-01,26962.57,28065.51,26954.09,27992.57,24602.81468,883593,674657121.9944204,48,Neutral,0.0,0.016090402793627504,0.2157130443872187,0.03748988079317705,10.110616133261406,neutral,False,-0.04,0.016090402793627504,0.2157130443872187
2023-10-02,27992.58,28580.0,27281.44,27494.51,57071.14241,1464158,1600944483.4902065,50,Neutral,73.18067978279846,0.015564374034646394,0.21545682003886343,-0.017952769440012815,10.952053881027966,neutral,False,0.0,0.015564374034646394,0.21545682003886343
2023-10-03,27494.51,27676.52,27160.5,27426.46,28928.96555,1202377,794301815.426502,50,Neutral,0.0,0.015418974540665216,0.21181310330585418,-0.0024781075361443865,10.27259864033123,neutral,False,0.0,0.015418974540665216,0.21181310330585418
2023-10-04,27426.45,27839.72,27202.0,27778.57,29816.142,1188381,820421385.2557853,49,Neutral,124.4083076019724,0.015283842250918939,0.21264197274937413,0.012756619276586195,10.302805203691355,neutral,False,-0.02,0.015283842250918939,0.21264197274937413
2023-10-05,27778.57,28120.39,27352.0,27410.39,30681.49619,1210397,849415594.0472504,48,Neutral,70.36397465524935,0.015367581333773094,0.21974444629422607,-0.013342721522066097,10.331415021893134,neutral,False,-0.04,0.015367581333773094,0.21974444629422607
2023-10-06,27410.39,28295.0,27175.94,27931.09,37983.24277,1326700,1052864393.8176135,50,Neutral,207.50386223840297,0.01620867225895572,0.22775042202078447,0.018818266735082634,10.544900361711523,neutral,False,0.0,0.01620867225895572,0.22775042202078447
2023-10-07,27931.1,28029.67,27842.08,27956.67,13348.83825,641623,372820279.523143,49,Neutral,13.396493082097159,0.016193946589491272,0.22741342928315803,0.0009154062279922295,9.49918463756981,neutral,False,-0.02,0.016193946589491272,0.22741342928315803
2023-10-08,27956.67,28095.14,27687.5,27917.05,19693.56921,822730,549839951.4800811,50,Neutral,35.459789055268594,0.015477462309074371,0.2266160855603937,-0.0014181982742726472,9.888047425393628,neutral,False,0.0,0.015477462309074371,0.2266160855603937
2023-10-09,27917.06,27987.93,27260.0,27590.12,31534.74639,1156525,870014634.3621609,50,Neutral,0.0,0.015352604226562887,0.22494337246138313,-0.011779875664382407,10.358845276890053,neutral,False,0.0,0.015352604226562887,0.22494337246138313
2023-10-10,27590.12,27735.0,27298.0,27390.12,22776.84383,1002272,626258724.2775784,50,Neutral,106.60234447653545,0.015222968444965594,0.226352925089787,-0.007275373195296091,10.03349967735833,neutral,False,0.0,0.015222968444965594,0.226352925089787
2023-10-11,27390.12,27477.39,26538.66,26875.52,37349.44706,1336479,1007065585.9346406,47,Neutral,0.0,0.015431811729282584,0.22421798755089611,-0.01896652932854734,10.528073386167577,neutral,False,-0.06,0.015431811729282584,0.22421798755089611
2023-10-12,26875.52,26947.04,26555.0,26759.63,23428.64112,1066082,626909068.3868717,45,Fear,71.5354470329502,0.015494932897104755,0.22489198990021128,-0.004321426540286491,10.061714532380744,fear,False,-0.1,0.015494932897104755,0.22489198990021128
2023-10-13,26759.63,27130.0,26685.0,26862.0,24115.76499,1035322,647553796.3580662,44,Fear,16.308389252999724,0.015640780599740625,0.22521872643836668,0.0038182399293200187,10.090621054579229,fear,False,-0.12,0.015640780599740625,0.22521872643836668
2023-10-14,26862.0,26989.58,26789.0,26852.48,10417.25576,517837,280059019.0534013,47,Neutral,38.73452440203156,0.015356631444810712,0.22003987377524975,-0.0003544668067039467,9.25121891785738,neutral,False,-0.06,0.015356631444810712,0.22003987377524975
2023-10-15,26852.48,27293.33,26808.25,27154.15,15274.6917,682942,412673965.3439348,45,Fear,18.620553554525532,0.015368065216088597,0.222902151410578,0.011171707530674917,9.633952600530055,fear,False,-0.1,0.015368065216088597,0.222902151410578
2023-10-16,27154.14,30000.0,27112.66,28500.78,78399.22445,2289339,2210785548.2360964,47,Neutral,0.0,0.02045369770022833,0.27692474043825144,0.04840156611029453,11.269569314070184,neutral,False,-0.06,0.02045369770022833,0.27692474043825144
2023-10-17,28500.77,28613.65,28069.32,28395.91,38428.44532,1345810,1090741746.4830873,52,Neutral,43.61398840283536,0.020273144039660042,0.27823167538488347,-0.0036863346095197267,10.55655322788759,neutral,False,0.04,0.020273144039660042,0.27823167538488347
2023-10-18,28395.91,28982.36,28142.87,28320.0,32162.47591,1215235,914773525.1527581,50,Neutral,74.88817480386467,0.020079505772239343,0.2680383975837946,-0.0026768518861103275,10.37855570758078,neutral,False,0.0,0.020079505772239343,0.2680383975837946
2023-10-19,28320.0,28916.89,28100.66,28713.71,35895.50179,1330256,1023984017.0322788,52,Neutral,244.78621545696234,0.020239289707271617,0.2698038200692511,0.01380644022600064,10.488367268297187,neutral,False,0.04,0.020239289707271617,0.2698038200692511
2023-10-20,28713.71,30207.55,28578.29,29669.04,59422.0992,1915748,1753411192.551091,53,Neutral,0.0,0.021540384645420328,0.28927218219295575,0.03272936881268124,10.992421476564905,neutral,False,0.06,0.021540384645420328,0.28927218219295575
2023-10-21,29669.05,30379.99,29464.77,29909.8,27517.51897,1152137,821964508.4353629,63,Greed,52.773822118323395,0.021246617323702026,0.26279442610163967,0.008082108028452294,10.222578134276795,greed,False,0.26,0.021246617323702026,0.26279442610163967
2023-10-22,29909.8,30248.0,29640.0,29992.46,22852.54563,1008299,683854827.8969322,53,Neutral,147.8924541704925,0.020490481538900603,0.2505649307764925,0.002759830846653565,10.036817796244064,neutral,False,0.06,0.020490481538900603,0.2505649307764925
2023-10-23,29992.46,34741.91,29883.6,33069.99,93513.64246,2839938,2941620022.8651876,53,Neutral,0.0,0.02868245084273786,0.41357742248543045,0.09768020786547688,11.445862613296246,neutral,False,0.06,0.02868245084273786,0.41357742248543045
2023-10-24,33069.99,35280.0,32832.34,33922.73,115265.02418,2850160,3933194868.161196,66,Greed,21.99274231074523,0.030103683952752824,0.4174029125034664,0.02545906657086265,11.654989314011143,greed,False,0.32,0.030103683952752824,0.4174029125034664
2023-10-25,33922.73,35132.85,33679.05,34496.05,54887.02529,1643976,1888210825.6063828,72,Greed,277.61061866436916,0.03040718446179773,0.4086692907576491,0.016759533553249224,10.913032266050973,greed,False,0.44,0.03040718446179773,0.4086692907576491
2023-10-26,34496.05,34824.13,33751.0,34151.66,39744.66255,1382785,1363077907.10912,71,Greed,249.35414576136884,0.030214223438424132,0.4146026427997233,-0.01003363081588025,10.59023083559502,greed,False,0.42,0.030214223438424132,0.4146026427997233
2023-10-27,34151.66,34245.0,33390.95,33892.02,32330.40106,1112240,1096889423.419842,70,Greed,0.0,0.030390605244270483,0.41819565207063686,-0.00763160546721126,10.383763275838946,greed,False,0.4,0.030390605244270483,0.41819565207063686
2023-10-28,33892.01,34493.33,33860.0,34081.0,16880.13144,607438,575936523.347353,65,Greed,0.0,0.03042909393712063,0.4164813670220849,0.005560455807826632,9.73389255484949,greed,False,0.3,0.03042909393712063,0.4164813670220849
2023-10-29,34081.01,34750.11,33930.0,34525.89,20685.52176,717480,711652985.1790963,72,Greed,103.3559711795434,0.030392306564778634,0.40852448664490804,0.012969433130901344,9.937189302652808,greed,False,0.44,0.030392306564778634,0.40852448664490804
2023-10-30,34525.88,34856.0,34062.84,34474.73,33657.95976,1117727,1159771907.6421053,68,Greed,150.7460036634113,0.030474557186334288,0.4055542944404993,-0.0014828854979810758,10.424004852717012,greed,False,0.36,0.030474557186334288,0.4055542944404993
2023-10-31,34474.74,34720.49,34025.0,34639.77,32737.89822,1179053,1125442444.4884882,66,Greed,157.3505771092554,0.03023725677602495,0.39036875531898896,0.004775852062776867,10.396288652774059,greed,False,0.32,0.03023725677602495,0.39036875531898896
2023-11-01,34639.78,35582.0,34097.39,35421.43,53473.28165,1624635,1856348820.4794536,66,Greed,58.76702937036819,0.030711146157517473,0.38640410397740294,0.022314560261213128,10.886937399726968,greed,False,0.32,0.030711146157517473,0.38640410397740294
2023-11-02,35421.43,35984.99,34300.0,34941.59,48015.57732,1450837,1686141698.092171,72,Greed,248.08792451480645,0.03130042032073348,0.39733223038644816,-0.013639193957310053,10.779280764742369,greed,False,0.44,0.03130042032073348,0.39733223038644816
2023-11-03,34941.58,34946.5,34120.0,34716.78,39071.20644,1237373,1347962831.5658624,65,Greed,9.158374281104031,0.0314490653089259,0.4006578748132523,-0.0064546666973641625,10.573141066507617,greed,False,0.3,0.0314490653089259,0.4006578748132523
2023-11-04,34716.78,35255.0,34585.18,35062.07,18377.55545,794787,639958598.4198353,68,Greed,0.0,0.031462357946281064,0.4007539688673112,0.00989677583723088,9.818885386520252,greed,False,0.36,0.031462357946281064,0.4007539688673112
2023-11-05,35062.06,35380.0,34448.0,35011.88,24528.73376,1038468,859350974.0014893,70,Greed,149.12255732395485,0.028601632295457854,0.3805334382115669,-0.0014324869251003767,10.107600515863101,greed,False,0.4,0.028601632295457854,0.3805334382115669
2023-11-06,35011.89,35276.33,34725.9,35046.09,22346.47086,988246,782427702.2653205,74,Greed,103.51658158042042,0.028563278260591768,0.3786174674165041,0.0009766198683485855,10.014423684217963,greed,False,0.48,0.028563278260591768,0.3786174674165041
2023-11-07,35046.09,35888.0,34523.06,35399.12,38688.73692,1352796,1358031361.1978526,68,Greed,74.06212839740066,0.028764468636010683,0.3754161929236285,0.010022908737337355,10.563303800999861,greed,False,0.36,0.028764468636010683,0.3754161929236285
2023-11-08,35399.13,36106.0,35100.0,35624.72,33401.34137,1132568,1185492160.4927278,66,Greed,76.00167811351137,0.02875778267863883,0.3756504748423818,0.0063528178351219345,10.416351338936812,greed,False,0.32,0.02875778267863883,0.3756504748423818
2023-11-09,35624.72,37972.24,35534.05,36701.09,82537.88885,2138765,3033417922.7826815,69,Greed,0.0,0.02917184062879919,0.37349584463827395,0.029766675983155067,11.321012725683612,greed,False,0.38,0.02917184062879919,0.37349584463827395
2023-11-10,36701.1,37526.0,36324.71,37301.63,43414.04898,1297729,1605069174.5241032,70,Greed,182.1831228949929,0.029209803655065595,0.37387688318133766,0.01623057053490802,10.678538376922562,greed,False,0.4,0.029209803655065595,0.37387688318133766
2023-11-11,37301.63,37408.26,36666.93,37130.0,22984.97235,923300,851924612.7339427,70,Greed,136.740472121268,0.029206206395654466,0.37694591378554054,-0.004611757237879132,10.042595905281154,greed,False,0.4,0.029206206395654466,0.37694591378554054
2023-11-12,37129.99,37222.22,36731.1,37064.13,17687.18874,810885,655570813.1382711,73,Greed,96.71032674347647,0.0211417328761906,0.19282388046515064,-0.0017756126342137468,9.780595856492235,greed,False,0.46,0.0211417328761906,0.19282388046515064
2023-11-13,37064.13,37417.99,36333.0,36462.93,32798.18252,1217191,1208037462.3041444,72,Greed,69.01713621359366,0.019218592016482988,0.1931201345167982,-0.016353527492521336,10.398128381861381,greed,False,0.44,0.019218592016482988,0.1931201345167982
2023-11-14,36462.93,36744.0,34800.0,35551.19,45503.68416,1404428,1639130785.08681,69,Greed,0.0,0.019759346899751902,0.21196867837526787,-0.0253224983929354,10.725548572210554,greed,False,0.38,0.019759346899751902,0.21196867837526787
2023-11-15,35551.2,37980.0,35360.0,37858.2,53569.13385,1545427,1963249656.5094738,60,Greed,56.90260021130628,0.02156156334407087,0.29931271450497926,0.06287397140001015,10.888728320179798,greed,False,0.2,0.02156156334407087,0.29931271450497926
2023-11-16,37858.2,37929.54,35500.0,36163.51,47490.39566,1542446,1744503339.0151725,70,Greed,626.1571169692486,0.02307431286695737,0.3476823374498225,-0.04579700167213188,10.768282772946659,greed,False,0.4,0.02307431286695737,0.3476823374498225
2023-11-17,36163.51,36800.0,35861.1,36613.92,38283.61112,1349322,1391225051.1923273,63,Greed,117.48045025235541,0.0232007836576167,0.34912407118384553,0.012377896572665345,10.55277717549595,greed,False,0.26,0.0232007836576167,0.34912407118384553
2023-11-18,36613.91,36845.49,36178.58,36568.1,17102.24186,784498,624434069.5256634,69,Greed,110.27791493062088,0.023108585590016186,0.3477003858758492,-0.001252220312786142,9.74696483682149,greed,False,0.38,0.023108585590016186,0.3477003858758492
2023-11-19,36568.11,37500.0,36384.02,37359.86,21246.34648,862400,781531839.4371592,66,Greed,0.0,0.02325750400333694,0.35335326247710286,0.021420590373204398,9.963940229217904,greed,False,0.32,0.02325750400333694,0.35335326247710286
2023-11-20,37359.85,37750.0,36677.0,37448.78,36022.70291,1485050,1343722642.386475,69,Greed,118.48759895443183,0.023420563362427906,0.35338765179580983,0.0023772666332884944,10.491904655059571,greed,False,0.38,0.023420563362427906,0.35338765179580983
2023-11-21,37448.79,37649.44,35735.0,35741.65,47646.54804,1936895,1756747495.9818547,71,Greed,115.13652939013781,0.023767247228679407,0.38875365551811264,-0.046657457238005864,10.771565462386796,greed,False,0.42,0.023767247228679407,0.38875365551811264
2023-11-22,35741.65,37861.1,35632.01,37408.34,45051.30697,1648374,1657141022.427348,62,Greed,467.1862759339465,0.024285970279265788,0.416150124405204,0.045576998787717926,10.715557274158387,greed,False,0.24,0.024285970279265788,0.416150124405204
2023-11-23,37408.35,37653.44,36870.0,37294.28,23827.92882,992284,888826648.8541473,66,Greed,85.45370712156057,0.024237370435238333,0.41525492546042003,-0.003053710529443689,10.078613651502216,greed,False,0.32,0.024237370435238333,0.41525492546042003
2023-11-24,37294.27,38414.0,37251.51,37713.57,44680.80646,1379414,1688715728.079148,66,Greed,0.0,0.024450845075656605,0.4155386782311062,0.011180012954367782,10.707299302706904,greed,False,0.32,0.024450845075656605,0.4155386782311062
2023-11-25,37713.57,37888.0,37591.1,37780.67,11396.14464,569448,430165251.7609749,73,Greed,23.92622268643715,0.024209667829584693,0.4151745096419907,0.0017776195288349984,9.341030387709946,greed,False,0.46,0.024209667829584693,0.4151745096419907
2023-11-26,37780.67,37814.63,37150.0,37447.43,21264.53723,848020,797321193.5893991,73,Greed,0.0,0.024234651697636625,0.4175248743100299,-0.008859513391713852,9.96479604540062,greed,False,0.46,0.024234651697636625,0.4175248743100299
2023-11-27,37447.42,37569.23,36707.0,37242.7,30001.07376,1238017,1112557435.2767923,66,Greed,0.0,0.023873111482142807,0.41784769823854007,-0.005482130309367848,10.308988452003774,greed,False,0.32,0.023873111482142807,0.41784769823854007
2023-11-28,37242.7,38377.0,36868.41,37818.87,37544.46667,1272779,1414360251.6823456,68,Greed,44.62787870817796,0.02417702203152731,0.42015204033965114,0.01535223194675372,10.533281287345863,greed,False,0.36,0.02417702203152731,0.42015204033965114
2023-11-29,37818.88,38450.0,37570.0,37854.64,32994.19107,1131353,1252586505.66259,72,Greed,103.88821183749444,0.0226885844720982,0.40807052764945223,0.0009453771250752638,10.40408679677202,greed,False,0.44,0.0226885844720982,0.40807052764945223
2023-11-30,37854.65,38145.85,37500.0,37723.96,24740.29147,1007791,934491058.9608141,74,Greed,90.55786300506948,0.022381694685819128,0.40464465594849086,-0.0034581251896556686,10.116188427202868,greed,False,0.48,0.022381694685819128,0.40464465594849086
2023-12-01,37723.97,38999.0,37615.86,38682.52,43415.66324,1523417,1669750777.6239815,71,Greed,18.08585428616131,0.022742692152292975,0.41325220758175507,0.025092382063089787,10.678575559125726,greed,False,0.42,0.022742692152292975,0.41325220758175507
2023-12-02,38682.51,39717.14,38641.61,39450.35,26696.92161,1034690,1043421976.7660652,74,Greed,0.0,0.02297042031360085,0.4176009416296481,0.019655100831166433,10.192303542235685,greed,False,0.48,0.02297042031360085,0.4176009416296481
2023-12-03,39450.35,40250.0,39274.86,39972.26,26710.65335,1151524,1059860641.0494444,73,Greed,0.0,0.022866417663875177,0.4124519100051938,0.013142794289187723,10.192817766680921,greed,False,0.46,0.022866417663875177,0.4124519100051938
2023-12-04,39972.26,42420.0,39972.26,41991.1,79272.33059,2112219,3285736844.1408806,74,Greed,0.0,0.023093090523328117,0.4254761903691296,0.049271977534901416,11.280644426054996,greed,False,0.48,0.023093090523328117,0.4254761903691296
2023-12-05,41991.1,44488.0,41414.0,44073.32,67490.74644,2072700,2890205389.4901266,75,Greed,0.0,0.023099907099808376,0.4033886495731178,0.04839691964470645,11.11974577768518,greed,False,0.5,0.023099907099808376,0.4033886495731178
2023-12-06,44073.82,44297.21,43335.28,43762.69,51431.10492,1876282,2256979505.594805,72,Greed,79.43519742339929,0.021523762990283135,0.3560430751852657,-0.007072982823143485,10.847998422496964,greed,False,0.44,0.021523762990283135,0.3560430751852657
2023-12-07,43762.69,44047.33,42821.1,43273.14,47103.26845,1414759,2046945851.8836446,72,Greed,45.254113103986974,0.021577818923362597,0.36334538373198894,-0.011249508685349425,10.760097671439755,greed,False,0.44,0.021577818923362597,0.36334538373198894
2023-12-08,43273.15,44700.0,43081.1,44170.99,42900.37556,1311268,1875581755.4469104,72,Greed,84.76823679941596,0.02200285798684748,0.3639350932641735,0.020536119557329653,10.666635859190144,greed,False,0.44,0.02200285798684748,0.3639350932641735
2023-12-09,44171.0,44358.02,43584.51,43713.6,24925.97008,987352,1096487106.5648339,73,Greed,96.08220307779946,0.021754238633185482,0.36756291345826964,-0.010408972260493799,10.123665514032556,greed,False,0.46,0.021754238633185482,0.36756291345826964
2023-12-10,43713.59,44049.0,43563.0,43789.51,18956.61758,830667,830485162.5569535,74,Greed,65.48821681496085,0.021458605185738885,0.36769686008319985,0.0017350244818206502,9.84990836221493,greed,False,0.48,0.021458605185738885,0.36769686008319985
2023-12-11,43789.5,43804.5,40222.0,41253.4,76663.89804,2087142,3205540835.511434,74,Greed,0.0,0.023294638486155598,0.39512365131374727,-0.059660757354924286,11.247186186063411,greed,False,0.48,0.023294638486155598,0.39512365131374727
2023-12-12,41253.41,42104.12,40680.0,41492.39,42722.69773,1526411,1773961284.3375635,67,Greed,161.19393137305116,0.022306747475344557,0.3681499667201455,0.005776503301278852,10.662485620750742,greed,False,0.34,0.022306747475344557,0.3681499667201455
2023-12-13,41492.38,43475.2,40555.0,42869.03,45865.99773,1724659,1919703389.4848804,65,Greed,194.29453607118643,0.024016759764425546,0.37919706640073764,0.032639616880829996,10.733479331331917,greed,False,0.3,0.024016759764425546,0.37919706640073764
2023-12-14,42869.03,43420.0,41400.0,43022.26,42047.05709,1599536,1798740625.30166,72,Greed,356.1672794698619,0.024509242806408402,0.3790375991684024,0.0035680023564587876,10.646544676982877,greed,False,0.44,0.024509242806408402,0.3790375991684024
2023-12-15,43022.26,43080.81,41666.0,41940.3,33421.7932,1323628,1416898938.509979,70,Greed,254.38457466526827,0.024893676359268015,0.39559971304620273,-0.02547047764097721,10.416963457203044,greed,False,0.4,0.024893676359268015,0.39559971304620273
2023-12-16,41940.29,42724.43,41605.0,42278.03,24118.85747,1180886,1020469627.8857331,67,Greed,188.39502892553838,0.025034720254786397,0.3921528898199046,0.008020387258140575,10.090749281145397,greed,False,0.34,0.025034720254786397,0.3921528898199046
2023-12-17,42278.02,42424.07,41252.0,41374.65,27722.11452,1227634,1161963642.9627964,73,Greed,85.15365566180195,0.0251231100731562,0.402485021116014,-0.021599191335207872,10.229985731779845,greed,False,0.46,0.0251231100731562,0.402485021116014
2023-12-18,41374.64,42757.81,40542.93,42657.8,46734.0925,1741647,1936003306.0825727,65,Greed,167.23445612390756,0.025557562171313344,0.41105647424409714,0.030541766708551847,10.752229209433073,greed,False,0.3,0.025557562171313344,0.41105647424409714
2023-12-19,42657.8,43497.0,41811.1,42275.99,40927.86444,1609188,1747830242.4615936,73,Greed,0.0,0.025917213185518175,0.4141846798002082,-0.008990828549252046,10.619566392215148,greed,False,0.46,0.025917213185518175,0.4141846798002082
2023-12-20,42275.99,44283.0,42206.0,43668.93,48710.2947,1934588,2115813869.779619,74,Greed,115.22739747055012,0.02660939144629659,0.42334241599253003,0.03241755264462973,10.79364567687467,greed,False,0.48,0.02660939144629659,0.42334241599253003
2023-12-21,43668.92,44242.35,43286.72,43861.8,34624.29384,1500702,1514529919.1877797,70,Greed,114.1955551191114,0.026327624694335236,0.4181587255699335,0.004406916568444891,10.452310848769033,greed,False,0.4,0.026327624694335236,0.4181587255699335
2023-12-22,43861.79,44398.26,43412.54,43969.04,32783.19638,1404109,1436074497.5128598,74,Greed,144.01379582884073,0.026242005670991875,0.4153121615154185,0.0024419680670525194,10.397671357611138,greed,False,0.48,0.026242005670991875,0.4153121615154185
2023-12-23,43969.04,43988.68,43291.1,43702.16,16557.1293,849658,722943825.3332176,70,Greed,55.71896125035649,0.02612286006643841,0.41617971245058977,-0.006088221088727501,9.714572061462876,greed,False,0.4,0.02612286006643841,0.41617971245058977
2023-12-24,43702.15,43946.0,42500.0,42991.5,25144.33496,1137678,1093460634.8894227,71,Greed,64.02139018750398,0.025276236530242597,0.386628541490712,-0.016395107062850675,10.132387900055868,greed,False,0.42,0.025276236530242597,0.386628541490712
2023-12-25,42991.5,43802.32,42720.43,43576.13,27021.23992,1168428,1172053386.5109816,73,Greed,200.71729176137302,0.023616005110824904,0.3480199184891424,0.013507101635684676,10.204378499432456,greed,False,0.46,0.023616005110824904,0.3480199184891424
2023-12-26,43576.12,43592.68,41637.6,42508.93,41010.04282,1475816,1746333612.304945,71,Greed,38.03562007947905,0.02422794166219271,0.3579576846250493,-0.02479535186467053,10.621572262521136,greed,False,0.42,0.02422794166219271,0.3579576846250493
2023-12-27,42508.93,43677.0,42098.69,43428.85,36191.21136,1439770,1554082990.052276,73,Greed,265.6586274102975,0.02443453076320984,0.36481028962489453,0.02140979529821103,10.496571588227503,greed,False,0.46,0.02443453076320984,0.36481028962489453
2023-12-28,43428.86,43787.57,42241.79,42563.76,35150.52485,1391826,1508408742.378081,73,Greed,292.31034638768006,0.024409008780917417,0.3632630967050189,-0.02012077980823538,10.467394828848528,greed,False,0.46,0.024409008780917417,0.3632630967050189
2023-12-29,42563.76,43111.0,41300.0,42066.95,42597.18912,1571137,1803086285.2465775,65,Greed,0.0,0.024968630440410693,0.36370961621058684,-0.011740790238734814,10.65954354698189,greed,False,0.3,0.024968630440410693,0.36370961621058684
2023-12-30,42066.94,42612.32,41520.3,42140.28,22906.57818,936545,964875790.984935,68,Greed,174.81689726838763,0.02516678293885747,0.3637105008330717,0.0017416561151908701,10.039179405060564,greed,False,0.36,0.02516678293885747,0.3637105008330717
2023-12-31,42140.29,42899.0,41965.84,42283.58,23585.91603,1016484,1001519241.5559053,67,Greed,32.78767715694977,0.02260100831023526,0.2929217226648385,0.0033947781497301243,10.068405034480769,greed,False,0.34,0.02260100831023526,0.2929217226648385
2024-01-01,42283.58,44184.1,42180.77,44179.55,27174.29903,1114623,1169995682.0280013,65,Greed,0.0,0.022984359599137357,0.32965233733560384,0.04386318131378095,10.210026916992508,greed,False,0.3,0.022984359599137357,0.32965233733560384
2024-01-02,44179.55,45879.63,44148.34,44946.91,65146.40661,2247532,2944331821.8230762,71,Greed,0.0,0.021628164106131137,0.3155937532344675,0.01722000317113513,11.084392425391034,greed,False,0.42,0.021628164106131137,0.3155937532344675
2024-01-03,44946.91,45500.0,40750.0,42845.23,81194.55173,2658041,3507104563.744232,70,Greed,0.0,0.02541803299342193,0.3623816918422472,-0.04788769521256018,11.304603426977488,greed,False,0.4,0.02541803299342193,0.3623816918422472
2024-01-04,42845.23,44729.58,42613.77,44151.1,48038.06334,1819944,2095095359.4936347,68,Greed,245.7228335042524,0.025851764199216812,0.36459962350604225,0.03002352150755492,10.77974896189255,greed,False,0.36,0.025851764199216812,0.36459962350604225
2024-01-05,44151.1,44357.46,42450.0,44145.11,48075.25327,2064845,2100953924.3687155,72,Greed,316.5804982015932,0.026276252558792602,0.3641312189279492,-0.0001356796630157846,10.780522838669832,greed,False,0.44,0.026276252558792602,0.3641312189279492
2024-01-06,44145.12,44214.42,43397.05,43968.32,17835.06144,956642,781212883.4916061,70,Greed,91.66038628234729,0.026125954555866093,0.3541248792525974,-0.004012787545087865,9.788921542698748,greed,False,0.4,0.026125954555866093,0.3541248792525974
2024-01-07,43968.32,44480.59,43572.09,43929.02,23023.8508,1109259,1014635096.1241482,71,Greed,76.28590955205685,0.02528287510308243,0.33900274591570717,-0.000894225072540774,10.044285948911574,greed,False,0.42,0.02528287510308243,0.33900274591570717
2024-01-08,43929.01,47248.99,43175.0,46951.04,72814.57589,2364464,3298772150.6815076,71,Greed,56.28096397420814,0.02752576775442762,0.4072264981917414,0.06653020711240704,11.195671432413006,greed,False,0.42,0.02752576775442762,0.4072264981917414
2024-01-09,46951.04,47972.0,44748.67,46110.0,69927.66617,2637745,3251442072.8083963,76,Extreme Greed,205.77455025286315,0.02834252571978918,0.40194779443350387,-0.018075510415030107,11.155216646338621,extreme_greed,True,0.52,0.02834252571978918,0.40194779443350387
2024-01-10,46110.0,47695.93,44300.36,46653.99,89911.41203,3133588,4123809481.712767,73,Greed,526.8122873327483,0.02988412416856295,0.40319372093806133,0.01172860796383382,11.406580153782647,greed,False,0.46,0.02988412416856295,0.40319372093806133
2024-01-11,46654.0,48969.48,45606.06,46339.16,87470.3296,2998451,4105139605.028302,76,Extreme Greed,56.75258795667338,0.03122946811847216,0.4047122336953707,-0.006771062230729273,11.37905492455588,extreme_greed,True,0.52,0.03122946811847216,0.4047122336953707
2024-01-12,46339.16,46515.53,41500.0,42782.73,86327.93707,2809192,3827483735.576057,71,Greed,0.0,0.034719146314299,0.49940041767742493,-0.0798528754667809,11.365908545079352,greed,False,0.42,0.034719146314299,0.49940041767742493
2024-01-13,42782.74,43257.0,42436.12,42847.99,36118.47464,1434243,1547370611.5531662,64,Greed,38.56657443729162,0.03452320666471314,0.4961440011695573,0.0015242196406752171,10.494559776295896,greed,False,0.28,0.03452320666471314,0.4961440011695573
2024-01-14,42847.99,43079.0,41720.0,41732.35,28228.40894,1235727,1202212782.257693,60,Greed,28.14672057492797,0.034628055021996326,0.5017353993184537,-0.02638212870563945,10.248084159049935,greed,False,0.2,0.034628055021996326,0.5017353993184537
2024-01-15,41732.35,43400.43,41718.05,42511.1,40269.89303,1657611,1718982911.1081028,52,Neutral,274.29162302393036,0.03448651925801704,0.4993569074403448,0.01848861088034885,10.60335939752213,neutral,False,0.04,0.03448651925801704,0.4993569074403448
2024-01-16,42511.1,43578.01,42050.0,43137.95,45045.74589,1716580,1931947150.05907,64,Greed,232.847827325886,0.03446543923962411,0.496074271775805,0.014637901828299413,10.715433827723004,greed,False,0.28,0.03446543923962411,0.496074271775805
2024-01-17,43137.94,43198.0,42200.69,42776.1,33266.21388,1438172,1419888430.9228892,60,Greed,168.1064283977339,0.03426968800095294,0.491604305118163,-0.008423584725432613,10.412297562717175,greed,False,0.2,0.03426968800095294,0.491604305118163
2024-01-18,42776.09,42930.0,40683.28,41327.5,43907.51641,1466087,1839426541.263579,63,Greed,0.0,0.03454425361895932,0.505367589190121,-0.03445139745815894,10.68984080103607,greed,False,0.26,0.03454425361895932,0.505367589190121
2024-01-19,41327.51,42196.86,40280.0,41659.03,48342.74559,1641428,1993846466.5387518,51,Neutral,177.52459539309478,0.03493034634134221,0.5062844758755314,0.007990013891329613,10.786071450120769,neutral,False,0.02,0.03493034634134221,0.5062844758755314
2024-01-20,41659.03,41872.56,41456.3,41696.04,15923.99493,807324,662768008.1509343,52,Neutral,25.624487535868486,0.03483111777257527,0.506101988348527,0.0008880084302503328,9.675582365732817,neutral,False,0.04,0.03483111777257527,0.506101988348527
2024-01-21,41696.05,41881.39,41500.98,41580.33,11730.16301,657817,489151571.0309043,56,Greed,80.36351106868246,0.03429112774906871,0.47792813857701794,-0.002778941360300473,9.369918838396655,greed,False,0.12,0.03429112774906871,0.47792813857701794
2024-01-22,41580.32,41689.65,39431.58,39568.02,55426.19911,2147250,2247452153.7954326,55,Greed,0.0,0.03471482836622836,0.49878262730246337,-0.049606002668420156,10.922807669072315,neutral,False,0.1,0.03471482836622836,0.49878262730246337
2024-01-23,39568.02,40176.74,38555.0,39897.6,57956.63351,2043925,2275851990.6468267,50,Neutral,0.0,0.03188271666562812,0.4761153409059149,0.008294955472882228,10.96745031175947,neutral,False,0.0,0.03188271666562812,0.4761153409059149
2024-01-24,39897.59,40555.0,39484.19,40084.88,39293.82861,1675615,1569704923.8307493,48,Neutral,0.0,0.03141774501366253,0.46065134265401547,0.004683034141144241,10.57882275270198,neutral,False,-0.04,0.03141774501366253,0.46065134265401547
2024-01-25,40084.89,40300.24,39550.0,39961.09,31022.11853,1291233,1238813296.1526136,52,Neutral,143.3839985022598,0.030961309424622684,0.4603710780809172,-0.003092975166303934,10.342455730014223,neutral,False,0.04,0.030961309424622684,0.4603710780809172
2024-01-26,39961.09,42246.82,39822.52,41823.51,47384.96726,1624861,1951700659.289807,49,Neutral,0.0,0.031863843933326606,0.49413169050193617,0.04555239092628425,10.766060310968106,neutral,False,-0.02,0.031863843933326606,0.49413169050193617
2024-01-27,41823.51,42200.0,41394.34,42120.63,16224.41667,751148,678418702.3509445,55,Greed,73.97800087895615,0.031848479421576,0.49528464531992816,0.00707902280697713,9.69427258838361,neutral,False,0.1,0.031848479421576,0.49528464531992816
2024-01-28,42120.63,42842.68,41620.81,42031.06,27294.99838,1032493,1154365891.6682587,54,Neutral,9.095996623351082,0.029711941387414786,0.4239179654861339,-0.002128775638974226,10.214458754864326,neutral,False,0.08,0.029711941387414786,0.4239179654861339
2024-01-29,42031.05,43333.0,41804.88,43302.7,31542.74207,1197856,1343462280.3618684,55,Greed,139.91687192240175,0.02861461425369235,0.4389369216992244,0.029806119942710457,10.359098796179994,neutral,False,0.1,0.02861461425369235,0.4389369216992244
2024-01-30,43302.71,43882.36,42683.99,42941.1,37619.24546,1316610,1633251085.6713595,61,Greed,0.0,0.027097241676346442,0.4356945205300544,-0.008385579459892248,10.535271045769244,greed,False,0.22,0.027097241676346442,0.4356945205300544
2024-01-31,42941.1,43745.11,42276.84,42580.0,39871.13688,1499559,1711665577.0530825,60,Greed,161.36358539619678,0.025767626990726475,0.43586871293007584,-0.00844474979738377,10.59340795464155,greed,False,0.2,0.025767626990726475,0.43586871293007584
2024-02-01,42580.0,43285.13,41884.28,43082.94,35231.04664,1392269,1497121440.6440022,63,Greed,95.18217039807593,0.02118351242360308,0.3345926579189697,0.011742435619609937,10.46968297966492,greed,False,0.26,0.02118351242360308,0.3345926579189697
2024-02-02,43082.95,43488.0,42546.79,43200.0,29672.14418,1086342,1277919437.2905612,63,Greed,46.73967843562823,0.021230999413173926,0.33467464349087395,0.0027134001651212595,10.29796397828407,greed,False,0.26,0.021230999413173926,0.33467464349087395
2024-02-03,43199.99,43380.01,42880.0,43011.09,12033.40998,609962,518775350.0336009,60,Greed,69.56608170421565,0.020848239077420515,0.32011058388264463,-0.004382505832045197,9.395442225161663,greed,False,0.2,0.020848239077420515,0.32011058388264463
2024-02-04,43011.1,43119.04,42222.0,42582.88,17066.89404,931235,730999557.7083682,60,Greed,0.0,0.020357601683136085,0.31601752773843567,-0.010005694851545816,9.744895844926994,greed,False,0.2,0.020357601683136085,0.31601752773843567
2024-02-05,42582.88,43569.76,42258.1,42708.7,29467.75905,1317397,1262620640.5407174,60,Greed,137.05466736133752,0.020206602300369626,0.31157057125493115,0.002950351987088814,10.29105203110306,greed,False,0.2,0.020206602300369626,0.31157057125493115
2024-02-06,42708.7,43399.98,42574.0,43098.95,24675.85433,1120760,1061049582.6002767,64,Greed,133.6947761397895,0.020127753930400397,0.3118674286410403,0.009095988310426472,10.113580487005247,greed,False,0.28,0.020127753930400397,0.3118674286410403
2024-02-07,43098.96,44396.5,42788.0,44349.6,34392.59915,1378809,1496013692.382922,62,Greed,0.0,0.01943135754544267,0.29850661438529774,0.028605054685199374,10.445596679226975,greed,False,0.24,0.01943135754544267,0.29850661438529774
2024-02-08,44349.6,45614.3,44331.1,45288.65,45439.62231,1863650,2042912128.1517665,66,Greed,0.0,0.018795837203990265,0.3045610370469466,0.02095275967005496,10.7241397415207,greed,False,0.32,0.018795837203990265,0.3045610370469466
2024-02-09,45288.66,48200.0,45242.12,47132.77,73503.481,2323884,3453043306.4209757,72,Greed,0.0,0.020586697143513702,0.32945578625622846,0.039912063594217916,11.20508804462367,greed,False,0.44,0.020586697143513702,0.32945578625622846
2024-02-10,47132.78,48170.0,46800.0,47751.09,24802.35936,1323421,1176079377.6922762,74,Greed,151.20018876924425,0.02091228966322501,0.32856580286597353,0.013033381077871586,10.118694063111851,greed,False,0.48,0.02091228966322501,0.32856580286597353
2024-02-11,47751.08,48592.66,47557.16,48299.99,29958.80837,1407270,1443314885.7714052,71,Greed,0.0,0.01974259638143061,0.2517508091128396,0.01142945972783506,10.307578662808105,greed,False,0.42,0.01974259638143061,0.2517508091128396
2024-02-12,48300.0,50334.82,47710.01,49917.27,59009.96705,1939394,2898220863.0181804,70,Greed,23.18956575174354,0.020270179042614852,0.2644495544783239,0.03293568144658824,10.985461641671122,greed,False,0.4,0.020270179042614852,0.2644495544783239
2024-02-13,49917.28,50368.61,48300.95,49699.59,55551.56706,1741811,2745025370.067447,79,Extreme Greed,332.7039973882921,0.020728077929785205,0.26931763787011137,-0.004370351494182536,10.925067004570874,extreme_greed,True,0.58,0.020728077929785205,0.26931763787011137
2024-02-14,49699.6,52043.71,49225.01,51795.17,57046.37401,1859392,2919604456.723313,74,Greed,0.0,0.02189060086342997,0.28471448803299704,0.041300218103198914,10.951619795163396,greed,False,0.48,0.02189060086342997,0.28471448803299704
2024-02-15,51795.17,52816.62,51314.0,51880.0,53816.03055,1786569,2802825737.9920154,72,Greed,0.0,0.020766324990682913,0.25962691587056574,0.0016364577734705157,10.893326667380322,greed,False,0.44,0.020766324990682913,0.25962691587056574
2024-02-16,51880.01,52572.08,51566.0,52124.11,37772.25318,1583711,1965003863.9713342,72,Greed,141.7342651239355,0.020767105565389837,0.2602143708962706,0.004694246184426713,10.539330069209166,greed,False,0.44,0.020767105565389837,0.2602143708962706
2024-02-17,52124.1,52162.82,50625.0,51642.64,25674.00622,1427773,1319908544.979089,76,Extreme Greed,0.0,0.02079238887903114,0.2660465588752789,-0.009279917800631372,10.153234327913285,extreme_greed,True,0.52,0.02079238887903114,0.2660465588752789
2024-02-18,51642.64,52377.0,51163.28,52137.67,21992.10363,1375422,1139209588.4334626,72,Greed,96.4052303098843,0.020469308296673226,0.25586702952532686,0.009540032294676114,9.99843874200204,greed,False,0.44,0.020469308296673226,0.25586702952532686
2024-02-19,52137.68,52488.77,51677.0,51774.73,29534.99432,1542990,1539600521.6007729,75,Greed,62.2015860475485,0.020237293311339753,0.2546299893804581,-0.00698552773070659,10.293331087427113,greed,False,0.5,0.020237293311339753,0.2546299893804581
2024-02-20,51774.74,52985.0,50760.37,52258.82,49614.47318,1971912,2574874999.3787174,72,Greed,66.24869273343883,0.02053550534470904,0.24581691836780736,0.009306488030900633,10.812037868132139,greed,False,0.44,0.02053550534470904,0.24581691836780736
2024-02-21,52258.82,52366.8,50625.0,51849.39,43079.40049,1824860,2210278288.725095,78,Extreme Greed,218.8028603406314,0.020562696637709498,0.25394776415879955,-0.007865510526459354,10.670800214971079,extreme_greed,True,0.56,0.020562696637709498,0.25394776415879955
2024-02-22,51849.38,52065.78,50940.78,51288.42,35309.44574,1688184,1820949707.158534,74,Greed,155.4714466666837,0.020561997005431182,0.2630164260269298,-0.01087817419895304,10.471905791829537,greed,False,0.48,0.020561997005431182,0.2630164260269298
2024-02-23,51288.42,51548.54,50521.0,50744.15,30545.79544,1487039,1559143576.8296163,76,Extreme Greed,0.0,0.020680497625236452,0.26802466134995645,-0.010668655359765033,10.32698232632279,extreme_greed,True,0.52,0.020680497625236452,0.26802466134995645
2024-02-24,50744.15,51698.0,50585.0,51568.22,16560.4211,855015,847793393.571868,72,Greed,159.80094069958852,0.020694312214887732,0.2603310411487809,0.016109250933854777,9.714770856359907,greed,False,0.44,0.020694312214887732,0.2603310411487809
2024-02-25,51568.21,51958.55,51279.8,51728.85,18721.63159,923992,966951114.4504629,74,Greed,0.0,0.02035983199999407,0.2602777687075887,0.0031100616788884284,9.837434903819052,greed,False,0.48,0.02035983199999407,0.2602777687075887
2024-02-26,51728.85,54910.0,50901.44,54476.47,51256.72199,1808909,2710403072.980595,72,Greed,27.329464468036043,0.02261616694461341,0.3002058482929707,0.051753212367562834,10.844602049180319,greed,False,0.44,0.02261616694461341,0.3002058482929707
2024-02-27,54476.48,57588.15,54450.13,57037.34,67194.98562,2414285,3795949115.2249317,79,Extreme Greed,0.0,0.023314151982066933,0.3188647376185781,0.045937275755513214,11.115353904977123,extreme_greed,True,0.58,0.023314151982066933,0.3188647376185781
2024-02-28,57037.35,64000.0,56691.85,62432.1,118763.46984,3895062,7162581994.48574,82,Extreme Greed,0.0,0.028178021261820813,0.4216811607067463,0.09037342510456357,11.684889145695744,extreme_greed,True,0.64,0.028178021261820813,0.4216811607067463
2024-02-29,62432.11,63676.35,60364.7,61130.98,78425.07603,3169405,4872212871.27608,80,Extreme Greed,271.37696882361155,0.027804912422084518,0.4313532236992708,-0.021060790861507746,11.269899002519677,extreme_greed,True,0.6,0.027804912422084518,0.4313532236992708
2024-03-01,61130.99,63114.23,60777.0,62387.9,47737.93473,1947444,2956537377.9660296,80,Extreme Greed,289.336252338073,0.027996043397302387,0.43214185802953964,0.02035257099534111,10.773481638169446,extreme_greed,True,0.6,0.027996043397302387,0.43214185802953964
2024-03-02,62387.9,62433.19,61561.12,61987.28,25534.73659,1641808,1582566973.834093,80,Extreme Greed,61.23766222599162,0.02791020413662606,0.43782436663514557,-0.006442143609634661,10.147795023383345,extreme_greed,True,0.6,0.02791020413662606,0.43782436663514557
2024-03-03,61987.28,63231.88,61320.0,63113.97,28994.90903,1992011,1804536272.9443457,83,Extreme Greed,74.09046054119646,0.02728102145718626,0.43173688603539184,0.018012936948412033,10.27487554286813,extreme_greed,True,0.66,0.02728102145718626,0.43173688603539184
2024-03-04,63113.97,68499.0,62300.0,68245.71,84835.16005,3887853,5568877537.081252,82,Extreme Greed,0.0,0.02957761494511112,0.48682088018043185,0.07817243529189463,11.348465359078666,extreme_greed,True,0.64,0.02957761494511112,0.48682088018043185
2024-03-05,68245.71,69000.0,59005.0,63724.01,132696.7813,5310706,8674526591.287142,90,Extreme Greed,639.6847696468506,0.03550378823174622,0.5611626403041158,-0.06855316030923639,11.795821964562679,extreme_greed,True,0.8,0.03550378823174622,0.5611626403041158
2024-03-06,63724.01,67641.1,62779.14,66074.04,78738.85491,3302981,5197743036.597276,75,Greed,407.20260474248084,0.036685660500326754,0.5674188574986779,0.03621451680304252,11.273892021719897,greed,False,0.5,0.036685660500326754,0.5674188574986779
2024-03-07,66074.04,67980.0,65551.0,66823.17,53059.8869,2428227,3548088039.2736087,82,Extreme Greed,82.15913426521963,0.03691854383439088,0.5667613729630822,0.011273945248864211,10.87917649614027,extreme_greed,True,0.64,0.03691854383439088,0.5667613729630822
2024-03-08,66823.18,69990.0,66082.66,68124.19,74261.932842,2943927,5044395324.399055,81,Extreme Greed,59.763025055984684,0.037501228323668645,0.5612982888389378,0.019282486315176334,11.215353755428975,extreme_greed,True,0.62,0.037501228323668645,0.5612982888389378
2024-03-09,68124.2,68541.1,67861.1,68313.27,19872.89743,1345341,1355964036.9092987,84,Extreme Greed,20.73450428619668,0.03739280626644608,0.5625003606432115,0.0027716745979517753,9.897112144240875,extreme_greed,True,0.68,0.03739280626644608,0.5625003606432115
2024-03-10,68313.28,69887.61,68094.75,68955.88,38404.66835,2139518,2659307501.0945783,79,Extreme Greed,0.0,0.03749694228582,0.557571306468714,0.009362842188647231,10.555934302801171,extreme_greed,True,0.58,0.03749694228582,0.557571306468714
2024-03-11,68955.88,72800.0,67024.96,72078.1,75292.825726,3043414,5352704377.618805,82,Extreme Greed,96.31464126117407,0.03867859054563111,0.5671341689468763,0.044283373561153284,11.229140133365815,extreme_greed,True,0.64,0.03867859054563111,0.5671341689468763
2024-03-12,72078.1,73000.0,68620.82,71452.01,68783.546691,3047890,4909667978.559339,81,Extreme Greed,430.73678275716765,0.03929903542326935,0.5676229637741488,-0.008724217811494954,11.138719848388108,extreme_greed,True,0.62,0.03929903542326935,0.5676229637741488
2024-03-13,71452.0,73650.25,71333.31,73072.41,52659.711647,2501197,3829764501.253793,81,Extreme Greed,0.0,0.039423777668409155,0.5589238422577949,0.022424831790492365,10.871605957285214,extreme_greed,True,0.62,0.039423777668409155,0.5589238422577949
2024-03-14,73072.4,73777.0,68555.0,71388.94,71757.628746,2994869,5132189849.096632,88,Extreme Greed,160.7108260872917,0.04054761495167275,0.5691394613346297,-0.02330791194500903,11.181049451955936,extreme_greed,True,0.76,0.04054761495167275,0.5691394613346297
2024-03-15,71388.94,72419.71,65600.0,69499.85,103334.03546,3904445,7065279917.872112,83,Extreme Greed,137.58018008077715,0.042567221159336,0.5901099298156965,-0.02681836109117046,11.545722082544328,extreme_greed,True,0.66,0.042567221159336,0.5901099298156965
2024-03-16,69499.84,70043.0,64780.0,65300.63,55926.95336,2729019,3788544202.8848557,81,Extreme Greed,351.17019321785915,0.04380506422159985,0.6501356838812964,-0.062322910279710986,10.931801713955775,extreme_greed,True,0.62,0.04380506422159985,0.6501356838812964
2024-03-17,65300.64,68904.4,64533.0,68393.48,49742.21589,2449156,3322963634.2425127,79,Extreme Greed,483.60311840353165,0.04350549734162382,0.6459315180510664,0.046275814432356635,10.814609265822275,extreme_greed,True,0.58,0.04350549734162382,0.6459315180510664
2024-03-18,68393.47,68956.0,66565.2,67609.99,55691.08088,2464515,3768277912.418918,77,Extreme Greed,196.66793841970505,0.043111083495516817,0.6372978743190434,-0.01152174525222046,10.927575285265897,extreme_greed,True,0.54,0.043111083495516817,0.6372978743190434
2024-03-19,67610.0,68124.11,61555.0,61937.4,101005.32487,3593832,6484805948.535393,79,Extreme Greed,0.0,0.04217644726288811,0.6471551280416602,-0.08763155563733493,11.522928515918816,extreme_greed,True,0.58,0.04217644726288811,0.6471551280416602
2024-03-20,61937.41,68100.0,60775.0,67840.51,90420.58592,3549793,5769770052.062583,74,Greed,923.2196956988942,0.044282621697472095,0.7181184362427099,0.09103531158594273,11.412227240809907,greed,False,0.48,0.044282621697472095,0.7181184362427099
2024-03-21,67840.51,68240.47,64529.01,65501.27,53357.48002,2388390,3551223142.964417,78,Extreme Greed,264.04805504928515,0.044628131597980326,0.7294865280984554,-0.03508997737785613,10.884769453462328,extreme_greed,True,0.56,0.044628131597980326,0.7294865280984554
2024-03-22,65501.28,66649.62,62260.0,63796.64,51482.37821,2492881,3310481978.1076455,75,Greed,0.0,0.04551713099062018,0.7361019561058002,-0.026369007379098856,10.848994857418472,greed,False,0.5,0.04551713099062018,0.7361019561058002
2024-03-23,63796.64,65999.0,63000.0,63990.01,26410.11409,1753566,1706152172.6316135,73,Greed,346.6162137671779,0.045758183081059764,0.7335441844311263,0.003026453038660462,10.18150232523641,greed,False,0.46,0.045758183081059764,0.7335441844311263
2024-03-24,63990.02,67628.69,63772.29,67209.99,31395.78015,1880774,2059312948.6486874,74,Greed,96.62168582562863,0.04465099746482912,0.6992682657507385,0.04909491976870599,10.354428772737794,greed,False,0.48,0.04465099746482912,0.6992682657507385
2024-03-25,67210.0,71150.0,66385.06,69880.01,53431.14486,2632220,3679964073.8112125,75,Greed,0.0,0.040481685067153265,0.6642969549424471,0.038957731173826136,10.886149092010296,greed,False,0.5,0.040481685067153265,0.6642969549424471
2024-03-26,69880.0,71561.1,69280.0,69988.0,38934.38417,2176807,2738537345.33588,81,Extreme Greed,34.64419213003987,0.039463288102445114,0.6537361573790601,0.0015441704140665396,10.56963305101172,extreme_greed,True,0.62,0.039463288102445114,0.6537361573790601
2024-03-27,69987.99,71769.54,68359.18,69469.99,49119.35685,2453366,3426458581.943343,83,Extreme Greed,236.418370886765,0.03970163100379014,0.6539210432617908,-0.007428938024621631,10.802008469290678,extreme_greed,True,0.66,0.03970163100379014,0.6539210432617908
2024-03-28,69469.99,71552.06,68903.62,70780.6,35439.03239,1799897,2500571208.0026274,80,Extreme Greed,311.4232246076037,0.039272907028168824,0.6537160446186836,0.01869009109453202,10.475569101581053,extreme_greed,True,0.6,0.039272907028168824,0.6537160446186836
2024-03-29,70780.6,70916.16,69009.0,69850.54,25445.08353,1522607,1779608477.3224537,79,Extreme Greed,212.94406765581053,0.03942043629420491,0.655900310596849,-0.01322713532737063,10.144277821784296,extreme_greed,True,0.58,0.03942043629420491,0.655900310596849
2024-03-30,69850.53,70321.1,69540.0,69582.18,13644.61142,1110488,954555919.6855745,75,Greed,53.101746466710786,0.03929428685335325,0.6553726096159477,-0.0038493164497219014,9.52109995490623,greed,False,0.5,0.03929428685335325,0.6553726096159477
2024-03-31,69582.17,71366.0,69562.99,71280.01,19396.34433,1181926,1367523707.261245,75,Greed,48.310160240248024,0.03785047116919494,0.6412363823255836,0.024107423379159526,9.872839890697074,greed,False,0.5,0.03785047116919494,0.6412363823255836
2024-04-01,71280.0,71288.23,68062.86,69649.8,41445.32039,1893438,2876486469.465523,79,Extreme Greed,133.03092872985272,0.037447290365780525,0.6456961610753325,-0.02313609473301786,10.632130256481933,extreme_greed,True,0.58,0.037447290365780525,0.6456961610753325
2024-04-02,69649.81,69674.23,64550.0,65463.99,71799.82793,2662410,4750030717.922425,79,Extreme Greed,0.0,0.03858898681242722,0.6735129291459887,-0.06197960825197718,11.181637358515339,extreme_greed,True,0.58,0.03858898681242722,0.6735129291459887
2024-04-03,65463.99,66903.63,64493.07,65963.28,39887.21778,2172096,2630556596.1359286,71,Greed,180.43898401181264,0.03763253118858886,0.671605220035468,0.007598003093028574,10.593811195161907,greed,False,0.42,0.03763253118858886,0.671605220035468
2024-04-04,65963.27,69309.91,65064.52,68487.79,41510.48453,2000945,2795469450.572386,70,Greed,25.54196721439451,0.03621955793420049,0.6813394569667274,0.03755725764251874,10.63370131358797,greed,False,0.4,0.03621955793420049,0.6813394569667274
2024-04-05,68487.8,68756.67,65952.56,67820.62,37915.23073,1901980,2555458935.236009,79,Extreme Greed,301.3177633207043,0.03511535863107132,0.6427832653062058,-0.009789202703133824,10.543108176570826,extreme_greed,True,0.58,0.03511535863107132,0.6427832653062058
2024-04-06,67820.63,69692.0,67447.83,68896.0,20134.28919,1171460,1373131967.7648187,75,Greed,0.0,0.03427735382097035,0.6236711329111077,0.015731842680183246,9.910179570452335,greed,False,0.5,0.03427735382097035,0.6236711329111077
2024-04-07,68896.0,70326.29,68824.0,69360.39,21534.74433,1269048,1496213373.1855776,78,Extreme Greed,0.0,0.034071847572895275,0.6224193356245055,0.006717834111896003,9.97742292511683,extreme_greed,True,0.56,0.034071847572895275,0.6224193356245055
2024-04-08,69360.38,72797.99,69043.24,71620.0,45723.87624,2037025,3270853309.6629424,76,Extreme Greed,25.416361787478618,0.032031860823259733,0.5344413049426976,0.03205840927643814,10.730375896467175,extreme_greed,True,0.52,0.032031860823259733,0.5344413049426976
2024-04-09,71620.0,71758.19,68210.0,69146.0,39293.90242,1804157,2749007421.6421075,80,Extreme Greed,198.51613819208578,0.028963364224436784,0.4537080128675442,-0.03515415339654028,10.578824631112237,extreme_greed,True,0.6,0.028963364224436784,0.4537080128675442
2024-04-10,69146.0,71172.08,67518.0,70631.08,42006.02377,1852170,2901564970.815804,78,Extreme Greed,295.30552083933145,0.0288543816848543,0.4381550270062478,0.02125006308303191,10.645568310076635,extreme_greed,True,0.56,0.0288543816848543,0.4381550270062478
2024-04-11,70631.08,71305.89,69567.21,70006.23,31917.25595,1658995,2247473274.6162577,76,Extreme Greed,87.30135671732917,0.02756550981486715,0.42644322491485337,-0.00888603616768445,10.370902081389719,extreme_greed,True,0.52,0.02756550981486715,0.42644322491485337
2024-04-12,70006.22,71227.46,65086.86,67116.52,56072.86229,2496617,3843551585.3212748,79,Extreme Greed,53.54712304732022,0.029452243717226143,0.45772557599577407,-0.04215402471169341,10.934407236325578,extreme_greed,True,0.58,0.029452243717226143,0.45772557599577407
2024-04-13,67116.52,67929.0,60660.57,63924.51,71395.22019,3341340,4614468627.809045,72,Greed,0.0,0.03219051957992425,0.45703292935484263,-0.04872735746222276,11.17598620196917,greed,False,0.44,0.03219051957992425,0.45703292935484263
2024-04-14,63924.52,65840.0,62134.0,65661.84,61599.17818,2657953,3946124834.6970353,72,Greed,337.16402776408137,0.03178214906828107,0.4442763190971105,0.026815078915186055,11.02840380819885,greed,False,0.44,0.03178214906828107,0.4442763190971105
2024-04-15,65661.85,66867.07,62274.4,63419.99,52389.53069,2539048,3398072231.5612235,74,Greed,442.81452381800693,0.032901179399843355,0.45769683664777777,-0.03473882339914055,10.866462054354889,greed,False,0.48,0.032901179399843355,0.45769683664777777
2024-04-16,63419.99,64365.0,61600.0,63793.39,53435.29331,2604354,3355338198.4469132,65,Greed,37.86009308316595,0.03277975698237074,0.459164946087801,0.005870468536476565,10.886226730042837,greed,False,0.3,0.03277975698237074,0.459164946087801
2024-04-17,63793.4,64499.0,59678.16,61277.37,50610.54509,2458327,3128625247.4738536,67,Greed,278.82778000825647,0.034024806456083856,0.4676635422099221,-0.040238973210926274,10.83191523455123,greed,False,0.34,0.034024806456083856,0.4676635422099221
2024-04-18,61277.38,64117.09,60803.35,63470.08,43601.60918,2142511,2726741448.886802,57,Greed,395.7541930331148,0.03456975679331201,0.4903904661361286,0.035158006998813135,10.682849336454215,greed,False,0.14,0.03456975679331201,0.4903904661361286
2024-04-19,63470.09,65450.0,59600.01,63818.01,69774.30271,2828284,4419893235.183288,66,Greed,337.7722032861104,0.036754787190127716,0.49174048090039996,0.005466825160537417,11.153021064947207,greed,False,0.32,0.036754787190127716,0.49174048090039996
2024-04-20,63818.01,65419.0,63090.07,64940.59,23137.42975,1376712,1486949581.439479,66,Greed,163.48935084107316,0.036916156602744825,0.48717443417223455,0.01743741302682119,10.049206920680493,greed,False,0.32,0.036916156602744825,0.48717443417223455
2024-04-21,64940.58,65695.56,64237.5,64941.15,19316.42152,1390153,1254396628.1531765,72,Greed,52.32085327097532,0.03651340930970575,0.48243490221506086,8.623229100669178e-06,9.868710869078791,greed,False,0.44,0.03651340930970575,0.48243490221506086
2024-04-22,64941.15,67232.35,64500.0,66819.32,31397.99371,1816591,2071690434.976552,73,Greed,38.715072697016346,0.03548289867004598,0.4422051419015666,0.028510785110948657,10.354499275269012,greed,False,0.46,0.03548289867004598,0.4422051419015666
2024-04-23,66819.32,67183.01,65765.81,66414.0,22599.90004,1433915,1502139968.7198818,71,Greed,124.50957988908642,0.03525549638727404,0.44217466288575,-0.006084382651452649,10.025700762241746,greed,False,0.42,0.03525549638727404,0.44217466288575
2024-04-24,66414.0,67070.43,63606.06,64289.59,33595.69637,1784897,2195714861.6576557,72,Greed,59.0976425725939,0.03495171504829504,0.43382621059381576,-0.03251015685090299,10.42215325352162,greed,False,0.44,0.03495171504829504,0.43382621059381576
2024-04-25,64289.58,65297.94,62794.0,64498.34,31341.46338,1375324,2007704069.2622728,72,Greed,0.16091759161097002,0.0348988297995763,0.4336522370994999,0.0032417662557915235,10.352697208502091,greed,False,0.44,0.0348988297995763,0.4336522370994999
2024-04-26,64498.33,64820.01,63297.48,63770.01,27085.19346,1025561,1736631357.3537388,70,Greed,160.7243544892519,0.03476775260801556,0.4291749679465592,-0.011356469895713836,10.206742490765402,greed,False,0.4,0.03476775260801556,0.4291749679465592
2024-04-27,63770.0,63923.41,62391.24,63461.98,20933.06052,912422,1320337707.7871158,67,Greed,0.0,0.03479946111830652,0.4273517738981537,-0.004842030716018614,9.94908503121918,greed,False,0.34,0.03479946111830652,0.4273517738981537
2024-04-28,63461.98,64370.0,62781.0,63118.62,16949.20005,790652,1078450016.4732296,65,Greed,87.15977737699717,0.03423007266973128,0.4050168304499513,-0.005425173243951366,9.737975917004626,greed,False,0.3,0.03423007266973128,0.4050168304499513
2024-04-29,63118.62,64228.35,61765.53,63866.0,28150.22947,1152296,1765038324.6837213,67,Greed,123.21287118249612,0.033954259304569606,0.39482864318365307,0.01177132522006203,10.245310785222001,greed,False,0.34,0.033954259304569606,0.39482864318365307
2024-04-30,63866.0,64734.0,59191.6,60672.0,54947.65535,1985671,3372142467.4322524,67,Greed,197.1681345152064,0.03531673155296951,0.4167453273885717,-0.051304831768252054,10.91413629013162,greed,False,0.34,0.03531673155296951,0.4167453273885717
2024-05-01,60672.01,60841.63,56552.82,58364.97,81166.46823,2401089,4705572361.7402,54,Neutral,0.0,0.036505411133175805,0.43121483398749844,-0.03876642553474422,11.304257488028755,neutral,False,0.08,0.036505411133175805,0.43121483398749844
2024-05-02,58364.97,59625.0,56911.84,59060.61,47583.81961,1572898,2778840305.0505786,43,Fear,327.6981008699791,0.03500256617402628,0.4187269516390651,0.011848323644138173,10.770248058272534,fear,False,-0.14,0.03500256617402628,0.4187269516390651
2024-05-03,59060.6,63333.0,58811.32,62882.01,43628.40143,1558661,2658193708.347904,48,Neutral,0.0,0.03306301226893276,0.45457504843619795,0.06269590851696512,10.683463626207367,neutral,False,-0.04,0.03306301226893276,0.45457504843619795
2024-05-04,62882.01,64540.0,62541.03,63892.04,24368.69282,1113509,1547468697.8765798,67,Greed,0.0,0.032411204705343394,0.44738521395640707,0.01593467072506892,10.101054506280347,greed,False,0.34,0.032411204705343394,0.44738521395640707
2024-05-05,63892.03,64646.0,62822.17,64012.0,18526.75029,992921,1182572239.5306182,69,Greed,227.59106191751252,0.03120813298727939,0.42968853597877504,0.0018757817997593531,9.826970928292182,greed,False,0.38,0.03120813298727939,0.42968853597877504
2024-05-06,64012.0,65500.0,62700.0,63165.19,34674.91949,1392557,2218131198.4661326,71,Greed,206.13570133706386,0.031202578644009906,0.43187921585539446,-0.013317207511333138,10.453771923334626,greed,False,0.42,0.031202578644009906,0.43187921585539446
2024-05-07,63165.18,64422.41,62261.0,62312.08,25598.79472,1272898,1624531631.592377,68,Greed,114.01025964287851,0.029761962682599036,0.40911580437057343,-0.013598050793730939,10.150300548109296,greed,False,0.36,0.029761962682599036,0.40911580437057343
2024-05-08,62312.07,63020.22,60888.0,61193.03,26121.19004,1415152,1623561041.1255188,64,Greed,0.0,0.029263561096925628,0.3932401306206836,-0.018122013335120257,10.170502142842565,greed,False,0.28,0.029263561096925628,0.3932401306206836
2024-05-09,61193.03,63429.03,60630.0,63074.01,30660.8061,1381957,1895849912.7734754,55,Greed,280.68655352215535,0.027110740407203647,0.4088918157490436,0.030275504659909153,10.330740443665315,neutral,False,0.1,0.027110740407203647,0.4088918157490436
2024-05-10,63074.0,63469.13,60187.12,60799.99,36529.34025,1500643,2255550468.413852,66,Greed,400.4562361879934,0.027606785635452075,0.42220262100469697,-0.03671917430504504,10.505871059128015,greed,False,0.32,0.027606785635452075,0.42220262100469697
2024-05-11,60799.99,61515.0,60487.09,60825.99,13374.56936,753281,814928013.4573288,53,Neutral,63.00858741114293,0.027534907422748507,0.42224870158637695,0.0004275402409262431,9.501110373862684,neutral,False,0.06,0.027534907422748507,0.42224870158637695
2024-05-12,60825.99,61888.0,60610.0,61483.99,12753.13236,727113,781041632.4623835,56,Greed,94.74887779552245,0.02711052566446234,0.4090208537870374,0.01075965097938284,9.453532195707457,greed,False,0.12,0.02711052566446234,0.4090208537870374
2024-05-13,61484.0,63450.0,60749.21,62940.08,32733.41839,1371433,2041896626.6108148,57,Greed,59.191492079257344,0.02758449915658333,0.4204182626512112,0.023406346968515828,10.396151804143576,greed,False,0.14,0.02758449915658333,0.4204182626512112
2024-05-14,62940.09,63118.36,61142.77,61577.49,29088.72041,1127939,1800171876.1676655,66,Greed,250.68962413942512,0.02698922821349285,0.41203052168646925,-0.021886781008613777,10.278105763240927,greed,False,0.32,0.02698922821349285,0.41203052168646925
2024-05-15,61577.49,66444.16,61319.47,66206.5,43559.74719,1729454,2794259631.8910465,64,Greed,76.87170782504388,0.028583684293182456,0.4899887701062787,0.07248226375544757,10.681888773311046,greed,False,0.28,0.028583684293182456,0.4899887701062787
2024-05-16,66206.51,66752.01,64602.77,65235.21,31106.3671,1269793,2045507646.8293848,70,Greed,43.290931258416656,0.02874289446070291,0.4913108860732412,-0.014779291590717515,10.345167807116555,greed,False,0.4,0.02874289446070291,0.4913108860732412
2024-05-17,65235.21,67451.2,65106.38,67024.0,26292.23409,1117254,1745971822.3447454,74,Greed,121.9110301654774,0.02895022495737503,0.49914491794111526,0.027051410361314365,10.177028892812567,greed,False,0.48,0.02895022495737503,0.49914491794111526
2024-05-18,67024.0,67400.01,66600.0,66915.2,14441.25774,734067,967145944.6835316,73,Greed,47.33120197383195,0.02879965265832015,0.49850319500236656,-0.0016246180943355483,9.57784450976177,greed,False,0.46,0.02879965265832015,0.49850319500236656
2024-05-19,66915.2,67700.0,65857.25,66274.01,18025.30409,823729,1204989222.8768685,72,Greed,59.69082116500551,0.028558448323736232,0.4992507877294813,-0.00962833180615985,9.799531832468542,greed,False,0.44,0.028558448323736232,0.4992507877294813
2024-05-20,66274.0,71515.56,66060.31,71446.62,50816.7011,1930939,3485474763.752294,70,Greed,38.22832006455147,0.02801155498873315,0.521955308939976,0.07515278314448008,10.835980341347275,greed,False,0.4,0.02801155498873315,0.521955308939976
2024-05-21,71446.62,71979.0,69162.94,70148.34,49607.4336,2137448,3509345769.233608,76,Extreme Greed,72.71493897204296,0.026776995035066146,0.5022545621660102,-0.018338454758227797,10.811895972451229,extreme_greed,True,0.52,0.026776995035066146,0.5022545621660102
2024-05-22,70148.34,70666.0,68842.19,69166.62,27673.18026,1371973,1931700812.3032143,76,Extreme Greed,76.15757495594356,0.026272110205004594,0.5088352746024057,-0.014093766386815483,10.228219001485414,extreme_greed,True,0.52,0.026272110205004594,0.5088352746024057
2024-05-23,69166.62,70096.12,66312.16,67969.65,40513.17374,1827855,2766790260.7886024,76,Extreme Greed,0.0,0.02543256098653601,0.47260145237142465,-0.017457094288918538,10.609382477734227,extreme_greed,True,0.52,0.02543256098653601,0.47260145237142465
2024-05-24,67969.66,69250.0,66600.12,68549.99,28095.83664,1165907,1906438696.7156012,74,Greed,297.96961132544675,0.025620632138585984,0.4708221314963079,0.008501978114690344,10.243376682067142,greed,False,0.48,0.025620632138585984,0.4708221314963079
2024-05-25,68549.99,69610.0,68500.0,69290.57,12130.39418,703803,837339788.9838961,76,Extreme Greed,0.0,0.02542256658527475,0.47146396915220784,0.01074556177134258,9.403469497700293,extreme_greed,True,0.52,0.02542256658527475,0.47146396915220784
2024-05-26,69290.56,69562.23,68128.01,68507.67,11872.11797,722849,818914878.9908898,75,Greed,115.7361367278287,0.024894036629896962,0.47056426213230595,-0.011363112097898122,9.381947902183937,greed,False,0.5,0.024894036629896962,0.47056426213230595
2024-05-27,68507.67,70687.56,68250.0,69436.43,23136.92737,1219341,1604722197.8374028,74,Greed,94.85890003447169,0.024918240012235294,0.4668866421658429,0.013465947937329524,10.04918520757495,greed,False,0.48,0.024918240012235294,0.4668866421658429
2024-05-28,69436.43,69591.81,67277.91,68398.39,32622.97042,1459351,2224860225.7992225,72,Greed,0.0,0.02490330779448475,0.46496341717826223,-0.015062371400380801,10.392771933341253,greed,False,0.44,0.02490330779448475,0.46496341717826223
2024-05-29,68398.4,68935.68,67124.65,67652.42,23159.83149,1221044,1573095221.6483984,72,Greed,167.58513689834936,0.024417694840355553,0.4589006942663405,-0.010966160005080427,10.050174655753727,greed,False,0.44,0.024417694840355553,0.4589006942663405
2024-05-30,67652.41,69500.0,67128.0,68352.17,28478.2184,1272851,1945001081.5215867,73,Greed,216.8113929509884,0.023814513053292977,0.4339089624162414,0.010290184685345129,10.256894807389417,greed,False,0.46,0.023814513053292977,0.4339089624162414
2024-05-31,68352.17,69044.1,66670.0,67540.01,26690.32184,1177860,1812659052.2496767,73,Greed,186.49835531679972,0.024167939311999044,0.4381672283122278,-0.011953148002230988,10.192056300774725,greed,False,0.46,0.024167939311999044,0.4381672283122278
2024-06-01,67540.01,67900.0,67428.44,67766.85,8837.66133,638484,598305207.9932046,72,Greed,16.592510556365216,0.024023180023292994,0.437717183442559,0.0033529743062472085,9.086777565200864,greed,False,0.44,0.024023180023292994,0.437717183442559
2024-06-02,67766.84,68460.0,67257.47,67765.63,15426.32529,812348,1046827665.3829314,73,Greed,31.894051445090756,0.023423394781177,0.4324221983340634,-1.800306465331948e-05,9.643830763397247,greed,False,0.46,0.023423394781177,0.4324221983340634
2024-06-03,67765.62,70288.0,67612.48,68809.9,29633.374,1253789,2047757076.2268357,73,Greed,0.0,0.023613121201119212,0.42329399002206197,0.015292495676779325,10.296656505161403,greed,False,0.46,0.023613121201119212,0.42329399002206197
2024-06-04,68809.89,71063.45,68567.32,70537.84,29619.78489,1254515,2069902136.99324,73,Greed,72.1706571372928,0.02155126044335047,0.3509573850099545,0.02480167347858517,10.296197825472664,greed,False,0.46,0.02155126044335047,0.3509573850099545
2024-06-05,70537.83,71758.0,70383.66,71108.0,28703.18082,1055115,2040073765.8676395,75,Greed,0.0,0.021257600531809296,0.3447740927658166,0.008050544645661345,10.264763225571683,greed,False,0.5,0.021257600531809296,0.3447740927658166
2024-06-06,71108.0,71700.0,70117.64,70799.06,21842.00449,900226,1551467659.1542966,78,Extreme Greed,154.61427185819102,0.02093539600528103,0.33518862386561304,-0.004354124285061161,9.991590206324908,extreme_greed,True,0.56,0.02093539600528103,0.33518862386561304
2024-06-07,70799.06,71997.02,68420.0,69355.6,35598.45045,1516415,2507250591.3329782,77,Extreme Greed,112.7964217418191,0.0219670401098507,0.3450859746173884,-0.020598830454873523,10.480057389207415,extreme_greed,True,0.54,0.0219670401098507,0.3450859746173884
2024-06-08,69355.6,69582.2,69168.02,69310.46,9773.82967,714103,678267390.5310388,72,Greed,8.414163469326487,0.021667016594964495,0.3426082926973616,-0.00065106056369522,9.187463650831514,greed,False,0.44,0.021667016594964495,0.3426082926973616
2024-06-09,69310.46,69857.14,69130.24,69648.14,9890.56709,575583,687344656.0725566,75,Greed,38.23756735896503,0.018918080443703657,0.20900725729891448,0.004860162159083764,9.199336762710006,greed,False,0.5,0.018918080443703657,0.20900725729891448
2024-06-10,69648.15,70195.94,69172.29,69540.0,17122.66941,936731,1192466549.9691226,72,Greed,66.03882012933175,0.018249995171920327,0.1990889190876853,-0.0015538683361776106,9.748158561022239,greed,False,0.44,0.018249995171920327,0.1990889190876853
2024-06-11,69540.0,69590.01,66051.0,67314.24,41436.01588,1782415,2793799020.4691243,74,Greed,0.0,0.019231742679430612,0.22494187913705743,-0.032530322415029955,10.631905730419545,greed,False,0.48,0.019231742679430612,0.22494187913705743
2024-06-12,67314.23,69999.0,66905.0,68263.99,37175.32356,1670745,2550285139.184372,72,Greed,265.4550157797976,0.018739763408913555,0.2227930337242467,0.014010590579490376,10.5234004749892,greed,False,0.44,0.018739763408913555,0.2227930337242467
2024-06-13,68263.98,68449.3,66251.78,66773.01,29079.55571,1518202,1958897960.9172916,70,Greed,17.746823093859604,0.01851831109442673,0.23388267802464177,-0.02208343776467173,10.27779065333267,greed,False,0.4,0.01851831109442673,0.23388267802464177
2024-06-14,66773.01,67370.24,65078.0,66043.99,28408.18797,1736314,1884451554.428285,74,Greed,0.0,0.018970459904218695,0.23172909207823564,-0.010977921824138023,10.254432691399117,greed,False,0.48,0.018970459904218695,0.23172909207823564
2024-06-15,66043.99,66478.48,65857.1,66228.25,11451.80242,700886,758175888.0283372,74,Greed,30.206967501186792,0.01880536266072809,0.2299055657632752,0.0027860739213107213,9.34590241318758,greed,False,0.48,0.01880536266072809,0.2299055657632752
2024-06-16,66228.25,66998.7,66034.5,66676.87,9392.52223,703295,624653672.6138575,71,Greed,2.0771153635737063,0.018309104957809845,0.22522155165917818,0.006751007092293842,9.14766914422733,greed,False,0.42,0.018309104957809845,0.22522155165917818
2024-06-17,66676.86,67298.81,65130.0,66504.33,27386.16851,1542620,1812061226.7565656,71,Greed,73.97316069889735,0.018274396414296543,0.2199371727161075,-0.002591057844952401,10.21779336601719,greed,False,0.42,0.018274396414296543,0.2199371727161075
2024-06-18,66504.33,66588.23,64060.0,65175.32,42350.10244,2151711,2755141806.0310903,74,Greed,33.45668108017668,0.0186598930332875,0.22755679532381068,-0.020186188658431685,10.653726118967477,greed,False,0.48,0.0186598930332875,0.22755679532381068
2024-06-19,65175.32,65727.54,64666.0,64974.37,20060.79576,1078458,1307731953.9545317,64,Greed,79.31155190833272,0.018199630488134035,0.22298787370135345,-0.0030879852219766885,9.906522729722154,greed,False,0.28,0.018199630488134035,0.22298787370135345
2024-06-20,64974.37,66482.94,64559.15,64869.99,24265.29031,1282687,1584896152.1663702,60,Greed,101.69267688537974,0.018019333838728384,0.22019829347580608,-0.001607771373120505,10.096802225913637,greed,False,0.2,0.018019333838728384,0.22019829347580608
2024-06-21,64869.99,65066.66,63379.35,64143.56,25993.56442,1362617,1665541539.708616,63,Greed,0.0,0.01833765958750607,0.22157784538228115,-0.011261416759841722,10.165604264057224,greed,False,0.26,0.01833765958750607,0.22157784538228115
2024-06-22,64143.56,64546.81,63943.82,64262.01,7308.95542,562832,470027247.3402083,53,Neutral,39.25763090901039,0.018226213921998805,0.22198052239748964,0.001844936066219504,8.896855645132197,neutral,False,0.06,0.018226213921998805,0.22198052239748964
2024-06-23,64262.01,64521.0,63178.32,63210.01,8224.45447,592759,526848525.0029452,55,Greed,38.615738380237666,0.01769207693619465,0.21651251400310262,-0.016505957689856198,9.014867247598051,neutral,False,0.1,0.01769207693619465,0.21651251400310262
2024-06-24,63210.01,63369.8,58402.0,60293.3,52161.35414,2190787,3180853460.924751,51,Neutral,0.0,0.020251922324404606,0.238257647125852,-0.04724168823827901,10.862097157536553,neutral,False,0.02,0.020251922324404606,0.238257647125852
2024-06-25,60293.3,62420.0,60257.06,61806.01,31189.24361,1277481,1914901308.84587,30,Fear,176.02891603778892,0.02063551998909229,0.25951380716906564,0.024779622477455705,10.347828558265787,fear,False,-0.4,0.02063551998909229,0.25951380716906564
2024-06-26,61806.01,62487.81,60712.0,60864.99,22485.66463,1112152,1381716993.3554919,46,Fear,222.07311390106156,0.020780585479007144,0.2609495432679122,-0.015342476362678107,10.020633257584944,neutral,False,-0.08,0.020780585479007144,0.2609495432679122
2024-06-27,60864.98,62389.22,60606.63,61706.47,18344.28631,1062176,1126705164.782892,40,Fear,249.05395868016578,0.020003886870195806,0.26658911790606665,0.013730655086801456,9.817073432244111,fear,False,-0.2,0.020003886870195806,0.26658911790606665
2024-06-28,61706.46,62225.31,60063.0,60427.84,24821.19255,1479626,1519872032.026636,47,Neutral,186.64072743775898,0.020544360370166492,0.2710383863184985,-0.020938861751513153,10.119453105549539,neutral,False,-0.06,0.020544360370166492,0.2710383863184985
2024-06-29,60427.84,61224.0,60383.77,60986.68,11509.55904,767669,701345872.4881144,30,Fear,62.86141195388809,0.020580121180118646,0.2739532155790901,0.009205553774616642,9.350933189948158,fear,False,-0.4,0.020580121180118646,0.2739532155790901
2024-06-30,60986.68,63058.76,60712.21,62772.01,17326.30136,1108912,1070250012.5446604,47,Neutral,0.0,0.021108855741304153,0.3013356301282026,0.028853793809744524,9.75998093581146,neutral,False,-0.06,0.021108855741304153,0.3013356301282026
2024-07-01,62772.01,63861.76,62497.2,62899.99,24547.10538,1461508,1550980813.6701345,53,Neutral,0.0,0.020121368317334444,0.28412111871144885,0.0020367312407112426,10.108349219142765,neutral,False,0.06,0.020121368317334444,0.28412111871144885
2024-07-02,62900.0,63288.83,61806.28,62135.47,18573.11875,1308816,1160792332.6175597,51,Neutral,0.0,0.019445995624299998,0.2780066809792491,-0.012229003319739846,9.829470585856667,neutral,False,0.02,0.019445995624299998,0.2780066809792491
2024-07-03,62135.46,62285.94,59400.0,60208.58,32160.11127,1839372,1945901232.9066572,50,Neutral,0.0,0.019988325066948826,0.2876591782026201,-0.0315021343281225,10.378482183174977,neutral,False,0.0,0.019988325066948826,0.2876591782026201
2024-07-04,60208.57,60498.19,56771.0,57050.01,54568.77276,2523236,3168619756.2436485,44,Fear,0.0,0.0212330055354848,0.3354880248738326,-0.05388661548310068,10.907217070647565,fear,False,-0.12,0.0212330055354848,0.3354880248738326
2024-07-05,57050.02,57546.0,53485.93,56628.79,81348.24756,3749255,4515040083.536515,29,Fear,0.0,0.023362131444793762,0.33335996651633065,-0.007410738462197537,11.30649457043605,fear,False,-0.42,0.023362131444793762,0.33335996651633065
2024-07-06,56628.79,58475.0,56018.0,58230.13,21651.31558,1411065,1235398733.4357028,26,Fear,0.0,0.02398394787750338,0.3534556516390444,0.027885405242016163,9.982821497404329,fear,False,-0.48,0.02398394787750338,0.3534556516390444
2024-07-07,58230.13,58449.46,55724.37,55857.81,19118.93918,1289229,1094135752.452869,29,Fear,386.7787946554706,0.024433338017304372,0.37386040417011257,-0.04159356377998373,9.858434702848625,fear,False,-0.42,0.024433338017304372,0.37386040417011257
2024-07-08,55857.81,58236.73,54260.16,56714.62,48090.2049,2554389,2699942701.375511,28,Fear,264.6045641327626,0.02569388866969412,0.3805288746686549,0.015222671228313616,10.780833795023705,fear,False,-0.44,0.02569388866969412,0.3805288746686549
2024-07-09,56714.61,58296.0,56289.45,58050.0,27732.20788,1757693,1592351321.655387,27,Fear,173.35713882502577,0.026029202819576262,0.39529735613612743,0.023272682322844962,10.23034975606775,fear,False,-0.46,0.026029202819576262,0.39529735613612743
2024-07-10,58050.0,59470.0,57157.79,57725.85,24951.73799,1766696,1452293495.6501489,28,Fear,0.0,0.02627414382349498,0.39501190125743546,-0.0055996280225802065,10.12469875767143,fear,False,-0.44,0.02627414382349498,0.39501190125743546
2024-07-11,57725.85,59650.0,57050.0,57339.89,29761.05735,2157661,1728929618.0583844,29,Fear,364.2462458485487,0.02671514033868074,0.39451249527441473,-0.006708538049520128,10.300956017549751,fear,False,-0.42,0.02671514033868074,0.39451249527441473
2024-07-12,57339.89,58526.68,56542.47,57889.1,23652.4569,1749738,1360201319.0761504,25,Extreme Fear,68.84368169271998,0.027084369602277374,0.39737169899504043,0.009532569171711086,10.071222274359414,extreme_fear,True,-0.5,0.027084369602277374,0.39737169899504043
2024-07-13,57889.09,59850.0,57756.63,59204.02,15357.74519,1114391,900429281.1482327,25,Extreme Fear,0.0,0.027357763363812206,0.40665989043244205,0.022460333746386348,9.63937519839981,extreme_fear,True,-0.5,0.027357763363812206,0.40665989043244205
2024-07-14,59204.01,61420.69,59194.01,60797.91,21178.33907,1456088,1273562988.611176,33,Fear,0.0,0.02555091182261455,0.38461547064439966,0.02656596839138983,9.96073419634481,fear,False,-0.34,0.02555091182261455,0.38461547064439966
2024-07-15,60797.91,64900.0,60632.3,64724.14,38690.9782,2600425,2435540879.0289335,52,Neutral,0.0,0.02671810780240242,0.43630232898646304,0.06257882518464983,10.563361730393817,neutral,False,0.04,0.02671810780240242,0.43630232898646304
2024-07-16,64724.06,65388.97,62373.24,65043.99,42530.52915,2484783,2725231969.2884507,65,Greed,175.65768748268695,0.027185909228543012,0.43133172892627253,0.004929571655444641,10.657977429976064,greed,False,0.3,0.027185909228543012,0.43133172892627253
2024-07-17,65044.0,66128.63,63854.0,64087.99,29567.52954,1868671,1922412273.0882094,69,Greed,7.503518267008693,0.027313259663242887,0.4340826610269931,-0.014806827344029673,10.294432063194698,greed,False,0.38,0.027313259663242887,0.4340826610269931
2024-07-18,64087.99,65133.3,63238.48,63987.92,22568.7225,1696742,1449872437.6497972,61,Greed,26.600989084583038,0.02718776167902155,0.42593773301529636,-0.0015626673332034774,10.024320266525995,greed,False,0.22,0.02718776167902155,0.42593773301529636
2024-07-19,63987.92,67386.0,63300.67,66660.0,35634.72739,2184889,2331517674.368659,60,Greed,136.04207692732606,0.028394858819046118,0.4465687055617574,0.040910757335444886,10.48107592984357,greed,False,0.2,0.028394858819046118,0.4465687055617574
2024-07-20,66660.01,67598.0,66222.46,67139.96,14386.92434,995093,961878801.8482211,74,Greed,3.6520585555548477,0.02807055524424756,0.4373901055788404,0.00717432290208512,9.574075041108907,greed,False,0.48,0.02807055524424756,0.4373901055788404
2024-07-21,67139.97,68366.66,65777.0,68165.34,21819.11191,1322942,1465757867.9747434,74,Greed,123.88994219699293,0.028397772527099557,0.43933731406301285,0.015156828740989328,9.990541557825493,greed,False,0.48,0.028397772527099557,0.43933731406301285
2024-07-22,68165.35,68474.55,66559.97,67532.01,21451.04303,1558140,1448418369.8467097,70,Greed,186.31949554273336,0.028474618656460487,0.4380357029245947,-0.009334516829783621,9.973528549281179,greed,False,0.4,0.028474618656460487,0.4380357029245947
2024-07-23,67532.0,67750.98,65441.08,65936.01,31406.15316,1772089,2088544473.3235078,71,Greed,0.0,0.028140995948290042,0.4306087771802655,-0.023916981434216472,10.354759113208146,greed,False,0.42,0.028140995948290042,0.4306087771802655
2024-07-24,65936.0,67102.01,65111.0,65376.0,23082.56277,1391053,1526490826.4669967,69,Greed,149.56560428325844,0.027117503776969868,0.37555944150916726,-0.008529507623456261,10.046832753019237,greed,False,0.38,0.027117503776969868,0.37555944150916726
2024-07-25,65376.01,66175.49,63456.7,65799.95,35126.42934,1830360,2266419771.224864,68,Greed,0.0,0.02589515866008869,0.3718011909562505,0.006463859817351855,10.466709098761848,greed,False,0.36,0.02589515866008869,0.3718011909562505
2024-07-26,65799.95,68200.0,65722.63,67907.99,24244.36023,1406982,1630839588.6966548,68,Greed,0.0,0.025729730550052378,0.3746688384299202,0.03153462223775808,10.095939301482485,greed,False,0.36,0.025729730550052378,0.3746688384299202
2024-07-27,67908.0,69399.99,66650.0,67896.5,31710.21921,1690591,2162335067.0234175,72,Greed,8.779104365968635,0.025502744218551112,0.3283994914008876,-0.00016921384598440523,10.364394280469709,greed,False,0.44,0.025502744218551112,0.3283994914008876
2024-07-28,67896.49,68318.43,67066.66,68249.88,10868.69394,821210,736755676.1377451,71,Greed,97.25214135028256,0.023798098305653666,0.3281161894251826,0.005191188977428364,9.293641820182447,greed,False,0.42,0.023798098305653666,0.3281161894251826
2024-07-29,68249.88,70079.99,66428.0,66784.69,36467.29633,1952812,2499265962.091455,74,Greed,74.95701900388292,0.024410609442905424,0.34121213497942454,-0.02170181316434392,10.504171146971851,greed,False,0.48,0.024410609442905424,0.34121213497942454
2024-07-30,66784.68,67000.0,65302.67,66188.0,23132.25441,1622083,1533270724.799421,67,Greed,0.0,0.024070550981492224,0.3430714536535098,-0.008974685027823451,10.048983217401963,greed,False,0.34,0.024070550981492224,0.3430714536535098
2024-07-31,66188.0,66849.24,64530.0,64628.0,22625.43905,1609976,1489443332.5960116,61,Greed,146.93009167982885,0.023791974333926127,0.3571579309306149,-0.02385142421501373,10.026830173904704,greed,False,0.22,0.023791974333926127,0.3571579309306149
2024-08-01,64628.01,65659.78,62302.0,65354.02,35542.26854,2397257,2270877792.65868,52,Neutral,0.0,0.02437821161103289,0.3574212187797986,0.011171199683345215,10.47847793028495,neutral,False,0.04,0.02437821161103289,0.3574212187797986
2024-08-02,65354.02,65596.14,61230.01,61498.33,38820.42937,2457735,2469588785.6981573,57,Greed,404.3930879367997,0.025631940796797495,0.4229655591229703,-0.06080893312569105,10.56670191719764,greed,False,0.14,0.025631940796797495,0.4229655591229703
2024-08-03,61498.34,62198.22,59850.0,60697.99,28034.71567,1669555,1711555901.18011,37,Fear,0.0,0.02567325335595767,0.41565865712707845,-0.013099436128860994,10.241198866540943,fear,False,-0.26,0.02567325335595767,0.41565865712707845
2024-08-04,60697.99,61117.63,57122.77,58161.0,31616.52003,1886195,1874490041.5437353,34,Fear,0.0,0.02565313032112655,0.3707161359282932,-0.04269555681819708,10.36143504872963,fear,False,-0.32,0.02565313032112655,0.3707161359282932
2024-08-05,58161.0,58305.59,49000.0,54018.81,162065.59186,7568497,8580928177.429901,26,Fear,0.0,0.03410422366780543,0.44069463543888443,-0.07388270778154322,11.995756420294175,fear,False,-0.48,0.03410422366780543,0.44069463543888443
2024-08-06,54018.82,57040.99,53950.0,56022.01,55884.77676,3433824,3119018848.329888,17,Extreme Fear,210.20830347684532,0.034597368507198425,0.46879260428441427,0.03641232998749407,10.9310472921799,extreme_fear,True,-0.66,0.034597368507198425,0.46879260428441427
2024-08-07,56022.0,57736.05,54558.62,55134.16,44269.37684,2397504,2490553853.602583,29,Fear,280.0209122113462,0.03520005660994616,0.46947835795760284,-0.015975161468007117,10.698048449277442,fear,False,-0.42,0.03520005660994616,0.46947835795760284
2024-08-08,55133.76,62745.14,54730.0,61685.99,48349.52949,2603042,2836312292.431818,20,Extreme Fear,196.09043283441298,0.038798813358059854,0.6133182127905609,0.11228735091416127,10.786211769500069,extreme_fear,True,-0.6,0.038798813358059854,0.6133182127905609
2024-08-09,61686.0,61744.37,59535.0,60837.99,30972.48017,1827809,1878350555.5122633,48,Neutral,115.25761434023187,0.039008590968492865,0.6128322651912956,-0.013842409307287744,10.34085435274431,neutral,False,-0.04,0.039008590968492865,0.6128322651912956
2024-08-10,60837.99,61470.58,60242.0,60923.51,9995.20621,800499,607372221.2460397,40,Fear,125.99891677883086,0.03875732354205627,0.6087851929945792,0.001404713543484379,9.209860878037336,fear,False,-0.2,0.03875732354205627,0.6087851929945792
2024-08-11,60923.51,61858.0,58286.73,58712.59,19189.84512,1319469,1152081498.1567774,39,Fear,80.47991109596737,0.03938781513753736,0.6188410987550906,-0.036964958668207114,9.86213651809893,fear,False,-0.22,0.03938781513753736,0.6188410987550906
2024-08-12,58712.59,60711.09,57642.21,59346.64,37009.91743,2293837,2186851067.316586,25,Extreme Fear,200.9694700820169,0.03972684057652174,0.6185016095144288,0.010741321896940523,10.51894119435907,extreme_fear,True,-0.5,0.03972684057652174,0.6185016095144288
2024-08-13,59346.64,61578.1,58392.88,60587.15,27858.95851,1713485,1668247896.8477187,31,Fear,197.6843951606871,0.040158840572283395,0.625115533640923,0.020687318243458014,10.234909863648674,fear,False,-0.38,0.040158840572283395,0.625115533640923
2024-08-14,60587.16,61800.0,58433.18,58683.39,28422.76326,1729342,1705464263.505865,30,Fear,494.4706029426991,0.04046709985244644,0.6315721218116086,-0.031926101818424826,10.254945626340522,fear,False,-0.4,0.04046709985244644,0.6315721218116086
2024-08-15,58683.39,59849.38,56078.54,57541.06,37686.17622,2507858,2194915865.052229,29,Fear,0.0,0.04110074650269193,0.6175028285668478,-0.019657942646201854,10.537048627678509,fear,False,-0.42,0.04110074650269193,0.6175028285668478
2024-08-16,57541.05,59817.76,57098.62,58874.6,27610.84344,1999539,1614654900.3332715,27,Fear,360.1357606476309,0.04121677663800004,0.6268884043673596,0.022910978337253942,10.225963852809656,fear,False,-0.46,0.04121677663800004,0.6268884043673596
2024-08-17,58874.59,59700.0,58785.05,59491.99,7721.72931,807159,457737705.7722839,25,Extreme Fear,60.273336969323104,0.04119414074115099,0.6285282952848699,0.010431923382209742,8.951793621819707,extreme_fear,True,-0.5,0.04119414074115099,0.6285282952848699
2024-08-18,59491.99,60284.99,58408.92,58427.35,13634.85717,1099730,813166580.7264851,31,Fear,86.20691106675304,0.04078392578017101,0.6275197760893366,-0.018057579517003593,9.520384819977298,fear,False,-0.38,0.04078392578017101,0.6275197760893366
2024-08-19,58427.35,59617.63,57787.3,59438.5,22809.31251,1636295,1336287900.197634,28,Fear,50.48112158532744,0.04085327001317712,0.6330863214232982,0.017158062435947308,10.034924174973277,fear,False,-0.44,0.04085327001317712,0.6330863214232982
2024-08-20,59438.5,61400.0,58548.23,59013.8,31477.44548,1904519,1890620149.7910202,30,Fear,0.0,0.041076700532354356,0.6293886356311014,-0.007170849698593443,10.35702655184354,fear,False,-0.4,0.041076700532354356,0.6293886356311014
2024-08-21,59013.8,61820.93,58783.47,61156.03,27983.6422,1981525,1682529555.0960546,26,Fear,359.4823805449304,0.041028984974095,0.6433442223272264,0.03565715238614722,10.239375411299,fear,False,-0.48,0.041028984974095,0.6433442223272264
2024-08-22,61156.03,61400.0,59724.87,60375.84,21241.20588,1718280,1288544247.9560175,39,Fear,171.26306523760374,0.04014495583291153,0.608056474312437,-0.012839442327577983,9.963698247755591,fear,False,-0.22,0.04014495583291153,0.608056474312437
2024-08-23,60375.83,64955.0,60342.14,64037.24,38118.07089,2555682,2375916932.7935486,34,Fear,0.0,0.04102152769158622,0.6416811222391968,0.05887576421662603,10.548443750244157,fear,False,-0.32,0.04102152769158622,0.6416811222391968
2024-08-24,64037.24,64494.5,63531.0,64157.01,15857.15616,1551856,1015774255.1740764,56,Greed,36.74623527567258,0.0400555590603409,0.618983872464808,0.0018685710918962383,9.671376170157725,greed,False,0.12,0.0400555590603409,0.618983872464808
2024-08-25,64157.02,65000.0,63773.27,64220.0,12305.47977,1263065,789935122.9930242,54,Neutral,34.33133604012192,0.032646192899138525,0.5452481648717493,0.0009813284334161388,9.4177999519066,neutral,False,0.08,0.032646192899138525,0.5452481648717493
2024-08-26,64219.99,64481.0,62800.0,62834.0,19470.05276,2152841,1238341818.4320166,55,Greed,0.0,0.031974726471871114,0.5451013521754278,-0.021818360418123024,9.876632808172538,neutral,False,0.1,0.031974726471871114,0.5451013521754278
2024-08-27,62834.0,63212.0,58034.01,59415.0,35135.94178,2995281,2158144642.992993,48,Neutral,0.0,0.03311074547161542,0.5833467092395757,-0.05594960850125526,10.466979867877848,neutral,False,-0.04,0.03311074547161542,0.5833467092395757
2024-08-28,59415.0,60234.98,57860.0,59034.9,36868.54275,3664134,2183054412.974087,30,Fear,144.63139421502024,0.02808313376821945,0.4195715623106399,-0.006417925294743356,10.515113966443842,fear,False,-0.4,0.02808313376821945,0.4195715623106399
2024-08-29,59034.9,61166.99,58713.09,59359.01,27020.90743,2743900,1617931684.258576,29,Fear,43.89249002998648,0.028194881049927137,0.41806042617265793,0.005475126375226921,10.20436619459202,fear,False,-0.42,0.028194881049927137,0.41806042617265793
2024-08-30,59359.0,59944.07,57701.1,59123.99,28519.32195,2845696,1680918972.4658496,34,Fear,0.0,0.028527669529586422,0.41804617828655816,-0.003967156608714223,10.258337099701434,fear,False,-0.32,0.028527669529586422,0.41804617828655816
2024-08-31,59123.99,59462.38,58744.0,58973.99,8798.409,895944,519849184.8690446,29,Fear,45.632960451811655,0.027435730172070134,0.39662118025597465,-0.00254026496747557,9.082326188666284,fear,False,-0.42,0.027435730172070134,0.39662118025597465
2024-09-01,58974.0,59076.59,57201.0,57301.86,20705.15741,2153180,1202176847.3910584,26,Fear,0.0,0.026888083459160435,0.407368372619275,-0.028763415319443375,9.93813809846224,fear,False,-0.48,0.026888083459160435,0.407368372619275
2024-09-02,57301.77,59425.69,57128.0,59132.13,22895.01461,1966119,1333092369.4465685,26,Fear,278.0271185035135,0.026460122813392734,0.41690243129284804,0.03144134758080365,10.038674463221588,fear,False,-0.48,0.026460122813392734,0.41690243129284804
2024-09-03,59132.12,59809.65,57415.0,57487.73,22828.18447,2208758,1335076815.8599248,26,Fear,263.4369778150446,0.02595486753474565,0.41346006571580207,-0.028202897779850595,10.035751212489552,fear,False,-0.48,0.02595486753474565,0.41346006571580207
2024-09-04,57487.74,58519.0,55606.0,57970.9,35560.82146,3177549,2027630870.1796753,27,Fear,0.0,0.025383004442856773,0.40865297714304333,0.008369626775024829,10.47899979003594,fear,False,-0.46,0.025383004442856773,0.40865297714304333
2024-09-05,57970.9,58327.07,55643.65,56180.0,27806.91413,3368058,1577770853.1007974,29,Fear,444.2589780007919,0.02540214283689268,0.41433928394429864,-0.03138033882672037,10.233039978467826,fear,False,-0.42,0.02540214283689268,0.41433928394429864
2024-09-06,56180.0,57008.0,52550.0,53962.97,54447.76826,5287281,2988914918.924334,22,Extreme Fear,0.0,0.02757781009433539,0.43229638936268844,-0.040262751080288636,10.904997140560603,extreme_fear,True,-0.56,0.02757781009433539,0.43229638936268844
2024-09-07,53962.97,54850.0,53745.54,54160.86,16694.04774,1920923,905693342.5898322,23,Extreme Fear,60.411831868155645,0.02738563932577081,0.4303835780508891,0.0036604367595428834,9.722807512116669,extreme_fear,True,-0.54,0.02738563932577081,0.4303835780508891
2024-09-08,54160.86,55318.0,53629.01,54869.95,16274.14779,1796092,885743172.9184759,29,Fear,146.70034793217624,0.02738207398107927,0.42794918700675316,0.01300733247035669,9.697333102572133,fear,False,-0.42,0.02738207398107927,0.42794918700675316
2024-09-09,54869.95,58088.0,54591.96,57042.0,32384.51737,3355912,1809715390.0493293,26,Fear,0.0,0.027901111848426505,0.4537883541758002,0.03882199877924005,10.385435728618829,fear,False,-0.48,0.027901111848426505,0.4537883541758002
2024-09-10,57042.01,58044.36,56386.4,57635.99,23626.78126,2843148,1349365460.0900571,33,Fear,155.26911266527924,0.02734671003085317,0.43464855265085756,0.010359360363052208,10.070136146768391,fear,False,-0.34,0.02734671003085317,0.43464855265085756
2024-09-11,57635.99,57981.71,55545.19,57338.0,33026.56757,4045103,1875738697.3784153,37,Fear,187.95783097545905,0.027699837292105466,0.4331886091891925,-0.005183618786241656,10.405067594426042,fear,False,-0.26,0.027699837292105466,0.4331886091891925
2024-09-12,57338.0,58588.0,57324.0,58132.32,31074.40631,3706764,1802848638.0757017,31,Fear,0.0,0.02603846748678298,0.3738300657506746,0.013758211280425158,10.344139811128025,fear,False,-0.38,0.02603846748678298,0.3738300657506746
2024-09-13,58132.31,60625.0,57632.62,60498.0,29825.23333,3378012,1760671733.5492997,32,Fear,0.0,0.026835103284791193,0.40586369126303257,0.039888515176949337,10.303110070238114,fear,False,-0.36,0.026835103284791193,0.40586369126303257
2024-09-14,60497.99,60610.45,59400.0,59993.03,12137.90901,1288784,728527024.3416963,50,Neutral,93.47118429673954,0.026849860737889093,0.4060258469466999,-0.008381917831569096,9.404088810075068,neutral,False,0.0,0.026849860737889093,0.4060258469466999
2024-09-15,59993.02,60395.8,58691.05,59132.0,13757.92361,1552950,822410872.3906956,51,Neutral,68.68673411554057,0.026890809991078644,0.4024224341474727,-0.014456155768720775,9.529370199664672,neutral,False,0.02,0.026890809991078644,0.4024224341474727
2024-09-16,59132.0,59210.7,57493.3,58213.99,26477.5642,3145152,1543273198.7027452,39,Fear,0.0,0.024637704961832853,0.3547409888213818,-0.01564652918074257,10.184053019415101,fear,False,-0.22,0.024637704961832853,0.3547409888213818
2024-09-17,58213.99,61320.0,57610.01,60313.99,33116.25878,3918209,1983378424.775704,33,Fear,110.20084734458462,0.025457316900323868,0.37672752409192173,0.035438379599161005,10.407779642577724,fear,False,-0.34,0.025457316900323868,0.37672752409192173
2024-09-18,60313.99,61786.24,59174.8,61759.99,36087.02469,5167671,2174000496.820776,45,Fear,142.67077263827608,0.025523976306655795,0.38500989555581544,0.023691660342147144,10.493688652841847,fear,False,-0.1,0.025523976306655795,0.38500989555581544
2024-09-19,61759.98,63850.0,61555.0,62947.99,34332.52608,4438284,2153175931.1738715,49,Neutral,0.0,0.025483540524246267,0.38894291390772023,0.01905308607791393,10.443848466034236,neutral,False,-0.02,0.025483540524246267,0.38894291390772023
2024-09-20,62948.0,64133.32,62350.0,63201.05,25466.37794,3969296,1611195963.9908044,54,Neutral,124.94646841796236,0.02571163221726041,0.38837015381165363,0.004012085061529829,10.145114348987677,neutral,False,0.08,0.02571163221726041,0.38837015381165363
2024-09-21,63201.05,63559.9,62758.0,63348.96,8375.34608,1283611,528657852.3183024,54,Neutral,65.82172901082949,0.02540124947810266,0.3693695234155978,0.0023375749611005414,9.033047678824571,neutral,False,0.08,0.02540124947810266,0.3693695234155978
2024-09-22,63348.97,64000.0,62357.93,63578.76,14242.19892,2145736,897477338.3735127,52,Neutral,70.86428496846213,0.025087174582216428,0.35592827851596637,0.0036209624041565595,9.563964591583977,neutral,False,0.04,0.025087174582216428,0.35592827851596637
2024-09-23,63578.76,64745.88,62538.75,63339.99,24078.05287,3999187,1531015038.3680267,50,Neutral,139.1309909284066,0.024918869650097666,0.33701146322269515,-0.0037625690717466927,10.089056035272941,neutral,False,0.0,0.024918869650097666,0.33701146322269515
2024-09-24,63339.99,64688.0,62700.0,64262.7,23185.04759,3870157,1472720338.8562915,54,Neutral,289.1478966087392,0.024320856958928546,0.33854654482370744,0.01446248637939056,10.051262849443683,neutral,False,0.08,0.024320856958928546,0.33854654482370744
2024-09-25,64262.7,64817.99,62947.08,63152.01,17813.11168,3355531,1135250828.2732148,59,Greed,231.32098716761152,0.023811146704353935,0.3217918158157842,-0.017434692343162504,9.787690076351229,greed,False,0.18,0.023811146704353935,0.3217918158157842
2024-09-26,63152.01,65839.0,62670.0,65173.99,28373.30593,4361333,1831204595.9448967,50,Neutral,194.09134489495383,0.022164961982257064,0.28402305950084816,0.03151578569135097,10.253204050093926,neutral,False,0.0,0.022164961982257064,0.28402305950084816
2024-09-27,65173.99,66498.0,64819.9,65769.95,22048.80487,3498529,1448852210.3602211,61,Greed,0.0,0.022262177635822084,0.2832105314706477,0.009102584128001627,10.00101367849904,greed,False,0.22,0.022262177635822084,0.2832105314706477
2024-09-28,65769.95,66260.0,65422.23,65858.0,9127.23316,1341703,600118483.1222521,64,Greed,72.23679623168516,0.021935924847935908,0.28443525970033484,0.0013378619530761801,9.119017878372238,greed,False,0.28,0.021935924847935908,0.28443525970033484
2024-09-29,65858.0,66076.12,65432.0,65602.01,8337.74111,1413449,547980013.7152303,63,Greed,80.48946461778246,0.020333018859832852,0.2650408078210981,-0.003894573316477157,9.02854760854637,greed,False,0.26,0.020333018859832852,0.2650408078210981
2024-09-30,65602.01,65618.8,62856.3,63327.59,30011.08752,3978584,1920250261.7442162,61,Greed,0.0,0.02077614419480754,0.3040055886045678,-0.03528524055475455,10.30932217636495,greed,False,0.22,0.02077614419480754,0.3040055886045678
2024-10-01,63327.6,64130.63,60164.0,60805.78,43671.48108,5607069,2723672081.8326254,50,Neutral,0.0,0.021723873027680533,0.3428690709734236,-0.04063624492665931,10.68445056117814,neutral,False,0.0,0.021723873027680533,0.3428690709734236
2024-10-02,60804.92,62390.31,60000.0,60649.28,31534.70118,5313210,1928377637.836784,42,Fear,199.7312627917042,0.0221555724150356,0.34092815454871744,-0.002577086316775542,10.35884384323234,fear,False,-0.16,0.0221555724150356,0.34092815454871744
2024-10-03,60649.27,61477.19,59828.11,60752.71,26221.43472,5244004,1590773866.8074434,37,Fear,136.69613141060336,0.021400828986722083,0.3103986023543958,0.001703926352847916,10.174332474356156,fear,False,-0.26,0.021400828986722083,0.3103986023543958
2024-10-04,60752.72,62484.85,60459.9,62086.0,21294.65994,3798631,1311145630.5020497,41,Fear,0.0,0.02168475150753663,0.3176443076490145,0.02170883041003728,9.966211613222999,fear,False,-0.18,0.02168475150753663,0.3176443076490145
2024-10-05,62086.0,62370.56,61689.26,62058.0,7807.46141,1183175,484588468.3419123,49,Neutral,43.038789248534826,0.0213920498559203,0.31202854065957897,-0.00045108906551724495,8.962835146461702,neutral,False,-0.02,0.0213920498559203,0.31202854065957897
2024-10-06,62058.01,62975.0,61798.97,62819.91,8906.86177,1556553,555669634.4773514,50,Neutral,28.717297577611102,0.0211755713999976,0.3062539348233494,0.012202629820996201,9.094577244056925,neutral,False,0.0,0.0211755713999976,0.3062539348233494
2024-10-07,62819.91,64478.19,62128.0,62224.0,25966.1852,4809342,1646315506.5791945,50,Neutral,0.0,0.020075516157803626,0.28555216285118884,-0.009531284031326389,10.164550401298676,neutral,False,0.0,0.020075516157803626,0.28555216285118884
2024-10-08,62224.01,63200.0,61860.31,62160.49,19702.22371,3798438,1230076253.818657,49,Neutral,34.28800961842881,0.019433812935733267,0.2733609344352414,-0.0010211885021863328,9.888486787035964,neutral,False,-0.02,0.019433812935733267,0.2733609344352414
2024-10-09,62160.5,62543.75,60301.0,60636.02,20011.15684,3668363,1234778807.5932417,49,Neutral,0.0,0.01943083137048155,0.27782724161991224,-0.024830482976427176,9.90404523900012,neutral,False,-0.02,0.01943083137048155,0.27782724161991224
2024-10-10,60636.01,61321.68,58946.0,60326.39,23967.92481,3872577,1445604381.9363792,39,Fear,0.0,0.019783059078844093,0.2771526543794533,-0.005119452832531935,10.08447174921256,fear,False,-0.22,0.019783059078844093,0.2771526543794533
2024-10-11,60326.4,63417.56,60087.64,62540.0,23641.35209,3222180,1462219576.849865,32,Fear,0.0,0.02099821821825057,0.30869527733223845,0.03603669892744918,10.070752664892922,fear,False,-0.36,0.02099821821825057,0.30869527733223845
2024-10-12,62539.99,63480.0,62487.23,63206.22,10911.30116,1770837,686978508.9887543,49,Neutral,30.708581351173937,0.020813994431535608,0.3109577746803996,0.010596362001929363,9.297554334777255,neutral,False,-0.02,0.020813994431535608,0.3109577746803996
2024-10-13,63206.23,63285.72,62050.0,62870.02,11909.21995,2242529,746564374.2082387,50,Neutral,59.40381639787546,0.020458272479010824,0.3112400209101312,-0.0053332935199566596,9.385068164822398,neutral,False,0.0,0.020458272479010824,0.3112400209101312
2024-10-14,62870.02,66500.0,62457.81,66083.99,37669.95222,4977577,2450094472.813545,48,Neutral,0.0,0.021723027108843343,0.35578593102234685,0.04985708823410627,10.536618032301954,neutral,False,-0.04,0.021723027108843343,0.35578593102234685
2024-10-15,66084.0,67950.0,64800.01,67074.14,43683.95423,6245619,2894021862.319518,65,Greed,0.0,0.022294638817135122,0.3515620974718967,0.014872066015212411,10.684736133565034,greed,False,0.3,0.022294638817135122,0.3515620974718967
2024-10-16,67074.14,68424.0,66750.49,67620.01,29938.25544,5109685,2024560410.1062675,73,Greed,0.0,0.02154588643722415,0.33585877106664064,0.008105370403983361,10.306892387738868,greed,False,0.46,0.02154588643722415,0.33585877106664064
2024-10-17,67620.0,67939.4,66666.0,67421.78,25328.22861,3981960,1702164439.5654595,71,Greed,123.96649534971422,0.021421962184644212,0.3351248247718437,-0.0029358340463448997,10.139674808059214,greed,False,0.42,0.021421962184644212,0.3351248247718437
2024-10-18,67421.78,69000.0,67192.36,68428.0,28725.635,4010969,1959735899.8769643,73,Greed,0.0,0.021649243625847744,0.3385731461755837,0.014813986471420447,10.265545208651904,greed,False,0.46,0.021649243625847744,0.3385731461755837
2024-10-19,68427.99,68693.26,68010.0,68378.0,8193.66737,1152428,559628628.9613105,72,Greed,43.93154000923548,0.021650895202619428,0.3380390912957133,-0.0007309621248523259,9.011116862945524,greed,False,0.44,0.021650895202619428,0.3380390912957133
2024-10-20,68377.99,69400.0,68100.0,69031.99,12442.47378,1563795,854082429.8105861,73,Greed,27.93666539841395,0.02102018547350357,0.3084880182131933,0.00951888488044817,9.42887120343694,greed,False,0.46,0.02102018547350357,0.3084880182131933
2024-10-21,69032.0,69519.52,66840.67,67377.5,31374.42184,3686777,2130833593.5466976,72,Greed,104.12604626900843,0.01990426552286533,0.28110015680797656,-0.02425888605349007,10.35374824885394,greed,False,0.44,0.01990426552286533,0.28110015680797656
2024-10-22,67377.5,67836.01,66571.42,67426.0,24598.96268,3669291,1654285791.6605556,70,Greed,5.720879390712138,0.019366062396869277,0.28014308735945187,0.0007195659176902162,10.110459553551706,greed,False,0.4,0.019366062396869277,0.28014308735945187
2024-10-23,67426.01,67472.83,65260.0,66668.65,25530.2407,3807365,1695101430.9187467,71,Greed,0.0,0.019538778492739335,0.28609126745614843,-0.01129587277243706,10.14761893831486,greed,False,0.42,0.019538778492739335,0.28609126745614843
2024-10-24,66668.65,68850.0,66510.0,68198.28,22589.83877,3797462,1526736320.912938,69,Greed,0.0,0.019589631884790584,0.28688292649708885,0.02268451715263484,10.025255472207716,greed,False,0.38,0.019589631884790584,0.28688292649708885
2024-10-25,68198.27,68771.49,65596.29,66698.33,34479.71125,5332593,2320667435.293254,72,Greed,245.1739539911531,0.0205395662596642,0.3020888216907604,-0.022239429463163648,10.44812635032261,greed,False,0.44,0.0205395662596642,0.3020888216907604
2024-10-27,67092.76,68332.05,66913.73,68021.7,8653.19592,1771989,585006148.4704809,74,Greed,107.29906995327384,0.020576660857216857,0.3060286862558475,0.019646856789083313,9.06568400220873,greed,False,0.48,0.020576660857216857,0.3060286862558475
2024-10-28,68021.69,70270.0,67618.0,69962.21,29046.75459,4432446,2005105729.8174448,72,Greed,0.0,0.02062102205898941,0.3130949182943384,0.02812846721520796,10.27666203796684,greed,False,0.44,0.02062102205898941,0.3130949182943384
2024-10-29,69962.21,73620.12,69760.0,72736.42,50128.60594,5645430,3602465986.8917575,72,Greed,0.0,0.021662348579940108,0.3328823574443863,0.03888698282937757,10.822347100974007,greed,False,0.44,0.021662348579940108,0.3328823574443863
2024-10-30,72736.41,72961.0,71436.0,72344.74,26885.99056,4040734,1941210537.2882867,77,Extreme Greed,96.42697239736167,0.02128978936102214,0.3141977229334192,-0.005399473668343945,10.199360632902033,extreme_greed,True,0.54,0.02128978936102214,0.3141977229334192
2024-10-31,72344.75,72700.0,69685.76,70292.01,29352.10297,4525542,2091144977.4946847,77,Extreme Greed,33.614815583189774,0.021387805243721355,0.3384257917847219,-0.02878461169591104,10.287119474137441,extreme_greed,True,0.54,0.021387805243721355,0.3384257917847219
2024-11-01,70292.01,71632.95,68820.14,69496.01,38301.86755,4569271,2677358022.00497,75,Greed,83.19314079180653,0.020830602879780606,0.3273430930195257,-0.011388795745506882,10.55325393507656,greed,False,0.5,0.020830602879780606,0.3273430930195257
2024-11-02,69496.0,69914.37,69000.14,69374.74,10521.67243,1603561,731232427.6311548,72,Greed,50.86996144946269,0.02079802329994595,0.3276128652820813,-0.0017465165389545408,9.261192449892059,greed,False,0.44,0.02079802329994595,0.3276128652820813
2024-11-03,69374.74,69391.0,67478.73,68775.99,24995.70243,3668029,1709666206.4062023,74,Greed,0.0,0.020967310028294692,0.32917165116440994,-0.008668122839253566,10.126459186273358,greed,False,0.48,0.020967310028294692,0.32917165116440994
2024-11-04,68775.99,69500.0,66835.0,67850.01,29800.39187,5377048,2033902307.0027761,70,Greed,216.29440172650513,0.019906737737134944,0.2875884065497678,-0.013555167807772158,10.302276822407036,greed,False,0.4,0.019906737737134944,0.2875884065497678
2024-11-05,67850.01,70577.91,67476.63,69372.01,33355.06888,4955644,2310418908.069922,70,Greed,122.52119184428572,0.01980054321100202,0.29327378256914466,0.02218393837390412,10.414965030199197,greed,False,0.4,0.01980054321100202,0.29327378256914466
2024-11-06,69372.01,76400.0,69298.0,75571.99,104126.994787,8434184,7702283270.258009,70,Greed,0.0,0.023508960875586366,0.41818906819906354,0.08560223984821512,11.553366536903887,greed,False,0.4,0.023508960875586366,0.41818906819906354
2024-11-07,75571.99,76849.99,74416.0,75857.89,44869.422345,5207722,3391796661.9719553,77,Extreme Greed,0.0,0.023767519146049156,0.41705787621986473,0.0037760095920657505,10.711511824917915,extreme_greed,True,0.54,0.023767519146049156,0.41705787621986473
2024-11-08,75857.89,77199.99,75555.0,76509.78,36521.099583,4877489,2784449097.5315185,75,Greed,48.238441318821934,0.02367597545318385,0.4158727799355212,0.00855685431952021,10.505645443319162,greed,False,0.5,0.02367597545318385,0.4158727799355212
2024-11-09,76509.78,76900.0,75714.66,76677.46,16942.07915,2585264,1294709001.60289,75,Greed,121.1288467703135,0.023729758348911473,0.41541378940910056,0.0021892171563324633,9.737555696802092,greed,False,0.5,0.023729758348911473,0.41541378940910056
2024-11-10,76677.46,81500.0,76492.0,80370.01,61830.100435,7128598,4905441473.900737,78,Extreme Greed,0.0,0.025083442433231927,0.44053778943990646,0.0470333036943159,11.032145586924576,extreme_greed,True,0.56,0.025083442433231927,0.44053778943990646
2024-11-11,80370.01,89530.54,80216.01,88647.99,82323.665776,9348890,6944268709.942721,76,Extreme Greed,0.0,0.028617677829690037,0.528345037198605,0.09803226217915882,11.318413900323073,extreme_greed,True,0.52,0.028617677829690037,0.528345037198605
2024-11-12,88648.0,89940.0,85072.0,87952.01,97299.887911,11499058,8540084566.279819,80,Extreme Greed,210.65471160148698,0.02946903657339767,0.5320212242143947,-0.007882034011635572,11.485553116179599,extreme_greed,True,0.6,0.02946903657339767,0.5320212242143947
2024-11-13,87952.0,93265.64,86127.99,90375.2,86763.854127,11962100,7790928962.043038,84,Extreme Greed,125.09033557812681,0.03102717952387014,0.5259355247096407,0.027178568661184198,11.3709453868103,extreme_greed,True,0.68,0.03102717952387014,0.5259355247096407
2024-11-14,90375.21,91790.0,86668.21,87325.59,56729.51086,9828858,5073860815.928665,88,Extreme Greed,447.60397437251237,0.031631858149909015,0.5534078150187961,-0.03432634643790914,10.946049828037715,extreme_greed,True,0.76,0.031631858149909015,0.5534078150187961
2024-11-15,87325.59,91850.0,87073.38,91032.07,47927.95068,8009111,4276238971.1814294,80,Extreme Greed,491.060727234636,0.031807447741197266,0.5468049959710037,0.041568314974823425,10.777454134719665,extreme_greed,True,0.6,0.031807447741197266,0.5468049959710037
2024-11-16,91032.08,91779.66,90056.17,90586.92,22717.87689,4239455,2067958511.9048474,86,Extreme Greed,78.81802364057762,0.03178460020742384,0.5512914549733514,-0.004902030249246929,10.030907421725711,extreme_greed,True,0.72,0.03178460020742384,0.5512914549733514
2024-11-17,90587.98,91449.99,88722.0,89855.99,23867.55609,4930719,2153871724.810395,90,Extreme Greed,44.55532159489116,0.03162452317905911,0.5542513762996244,-0.008101554091419313,10.080275329927037,extreme_greed,True,0.8,0.03162452317905911,0.5542513762996244
2024-11-18,89855.98,92594.0,89376.9,90464.08,46545.03448,7161125,4239909950.661894,83,Extreme Greed,92.73543207854608,0.031150472957827916,0.545641646892311,0.006744588166355547,10.7481756063388,extreme_greed,True,0.66,0.031150472957827916,0.545641646892311
2024-11-19,90464.07,93905.51,90357.0,92310.79,43660.04682,5647789,4025108502.849614,90,Extreme Greed,69.13897385268847,0.03144939748020277,0.5430577025662843,0.02020817024435305,10.684188702480823,extreme_greed,True,0.8,0.03144939748020277,0.5430577025662843
2024-11-20,92310.8,94831.97,91500.0,94286.56,42203.198712,7365987,3950932314.646069,83,Extreme Greed,102.063402193153,0.031301736626238225,0.5215987816132568,0.021177619537080205,10.650251296014074,extreme_greed,True,0.66,0.031301736626238225,0.5215987816132568
2024-11-21,94286.56,98988.0,94040.0,98317.12,69228.360477,9048605,6722807908.325656,82,Extreme Greed,0.0,0.031595555969258504,0.5205417683650436,0.04185951709945262,11.145165891129617,extreme_greed,True,0.64,0.031595555969258504,0.5205417683650436
2024-11-22,98317.12,99588.01,97122.11,98892.0,46189.309243,7271311,4555536773.363205,94,Extreme Greed,0.0,0.031725249191159426,0.5175419950886206,0.005830172847894076,10.740503648625667,extreme_greed,True,0.88,0.031725249191159426,0.5175419950886206
2024-11-23,98892.0,98908.85,97136.0,97672.4,24757.84367,3839138,2431609866.3295145,93,Extreme Greed,141.05500562273602,0.03159601380881931,0.5202358714573425,-0.012409323871574746,10.116897633749177,extreme_greed,True,0.86,0.03159601380881931,0.5202358714573425
2024-11-24,97672.4,98564.0,95734.77,97900.04,31200.97838,4964720,3034172011.9517884,80,Extreme Greed,40.23134766037625,0.03140119534879178,0.5106111337065278,0.002327936418892903,10.348204731639244,extreme_greed,True,0.6,0.03140119534879178,0.5106111337065278
2024-11-25,97900.05,98871.8,92600.19,93010.01,50847.45096,8289691,4883444806.322193,82,Extreme Greed,149.20564264627228,0.03204789425661807,0.5667004647320859,-0.051239836346874276,10.836585271606657,extreme_greed,True,0.64,0.03204789425661807,0.5667004647320859
2024-11-26,93010.01,94973.37,90791.1,91965.16,57858.73138,10225809,5370918648.818167,79,Extreme Greed,0.0,0.029865964057845786,0.5070614932558437,-0.011297312096130885,10.965759652607073,extreme_greed,True,0.58,0.029865964057845786,0.5070614932558437
2024-11-27,91965.16,97208.21,91792.14,95863.11,41153.42734,6648690,3894358511.617565,75,Greed,111.25314835182459,0.03053792155002419,0.5186589930804005,0.04151142667791282,10.625062491579776,greed,False,0.5,0.03053792155002419,0.5186589930804005
2024-11-28,95863.11,96564.0,94640.0,95643.98,28814.54357,4988161,2749861591.2596097,77,Extreme Greed,82.80877309708256,0.030520537719725523,0.5209551581097998,-0.002288480239917697,10.268635523731431,extreme_greed,True,0.54,0.030520537719725523,0.5209551581097998
2024-11-29,95643.99,98619.99,95364.99,97460.0,27701.78231,5094070,2690451030.6342874,78,Extreme Greed,0.0,0.03078092575104129,0.5204992582079963,0.01880928130380514,10.229252033426787,extreme_greed,True,0.56,0.03078092575104129,0.5204992582079963
2024-11-30,97460.0,97463.95,96092.01,96407.99,14503.83306,3354759,1402672950.6998208,84,Extreme Greed,69.31576311070805,0.029640573115005654,0.5092475934301385,-0.010852955416106586,9.58216824244015,extreme_greed,True,0.68,0.029640573115005654,0.5092475934301385
2024-12-01,96407.99,97836.0,95693.88,97185.18,16938.60452,3342200,1641327626.6062205,81,Extreme Greed,100.18908923682537,0.025879771343362216,0.3860991383166641,0.008029148706736931,9.737350587008793,extreme_greed,True,0.62,0.025879771343362216,0.3860991383166641
2024-12-02,97185.17,98130.0,94395.0,95840.62,37958.66981,7560103,3646639621.737588,80,Extreme Greed,141.7321489112434,0.025319551441005148,0.38927659377095314,-0.013931627244584067,10.544253210223687,extreme_greed,True,0.6,0.025319551441005148,0.38927659377095314
2024-12-03,95840.61,96305.52,93578.17,95849.69,35827.32283,5361712,3413995542.0186563,76,Extreme Greed,18.97710106315995,0.0232733606349276,0.3799187971567129,9.463180488125695e-05,10.486466088835916,extreme_greed,True,0.52,0.0232733606349276,0.3799187971567129
2024-12-04,95849.69,99000.0,94587.83,98587.32,43850.53728,6648724,4241994533.786106,78,Extreme Greed,0.0,0.022796553598641862,0.3629948330642016,0.028161417666881416,10.688542250404856,extreme_greed,True,0.56,0.022796553598641862,0.3629948330642016
2024-12-05,98587.32,104088.0,90500.0,96945.63,109921.729662,12012364,11048002942.149931,84,Extreme Greed,174.83078685024088,0.028655489366135427,0.3460027693103036,-0.01679234704122157,11.607523842976477,extreme_greed,True,0.68,0.028655489366135427,0.3460027693103036
2024-12-06,96945.63,101898.99,95981.72,99740.84,45049.5331,6919102,4456641685.364444,72,Greed,295.85075632888794,0.02965127000940296,0.3558046472614676,0.028424916087496886,10.71551789894282,greed,False,0.44,0.02965127000940296,0.3558046472614676
2024-12-07,99740.84,100439.18,98844.0,99831.99,14931.9459,2634566,1487953846.8385458,75,Greed,50.821724302415745,0.02944962563886734,0.35289172321004814,0.0009134510578209996,9.611258216936564,greed,False,0.5,0.02944962563886734,0.35289172321004814
2024-12-08,99831.99,101351.0,98657.7,101109.59,14612.99688,2994709,1459576946.402151,79,Extreme Greed,106.19755706891972,0.029288420476350465,0.3538593440098078,0.012716305068205409,9.58966660896611,extreme_greed,True,0.58,0.029288420476350465,0.3538593440098078
2024-12-09,101109.6,101215.93,94150.05,97276.47,53949.11595,8445872,5283626995.705648,78,Extreme Greed,84.88308634616354,0.030421916936696703,0.3820969515781589,-0.03864784755258232,10.895796584083069,extreme_greed,True,0.56,0.030421916936696703,0.3820969515781589
2024-12-10,97276.48,98270.0,94256.54,96593.0,51708.68933,11556189,4988660195.092428,78,Extreme Greed,269.2666660396022,0.030557791007313876,0.37701764665634785,-0.007050855728157901,10.853381118520982,extreme_greed,True,0.56,0.030557791007313876,0.37701764665634785
2024-12-11,96593.0,101888.0,95658.24,101125.0,37753.78291,8250511,3745703763.01845,74,Greed,0.0,0.030953919292246872,0.3829455341460367,0.04585110055392514,10.538840959192955,greed,False,0.48,0.030953919292246872,0.3829455341460367
2024-12-12,101125.0,102540.0,99311.64,100004.29,29232.08745,8066322,2949462583.8661704,83,Extreme Greed,30.61048406323978,0.03106869102920985,0.3850799407518011,-0.011144290310743151,10.283022270197877,extreme_greed,True,0.66,0.03106869102920985,0.3850799407518011
2024-12-13,100004.29,101895.26,99205.0,101424.25,21904.03923,5481660,2203903393.0741005,76,Extreme Greed,208.59195821867863,0.031181328429440856,0.3847355364942825,0.014099129370686553,9.994426338523704,extreme_greed,True,0.52,0.031181328429440856,0.3847355364942825
2024-12-14,101424.24,102650.0,100609.41,101420.0,14191.70326,3374538,1441594367.0463192,83,Extreme Greed,0.0,0.03105236238166664,0.38479128197785345,-4.190407172619906e-05,9.56041279536797,extreme_greed,True,0.66,0.03105236238166664,0.38479128197785345
2024-12-15,101420.0,105250.0,101237.14,104463.99,22228.921775,3638809,2290462903.835791,80,Extreme Greed,0.0,0.030233311135624004,0.34164829829585036,0.02957210835064263,10.00914950263303,extreme_greed,True,0.6,0.030233311135624004,0.34164829829585036
2024-12-16,104463.99,107793.07,103333.0,106058.66,41302.40274,8048054,4364964400.634553,83,Extreme Greed,0.0,0.03016088379742925,0.33695308493877485,0.015149918553743596,10.628675954980837,extreme_greed,True,0.66,0.03016088379742925,0.33695308493877485
2024-12-17,106058.65,108353.0,105321.49,106133.74,29064.936466,7212799,3103833327.775107,87,Extreme Greed,83.60258309802492,0.029409722944135887,0.3119314415908607,0.0007076596818099129,10.27728779420497,extreme_greed,True,0.74,0.029409722944135887,0.3119314415908607
2024-12-18,106133.74,106524.98,100000.0,100204.01,50307.99755,8762120,5194263316.259236,81,Extreme Greed,0.0,0.030490645255821652,0.3827552519061635,-0.057491789143001994,10.825919340467037,extreme_greed,True,0.62,0.030490645255821652,0.3827552519061635
2024-12-19,100204.01,102800.11,95700.0,97461.86,55147.398,7273941,5487546517.707752,75,Greed,0.0,0.03165018329462097,0.3917385712821802,-0.02774708582409932,10.917764843151573,greed,False,0.5,0.03165018329462097,0.3917385712821802
2024-12-20,97461.86,98233.0,92232.54,97805.44,62884.1357,7429007,6022845238.832326,74,Greed,0.0,0.03270706294369171,0.3897740274961725,0.003519077229743537,11.049049196250683,greed,False,0.48,0.03270706294369171,0.3897740274961725
2024-12-21,97805.44,99540.61,96398.39,97291.99,23483.54143,3717638,2296232055.195926,73,Greed,0.0,0.032855260744800635,0.3893234509545019,-0.005263536125710258,10.064055090081483,greed,False,0.46,0.032855260744800635,0.3893234509545019
2024-12-22,97292.0,97448.08,94250.35,95186.27,19353.83036,3633551,1857819866.3603997,73,Greed,0.0,0.03274733932039302,0.39410437556986977,-0.02188095438284901,9.870645630289319,greed,False,0.46,0.03274733932039302,0.39410437556986977
2024-12-23,95186.28,96538.92,92520.0,94881.47,32810.76703,5464919,3100007213.494563,70,Greed,52.007255409488806,0.03301682463357645,0.3942300605910545,-0.0032072803231183965,10.398512003615444,greed,False,0.4,0.03301682463357645,0.3942300605910545
2024-12-24,94881.47,99487.99,93569.02,98663.58,23674.22488,3421549,2287214424.7064757,73,Greed,48.83492119852083,0.03347349802290001,0.40648565407009923,0.039087452998785556,10.072142177497193,greed,False,0.46,0.03347349802290001,0.40648565407009923
2024-12-25,98663.58,99569.15,97632.02,99429.6,14474.1651,3283028,1426143976.0493636,73,Greed,54.42245622425476,0.027830682987918787,0.40231810944733676,0.007733974670366026,9.580120622021235,greed,False,0.46,0.027830682987918787,0.40231810944733676
2024-12-26,99429.61,99963.7,95199.14,95791.6,21192.36727,5203490,2049123567.3867724,79,Extreme Greed,91.83213086449511,0.027441123718135257,0.41099106361427196,-0.03727485759295436,9.961396361398185,extreme_greed,True,0.58,0.027441123718135257,0.41099106361427196
2024-12-27,95791.6,97544.58,93500.01,94299.03,26501.26429,5718866,2528567849.7794614,74,Greed,0.0,0.02794161523541642,0.4136423302304495,-0.01570409519397809,10.184947719892877,greed,False,0.48,0.02794161523541642,0.4136423302304495
2024-12-28,94299.03,95733.99,94135.66,95300.0,8385.8929,2732061,794651624.8349555,72,Greed,77.83730716334094,0.02779863266452817,0.41263512444762035,0.010558907393903796,9.034306156363678,greed,False,0.44,0.02779863266452817,0.41263512444762035
2024-12-29,95300.0,95340.0,93009.52,93738.2,13576.00578,2865838,1278370863.9768472,73,Greed,25.595670695258093,0.026255820830487418,0.39432266055926884,-0.016524020398176582,9.516059232665297,greed,False,0.46,0.026255820830487418,0.39432266055926884
2024-12-30,93738.19,95024.5,91530.45,92792.05,27619.4225,5560563,2573126059.769478,65,Greed,99.49596207791762,0.026140420562041744,0.3950159582549743,-0.010144822242994745,10.226274517982926,greed,False,0.3,0.026140420562041744,0.3950159582549743
2024-12-31,92792.05,96250.0,92033.73,93576.0,19612.03389,3347847,1845718801.922704,64,Greed,195.97132478756885,0.02545034961570789,0.35520417160087936,0.008412972329420844,9.88389863079329,greed,False,0.28,0.02545034961570789,0.35520417160087936
2025-01-01,93576.0,95151.15,92888.0,94591.79,10373.32613,1516556,975444194.1379983,66,Greed,146.26232382040055,0.02529259055183283,0.35778114920214227,0.010796745473918477,9.246992995215237,greed,False,0.32,0.02529259055183283,0.35778114920214227
2025-01-02,94591.78,97839.5,94392.0,96984.79,21970.48948,3569079,2118411852.6812794,70,Greed,0.0,0.025495293205111586,0.3665706506504568,0.02498347626229524,9.99745544460248,greed,False,0.4,0.025495293205111586,0.3665706506504568
2025-01-03,96984.79,98976.91,96100.01,98174.18,15253.82936,2851164,1486610768.5907917,74,Greed,0.0,0.025659889975992025,0.37009653086966804,0.012189085912690157,9.6325858560876,greed,False,0.48,0.025659889975992025,0.37009653086966804
2025-01-04,98174.17,98778.43,97514.79,98220.5,8990.05651,1559982,881223751.6353602,73,Greed,64.8820939846954,0.025182708811978073,0.35150906810526045,0.00047170321374159335,9.103874413319103,greed,False,0.46,0.025182708811978073,0.35150906810526045
2025-01-05,98220.51,98836.85,97276.79,98363.61,8095.63723,1685799,793931715.9546324,72,Greed,110.01461253625571,0.024627878689837523,0.34539674722736263,0.001455967374787927,8.999080581975884,greed,False,0.44,0.024627878689837523,0.34539674722736263
2025-01-06,98363.61,102480.0,97920.0,102235.6,25263.43375,3853702,2540561688.7771435,76,Extreme Greed,0.0,0.025087300694980146,0.3766919287743765,0.03860903512357024,10.137113322928851,extreme_greed,True,0.52,0.025087300694980146,0.3766919287743765
2025-01-07,102235.6,102724.38,96181.81,96954.61,32059.87537,4480562,3170421659.717236,78,Extreme Greed,342.95980207100905,0.025207574059085584,0.36820405817475194,-0.05303702286757633,10.375360538757361,extreme_greed,True,0.56,0.025207574059085584,0.36820405817475194
2025-01-08,96954.6,97268.65,92500.9,95060.61,33704.67894,5171208,3205849081.112962,70,Greed,0.0,0.02426117582969256,0.36170836559953784,-0.019728242676769096,10.425391947652495,greed,False,0.4,0.02426117582969256,0.36170836559953784
2025-01-09,95060.61,95382.32,91203.67,92552.49,34544.83685,6027161,3217669887.245398,69,Greed,71.08065844828307,0.023519222268986076,0.37221370896580025,-0.026738745131460816,10.450013378086442,greed,False,0.38,0.023519222268986076,0.37221370896580025
2025-01-10,92552.49,95836.0,92206.02,94726.11,31482.86424,5531444,2962085343.283704,50,Neutral,231.7350266294743,0.02369571287483074,0.3832363143499698,0.02321373193383758,10.357198684415234,neutral,False,0.0,0.02369571287483074,0.3832363143499698
2025-01-11,94726.1,95050.94,93831.73,94599.99,7047.9043,1496191,665685994.93301,69,Greed,50.72229527007461,0.02333273784307072,0.3754889242130838,-0.0013323046178590012,8.860485589203739,greed,False,0.38,0.02333273784307072,0.3754889242130838
2025-01-12,94599.99,95450.1,93711.19,94545.06,8606.86622,1658863,813278829.6583949,62,Greed,98.49324930261454,0.022757563109027667,0.37533574417929766,-0.0005808240981644022,9.060315561366137,greed,False,0.24,0.022757563109027667,0.37533574417929766
2025-01-13,94545.07,95940.0,89256.69,94536.1,42619.56423,5740963,3930666134.3474574,61,Greed,55.62466241104467,0.023325576329884835,0.34555825502553794,-9.477411717486941e-05,10.660068681057869,greed,False,0.22,0.023325576329884835,0.34555825502553794
2025-01-14,94536.11,97371.0,94346.22,96560.86,27846.61753,4532923,2676048470.3569503,63,Greed,0.0,0.023560146705819417,0.35385898110849384,0.021191710994825055,10.234466784837569,greed,False,0.26,0.023560146705819417,0.35385898110849384
2025-01-15,96560.85,100681.94,96500.0,100497.35,30509.99179,3487945,3006242382.8867946,70,Greed,0.0,0.02333509570141954,0.35638151734251916,0.03995787586321273,10.325809508618578,greed,False,0.4,0.02333509570141954,0.35638151734251916
2025-01-16,100497.35,100866.66,97335.13,99987.3,27832.85317,3762755,2765162040.639799,75,Greed,269.17862227288134,0.023132052835356093,0.3511840793273559,-0.005088181069371945,10.233972370644786,greed,False,0.5,0.023132052835356093,0.3511840793273559
2025-01-17,99987.3,105865.22,99950.77,104077.48,39171.85292,3886907,4040993985.4750466,75,Greed,0.0,0.024281289263701163,0.37456380794919164,0.04009244384371839,10.575713730110875,greed,False,0.5,0.024281289263701163,0.37456380794919164
2025-01-18,104077.47,104988.88,102277.55,104556.23,24307.82998,3403162,2521522119.379525,77,Extreme Greed,136.97805517391657,0.02430805776136764,0.36632381085272964,0.004589391046213007,10.09855379882565,extreme_greed,True,0.54,0.02430805776136764,0.36632381085272964
2025-01-19,104556.23,106422.43,99651.6,101331.57,43397.28298,5271920,4513423971.410253,77,Extreme Greed,121.08544422269306,0.025367300436990876,0.38550644640807785,-0.0313270015419219,10.678152113981309,extreme_greed,True,0.54,0.025367300436990876,0.38550644640807785
2025-01-20,101331.57,109588.0,99550.0,102260.01,89529.231732,11597937,9398787064.320715,76,Extreme Greed,490.9005940727764,0.02781634481958782,0.3856122803081859,0.009120676170877553,11.402320462467738,extreme_greed,True,0.52,0.02781634481958782,0.3856122803081859
2025-01-21,102260.0,107240.81,100119.04,106143.82,45941.02002,6842980,4768512258.156502,76,Extreme Greed,532.129766199447,0.02912824313644867,0.402490330117356,0.03727627951194209,10.735113679305263,extreme_greed,True,0.52,0.02912824313644867,0.402490330117356
2025-01-22,106143.82,106394.46,103339.12,103706.66,22248.69254,4364035,2331144640.658579,84,Extreme Greed,142.9737360593726,0.028992399167267292,0.4082925986427467,-0.023228630058235153,10.010038523620628,extreme_greed,True,0.68,0.028992399167267292,0.4082925986427467
2025-01-23,103706.66,106850.0,101262.28,103910.34,53953.12031,6961383,5610760848.131639,75,Greed,178.508070254214,0.02961241650765358,0.40696800439567216,0.001962075026061362,10.895870806085144,greed,False,0.5,0.02961241650765358,0.40696800439567216
2025-01-24,103910.35,107120.0,102750.0,104870.5,23609.24017,4798886,2483818574.373748,75,Greed,283.24522439052055,0.030086383467829755,0.4074731484654542,0.009197843721146091,10.069393447011922,greed,False,0.5,0.030086383467829755,0.4074731484654542
2025-01-25,104870.51,105286.52,104106.09,104746.85,9068.32377,1770765,949511531.3578017,75,Greed,36.19114415661201,0.030048595580921617,0.40773658154828135,-0.0011797688916675218,9.112542715665805,greed,False,0.5,0.030048595580921617,0.40773658154828135
2025-01-26,104746.86,105500.0,102520.44,102620.0,9812.51238,1813011,1024352365.4715523,73,Greed,51.635645843185586,0.029670817147450172,0.39328348819333403,-0.02051364123722352,9.19141362374592,greed,False,0.46,0.029670817147450172,0.39328348819333403
2025-01-27,102620.01,103260.0,97777.77,102082.83,50758.1341,9368910,5092886322.829244,71,Greed,0.0,0.02925618867479792,0.3405533565941619,-0.005248302947392055,10.834827161893427,greed,False,0.42,0.02925618867479792,0.3405533565941619
2025-01-28,102082.83,103800.0,100272.68,101335.52,22022.05765,5428644,2253977324.036209,72,Greed,116.28522280200748,0.0288431686273615,0.332539550218572,-0.00734755111376838,9.999799850506818,greed,False,0.44,0.0288431686273615,0.332539550218572
2025-01-29,101335.52,104782.68,101328.01,103733.24,23155.35802,5189699,2380383694.772136,72,Greed,100.50893445274431,0.028565825385412254,0.3200587640157702,0.023385612440133215,10.0499814806826,greed,False,0.44,0.028565825385412254,0.3200587640157702
2025-01-30,103733.25,106457.44,103278.54,104722.94,19374.07472,3990075,2038112603.5126412,70,Greed,0.0,0.028384723296856536,0.31374594866072664,0.009495592181071395,9.871691096694079,greed,False,0.4,0.028384723296856536,0.31374594866072664
2025-01-31,104722.94,106012.0,101560.0,102429.56,21983.18193,4331904,2282174002.1952176,76,Extreme Greed,131.2592778770742,0.028911593460393886,0.327716320611692,-0.022142853251164527,9.998032982266372,extreme_greed,True,0.52,0.028911593460393886,0.327716320611692
2025-02-01,102429.56,102783.71,100279.51,100635.65,12290.95747,2588786,1250354228.2372296,68,Greed,0.0,0.028995784083220025,0.3363668161211055,-0.017668774175154188,9.416619105953522,greed,False,0.36,0.028995784083220025,0.3363668161211055
2025-02-02,100635.66,101456.6,96150.0,97700.59,34619.49939,7202339,3412084312.5836277,60,Greed,0.0,0.02826264368533379,0.3558483989212006,-0.029598970722466058,10.452172368487004,greed,False,0.2,0.02826264368533379,0.3558483989212006
2025-02-03,97700.59,102500.01,91231.0,101328.52,75164.7385,10625262,7228589180.711621,44,Fear,284.68173407659685,0.032022522143694325,0.37078538996555227,0.03646031368487303,11.227437497043045,fear,False,-0.12,0.032022522143694325,0.37078538996555227
2025-02-04,101328.51,101732.31,96150.0,97763.13,40267.98697,6618911,3989698644.2649307,72,Greed,312.68381651935863,0.03241022177796444,0.3665503231170684,-0.03582039951426249,10.60331206426726,greed,False,0.44,0.03241022177796444,0.3665503231170684
2025-02-05,97763.14,99149.0,96155.0,96612.43,26233.30444,4471763,2562342153.829685,54,Neutral,188.10445652109266,0.03231828331046898,0.3682361300179276,-0.011840104206887518,10.174785044339066,neutral,False,0.08,0.03231828331046898,0.3682361300179276
2025-02-06,96612.44,99120.0,95676.64,96554.35,23515.20405,4242807,2289071921.2175603,49,Neutral,269.1933685846318,0.031739796057179755,0.3336645208715918,-0.0006013456532248081,10.065402471781432,neutral,False,-0.02,0.031739796057179755,0.3336645208715918
2025-02-07,96554.35,100137.99,95620.34,96506.8,31794.22065,5012456,3107592434.6738343,44,Fear,289.3110430029268,0.032148103046848474,0.33246507431137606,-0.0004925900520273397,10.367039811685412,fear,False,-0.12,0.032148103046848474,0.33246507431137606
2025-02-08,96506.8,96880.0,95688.0,96444.74,10147.24294,1757892,977040267.5158631,44,Fear,39.381737507632195,0.030957008261760354,0.3164777869432071,-0.0006432703479849328,9.224957316044314,fear,False,-0.12,0.030957008261760354,0.3164777869432071
2025-02-09,96444.75,97323.09,94713.0,96462.75,14120.91613,2293192,1359495152.3107975,46,Fear,64.85239364616143,0.02837657869024187,0.3137143935685094,0.00018672162550374357,9.55541239067055,neutral,False,-0.08,0.02837657869024187,0.3137143935685094
2025-02-10,96462.75,98345.0,95256.0,97430.82,20572.87537,3475919,1999112052.6687863,43,Fear,103.62223823304893,0.027174284337972327,0.2805413228036149,0.009985664239646478,9.931728757515863,fear,False,-0.14,0.027174284337972327,0.2805413228036149
2025-02-11,97430.82,98478.42,94876.88,95778.2,18647.76379,3716586,1806534846.3863194,47,Neutral,284.85054430495694,0.027352587297042694,0.2758609166905316,-0.017107486030289196,9.833481513861452,neutral,False,-0.06,0.027352587297042694,0.2758609166905316
2025-02-12,95778.21,98119.99,94088.23,97869.99,29151.16625,4992737,2800142168.3943653,46,Fear,253.6697307239124,0.026979349465211876,0.28992266223439817,0.021604863590941464,10.280250199554645,neutral,False,-0.08,0.026979349465211876,0.28992266223439817
2025-02-13,97870.0,98083.91,95217.36,96608.14,19921.77616,3909456,1916988246.3921187,50,Neutral,227.5383831486475,0.026692063025523013,0.288234562093562,-0.012976962582638805,9.899568691822292,neutral,False,0.0,0.026692063025523013,0.288234562093562
2025-02-14,96608.13,98826.0,96252.82,97500.48,18173.02646,3499564,1768073218.8690155,48,Neutral,60.30817431759492,0.02688355961089235,0.29195833130253307,0.009194298389878524,9.807693711086364,neutral,False,-0.04,0.02688355961089235,0.29195833130253307
2025-02-15,97500.47,97972.26,97223.58,97569.66,7349.37683,1694327,717245393.778092,50,Neutral,26.378164633543264,0.026626787438879113,0.285279356476166,0.0007092833675137415,8.902370803578414,neutral,False,0.0,0.026626787438879113,0.285279356476166
2025-02-16,97569.67,97704.47,96046.18,96118.12,8191.4249,1596701,794694242.2949733,54,Neutral,0.0,0.025702175201860397,0.2885893711165108,-0.014988732643856638,9.010843142178249,neutral,False,0.08,0.025702175201860397,0.2885893711165108
2025-02-17,96118.12,97046.59,95205.0,95780.0,16492.0451,2831237,1584593526.1754677,51,Neutral,0.0,0.025409959420304308,0.28814602125177796,-0.0035239568777999416,9.71063342848228,neutral,False,0.02,0.025409959420304308,0.28814602125177796
2025-02-18,95780.01,96753.91,93388.09,95671.74,23368.19471,4234248,2223994802.892005,47,Neutral,44.19565690905598,0.02545593663733069,0.27121883501099514,-0.001130937870179614,10.05913117636768,neutral,False,-0.06,0.02545593663733069,0.27121883501099514
2025-02-19,95671.74,96899.99,95029.99,96644.37,16438.50954,2784225,1576817572.1032505,44,Fear,84.48765640053736,0.025264186582811366,0.27163756888716983,0.010114995490717066,9.70738200391631,fear,False,-0.12,0.025264186582811366,0.27163756888716983
2025-02-20,96644.37,98711.36,96415.09,98305.0,17057.39177,2386973,1663386824.7315507,49,Neutral,0.0,0.02480073728771339,0.27255724490959327,0.017036938024453396,9.744338923659923,neutral,False,-0.02,0.02480073728771339,0.27255724490959327
2025-02-21,98305.01,99475.0,94871.95,96181.98,32249.2814,4528525,3143975917.5734644,55,Greed,133.37180760341937,0.025388685369353108,0.27609888950629224,-0.021832868521335577,10.381251039805125,neutral,False,0.1,0.025388685369353108,0.27609888950629224
2025-02-22,96181.99,96980.0,95770.49,96551.01,11268.17708,1506418,1087077133.8226364,49,Neutral,39.44934921406568,0.024400415353961157,0.2570429581869493,0.0038294476827775473,9.329737844172744,neutral,False,-0.02,0.024400415353961157,0.2570429581869493
2025-02-23,96551.01,96650.0,95227.94,96258.0,10884.84913,1457368,1044392011.7910241,50,Neutral,28.749366165923988,0.018833976486831265,0.21658117909501584,-0.0030393831239023624,9.295127113214301,neutral,False,0.0,0.018833976486831265,0.21658117909501584
2025-02-24,96258.0,96500.0,91349.26,91552.88,31550.10299,4972684,2981809595.445377,49,Neutral,10.00194929312593,0.01874946351493361,0.24918203386507837,-0.05011535775172125,10.359332132306346,neutral,False,-0.02,0.01874946351493361,0.24918203386507837
2025-02-25,91552.88,92540.69,86050.99,88680.4,78333.11111,10289145,6962982500.904474,25,Extreme Fear,0.0,0.020734581344030306,0.2677682375928216,-0.03187783350742482,11.268725667560545,extreme_fear,True,-0.5,0.020734581344030306,0.2677682375928216
2025-02-26,88680.39,89414.15,82256.01,84250.09,56893.54409,8490006,4898429925.6364765,21,Extreme Fear,0.0,0.023085510512788048,0.314761185817897,-0.05124925785668909,10.94893715304459,extreme_fear,True,-0.58,0.023085510512788048,0.314761185817897
2025-02-27,84250.09,87078.46,82716.49,84708.58,42505.45439,6357581,3618738891.2221622,10,Extreme Fear,351.3689060633389,0.023283823777423968,0.31703172412925923,0.005427257747781736,10.657387685266052,extreme_fear,True,-0.8,0.023283823777423968,0.31703172412925923
2025-02-28,84708.57,85120.0,78258.52,84349.94,83648.03969,11344216,6806705236.690679,16,Extreme Fear,0.0,0.025821550133266747,0.3164036354220202,-0.004242797559089215,11.334373271472113,extreme_fear,True,-0.68,0.025821550133266747,0.3164036354220202
2025-03-01,84349.95,86558.0,83824.78,86064.53,25785.05464,3700728,2194003507.852643,20,Extreme Fear,0.0,0.025922790215617372,0.3297896627361054,0.020123266049919198,10.157550325544284,extreme_fear,True,-0.6,0.025922790215617372,0.3297896627361054
2025-03-02,86064.54,95000.0,85050.6,94270.0,54889.09045,7403218,4972549515.788669,26,Fear,0.0,0.02956924658754932,0.47469521579077484,0.09106564168828868,10.91306989099309,fear,False,-0.48,0.02956924658754932,0.47469521579077484
2025-03-03,94269.99,94416.46,85117.11,86220.61,59171.10218,9797860,5321123743.471923,33,Fear,988.8902637105507,0.0322984353651009,0.5661304808288931,-0.08925376118948612,10.988188562842192,fear,False,-0.34,0.0322984353651009,0.5661304808288931
2025-03-04,86221.16,88967.52,81500.0,87281.98,55609.10706,10326631,4704901219.590436,15,Extreme Fear,0.0,0.03391228461825485,0.5611893983814679,0.012234782658460537,10.926102262868731,extreme_fear,True,-0.7,0.03391228461825485,0.5611893983814679
2025-03-05,87281.98,91000.0,86334.53,90606.01,38264.01163,8070266,3400243670.3049755,20,Extreme Fear,0.0,0.03441117513406984,0.5806839418639446,0.03737651951263447,10.552265089301128,extreme_fear,True,-0.6,0.03441117513406984,0.5806839418639446
2025-03-06,90606.0,92810.64,87836.0,89931.89,34342.44902,7643526,3105145628.3993993,25,Extreme Fear,93.12883424208034,0.03501866930123863,0.5789738369726688,-0.007467940338037054,10.444137448740225,extreme_fear,True,-0.5,0.03501866930123863,0.5789738369726688
2025-03-07,89931.88,91283.02,84667.03,86801.75,57980.35713,9510442,5097554826.613157,34,Fear,34.18185423782013,0.036432564056955496,0.5891608788122052,-0.035425823298239754,10.967859561994448,fear,False,-0.32,0.036432564056955496,0.5891608788122052
2025-03-08,86801.74,86897.25,85218.47,86222.45,12989.23054,2553974,1119358968.6520054,28,Fear,60.064292276245446,0.03645422251417977,0.5881888146470734,-0.006696198157303769,9.471875873114199,fear,False,-0.44,0.03645422251417977,0.5881888146470734
2025-03-09,86222.46,86500.0,80000.0,80734.37,26115.39345,5189138,2173552660.454479,27,Fear,0.0,0.037846261547536,0.6258025371560156,-0.06576620160006473,10.170280206810899,fear,False,-0.46,0.037846261547536,0.6258025371560156
2025-03-10,80734.48,84123.46,77459.91,78595.86,47633.38405,8701538,3834924947.758186,20,Extreme Fear,78.47156645713048,0.03914776717123924,0.6284134714215684,-0.026845356703792466,10.771289139979864,extreme_fear,True,-0.6,0.03914776717123924,0.6284134714215684
2025-03-11,78595.86,83617.4,76606.0,82932.99,48770.06853,6983310,3927000827.1107917,24,Extreme Fear,644.9182657644559,0.040792287063955456,0.6647716698292359,0.053713906024732805,10.794872053870222,extreme_fear,True,-0.52,0.040792287063955456,0.6647716698292359
2025-03-12,82932.99,84539.85,80607.65,83680.12,31933.986,5253577,2638600996.825396,34,Fear,27.58746652774036,0.04116953408009707,0.6614060260775901,0.008968502033038601,10.371426113495342,fear,False,-0.32,0.04116953408009707,0.6614060260775901
2025-03-13,83680.12,84336.33,79939.9,81115.78,27546.27412,4367093,2260870111.2393894,45,Fear,379.22519079109236,0.041305446034319994,0.6647868771073905,-0.031123917556556115,10.223622564781861,fear,False,-0.1,0.041305446034319994,0.6647868771073905
2025-03-14,81115.78,85309.71,80818.84,83983.2,26858.52755,3290987,2244729595.5411716,27,Fear,267.5669346895498,0.0419051076154361,0.6812517806331678,0.034739262047201416,10.198338649140485,fear,False,-0.46,0.0419051076154361,0.6812517806331678
2025-03-15,83983.19,84676.28,83618.0,84338.44,11324.7332,1329670,953445671.8337505,46,Fear,34.8417853309624,0.04189186326244838,0.6822944346627019,0.004220972745167094,9.334744391574834,neutral,False,-0.08,0.04189186326244838,0.6822944346627019
2025-03-16,84338.44,85117.04,81981.12,82574.53,17596.12531,2767947,1468056556.2967227,30,Fear,49.51083521755772,0.04154611325394403,0.6653299564456303,-0.021136472120496245,9.77543400394814,fear,False,-0.4,0.04154611325394403,0.6653299564456303
2025-03-17,82574.52,84756.83,82456.0,84010.03,17214.74358,3014756,1437716814.0468738,32,Fear,217.463838618986,0.04055124562443998,0.6620041343377073,0.017234917011719673,9.753521480512111,fear,False,-0.36,0.04055124562443998,0.6620041343377073
2025-03-18,84010.02,84021.74,81134.66,82715.03,17610.89883,3126371,1450813055.479726,34,Fear,19.82536000896121,0.03925415652192923,0.6390083674487801,-0.015534869726955195,9.77627324107357,fear,False,-0.32,0.03925415652192923,0.6390083674487801
2025-03-19,82715.03,87000.0,82547.16,86845.94,28151.05374,3774761,2375813941.9437623,32,Fear,0.0,0.03928154777730151,0.6627624373403751,0.04873441757894435,10.245340065904537,fear,False,-0.36,0.03928154777730151,0.6627624373403751
2025-03-20,86845.93,87453.67,83655.23,84223.39,22090.30463,3252595,1885241921.1556518,49,Neutral,266.77588245321226,0.03809487147233105,0.6722320464414728,-0.030663070683642123,10.002894086721973,neutral,False,-0.02,0.03809487147233105,0.6722320464414728
2025-03-21,84223.38,84850.33,83175.25,84088.79,11956.97443,2360005,1005135519.2560017,31,Fear,0.0,0.037944998028894755,0.6679841369455405,-0.0015994092488549737,9.389070021421015,fear,False,-0.38,0.037944998028894755,0.6679841369455405
2025-03-22,84088.79,84539.17,83625.1,83840.59,5420.22114,864481,456235443.8016522,32,Fear,66.89956684637076,0.0349462137616506,0.5723368914047365,-0.00295600663481781,8.597891894339371,fear,False,-0.36,0.0349462137616506,0.5723368914047365
2025-03-23,83840.59,86129.64,83809.75,86082.5,8461.97813,1206533,718692319.1499038,30,Fear,0.0,0.03226144749931854,0.49016593519592266,0.026388880980959678,9.043338246781282,fear,False,-0.4,0.03226144749931854,0.49016593519592266
2025-03-24,86082.5,88765.43,85519.09,87498.16,30115.62111,2916713,2636765917.9518433,45,Fear,0.0,0.030450483458831924,0.4917355450876205,0.01631162582836565,10.312799289870815,fear,False,-0.1,0.030450483458831924,0.4917355450876205
2025-03-25,87498.16,88539.63,86310.0,87392.87,22643.25248,2802815,1979571590.8982937,46,Fear,190.56020880916773,0.0298162903769658,0.4716289682644803,-0.0012040641846587025,10.027617182776282,neutral,False,-0.08,0.0298162903769658,0.4716289682644803
2025-03-26,87392.88,88275.0,85860.0,86909.17,18408.78485,2380154,1606406955.5864632,47,Neutral,167.78141132106742,0.029123132120172094,0.47137263212350256,-0.005550150091920325,9.820583267160057,neutral,False,-0.06,0.029123132120172094,0.47137263212350256
2025-03-27,86909.17,87756.39,85800.0,87232.01,17098.03897,2376381,1487968807.7079022,40,Fear,176.419708184359,0.027481589298452062,0.45440986666789307,0.0037078004164337397,9.746719055797525,fear,False,-0.2,0.027481589298452062,0.45440986666789307
2025-03-28,87232.01,87515.67,83585.0,84424.38,27182.73169,3236085,2309946560.664114,44,Fear,60.01469737645981,0.02804384646872229,0.4688396236676425,-0.0327151282624945,10.210337186334154,fear,False,-0.12,0.02804384646872229,0.4688396236676425
2025-03-29,84424.38,84624.73,81644.81,82648.54,11696.39864,2172387,970199917.9868716,26,Fear,0.0,0.02644964764723638,0.4103285474028288,-0.02125906318917359,9.367036264856065,fear,False,-0.48,0.02644964764723638,0.4103285474028288
2025-03-30,82648.53,83534.64,81565.0,82389.99,9864.49508,1907663,816584795.5288126,32,Fear,150.573597214601,0.02422881180044999,0.39728011797973806,-0.003133210305684936,9.196697234176726,fear,False,-0.36,0.02422881180044999,0.39728011797973806
2025-03-31,82390.0,83943.08,81278.52,82550.01,20569.13885,3964358,1696009191.0809648,34,Fear,189.89950172728317,0.021621487668213698,0.34795766416748536,0.0019403425512951966,9.931547117405085,fear,False,-0.32,0.021621487668213698,0.34795766416748536
2025-04-01,82550.0,85579.46,82432.74,85158.34,20190.39697,3328693,1698895702.5754683,34,Fear,0.0,0.021257644618027618,0.3642162743363029,0.031108055610873073,9.912962372827314,fear,False,-0.32,0.021257644618027618,0.3642162743363029
2025-04-02,85158.35,88500.0,82320.0,82516.29,39931.457,5338238,3417279759.830764,44,Fear,220.15367833318612,0.022241763134269076,0.3646762581823472,-0.031516618721199686,10.594919688247062,fear,False,-0.12,0.022241763134269076,0.3646762581823472
2025-04-03,82516.28,83998.02,81211.24,83213.09,27337.84135,4117486,2259299724.8643928,25,Extreme Fear,0.0,0.021505492903754784,0.34359637468983584,0.008408938788086611,10.21602715141827,extreme_fear,True,-0.5,0.021505492903754784,0.34359637468983584
2025-04-04,83213.09,84720.0,81659.0,83889.87,32915.53976,4992586,2739842666.426737,28,Fear,184.14228078713762,0.02200125597528697,0.3445719381079597,0.008100200026060092,10.401700158369982,fear,False,-0.44,0.02200125597528697,0.3445719381079597
2025-04-05,83889.87,84266.0,82379.95,83537.99,9360.40468,1575750,779626577.9013436,30,Fear,154.62115628206067,0.02163063019710285,0.3361078076783213,-0.004203368759459135,9.144243803579766,fear,False,-0.4,0.02163063019710285,0.3361078076783213
2025-04-06,83537.99,83817.63,77153.83,78430.0,27942.71436,3948493,2239085051.1529646,34,Fear,0.0,0.024041356319939096,0.3984792462643983,-0.06309499122461922,10.237911777698535,fear,False,-0.32,0.024041356319939096,0.3984792462643983
2025-04-07,78430.0,81243.58,74508.0,79163.24,78387.53089,9736596,6084614024.150647,23,Extreme Fear,49.89606176350549,0.026287130260762796,0.3982317998161979,0.00930554243469642,11.26942014891913,extreme_fear,True,-0.54,0.026287130260762796,0.3982317998161979
2025-04-08,79163.24,80867.99,76239.9,76322.42,35317.32063,5512751,2775277777.102461,24,Extreme Fear,438.3512287910343,0.026530515558096573,0.3674433391398855,-0.036545314426559464,10.472128791987618,extreme_fear,True,-0.52,0.026530515558096573,0.3674433391398855
2025-04-09,76322.42,83588.0,74620.0,82615.22,75488.28772,7741252,5980231256.222496,18,Extreme Fear,347.34760835462464,0.030009803137514134,0.46541861440880844,0.0792271898213657,11.231732793666861,extreme_fear,True,-0.64,0.030009803137514134,0.46541861440880844
2025-04-10,82615.22,82753.21,78464.36,79607.3,33284.80718,4529545,2690294353.8478427,39,Fear,286.2591268024217,0.030732612700126213,0.4827854280402283,-0.03708812786599812,10.412856331018174,fear,False,-0.22,0.030732612700126213,0.4827854280402283
2025-04-11,79607.3,84300.0,78969.58,83423.84,34435.43797,4423157,2830363945.1787524,25,Extreme Fear,302.16152255773835,0.03192654946728846,0.5138318841018106,0.04682832264786211,10.446841486643379,extreme_fear,True,-0.5,0.03192654946728846,0.5138318841018106
2025-04-12,83423.83,85905.0,82792.95,85276.9,18470.74437,2501196,1557403252.9267516,43,Fear,0.0,0.03210005803214162,0.5110249640839892,0.02196948907660708,9.823943373951312,fear,False,-0.14,0.03210005803214162,0.5110249640839892
2025-04-13,85276.91,86100.0,83034.23,83760.0,24680.04181,3275879,2086106375.4392555,45,Fear,303.3062291103856,0.032079377286050086,0.5105726977859918,-0.01794804235026729,10.113750172102169,fear,False,-0.1,0.032079377286050086,0.5105726977859918
2025-04-14,83760.0,85799.99,83678.0,84591.58,28659.09348,3921522,2429132805.0815287,31,Fear,188.4949301732215,0.03207281269735871,0.5123671298589011,0.009879167909975919,10.263226070735373,fear,False,-0.38,0.03207281269735871,0.5123671298589011
2025-04-15,84591.58,86496.42,83600.0,83643.99,20910.99528,2910533,1780972414.3956008,38,Fear,198.33754656363152,0.03218243860192591,0.5133478886162004,-0.01126515660201265,9.948030389568252,fear,False,-0.24,0.03218243860192591,0.5133478886162004
2025-04-16,83643.99,85500.0,83111.64,84030.38,20867.24519,3264730,1753910031.2009242,29,Fear,105.84897093171116,0.032264810272483346,0.5134887205214854,0.0046088222541115645,9.945935992796139,fear,False,-0.42,0.032264810272483346,0.5134887205214854
2025-04-17,84030.38,85470.01,83736.26,84947.91,13728.84772,2003405,1161659427.386263,30,Fear,160.17897268642062,0.03178850665169888,0.5019377355255354,0.010859844983458261,9.52725457098672,fear,False,-0.4,0.03178850665169888,0.5019377355255354
2025-04-18,84947.92,85132.08,84303.96,84474.69,6529.96315,840009,552648483.647487,33,Fear,53.400396759494,0.03144928029889254,0.4960541619430746,-0.005586282238964962,8.784156579069256,fear,False,-0.34,0.03144928029889254,0.4960541619430746
2025-04-19,84474.7,85677.99,84364.45,85077.01,9666.58153,875226,823222752.2842493,32,Fear,51.07008886709299,0.031354334338451015,0.4962285425748753,0.0071048834511910006,9.176430013020338,fear,False,-0.36,0.031354334338451015,0.4962285425748753
2025-04-20,85077.0,85320.76,83949.52,85179.24,8091.67725,944130,685253644.8918362,37,Fear,48.461906406228195,0.031129789289467035,0.4962288496954726,0.001200895852997235,8.99859131242053,fear,False,-0.26,0.031129789289467035,0.4962288496954726
2025-04-21,85179.24,88465.99,85144.76,87516.23,31773.37262,3041395,2773299591.467066,39,Fear,0.0,0.031147391510270055,0.49323619319093787,0.027066519704468342,10.366383879010442,fear,False,-0.22,0.031147391510270055,0.49323619319093787
2025-04-22,87516.22,93888.0,87076.03,93442.99,43872.74705,3268475,3967785064.12817,47,Neutral,0.0,0.03127253378503263,0.5265896654198836,0.06552725583428472,10.689048610161997,neutral,False,-0.06,0.03127253378503263,0.5265896654198836
2025-04-23,93442.99,94696.05,91935.41,93691.08,27404.16808,3016536,2560279933.947952,72,Greed,0.0,0.03119660316501499,0.526668495500365,0.0026514695623879032,10.218450400515161,greed,False,0.44,0.03119660316501499,0.526668495500365
2025-04-24,93691.07,94005.0,91660.01,93980.47,19497.06071,2797383,1811120137.3146787,63,Greed,152.51510605694838,0.030988947939589867,0.5266953268479592,0.0030840074520417163,9.878019000369992,greed,False,0.26,0.030988947939589867,0.5266953268479592
2025-04-25,93980.47,95758.04,92855.96,94638.68,27500.66648,3331828,2596877713.640173,60,Greed,0.0,0.03111517600550589,0.5254066378068389,0.006979277255771385,10.221965518997347,greed,False,0.2,0.03111517600550589,0.5254066378068389
2025-04-26,94638.68,95199.0,93870.69,94628.0,9415.06875,1475983,889627361.8414447,65,Greed,73.77828388025164,0.02911962784474998,0.458474927003844,-0.00011285663183106742,9.150066743241968,greed,False,0.3,0.02911962784474998,0.458474927003844
2025-04-27,94628.0,95369.0,93602.58,93749.3,11162.841,1918160,1052334792.1866189,61,Greed,113.26475992458876,0.026817569813582964,0.4632656889941844,-0.009329217194183042,9.320345773430358,greed,False,0.22,0.026817569813582964,0.4632656889941844
2025-04-28,93749.29,95630.0,92800.01,95011.18,22157.53351,3424740,2092532996.5551717,54,Neutral,128.98054446583544,0.02593882143270031,0.4317686482789305,0.013370370730845774,10.005932830966143,neutral,False,0.08,0.02593882143270031,0.4317686482789305
2025-04-29,95011.18,95461.53,93742.54,94256.82,16955.3402,3020875,1607154803.4675477,60,Greed,122.35975783544066,0.02113049456372517,0.3525671702235699,-0.007971384433910092,9.73833811923606,greed,False,0.2,0.02113049456372517,0.3525671702235699
2025-04-30,94256.82,95228.45,92910.0,94172.0,17661.2751,3214149,1664825670.9831252,56,Greed,85.21383174835931,0.020158830290948292,0.3144434918478452,-0.0009002869702098006,9.779129674269466,greed,False,0.12,0.020158830290948292,0.3144434918478452
2025-05-01,94172.0,97424.02,94130.43,96489.91,21380.45343,2925716,2053857614.2732673,53,Neutral,0.0,0.018728741560180995,0.28690164076984903,0.024315545810009744,9.970232392492594,neutral,False,0.06,0.018728741560180995,0.28690164076984903
2025-05-02,96489.9,97895.68,96350.0,96887.14,14905.74811,2698263,1446387651.5840576,67,Greed,0.0,0.018187352686611827,0.2817271805011806,0.004108352658419524,9.609502196734521,greed,False,0.34,0.018187352686611827,0.2817271805011806
2025-05-03,96887.13,96935.67,95753.01,95856.42,9723.34838,1181239,935906144.9651498,65,Greed,0.0,0.01760089176840499,0.2745034857882503,-0.01069534904680462,9.182285321672747,greed,False,0.3,0.01760089176840499,0.2745034857882503
2025-05-04,95856.42,96304.48,94151.38,94277.62,11036.38342,1674726,1053542403.8531588,64,Greed,0.0,0.01754142282211976,0.28633806499924513,-0.016607613109211234,9.308952677394048,greed,False,0.28,0.01754142282211976,0.28633806499924513
2025-05-05,94277.61,95199.0,93514.1,94733.68,17251.18189,2623300,1626999380.1759968,52,Neutral,0.0,0.017103570327465605,0.2795172342505798,0.004825752587870044,9.755635935474755,neutral,False,0.04,0.017103570327465605,0.2795172342505798
2025-05-06,94733.68,96920.65,93377.0,96834.02,16122.64513,2512960,1526847764.5636683,59,Greed,98.00060514366398,0.017409089519831222,0.2848984391909492,0.021928792437757434,9.687980092549708,greed,False,0.18,0.017409089519831222,0.2848984391909492
2025-05-07,96834.02,97732.0,95784.61,97030.5,16644.83854,2849139,1611730124.5924542,67,Greed,0.0,0.01740137825038567,0.2850738723357898,0.0020269832486365163,9.719855449751805,greed,False,0.34,0.01740137825038567,0.2850738723357898
2025-05-08,97030.5,104145.76,96876.29,103261.6,34962.02847,4991147,3508645830.5650144,65,Greed,0.0,0.019887179492015912,0.3423716864229766,0.06224021212940302,10.46201785068348,greed,False,0.3,0.019887179492015912,0.3423716864229766
2025-05-09,103261.61,104361.3,102315.14,102971.99,27617.39907,4406929,2847518447.981513,73,Greed,14.317529965156705,0.01995660604178717,0.3452950528167384,-0.002808564699583071,10.226201254172901,greed,False,0.46,0.01995660604178717,0.3452950528167384
2025-05-10,102971.99,104984.57,102818.76,104809.53,15324.78611,2227845,1588386278.502415,70,Greed,72.31496680774244,0.020034181478072715,0.3449701032183763,0.017687693367897713,9.637226803773897,greed,False,0.4,0.020034181478072715,0.3449701032183763
2025-05-11,104809.53,104972.0,103345.06,104118.0,17987.12197,3100176,1873381777.2124255,70,Greed,125.60957481206663,0.019477240780116443,0.34406729822124854,-0.0066198315306769204,9.797411334713486,greed,False,0.4,0.019477240780116443,0.34406729822124854
2025-05-12,104118.0,105819.45,100718.37,102791.32,31272.77792,5298407,3242348937.383069,70,Greed,58.19258296845429,0.01791851063404084,0.27855607029678353,-0.012823957677924932,10.350503283090736,greed,False,0.4,0.01791851063404084,0.27855607029678353
2025-05-13,102791.32,104976.25,101429.7,104103.72,21253.42409,3703531,2197244118.152367,70,Greed,260.19092860007544,0.018071757985982713,0.27981980372645904,0.012686796194268246,9.96427329501899,greed,False,0.4,0.018071757985982713,0.27981980372645904
2025-05-14,104103.72,104356.95,102602.05,103507.82,16452.9081,3025221,1704708279.3884108,73,Greed,95.52053691877144,0.017896002980939994,0.2824745003340785,-0.005740544445962826,9.708257524763562,greed,False,0.46,0.017896002980939994,0.2824745003340785
2025-05-15,103507.83,104192.7,101383.07,103763.71,17998.98604,4139477,1850183474.5292037,70,Greed,78.66245504434755,0.01779502255080835,0.2824726053167502,0.0024691295519930546,9.798070704180533,greed,False,0.4,0.01779502255080835,0.2824726053167502
2025-05-16,103763.71,104550.33,103100.49,103463.9,15683.88024,3237442,1628832372.3241482,71,Greed,0.0,0.017793790291239883,0.28325961311100933,-0.0028935353660749547,9.660388727575878,greed,False,0.42,0.017793790291239883,0.28325961311100933
2025-05-17,103463.9,103709.86,102612.5,103126.65,11250.89622,2568597,1160418362.950618,74,Greed,0.0,0.017673605218820478,0.28014396696126276,-0.0032649150658740724,9.328203068459558,greed,False,0.48,0.017673605218820478,0.28014396696126276
2025-05-18,103126.65,106660.0,103105.09,106454.26,21599.98726,3193300,2262214972.0749383,74,Greed,0.0,0.017798995690552637,0.2948507491608334,0.03175756480007516,9.980448003857267,greed,False,0.48,0.017798995690552637,0.2948507491608334
2025-05-19,106454.27,107108.62,102000.0,105573.74,30260.03524,4881371,3150324504.5954514,74,Greed,256.01831446538074,0.018812767090241694,0.295058476938074,-0.00830574322175089,10.317583151915363,greed,False,0.48,0.018812767090241694,0.295058476938074
2025-05-20,105573.73,107320.0,104184.72,106849.99,23705.48275,3878351,2509102444.669598,71,Greed,152.55786860825614,0.01894249528302611,0.2948062283384224,0.012016222070838009,10.073461640030777,greed,False,0.42,0.01894249528302611,0.2948062283384224
2025-05-21,106850.0,110797.38,106100.01,109643.99,45531.040345,6835279,4914709514.320026,70,Greed,0.0,0.019269986895690833,0.29606394681977255,0.025812774424210004,10.726149577727343,greed,False,0.4,0.019269986895690833,0.29606394681977255
2025-05-22,109643.99,111980.0,109177.37,111696.21,31630.77313,5794216,3509432834.573417,72,Greed,0.0,0.01945122898417237,0.29900815967658584,0.018544112729196732,10.361885758934894,greed,False,0.44,0.01945122898417237,0.29900815967658584
2025-05-23,111696.22,111800.0,106800.0,107318.3,31737.72309,5251192,3469704446.3904047,78,Extreme Greed,119.33050674741902,0.020331858840788492,0.33771098469538985,-0.03998359037453153,10.365261255212333,extreme_greed,True,0.56,0.020331858840788492,0.33771098469538985
2025-05-24,107318.3,109506.03,106875.41,107761.91,16782.53129,2805418,1819958819.7748587,66,Greed,146.29944230999078,0.020367309583862906,0.3274528175619579,0.004125071563271793,9.728093820253296,greed,False,0.32,0.020367309583862906,0.3274528175619579
2025-05-25,107761.9,109299.99,106600.64,109004.19,17710.04695,3151168,1904366455.425858,74,Greed,192.88231945937,0.020502533856570127,0.3278004514861185,0.011462065339148519,9.781887381817972,greed,False,0.48,0.020502533856570127,0.3278004514861185
2025-05-26,109004.2,110422.22,108670.58,109434.79,14649.11593,2887863,1605578282.107903,73,Greed,0.0,0.019998633579087516,0.32313185823999946,0.003942524889582682,9.59213526654923,greed,False,0.46,0.019998633579087516,0.32313185823999946
2025-05-27,109434.78,110718.0,107516.57,108938.17,21276.65635,3735509,2327603851.119265,74,Greed,98.36053022725817,0.020203107087003975,0.32507269995377347,-0.004548373170012511,9.96536580470016,greed,False,0.48,0.020203107087003975,0.32507269995377347
2025-05-28,108938.17,109284.7,106769.43,107781.78,15633.78829,2933262,1689136748.5130312,71,Greed,27.599425254676245,0.017986882177397114,0.2519363914436991,-0.0106718460844975,9.657189767048571,greed,False,0.42,0.017986882177397114,0.2519363914436991
2025-05-29,107781.78,108891.91,105322.86,105589.75,19834.70116,3774926,2128639017.5081618,74,Greed,90.00462313940928,0.01834352249575869,0.2641329915717829,-0.02054732532520838,9.895188266537984,greed,False,0.48,0.01834352249575869,0.2641329915717829
2025-05-30,105589.75,106313.12,103621.0,103985.48,23706.49799,4307572,2493078549.591861,60,Greed,0.0,0.018452968951879627,0.2628730924423699,-0.015310028157546413,10.073504466336884,greed,False,0.2,0.018452968951879627,0.2628730924423699
2025-05-31,103985.47,104900.0,103068.55,104591.88,11289.35922,2343787,1174000801.5070379,50,Neutral,2.887228084317212,0.0184853060635689,0.26267301900318146,0.00581464554481119,9.33161589911139,neutral,False,0.0,0.0184853060635689,0.26267301900318146
2025-06-01,104591.88,105866.91,103752.49,105642.93,9709.70006,1939359,1016188486.9505996,56,Greed,0.0,0.017465018690111137,0.26011358137186763,0.00999890319604234,9.180880671003946,greed,False,0.12,0.017465018690111137,0.26011358137186763
2025-06-02,105642.93,105935.63,103659.88,105857.99,13453.98813,2997656,1409004206.9863732,64,Greed,191.32127911286057,0.017094758871199336,0.25669151624815234,0.002033656157331761,9.507030856319664,greed,False,0.28,0.017094758871199336,0.25669151624815234
2025-06-03,105858.0,106794.67,104872.5,105376.89,13259.52634,2470698,1402493746.5993218,64,Greed,0.0,0.01711703746202136,0.25632295421246243,-0.004555126803574655,9.492471542136535,greed,False,0.28,0.01711703746202136,0.25632295421246243
2025-06-04,105376.9,106000.0,104179.0,104696.86,14034.89482,2274464,1476928482.3688781,62,Greed,7.376936910248137,0.016879938730790352,0.25755730905986407,-0.00647422512636591,9.549301994646063,greed,False,0.24,0.016879938730790352,0.25755730905986407
2025-06-05,104696.86,105909.71,100372.26,101508.68,22321.50154,3963295,2301567892.5305448,57,Greed,45.25315345008299,0.01825982721127033,0.2805719838701864,-0.030924814911036578,10.013305687529991,greed,False,0.14,0.01825982721127033,0.2805719838701864
2025-06-06,101508.69,105333.0,101095.8,104288.44,15839.07385,2709327,1642382404.9355752,45,Fear,335.4860739841689,0.019020552298617422,0.29735142007868764,0.027016209665029333,9.670235194593378,fear,False,-0.1,0.019020552298617422,0.29735142007868764
2025-06-07,104288.43,105900.0,103871.09,105552.15,8344.93206,1402494,877915380.9548231,52,Neutral,0.0,0.018649625126338755,0.27749004545754413,0.012044621848145592,9.029409694660757,neutral,False,0.04,0.018649625126338755,0.27749004545754413
2025-06-08,105552.15,106488.14,104964.14,105734.0,8048.06305,1295154,850887129.4282976,62,Greed,0.0,0.017563744454578003,0.2759919646550373,0.0017213626629398297,8.993186726553366,greed,False,0.24,0.017563744454578003,0.2759919646550373
2025-06-09,105734.01,110530.17,105318.37,110263.02,19975.37451,2839846,2154922022.221173,62,Greed,0.0,0.01829490468691726,0.3113424888282381,0.0419420963494116,9.902255519394886,greed,False,0.24,0.01829490468691726,0.3113424888282381
2025-06-10,110263.02,110400.0,108331.03,110274.39,17071.82839,3003420,1867620550.192173,71,Greed,86.25626468392836,0.017530373730894222,0.29787729672122515,0.00010311175786527098,9.745184921358865,greed,False,0.42,0.017530373730894222,0.29787729672122515
2025-06-11,110274.39,110392.01,108064.0,108645.12,13115.91638,2667014,1434884639.7506304,72,Greed,171.71042822326882,0.01743332788202474,0.294315480548564,-0.01488492352072924,9.48158176252488,greed,False,0.44,0.01743332788202474,0.294315480548564
2025-06-12,108645.13,108813.55,105671.72,105671.73,17778.67218,3517420,1908309274.0868344,71,Greed,0.0,0.016782416594615795,0.2756467229892951,-0.027749388787279217,9.785754825739232,greed,False,0.42,0.016782416594615795,0.2756467229892951
2025-06-13,105671.74,106179.53,102664.31,106066.59,26180.81734,5452577,2735461890.6929703,61,Greed,0.0,0.01707124022216348,0.27555709953768864,0.003729702377262808,10.172782258991836,greed,False,0.22,0.01707124022216348,0.27555709953768864
2025-06-14,106066.59,106252.0,104300.0,105414.64,8798.93969,1521776,925568614.1784065,63,Greed,98.64804193577336,0.016921889135998413,0.27224364621589686,-0.0061655785271072,9.082386503434094,greed,False,0.26,0.016921889135998413,0.27224364621589686
2025-06-15,105414.63,106128.57,104494.53,105594.01,7164.20047,1564768,754596887.8748004,60,Greed,136.05829517078908,0.016913934255665754,0.2717459474594101,0.0017001202861056666,8.876851745759494,greed,False,0.2,0.016913934255665754,0.2717459474594101
2025-06-16,105594.02,108952.38,104980.37,106794.53,14922.6654,2928998,1599849840.7325244,61,Greed,0.0,0.0171880068923382,0.27541081554799346,0.011305061807508105,9.610636503915035,greed,False,0.22,0.0171880068923382,0.27541081554799346
2025-06-17,106794.53,107771.34,103371.02,104551.17,17866.33025,3723010,1883173484.8990998,68,Greed,78.3152953834337,0.01780419315066299,0.28278312621236484,-0.02123009135616664,9.790673228922465,greed,False,0.36,0.01780419315066299,0.28278312621236484
2025-06-18,104551.17,105550.27,103500.0,104886.78,13968.64167,3468170,1461383024.3622093,52,Neutral,105.84977616611704,0.01743274272931683,0.2740209535918306,0.0032048660451346727,9.544570215598123,neutral,False,0.04,0.01743274272931683,0.2740209535918306
2025-06-19,104886.79,105226.17,103929.27,104658.59,7678.60737,1718045,803402575.962045,57,Greed,86.7047268914653,0.01717004588250407,0.26840926668275095,-0.0021779540173212956,8.946193477667828,greed,False,0.14,0.01717004588250407,0.26840926668275095
2025-06-20,104658.59,106524.65,102345.0,103297.99,16419.06283,3029404,1714411911.0114017,54,Neutral,45.31815121919563,0.017835604008990567,0.2716450789696935,-0.013085610610985732,9.706198306468936,neutral,False,0.08,0.017835604008990567,0.2716450789696935
2025-06-21,103297.98,103982.64,100837.9,102120.01,11154.21332,2172578,1144829784.7306418,49,Neutral,0.0,0.018104588057106557,0.271200344814579,-0.011469227749354669,9.319572581744206,neutral,False,-0.02,0.018104588057106557,0.271200344814579
2025-06-22,102120.02,103399.62,98200.0,100963.87,28746.41072,5121309,2892695407.8086877,42,Fear,68.20222139680544,0.019164496310792253,0.27293062112847194,-0.011385960226360707,10.266268193910031,fear,False,-0.16,0.019164496310792253,0.27293062112847194
2025-06-23,100963.87,106074.2,99613.33,105333.93,27666.50609,4944207,2836166831.044449,47,Neutral,100.84376946929942,0.020797788180424007,0.31546028772780904,0.0423728593887924,10.227977794117878,neutral,False,-0.06,0.020797788180424007,0.31546028772780904
2025-06-24,105333.94,106290.0,104622.02,106083.0,14651.69335,2973481,1543451113.4563613,65,Greed,0.0,0.020776058222400397,0.315453088619422,0.007086217120930923,9.592311194796263,greed,False,0.3,0.020776058222400397,0.315453088619422
2025-06-25,106083.0,108135.3,105808.03,107340.58,16701.15551,2988892,1789545470.94629,66,Greed,0.0,0.019702166622111026,0.29447211673426743,0.011784963544526447,9.723233188226745,greed,False,0.32,0.019702166622111026,0.29447211673426743
2025-06-26,107340.59,108272.45,106562.5,106947.06,10573.27279,2597742,1136093974.6816013,74,Greed,94.98531592514746,0.019035353570247545,0.2808229043082862,-0.003672824455672302,9.266084661023928,greed,False,0.48,0.019035353570247545,0.2808229043082862
2025-06-27,106947.06,107735.34,106356.76,107047.59,12232.44042,2304499,1308420348.9100094,65,Greed,63.36203881449738,0.01893639948461195,0.2779173969250838,0.0009395562683027059,9.411846752519903,greed,False,0.3,0.01893639948461195,0.2779173969250838
2025-06-28,107047.58,107577.75,106811.51,107296.79,3282.17352,653305,352025390.6031135,65,Greed,44.68161923973154,0.0188616408004656,0.27795499643860244,0.0023252311283283957,8.096261140453553,greed,False,0.3,0.0188616408004656,0.27795499643860244
2025-06-29,107296.79,108528.5,107172.52,108356.93,6831.7364,1223202,736708189.9495684,68,Greed,0.0,0.017791584567932787,0.2348413430445437,0.00983195226177919,8.829334151585885,greed,False,0.36,0.017791584567932787,0.2348413430445437
2025-06-30,108356.93,108789.99,106733.33,107146.5,9754.12491,1773485,1050407152.345058,66,Greed,90.99336469273449,0.017794807445227986,0.23764810824782143,-0.011233628430860395,9.185445542216298,greed,False,0.32,0.017794807445227986,0.23764810824782143
2025-07-01,107146.51,107540.0,105250.85,105681.14,10505.62437,2013289,1117432945.8926365,64,Greed,0.0,0.017799195385688086,0.23684344517517422,-0.01377060945880646,9.259666047019783,greed,False,0.28,0.017799195385688086,0.23684344517517422
2025-07-02,105681.13,109730.0,105100.19,108849.6,17691.89592,2444708,1915699005.8772898,63,Greed,122.43038002268855,0.018298749936986748,0.23954350937866756,0.029540665453745153,9.780861956085994,greed,False,0.26,0.018298749936986748,0.23954350937866756
2025-07-03,108849.59,110529.18,108530.4,109584.78,13047.08225,2568944,1429459048.6383262,73,Greed,0.0,0.01789999295120912,0.2401533488875243,0.006731383365643195,9.476319805377095,greed,False,0.46,0.01789999295120912,0.2401533488875243
2025-07-04,109584.77,109767.59,107245.0,107984.24,11793.86615,1975212,1276215111.6683652,73,Greed,0.0,0.017998813677812874,0.24568702393325842,-0.014713205707567904,9.375334857505036,greed,False,0.46,0.017998813677812874,0.24568702393325842
2025-07-05,107984.25,108420.56,107756.31,108198.12,3736.9757,710020,403928702.1967476,67,Greed,19.277339907286056,0.017896829577449726,0.24569647203124825,0.001978700480306492,8.226031926922197,greed,False,0.34,0.017896829577449726,0.24569647203124825
2025-07-06,108198.12,109700.0,107800.01,109203.84,6447.607,1256591,700733299.5112199,66,Greed,15.543344728646174,0.01734731788955771,0.24468465528171687,0.009252236497324772,8.771464333197477,greed,False,0.32,0.01734731788955771,0.24468465528171687
2025-07-07,109203.85,109700.0,107513.2,108262.94,9405.37601,1961940,1020848316.0537041,73,Greed,157.4836019159588,0.016640370938448387,0.23325686455962327,-0.008653329682976453,9.149036720733939,greed,False,0.46,0.016640370938448387,0.23325686455962327
2025-07-08,108262.94,109216.56,107429.57,108922.98,9216.0208,1723244,1000112813.4398943,65,Greed,123.53321651388228,0.01657923489511473,0.23371800304936527,0.0060781291164992805,9.12869863987757,greed,False,0.3,0.01657923489511473,0.23371800304936527
2025-07-09,108922.99,111999.79,108324.53,111233.99,17282.2865,2328484,1902054744.194924,66,Greed,0.0,0.017093082766973626,0.24267429526948894,0.02099497361671242,9.7574373542063,greed,False,0.32,0.017093082766973626,0.24267429526948894
2025-07-10,111234.0,116868.0,110500.0,116010.0,24883.450665,3227017,2826460280.4452233,71,Greed,0.0,0.017885582648418732,0.2712759740760556,0.042040393709379065,10.121958229559375,greed,False,0.42,0.017885582648418732,0.2712759740760556
2025-07-11,116010.01,118869.98,115222.22,117527.66,25873.521148,3708194,3039521803.027247,71,Greed,0.0,0.017899864014079885,0.26443035083443683,0.012997315848983379,10.160975375233852,greed,False,0.42,0.017899864014079885,0.26443035083443683
2025-07-12,117527.66,118200.0,116900.05,117420.0,8446.60437,1441851,993093353.4068904,79,Extreme Greed,45.96125775049635,0.016571179723663645,0.2572763354688365,-0.0009164595002588142,9.041519789883848,extreme_greed,True,0.58,0.016571179723663645,0.2572763354688365
2025-07-13,117420.0,119488.0,117224.79,119086.64,9550.792947,1650283,1132096857.0116916,74,Greed,4.66893428531571,0.014490663856855908,0.22393135222925542,0.014094044790011754,9.16437946112736,greed,False,0.48,0.014490663856855908,0.22393135222925542
2025-07-14,119086.65,123218.0,118905.18,119841.18,27269.348877,4076133,3299746181.0770736,74,Greed,0.0,0.015111577067105936,0.2239046836968724,0.006316070756330813,10.213518598656886,greed,False,0.48,0.015111577067105936,0.2239046836968724
2025-07-15,119841.17,119940.83,115736.92,117758.09,32018.46083,3805374,3755258445.553272,73,Greed,0.0,0.015581395777561754,0.23778432464499208,-0.01753493076270058,10.37406791637599,greed,False,0.46,0.015581395777561754,0.23778432464499208
2025-07-16,117758.08,120063.84,117017.29,118630.43,17039.90851,2429625,2023850383.7234874,70,Greed,175.47117724461162,0.01581526754766776,0.23589406638265023,0.0073805949622627876,9.743313431237437,greed,False,0.4,0.01581526754766776,0.23589406638265023
2025-07-17,118630.44,120998.71,117453.57,119177.56,15728.57651,2347985,1869114355.1231644,74,Greed,141.1463471070754,0.016219692507262354,0.23537774665151984,0.004601451493544703,9.663234496725343,greed,False,0.48,0.016219692507262354,0.23537774665151984
2025-07-18,119177.56,120820.71,116812.76,117924.84,19924.66266,2805236,2367355518.470308,73,Greed,235.68895003555497,0.016813111090764946,0.2419445802796061,-0.01056700950065718,9.899713573025759,greed,False,0.46,0.016813111090764946,0.2419445802796061
2025-07-19,117924.84,118499.9,117277.34,117840.0,6635.80306,1133382,783327898.4969696,74,Greed,37.6139621197449,0.016785989907284502,0.2418881880464263,-0.0007197002204572691,8.800234973353373,greed,False,0.48,0.016785989907284502,0.2418881880464263
2025-07-20,117840.01,118856.8,116467.02,117265.12,12962.92889,1615935,1528864683.816082,72,Greed,60.21871143188198,0.016811903122860405,0.2375307257920988,-0.004890417918115617,9.469848938972099,greed,False,0.44,0.016811903122860405,0.2375307257920988
2025-07-21,117265.11,119676.73,116515.0,117380.36,17107.33128,2509543,2020783266.9633648,71,Greed,155.00277344275526,0.016947534144010186,0.22805370490407756,0.0009822478512299445,9.747262380436942,greed,False,0.42,0.016947534144010186,0.22805370490407756
2025-07-22,117380.36,120247.8,116128.0,119954.42,20959.12973,2778733,2481252763.651911,72,Greed,219.56527947233923,0.016601887930405863,0.21846620311291198,0.021692235206271098,9.950329617057712,greed,False,0.44,0.016601887930405863,0.21846620311291198
2025-07-23,119954.43,120090.0,117301.0,118755.99,14558.75083,2101404,1722126986.886661,74,Greed,173.33613043118635,0.01672047846291533,0.22458446177078067,-0.01004095354590667,9.585947523427249,greed,False,0.48,0.01672047846291533,0.22458446177078067
2025-07-24,118756.0,119450.0,117103.1,118340.99,15806.89043,2081435,1873181653.2018075,71,Greed,134.44557560488798,0.016641134260793715,0.21552473495816518,-0.0035006808084234644,9.668201227114269,greed,False,0.42,0.016641134260793715,0.21552473495816518
2025-07-25,118340.98,118451.57,114723.16,117614.31,38406.34873,3282355,4456778786.620494,70,Greed,0.0,0.017166604509692023,0.21873913083207583,-0.006159491204291899,10.555978056420487,greed,False,0.4,0.017166604509692023,0.21873913083207583
2025-07-26,117614.31,118297.35,117138.38,117919.99,6991.67206,790372,823629079.7493103,72,Greed,35.75701098184756,0.01705682952994575,0.21796360656593597,0.002595631902628258,8.852475014061516,greed,False,0.44,0.01705682952994575,0.21796360656593597
2025-07-27,117919.99,119766.65,117825.5,119415.55,9328.30919,1095080,1107883542.1607983,73,Greed,0.0,0.016983490582410478,0.21484207378081643,0.012603083346820849,9.140809054481766,greed,False,0.46,0.016983490582410478,0.21484207378081643
2025-07-28,119415.56,119800.0,117427.5,118062.32,13961.74754,1824777,1655882235.896518,75,Greed,140.65042788794338,0.01705128305388067,0.22239555504339492,-0.011396806340220294,9.544076550430182,greed,False,0.5,0.01705128305388067,0.22239555504339492
2025-07-29,118062.32,119273.36,116950.75,117950.76,15137.93445,1956694,1788682083.6856463,73,Greed,96.07304149143505,0.01666265905066363,0.21366041464733898,-0.0009453714032179849,9.624959087697233,greed,False,0.46,0.01666265905066363,0.21366041464733898
2025-07-30,117950.75,118792.0,115796.23,117840.3,15586.73631,1997369,1832696878.222986,74,Greed,63.958977705669966,0.015257651661324872,0.15600757676984228,-0.0009369312651676298,9.654175595043071,greed,False,0.48,0.015257651661324872,0.15600757676984228
2025-07-31,117840.29,118922.45,115500.0,115764.08,17010.0073,1859532,2002870016.7022426,72,Greed,231.62225634917309,0.0151873283878326,0.16217180636638126,-0.01777599093867902,9.741557114549133,greed,False,0.44,0.0151873283878326,0.16217180636638126
2025-08-01,115764.07,116052.0,112722.58,113297.93,24487.10206,4160829,2810268577.15137,65,Greed,0.0,0.015611842272154187,0.17816625570232378,-0.02153342924967691,10.105901811380578,greed,False,0.3,0.015611842272154187,0.17816625570232378
2025-08-02,113297.92,114063.49,112003.0,112546.35,11507.33428,2165714,1301882737.326722,55,Greed,0.0,0.01559256527525903,0.16860344425462467,-0.006655760991846373,9.350739874544903,neutral,False,0.1,0.01559256527525903,0.16860344425462467
2025-08-03,112546.35,114799.97,111920.0,114208.8,7397.76046,1419281,841090034.1542541,53,Neutral,141.5511263086229,0.015227504173796395,0.17699965419833516,0.014663215250676506,8.908932592846831,neutral,False,0.06,0.015227504173796395,0.17699965419833516
2025-08-04,114208.81,115720.0,114107.6,115055.03,9667.67916,1954230,1109938874.0629709,64,Greed,0.0,0.014576382764311434,0.17074181659503765,0.007382183600908784,9.176543555505233,greed,False,0.28,0.014576382764311434,0.17074181659503765
2025-08-05,115055.03,115127.81,112650.0,114129.75,12042.79078,2581052,1371861747.1466167,60,Greed,0.0,0.014460112087116641,0.16929443940175173,-0.008074576568790104,9.396221484361918,greed,False,0.2,0.014460112087116641,0.16929443940175173
2025-08-06,114129.75,115716.0,113355.13,114992.27,9761.15318,2026500,1118028732.8589184,54,Neutral,75.27843815332955,0.014170770278495424,0.17110258985586294,0.00752894963418136,9.186165826116065,neutral,False,0.08,0.014170770278495424,0.17110258985586294
2025-08-07,114992.27,117621.0,114259.0,117472.01,13468.56263,2314671,1564454297.836927,62,Greed,0.0,0.013980454651434607,0.18619905490641173,0.021335183728332856,9.508113554727677,greed,False,0.24,0.013980454651434607,0.18619905490641173
2025-08-08,117472.02,117630.0,115878.71,116674.74,10045.31278,2095304,1172199778.7242546,74,Greed,86.26401090717941,0.01405600336758902,0.18767695924171632,-0.00681002901994848,9.214861414643803,greed,False,0.48,0.01405600336758902,0.18767695924171632
2025-08-09,116674.74,117944.05,116299.13,116462.25,9514.13144,1390951,1111837601.7023723,67,Greed,69.59167925826713,0.013917209820595541,0.18703930179998465,-0.0018228772606176664,9.160533492326687,greed,False,0.34,0.013917209820595541,0.18703930179998465
2025-08-10,116462.25,119311.11,116460.63,119294.01,14322.77073,2317065,1694198747.8718708,69,Greed,57.823249458527755,0.013831340945380516,0.20611549993937184,0.024023932127064194,9.569605908530336,greed,False,0.38,0.013831340945380516,0.20611549993937184
2025-08-11,119294.27,122335.16,118050.11,118686.0,26494.33429,4021743,3194611530.5410695,70,Greed,0.0,0.013867780684709962,0.19153945589944885,-0.005109768025592827,10.184686188738397,greed,False,0.4,0.013867780684709962,0.19153945589944885
2025-08-12,118686.0,120324.43,118207.47,120134.08,16720.10893,2737841,1992762473.5852578,68,Greed,100.76939131408001,0.013712758982781193,0.19309944157935371,0.01212710210107966,9.724367401569623,greed,False,0.36,0.013712758982781193,0.19309944157935371
2025-08-13,120134.09,123667.79,118920.92,123306.43,23210.07102,3712817,2811581348.3874574,73,Greed,0.0,0.014441803625176806,0.2123745620648969,0.02606410567702287,10.052341559151781,greed,False,0.46,0.014441803625176806,0.2123745620648969
2025-08-14,123306.44,124474.0,117180.0,118295.09,27980.947586,4350449,3359128391.108524,75,Greed,279.4339017582552,0.01599619238989063,0.2617819681240682,-0.04149029256629387,10.239279114193547,greed,False,0.5,0.01599619238989063,0.2617819681240682
2025-08-15,118295.09,119216.82,116803.99,117342.05,13623.33874,2895016,1607609329.685101,60,Greed,3.71132239956708,0.01617619773573645,0.26327623639653935,-0.008089091530436165,9.519539684758254,greed,False,0.2,0.01617619773573645,0.26327623639653935
2025-08-16,117342.04,117898.99,117143.98,117380.66,6393.68117,1179842,751719391.7723638,56,Greed,23.793326199299603,0.016049873879470333,0.2589000430946368,0.00032898393468814104,8.7630654644416,greed,False,0.12,0.016049873879470333,0.2589000430946368
2025-08-17,117380.66,118575.0,117172.21,117405.01,5898.64192,1177563,695629197.9038073,64,Greed,33.373633254646755,0.015904002022338402,0.25589512704280787,0.00020742322210116917,8.682477420346778,greed,False,0.28,0.015904002022338402,0.25589512704280787
2025-08-18,117405.01,117543.75,114640.14,116227.05,17745.93954,3346280,2053814085.4717774,60,Greed,0.0,0.016038883502347657,0.25825586941862777,-0.010083975477294543,9.78391201042453,greed,False,0.2,0.016038883502347657,0.25825586941862777
2025-08-19,116227.05,116725.69,112732.58,112872.94,18065.47424,3291182,2065010895.8584664,56,Greed,25.85376595425487,0.01635024345695701,0.2774366575926948,-0.02928284432910472,9.80175789510542,greed,False,0.12,0.01635024345695701,0.2774366575926948
2025-08-20,112872.95,114615.38,112380.0,114271.24,15636.34194,2998370,1776149566.1247735,44,Fear,49.57865489321348,0.016091890926529923,0.2755158743718267,0.012312159298069381,9.657353095438117,fear,False,-0.12,0.016091890926529923,0.2755158743718267
2025-08-21,114271.23,114821.76,112015.67,112500.0,10839.69235,2357380,1227373788.615563,50,Neutral,166.1495699108288,0.015959594080003706,0.270322626951233,-0.01562169894735077,9.290969893594578,neutral,False,0.0,0.015959594080003706,0.270322626951233
2025-08-22,112500.0,117429.05,111684.79,116935.99,23128.09037,3438518,2656625122.2777867,50,Neutral,139.32178608839828,0.017148694769228593,0.30230108697619845,0.03867346942564925,10.048803191073537,neutral,False,0.0,0.017148694769228593,0.30230108697619845
2025-08-23,116936.0,117030.0,114560.0,115438.05,11329.36197,1559569,1308825428.0143585,60,Greed,104.96794646934282,0.01704824942049395,0.30271054415988935,-0.012892668639070098,9.335153039108947,greed,False,0.2,0.01704824942049395,0.30271054415988935
2025-08-24,115438.06,115666.68,110680.0,113493.59,21175.98462,2573906,2411284606.1891766,53,Neutral,0.0,0.01794758331307182,0.30771830422371993,-0.016987662875338143,9.960623017612756,neutral,False,0.06,0.01794758331307182,0.30771830422371993
2025-08-25,113493.59,113667.28,109274.1,110111.98,25182.79379,4695718,2805570653.631023,47,Neutral,54.8430976686668,0.018482337009143958,0.3243968477520191,-0.030248511573908593,10.133916254183807,neutral,False,-0.06,0.018482337009143958,0.3243968477520191
2025-08-26,110111.98,112371.0,108666.66,111763.22,18452.43877,4077474,2033437347.4999392,48,Neutral,163.00219333061688,0.01882013977803079,0.32822819596219427,0.014884678291290745,9.822951823389142,neutral,False,-0.04,0.01882013977803079,0.32822819596219427
2025-08-27,111763.22,112625.0,110345.42,111262.01,13392.60875,3111496,1493774927.190832,51,Neutral,84.17660359125738,0.018616440937149335,0.3170902424539567,-0.004494655997296272,9.502458247938685,neutral,False,0.02,0.018616440937149335,0.3170902424539567
2025-08-28,111262.01,113485.9,110862.42,112566.9,11104.27744,2066780,1250788481.9453218,48,Neutral,72.52087323311828,0.01877176572901717,0.320684467195928,0.011659841291183425,9.31508566802523,neutral,False,-0.04,0.01877176572901717,0.320684467195928
2025-08-29,112566.9,112638.64,107463.9,108377.4,22580.31045,3606959,2475492492.57753,50,Neutral,0.0,0.01971570330148838,0.34538849629599766,-0.037928131382763526,10.024833586501963,neutral,False,0.0,0.01971570330148838,0.34538849629599766
2025-08-30,108377.4,108926.15,107350.1,108816.33,10708.39159,1411040,1160666772.7387524,39,Fear,27.692895164896672,0.01954468899982558,0.33118496117004065,0.004041834886721533,9.278782973825896,fear,False,-0.22,0.01954468899982558,0.33118496117004065
2025-08-31,108816.33,109480.02,108076.93,108246.35,9489.51596,1366633,1031806894.3513318,48,Neutral,0.0,0.019028112257692624,0.3311882636137222,-0.005251767001620112,9.157942885034457,neutral,False,-0.04,0.019028112257692624,0.3311882636137222
2025-09-01,108246.36,109912.4,107255.0,109237.42,16053.60219,2729384,1742516638.781135,46,Fear,77.03704058018583,0.01916218366723777,0.32933697732726713,0.009114030534832748,9.683688538890298,neutral,False,-0.08,0.01916218366723777,0.32933697732726713
2025-09-02,109237.43,111771.52,108393.39,111240.01,18510.28756,2596328,2042681451.9016385,49,Neutral,0.0,0.018882471556922565,0.3206125813675881,0.018166440657325495,9.826081940833149,neutral,False,-0.02,0.018882471556922565,0.3206125813675881
2025-09-03,111240.01,112575.27,110528.71,111705.71,11773.72084,2214249,1313762617.3436644,55,Greed,0.0,0.017229608965933854,0.2916277240040487,0.004177704576073605,9.37362527943792,neutral,False,0.1,0.017229608965933854,0.2916277240040487
2025-09-04,111705.72,112180.0,109329.12,110730.87,12203.13536,2230255,1349031325.5320847,51,Neutral,56.77372761725886,0.01735713579368629,0.2917981537093281,-0.008765161209067217,9.409448194424659,neutral,False,0.02,0.01735713579368629,0.2917981537093281
2025-09-05,110730.87,113384.62,110206.96,110659.99,21587.40888,2970419,2413132200.623325,48,Neutral,46.50534904052789,0.017750984107588515,0.29167617228059267,-0.0006403155254173387,9.979865501484822,neutral,False,-0.04,0.017750984107588515,0.29167617228059267
2025-09-06,110660.0,111307.7,109977.0,110187.97,5000.29897,795201,552785936.5434699,48,Neutral,8.471747424426846,0.017752518517088842,0.29146689955316646,-0.00427462149747006,8.517252983628648,neutral,False,-0.04,0.017752518517088842,0.29146689955316646
2025-09-07,110187.98,111600.0,110180.0,111137.34,5681.29944,874961,630447950.1588689,44,Fear,70.45372352263567,0.017516470725887506,0.2931208337860333,0.008579008182539868,8.644935260198155,fear,False,-0.12,0.017516470725887506,0.2931208337860333
2025-09-08,111137.35,112924.37,110621.78,112065.23,11582.40211,1744598,1295903862.4649603,51,Neutral,0.0,0.0171064519782928,0.2770546124227389,0.008314378685943164,9.357242165711812,neutral,False,0.02,0.0171064519782928,0.2770546124227389
2025-09-09,112065.23,113293.29,110766.66,111546.39,15379.28248,2143242,1721465997.906366,48,Neutral,161.3570110302903,0.017169984270461094,0.27328055144046537,-0.004640554288638579,9.640776589175521,neutral,False,-0.04,0.017169984270461094,0.27328055144046537
2025-09-10,111546.38,114313.13,110917.45,113960.0,17517.41823,2182534,1978834750.2223115,49,Neutral,148.25551870420682,0.01732533446848957,0.2789256248385252,0.02140695144426305,9.770950992330269,neutral,False,-0.02,0.01732533446848957,0.2789256248385252
2025-09-11,113960.0,115488.09,113430.0,115482.69,13676.73119,2166359,1562241144.956541,54,Neutral,0.0,0.016144229122025486,0.24557244171758658,0.013273138970620393,9.523451214524481,neutral,False,0.08,0.016144229122025486,0.24557244171758658
2025-09-12,115482.69,116665.63,114740.99,116029.42,15324.10719,2481491,1772122269.5018635,57,Greed,0.0,0.016044321763045172,0.24183359555069917,0.004723131039401508,9.63718250070602,greed,False,0.14,0.016044321763045172,0.24183359555069917
2025-09-13,116029.41,116298.78,115127.27,115918.29,8269.40394,1223635,957724220.6497611,52,Neutral,68.53375725063147,0.014974820088225472,0.2332148101233911,-0.0009582332889029288,9.020317710450442,neutral,False,0.04,0.014974820088225472,0.2332148101233911
2025-09-14,115918.29,116165.19,115135.0,115268.01,6707.60197,1237218,775762364.9685991,55,Greed,81.13950086342277,0.014059105290619874,0.20391431134459795,-0.005625607702316823,8.810996784569614,neutral,False,0.1,0.014059105290619874,0.20391431134459795
2025-09-15,115268.01,116757.99,114384.0,115349.71,13212.51149,2857989,1522648235.2235153,53,Neutral,44.620784019299315,0.013601645114646732,0.19843476102008445,0.0007085318805328954,9.488919499809146,neutral,False,0.06,0.013601645114646732,0.19843476102008445
2025-09-16,115349.71,116964.27,114737.11,116788.96,10926.9094,2047058,1265779287.5169268,52,Neutral,140.69130936420223,0.013569439309251207,0.2006258318661529,0.01240007484979025,9.298983778148067,neutral,False,0.04,0.013569439309251207,0.2006258318661529
2025-09-17,116788.96,117286.73,114720.81,116447.59,16754.2454,3227418,1946083704.6217456,53,Neutral,173.50181516643275,0.013531026632172646,0.1983886907219464,-0.0029272448401405594,9.726406961854904,neutral,False,0.06,0.013531026632172646,0.1983886907219464
2025-09-18,116447.6,117900.0,116092.76,117073.53,11657.23365,2252654,1367513347.4865093,52,Neutral,0.0,0.012145156822656664,0.1321775496738202,0.005360898398273296,9.363682180469496,neutral,False,0.04,0.012145156822656664,0.1321775496738202
2025-09-19,117073.53,117459.99,115100.0,115632.38,8992.09065,1732471,1045792401.4532388,53,Neutral,35.50509884112783,0.012292396066724677,0.1441935157590729,-0.01238617811420754,9.104100653265931,neutral,False,0.06,0.012292396066724677,0.1441935157590729
2025-09-20,115632.39,116121.81,115408.47,115685.63,4674.92752,740451,541264273.2416894,48,Neutral,22.08449481514284,0.01219784087488749,0.1412333025162915,0.0004604051447670285,8.449968937859287,neutral,False,-0.04,0.01219784087488749,0.1412333025162915
2025-09-21,115685.63,115819.06,115188.0,115232.29,4511.52219,945965,521299751.1504096,49,Neutral,3.891087211029668,0.011769597752065304,0.14172660492866335,-0.003926421842189095,8.414389889963964,neutral,False,-0.02,0.011769597752065304,0.14172660492866335
2025-09-22,115232.29,115379.25,111800.0,112650.99,20781.71356,3045876,2348872511.698875,45,Fear,0.0,0.01180876583391386,0.1558990243612823,-0.02265554900340918,9.941828723236092,fear,False,-0.1,0.01180876583391386,0.1558990243612823
2025-09-23,112650.99,113290.5,111458.73,111998.8,12301.3203,2455729,1383869800.273703,43,Fear,21.951311824541364,0.011754516735226362,0.15691069202402352,-0.005806298169945148,9.417461877063241,fear,False,-0.14,0.011754516735226362,0.15691069202402352
2025-09-24,111998.8,113940.0,111042.66,113307.0,12369.25967,2229837,1394470628.502582,44,Fear,114.06475851831722,0.011755133019917818,0.15825424690370274,0.011612792050812145,9.422969614767712,fear,False,-0.12,0.011755133019917818,0.15825424690370274
2025-09-25,113307.01,113510.23,108631.51,108994.49,21231.14957,4409953,2356639689.925215,44,Fear,77.62104087534946,0.012586345085106584,0.21262132598662173,-0.03880361851008345,9.963224701606272,fear,False,-0.12,0.012586345085106584,0.21262132598662173
2025-09-26,108994.49,110300.0,108620.07,109643.46,14243.01591,3257155,1557098915.9392595,28,Fear,60.3174193331255,0.012651297868026158,0.2134692857922028,0.0059364982695478945,9.564021953973912,fear,False,-0.44,0.012651297868026158,0.2134692857922028
2025-09-27,109643.46,109743.91,109064.4,109635.85,5501.78643,919594,601947588.9970765,33,Fear,29.191006464254713,0.01256159897166628,0.21091850285376815,-6.94091932618392e-05,8.612828123937236,fear,False,-0.34,0.01256159897166628,0.21091850285376815
2025-09-28,109635.85,112350.0,109189.99,112163.95,7542.3316,1484866,832254944.3203353,37,Fear,0.0,0.012838159269458518,0.22491103093770562,0.022797220643522374,8.928286643969253,fear,False,-0.26,0.012838159269458518,0.22491103093770562
2025-09-29,112163.96,114400.0,111560.65,114311.96,15541.12005,2442653,1755247635.871136,50,Neutral,0.0,0.012924234076578736,0.23382639346212453,0.01896956203457031,9.651244696613915,neutral,False,0.0,0.012924234076578736,0.23382639346212453
2025-09-30,114311.97,114792.0,112656.27,114048.93,15044.15633,3018331,1710713267.1300955,50,Neutral,68.10655867137581,0.012529873404859488,0.22150525251189207,-0.0023036354107678868,9.61874491105445,neutral,False,0.0,0.012529873404859488,0.22150525251189207
2025-10-01,114048.94,118649.1,113966.67,118594.99,20036.39516,3430343,2332096981.2659335,49,Neutral,0.0,0.013431432110082476,0.2579192912325467,0.03908667600199795,9.905305656782522,neutral,False,-0.02,0.013431432110082476,0.2579192912325467
2025-10-02,118594.99,121022.07,118279.31,120529.35,19670.83503,3472073,2349861127.3445807,64,Greed,0.0,0.013597432445024508,0.2630725630706799,0.01617904889913795,9.88689236243934,greed,False,0.28,0.013597432445024508,0.2630725630706799
2025-10-03,120529.35,123894.99,119248.3,122232.0,23936.328,4246820,2907381076.6813188,63,Greed,0.0,0.014470440260880705,0.26626984601696685,0.014027586512955888,10.083152583888872,greed,False,0.26,0.014470440260880705,0.26626984601696685
2025-10-04,122232.21,122800.0,121510.0,122391.0,8208.16678,1703590,1002272903.3446472,71,Greed,34.56903372864305,0.014490474003930899,0.2645436374531604,0.001299959712627995,9.012884886404898,greed,False,0.42,0.014490474003930899,0.2645436374531604
2025-10-05,122390.99,125708.42,122136.0,123482.31,22043.097553,3690670,2730817470.939564,74,Greed,0.0,0.014742895271471802,0.26519422441958457,0.008877068978927581,10.000754795723825,greed,False,0.48,0.014742895271471802,0.26519422441958457
2025-10-06,123482.32,126199.63,123084.0,124658.54,19494.628793,4206167,2428828952.2653184,71,Greed,131.05491913716054,0.014898218954254814,0.2640811407996527,0.009480412513902298,9.87789426009666,greed,False,0.42,0.014898218954254814,0.2640811407996527
2025-10-07,124658.54,125126.0,120574.94,121332.95,21633.99385,4390785,2657405799.8705487,70,Greed,0.0,0.01542360428153526,0.28464458556255146,-0.027039899832890336,9.982021145915441,greed,False,0.4,0.01542360428153526,0.28464458556255146
2025-10-08,121332.96,124197.25,121066.14,123306.0,17012.618,4184997,2084842842.441617,60,Greed,191.84159396071877,0.015663400421917707,0.28883985163835324,0.01613065116385741,9.74171058301208,greed,False,0.2,0.015663400421917707,0.28883985163835324
2025-10-09,123306.01,123762.94,119651.47,121662.4,21559.36007,4231167,2621438087.566733,70,Greed,122.17366983236438,0.016077847042130177,0.2895726604401206,-0.013419074980521103,9.978565343228073,greed,False,0.4,0.016077847042130177,0.2895726604401206
2025-10-10,121662.41,122550.0,102000.0,112774.5,64171.93927,11404522,7349750905.041158,64,Greed,0.0,0.029416895229637502,0.40181828480985354,-0.07585974612842505,11.069321311107618,greed,False,0.28,0.029416895229637502,0.40181828480985354
2025-10-11,112774.49,113322.39,109561.59,110644.4,35448.51652,6661929,3961069473.2311363,27,Fear,74.28788732778999,0.029754945725709202,0.40670909027784846,-0.01906879449319561,10.475836683976055,fear,False,-0.46,0.029754945725709202,0.40670909027784846
2025-10-12,110644.4,115770.0,109565.06,114958.8,32255.30272,6048575,3638546528.7401557,24,Extreme Fear,228.97829719391507,0.03036729540815618,0.4228874538692512,0.0382523481182313,10.381437734133897,extreme_fear,True,-0.52,0.03036729540815618,0.4228874538692512
2025-10-13,114958.81,115963.81,113616.5,115166.0,22557.24033,5739352,2591831660.9857492,38,Fear,48.29545599523868,0.03041253060364087,0.4221216466792595,0.001800762507920933,10.023811372331712,fear,False,-0.24,0.03041253060364087,0.4221216466792595
2025-10-14,115166.0,115409.96,109866.0,113028.14,31870.32974,7425642,3578140778.808499,38,Fear,0.0,0.030929960854064926,0.42610617682061147,-0.01873775155179968,10.369430753765139,fear,False,-0.24,0.030929960854064926,0.42610617682061147
2025-10-15,113028.13,113612.35,110164.0,110763.28,22986.48811,5243141,2569639641.3527684,34,Fear,213.71609583646645,0.030642942719824734,0.4084876913901789,-0.020241502815851853,10.042661848802869,fear,False,-0.32,0.030642942719824734,0.4084876913901789
2025-10-16,110763.28,111982.45,107427.0,108194.28,29857.17252,6127094,3277596494.7619195,28,Fear,0.0,0.031078069665864037,0.4168370575753408,-0.023466811492917763,10.304180375383964,fear,False,-0.44,0.031078069665864037,0.4168370575753408
2025-10-17,108194.27,109240.0,103528.23,106431.68,37920.66838,7570685,4022645635.221202,22,Extreme Fear,0.0,0.03189294662615778,0.42055353236118453,-0.016425222998888867,10.543251582268473,extreme_fear,True,-0.56,0.03189294662615778,0.42055353236118453
2025-10-18,106431.68,107499.0,106322.2,107185.01,11123.18766,2105450,1189002999.143113,23,Extreme Fear,26.954327861644863,0.03169647868949276,0.4121265310534322,0.007053129818340636,9.316787186797368,extreme_fear,True,-0.54,0.03169647868949276,0.4121265310534322
2025-10-19,107185.0,109450.07,106103.36,108642.78,15480.66423,3205640,1670074079.5802343,29,Fear,45.70353855410336,0.03179099539663979,0.4088365894374902,0.013508845814879343,9.647347055137885,fear,False,-0.42,0.03179099539663979,0.4088365894374902
2025-10-20,108642.77,111705.56,107402.52,110532.09,19193.4416,4283542,2119912185.5934682,29,Fear,0.0,0.032126862955397524,0.4148307306218707,0.017240633452995615,9.862323916329665,fear,False,-0.42,0.032126862955397524,0.4148307306218707
2025-10-21,110532.09,114000.0,107473.72,108297.67,37228.01659,6004063,4114477849.932054,34,Fear,271.0151931315504,0.032643102508948384,0.39055415719469944,-0.02042224657419341,10.52481689093782,fear,False,-0.32,0.032643102508948384,0.39055415719469944
2025-10-22,108297.66,109163.88,106666.69,107567.44,28610.78451,5547903,3090291706.4439816,25,Extreme Fear,0.0,0.032645866760270426,0.38282449870863544,-0.006765639759505251,10.261539006500088,extreme_fear,True,-0.5,0.032645866760270426,0.38282449870863544
2025-10-23,107567.45,111293.61,107500.0,110078.18,17573.09294,3721614,1924582289.411394,27,Fear,0.0,0.03257439256079923,0.39027704757825277,0.02307284091421478,9.774124200976171,fear,False,-0.46,0.03257439256079923,0.39027704757825277
2025-10-24,110078.19,112104.98,109700.01,111004.89,15005.16913,3241022,1662806764.9533324,30,Fear,0.0,0.03267355257268693,0.392653244710731,0.008383413777914583,9.616150029387086,fear,False,-0.4,0.03267355257268693,0.392653244710731
2025-10-25,111004.9,111943.19,110672.86,111646.27,6407.96864,1238199,714201332.9751225,37,Fear,68.07585500405811,0.03247954790242918,0.3913587657040512,0.005761315360732372,8.765297594853573,fear,False,-0.26,0.03247954790242918,0.3913587657040512
2025-10-26,111646.27,115466.8,111260.45,114559.4,13454.47737,2463951,1525108635.874829,40,Fear,0.0,0.03268770196830912,0.4034463654883265,0.02575789601168315,9.507067219597241,fear,False,-0.2,0.03268770196830912,0.4034463654883265
2025-10-27,114559.41,116400.0,113830.01,114107.65,21450.23241,3660488,2470872744.5489683,51,Neutral,0.0,0.032445653961675446,0.3943504070607828,-0.003951164697453273,9.9734907592625,neutral,False,0.02,0.032445653961675446,0.3943504070607828
2025-10-28,114107.65,116086.0,112211.0,112898.45,15523.42257,3829845,1772753529.8642743,50,Neutral,96.13449721780312,0.0325844863130343,0.38847103225210294,-0.010653558973310539,9.650105295842359,neutral,False,0.0,0.0325844863130343,0.38847103225210294
2025-10-29,112898.44,113643.73,109200.0,110021.29,21079.71376,4481480,2356715986.5335455,51,Neutral,0.0,0.03270865869872792,0.39472577094264727,-0.025814849578232026,9.956066423815479,neutral,False,0.02,0.03270865869872792,0.39472577094264727
2025-10-30,110021.3,111592.0,106304.34,108322.88,25988.82838,6373451,2827221287.4227977,34,Fear,0.0,0.02246798808753536,0.2971963325612474,-0.015557495821203146,10.1654220469734,fear,False,-0.32,0.02246798808753536,0.2971963325612474
2025-10-31,108322.87,111190.0,108275.28,109608.01,21518.20439,5256872,2361590437.9414105,29,Fear,163.98734135245618,0.02229336444197663,0.29387875908141975,0.011794059086766557,9.976654571668089,fear,False,-0.42,0.02229336444197663,0.29387875908141975
2025-11-01,109608.01,110564.49,109394.81,110098.1,7378.50431,1994214,812389216.4346797,33,Fear,49.49177124365669,0.021078649589478842,0.25698735948718787,0.004461330755654716,8.9063262290329,fear,False,-0.34,0.021078649589478842,0.25698735948718787
2025-11-02,110098.1,111250.01,109471.34,110540.68,12107.00087,2652188,1336870531.1415012,37,Fear,60.198829779263455,0.02101077552667032,0.25755855558839136,0.004011811464844439,9.401539148566993,fear,False,-0.26,0.02101077552667032,0.25755855558839136
2025-11-03,110540.69,110750.0,105306.56,106583.04,28681.18779,7074546,3076006652.0015674,42,Fear,0.0,0.021060761033799953,0.27953229576488764,-0.03645919836858115,10.263996709127934,fear,False,-0.16,0.021060761033799953,0.27953229576488764
2025-11-04,106583.05,107299.0,98944.36,101497.22,50534.87376,9099609,5197697635.212413,21,Extreme Fear,0.0,0.023343583703077615,0.3188017114094316,-0.048892990692747336,10.830418946434998,extreme_fear,True,-0.58,0.023343583703077615,0.3188017114094316
2025-11-05,101497.23,104534.74,98966.8,103885.16,33778.77571,6500368,3454273922.700385,23,Extreme Fear,404.30025509291465,0.023829520791237613,0.3247601740837705,0.02325464931597804,10.427587946661776,extreme_fear,True,-0.54,0.023829520791237613,0.3247601740837705
2025-11-06,103885.16,104200.0,100300.95,101346.04,25814.62139,5755001,2641767846.305827,27,Fear,289.10431365935426,0.02328229901286173,0.3309349425736565,-0.02474525864647728,10.158696330926903,fear,False,-0.46,0.02328229901286173,0.3309349425736565
2025-11-07,101346.04,104096.36,99260.86,103339.08,32059.50942,6335759,3251112979.305884,24,Extreme Fear,299.47924831685356,0.024097334262722696,0.3385155465003072,0.0194748205542768,10.375349124112594,extreme_fear,True,-0.52,0.024097334262722696,0.3385155465003072
2025-11-08,103339.09,103406.22,101454.0,102312.94,12390.77985,2743819,1267165565.3752701,20,Extreme Fear,88.75847477274314,0.02387134176159438,0.33464765533400315,-0.009979464496075391,9.42470791453105,extreme_fear,True,-0.6,0.02387134176159438,0.33464765533400315
2025-11-09,102312.95,105495.62,101400.0,104722.96,16338.97096,3404204,1687020822.3668208,22,Extreme Fear,104.9784488240765,0.02388068085815638,0.34013672062116296,0.02328223138207566,9.70130838968669,extreme_fear,True,-0.56,0.02388068085815638,0.34013672062116296
2025-11-10,104722.95,106670.11,104265.02,106011.13,22682.25673,4710957,2400141664.389342,29,Fear,0.0,0.02273746560884821,0.33730497976983737,0.012225701545984947,10.029338255978004,fear,False,-0.42,0.02273746560884821,0.33730497976983737
2025-11-11,106011.13,107500.0,102476.09,103058.99,24196.50718,5532149,2532279071.0069213,26,Fear,124.46164699161292,0.023423169158433232,0.35047544833908306,-0.028242545864333283,10.093963570323039,fear,False,-0.48,0.023423169158433232,0.35047544833908306
2025-11-12,103059.0,105333.33,100813.59,101654.37,20457.63906,5314132,2108514405.2608771,24,Extreme Fear,16.865188877322893,0.023698959158771626,0.3395329289441437,-0.013723012931130311,9.92611163988546,extreme_fear,True,-0.52,0.023698959158771626,0.3395329289441437
2025-11-13,101654.37,104085.01,98000.4,99692.02,36198.50771,8125404,3654698026.5403805,15,Extreme Fear,56.789858260048256,0.02487153771032693,0.3404868186925731,-0.019492896160439244,10.496773173483488,extreme_fear,True,-0.7,0.02487153771032693,0.3404868186925731
2025-11-14,99692.03,99866.02,94012.45,94594.0,47288.14481,9551025,4566085156.747207,16,Extreme Fear,0.0,0.026115879361122956,0.3761393026732023,-0.052491584544810524,10.76401490479862,extreme_fear,True,-0.68,0.026115879361122956,0.3761393026732023
2025-11-15,94594.0,96846.68,94558.49,95596.24,15110.89391,4263558,1449074019.0674856,10,Extreme Fear,110.09648610522041,0.025836315529793485,0.3614627953002322,0.01053943964071668,9.623171213675727,extreme_fear,True,-0.8,0.025836315529793485,0.3614627953002322
2025-11-16,95596.23,96635.11,93005.55,94261.44,23889.4051,5141394,2261295524.8173394,10,Extreme Fear,112.65814873541095,0.02617166288350374,0.3613535187824891,-0.014061290467363924,10.081190338377322,extreme_fear,True,-0.8,0.02617166288350374,0.3613535187824891
2025-11-17,94261.45,96043.0,91220.0,92215.14,39218.59806,8134322,3674562070.238606,14,Extreme Fear,157.4017021252129,0.026684084285283998,0.36402364361748607,-0.02194787294779212,10.57690635357346,extreme_fear,True,-0.72,0.026684084285283998,0.36402364361748607
2025-11-18,92215.14,93836.01,89253.78,92960.83,39835.14769,8786593,3641033186.3004584,11,Extreme Fear,0.0,0.026991668128357717,0.3645058512230423,0.008053896310369823,10.592504909351211,extreme_fear,True,-0.78,0.026991668128357717,0.3645058512230423
2025-11-19,92960.83,92980.22,88608.0,91554.96,32286.6376,6822174,2925773651.255958,15,Extreme Fear,293.19096219156904,0.026979433718108497,0.3644248782535,-0.015238773937443459,10.382408727020277,extreme_fear,True,-0.7,0.026979433718108497,0.3644248782535
2025-11-20,91554.96,93160.0,86100.0,86637.23,39733.19073,7841395,3548950335.0984216,11,Extreme Fear,327.1627250569015,0.028760556799823356,0.3917467008679298,-0.055209816891895,10.58994215592877,extreme_fear,True,-0.78,0.028760556799823356,0.3917467008679298
2025-11-21,86637.22,87498.94,80600.0,85129.43,72256.12679,11826480,6061348756.341564,14,Extreme Fear,0.0,0.03076958275611869,0.38742775856113415,-0.017556826574241523,11.187972402240964,extreme_fear,True,-0.72,0.03076958275611869,0.38742775856113415
2025-11-22,85129.42,85620.0,83500.0,84739.74,14193.93263,4697593,1197657354.9690385,11,Extreme Fear,90.33503000066723,0.030877483906950554,0.3836447388778775,-0.004588127246522274,9.560569872701958,extreme_fear,True,-0.78,0.030877483906950554,0.3836447388778775
2025-11-23,84739.75,88127.64,84667.57,86830.0,19734.46418,5063493,1708685030.2798696,13,Extreme Fear,0.0,0.030602979513686426,0.3954972724449215,0.024367507087485727,9.890121836980956,extreme_fear,True,-0.74,0.030602979513686426,0.3954972724449215
2025-11-24,86830.0,89228.0,85272.0,88300.01,24663.12795,6189156,2150393686.920318,19,Extreme Fear,194.1516528487202,0.029242598430402274,0.3787417276097628,0.016788036787637094,10.113064611740127,extreme_fear,True,-0.62,0.029242598430402274,0.3787417276097628
2025-11-25,88300.01,88519.99,86116.0,87369.96,19567.0411,4838747,1708989000.038937,20,Extreme Fear,185.98355869722442,0.028544227865943836,0.3615909483232012,-0.010588704373343843,9.881601853251183,extreme_fear,True,-0.6,0.028544227865943836,0.3615909483232012
2025-11-26,87369.97,90656.08,86306.77,90484.02,21675.82239,4668280,1916851896.6699688,15,Extreme Fear,120.02718656554241,0.028846753046857035,0.3876205283747446,0.035021744042270514,9.98395274279748,extreme_fear,True,-0.7,0.028846753046857035,0.3876205283747446
2025-11-27,90484.01,91950.0,90089.91,91333.95,16833.50932,3920172,1535778106.5787077,22,Extreme Fear,0.0,0.02826421849131974,0.3805104817363666,0.009349308992866888,9.731126781194158,extreme_fear,True,-0.56,0.02826421849131974,0.3805104817363666
2025-11-28,91333.94,93092.0,90180.63,90890.7,18830.86012,4229754,1721418035.0795596,25,Extreme Fear,120.67365167253497,0.028469651834004496,0.3802652057747329,-0.00486488380362324,9.84325229878111,extreme_fear,True,-0.5,0.028469651834004496,0.3802652057747329
2025-11-29,90890.71,91165.65,90155.47,90802.44,7429.88291,1677860,673725652.9787655,28,Fear,39.06430277367084,0.02800866989634674,0.3650021542492456,-0.0009715282254700339,8.913265378502837,fear,False,-0.44,0.02800866989634674,0.3650021542492456
2025-11-30,90802.44,92000.01,90336.9,90360.0,9687.74175,2154030,884051773.1655338,28,Fear,27.120422895372023,0.02794831509763084,0.35795198465155165,-0.0048844658930887715,9.178616628188946,fear,False,-0.44,0.02794831509763084,0.35795198465155165
2025-12-01,90360.01,90417.0,83822.76,86286.01,34509.01227,7709685,2977024047.2231607,24,Extreme Fear,0.0,0.029038181771308985,0.37653188362242074,-0.04613421557385573,10.448975794123475,extreme_fear,True,-0.52,0.029038181771308985,0.37653188362242074
2025-12-02,86286.01,92307.65,86184.39,91277.88,28210.22732,6397299,2519515177.662365,23,Extreme Fear,139.60031335518835,0.029891295010842332,0.4409851189243809,0.0562410040171468,10.247439862098988,extreme_fear,True,-0.54,0.029891295010842332,0.4409851189243809
2025-12-03,91277.88,94150.0,90990.23,93429.95,25712.52585,6733182,2386223626.86139,28,Fear,0.0,0.029138823958503528,0.4489184106495072,0.023303477601614594,10.154733539308301,fear,False,-0.44,0.029138823958503528,0.4489184106495072
2025-12-04,93429.95,94080.0,90889.0,92078.06,19803.94059,5856049,1836645629.33462,26,Fear,320.7924534263821,0.02836809884352628,0.4124433628063753,-0.014575262088996607,9.893636216577804,fear,False,-0.48,0.02836809884352628,0.4124433628063753
2025-12-05,92078.06,92692.36,88056.0,89330.04,19792.97218,5520352,1788436983.8106546,28,Fear,0.0,0.029015895818247157,0.42219189780380745,-0.030298870064162046,9.893082213272331,fear,False,-0.44,0.029015895818247157,0.42219189780380745
2025-12-06,89330.04,90289.97,88908.01,89236.79,8409.50016,2482221,753420679.8063259,23,Extreme Fear,54.755164940818574,0.028631845731359424,0.42035243301569475,-0.001044426991022257,9.037117317193589,extreme_fear,True,-0.54,0.028631845731359424,0.42035243301569475
2025-12-07,89236.8,91760.0,87719.28,90395.31,13021.11185,3953071,1167866486.8455212,20,Extreme Fear,61.999587085715845,0.02843390271685482,0.41742118715032733,0.012898987020788722,9.474327307661882,extreme_fear,True,-0.6,0.02843390271685482,0.41742118715032733
2025-12-08,90395.32,92287.15,89612.0,90634.34,15793.63887,5458731,1436920018.8936133,20,Extreme Fear,73.08373555011852,0.02790859526789232,0.41630528503249437,0.002640784411958209,9.667362534784088,extreme_fear,True,-0.6,0.02790859526789232,0.41630528503249437
2025-12-09,90634.35,94588.99,89500.0,92678.8,21240.43014,5940223,1956261065.6071732,22,Extreme Fear,177.11502653708263,0.02814619170612166,0.42090014369881734,0.02230658176977993,9.963661726563247,extreme_fear,True,-0.56,0.02814619170612166,0.42090014369881734
2025-12-10,92678.81,94476.0,91563.15,92015.37,18998.68083,6025707,1758773276.2478049,26,Fear,199.20352316030423,0.026417605416858832,0.367569093143149,-0.007184123390461821,9.852124825738203,fear,False,-0.48,0.026417605416858832,0.367569093143149
2025-12-11,92015.38,93555.0,89260.63,92513.38,19972.58758,6250438,1814322119.0658488,29,Fear,0.0,0.024820760513689845,0.35947488693900387,0.005397654393828906,9.902115991375998,fear,False,-0.42,0.024820760513689845,0.35947488693900387
2025-12-12,92513.38,92754.0,89480.0,90268.42,16679.19169,4956719,1521683425.5648005,29,Fear,293.6974965154904,0.025060368570406125,0.3726744138611297,-0.024565606595954068,9.721917214906387,fear,False,-0.42,0.025060368570406125,0.3726744138611297
2025-12-13,90268.43,90634.55,89766.39,90240.01,5895.70788,1363754,532250544.5904015,23,Extreme Fear,30.57883399136024,0.02451043527022275,0.3642488646370712,-0.0003147775451217187,8.681979887187211,extreme_fear,True,-0.54,0.02451043527022275,0.3642488646370712
2025-12-14,90240.0,90472.4,87577.36,88172.17,9416.94004,3115749,839079130.8378651,21,Extreme Fear,0.0,0.024140199907614655,0.37020156082172545,-0.023181518223391553,9.150265478281552,extreme_fear,True,-0.58,0.024140199907614655,0.37020156082172545
2025-12-15,88172.16,90052.64,85146.64,86432.08,19778.6919,6747167,1732823429.5017288,16,Extreme Fear,99.11999415548851,0.025013421758522968,0.3751743190703279,-0.019932477149059748,9.892360470532829,extreme_fear,True,-0.68,0.025013421758522968,0.3751743190703279
2025-12-16,86432.08,88175.98,85266.0,87863.42,18456.05017,6099692,1604673428.6527836,11,Extreme Fear,224.09514976427138,0.02454363005190781,0.3571703260547093,0.016424660160555687,9.823147518207069,extreme_fear,True,-0.78,0.02454363005190781,0.3571703260547093
2025-12-17,87863.43,90365.85,85314.0,86243.22,19834.11729,6058638,1733348496.6703594,16,Extreme Fear,205.44275178774618,0.025583969002524833,0.35971849683701734,-0.018612119227458226,9.895158829311322,extreme_fear,True,-0.68,0.025583969002524833,0.35971849683701734
2025-12-18,86243.23,89477.61,84450.01,85516.41,25405.41763,6946947,2204223872.6696463,17,Extreme Fear,334.65098098569115,0.02639395379311854,0.36020990976715017,-0.00846315677488792,10.142717722782697,extreme_fear,True,-0.66,0.02639395379311854,0.36020990976715017
2025-12-19,85516.41,89399.97,85110.24,88136.94,21256.65004,6482253,1863236625.932864,16,Extreme Fear,436.42242420551975,0.02716628323140311,0.37907356525716235,0.030183453965176642,9.96442506845492,extreme_fear,True,-0.68,0.02716628323140311,0.37907356525716235
2025-12-20,88136.95,88573.07,87795.76,88360.9,5123.13194,1174426,451919022.7277595,20,Extreme Fear,18.922646183310974,0.027081480870308518,0.37910754257737,0.0025378227881089903,8.54152123804832,extreme_fear,True,-0.6,0.027081480870308518,0.37910754257737
2025-12-21,88360.91,89081.77,87600.04,88658.86,7132.87258,2030666,629720971.7866651,20,Extreme Fear,52.511455134409644,0.025200449210405696,0.33983503043137364,0.003366407020219751,8.872469318666921,extreme_fear,True,-0.6,0.025200449210405696,0.33983503043137364
2025-12-22,88658.87,90588.23,87900.0,88620.79,14673.2197,4847747,1310235631.747926,25,Extreme Fear,22.609864187076415,0.023800592489447537,0.271012089622454,-0.00042949092673883664,9.593779322175179,extreme_fear,True,-0.5,0.023800592489447537,0.271012089622454
2025-12-23,88620.79,88940.0,86601.9,87486.0,13910.32904,4465080,1219899607.2677548,24,Extreme Fear,0.0,0.023627342567247866,0.2572182612312769,-0.012887699635666881,9.54038693956223,extreme_fear,True,-0.52,0.023627342567247866,0.2572182612312769
2025-12-24,87486.0,88049.89,86420.0,87669.45,9140.8432,2877239,797460526.4738462,24,Extreme Fear,91.65538861624576,0.023303955632610833,0.2543047026890739,0.002094711492890748,9.120507914022394,extreme_fear,True,-0.52,0.023303955632610833,0.2543047026890739
2025-12-25,87669.44,88592.74,86934.72,87225.27,7096.58235,1992172,622970453.6497647,23,Extreme Fear,42.01904177717892,0.022405975116042868,0.23250063059205514,-0.005079409544226788,8.867368587983968,extreme_fear,True,-0.54,0.022405975116042868,0.23250063059205514
2025-12-26,87225.27,89567.75,86655.08,87369.56,18344.61505,4509482,1616722115.636646,20,Extreme Fear,121.12989542454933,0.022747466160915504,0.23272039988551294,0.00165285573288968,9.817091352649893,extreme_fear,True,-0.6,0.022747466160915504,0.23272039988551294
2025-12-27,87369.56,87984.0,87253.05,87877.01,4469.55156,957536,391274205.274436,23,Extreme Fear,25.01963770907773,0.021957405342625365,0.22839437515042146,0.00579128502519536,8.40504336042736,extreme_fear,True,-0.54,0.021957405342625365,0.22839437515042146
2025-12-28,87877.0,88088.75,87435.0,87952.71,4446.29285,1241426,390327299.1502763,24,Extreme Fear,39.880563463563206,0.02162230605694166,0.22806257172231767,0.0008610604018155715,8.399825960551059,extreme_fear,True,-0.52,0.02162230605694166,0.22806257172231767
2025-12-29,87952.71,90406.08,86806.5,87237.13,19894.98575,4793589,1762011993.0377953,24,Extreme Fear,16.349699276836873,0.021027138558706367,0.21087492010091838,-0.00816924063180667,9.898223006600405,extreme_fear,True,-0.52,0.021027138558706367,0.21087492010091838
2025-12-30,87237.13,89400.0,86845.66,88485.49,13105.91001,3542176,1155016404.4786754,23,Extreme Fear,224.05431334752203,0.02096682999588631,0.21880282494251455,0.014208540730604829,9.4808185532551,extreme_fear,True,-0.54,0.02096682999588631,0.21880282494251455
2025-12-31,88485.5,89200.0,87250.0,87648.22,11558.62047,2897396,1019746835.2795268,21,Extreme Fear,180.2308258437298,0.020213877060754667,0.218555433347237,-0.009507280651887915,9.35518679860001,extreme_fear,True,-0.58,0.020213877060754667,0.218555433347237
2026-01-01,87648.21,88919.45,87550.43,88839.04,6279.57133,1449281,552991635.2911001,20,Extreme Fear,118.34876988164093,0.019739658006247666,0.20962906353594393,0.013494889906895059,8.745056997578315,extreme_fear,True,-0.6,0.019739658006247666,0.20962906353594393
2026-01-02,88839.05,90961.81,88379.88,89995.13,17396.97301,5010211,1558958860.8870876,28,Fear,0.0,0.0200732804043363,0.21523073028832035,0.012929364730521834,9.764051505126435,fear,False,-0.44,0.0200732804043363,0.21523073028832035
2026-01-03,89995.14,90741.16,89314.01,90628.01,7057.46716,1684214,635514773.6093655,29,Fear,98.38566842129912,0.019707723012401333,0.19837494506297812,0.00700776866128145,8.86184150691101,fear,False,-0.42,0.019707723012401333,0.19837494506297812
2026-01-04,90628.01,91810.0,90628.0,91529.73,10426.5297,2207037,952160980.5212084,25,Extreme Fear,0.0,0.018298345886914487,0.18359180246836831,0.009900511123453195,9.2521087697156,extreme_fear,True,-0.5,0.018298345886914487,0.18359180246836831
2026-01-05,91529.74,94789.08,91514.81,93859.71,20673.59584,5485489,1927455243.548076,26,Fear,0.0,0.01835225790155491,0.1944125477505057,0.025137383113592964,9.93661260174512,fear,False,-0.48,0.01835225790155491,0.1944125477505057
2026-01-06,93859.71,94444.44,91262.94,93747.97,18546.41829,5018686,1728045542.298375,44,Fear,269.9449734224281,0.01727134211748006,0.17746525117571715,-0.0011912093706725466,9.828031965295413,fear,False,-0.12,0.01727134211748006,0.17746525117571715
2026-01-07,93747.97,93747.97,90675.52,91364.16,14276.49025,4340252,1311906952.9749737,42,Fear,170.7621437812066,0.016062887007151767,0.20262853421268567,-0.025756732261084898,9.566369424872196,fear,False,-0.16,0.016062887007151767,0.20262853421268567
2026-01-08,91364.16,91687.99,89311.0,91099.99,16132.79117,4923472,1460622501.2073882,28,Fear,0.0,0.015061652696843075,0.17681233202656918,-0.0028955845252425483,9.688609198306658,fear,False,-0.44,0.015061652696843075,0.17681233202656918
2026-01-09,91100.0,92082.55,89694.66,90641.28,15590.27939,4155703,1416907180.1870482,27,Fear,159.1240657162429,0.015424055227538598,0.17835265369532352,-0.005047956075853812,9.654402882994512,fear,False,-0.46,0.015424055227538598,0.17835265369532352
2026-01-10,90641.27,90832.0,90404.0,90504.7,3104.11722,766357,281321375.4802981,25,Extreme Fear,10.16738430881289,0.015271874081645985,0.17843344103720246,-0.0015079553615388974,8.040484644765318,extreme_fear,True,-0.5,0.015271874081645985,0.17843344103720246
2026-01-11,90504.7,91283.89,90236.0,91013.65,5477.13594,1282029,497245863.9319499,29,Fear,22.420998527903432,0.014807729576900457,0.17906412001478464,0.005607712208944919,8.608337604632727,fear,False,-0.42,0.014807729576900457,0.17906412001478464
2026-01-12,91013.66,92519.95,90128.44,91296.2,16188.08268,4099509,1479964862.2693064,27,Fear,58.718246150600194,0.014793191836253326,0.17103809178388468,0.003099670437196053,9.69203061346974,fear,False,-0.46,0.014793191836253326,0.17103809178388468
2026-01-13,91296.2,96495.0,91042.66,95414.0,23021.51482,5025071,2149770801.117704,26,Fear,0.0,0.016539335017033426,0.2268525934254172,0.04411615250637421,10.044184484628662,fear,False,-0.48,0.016539335017033426,0.2268525934254172
2026-01-14,95413.99,97924.49,94559.28,96951.78,22851.89428,5346212,2201535821.648615,48,Neutral,0.0,0.017004882533703452,0.22770732109122,0.01598842328794414,10.036789293542736,neutral,False,-0.04,0.017004882533703452,0.22770732109122
2026-01-15,96951.78,97193.34,95134.48,95604.8,21725.81369,4493095,2093008182.8437335,61,Greed,145.6696258206389,0.016665030168136613,0.23757469801456882,-0.01399071349755265,9.98625640351736,greed,False,0.22,0.016665030168136613,0.23757469801456882
2026-01-16,95604.81,95871.47,94293.46,95550.94,11167.7146,2971559,1064019408.0772514,49,Neutral,0.0,0.01677603877713711,0.23818803442077416,-0.0005635195827788953,9.320782269518022,neutral,False,-0.02,0.01677603877713711,0.23818803442077416
2026-01-17,95550.94,95639.45,95021.67,95147.77,4280.80137,1020527,408161941.6719079,50,Neutral,29.461336275664475,0.016768784266557563,0.23980991024131182,-0.004228351630570454,8.361895507030683,neutral,False,0.0,0.016768784266557563,0.23980991024131182
2026-01-18,95147.77,95531.12,93615.4,93673.14,6895.17819,1488785,654773743.2677118,49,Neutral,0.0,0.01608795547382768,0.24617010719046148,-0.015619668190674642,8.838577633258225,neutral,False,-0.02,0.01608795547382768,0.24617010719046148
2026-01-19,93673.14,93673.14,91910.2,92631.0,14295.52747,3359066,1326770336.049047,44,Fear,0.0,0.01581702124187794,0.2480969425885077,-0.011187629751686884,9.56770200299137,fear,False,-0.12,0.01581702124187794,0.2480969425885077
2026-01-20,92630.99,92870.0,87895.98,88427.66,22007.3261,6064031,1989676668.5941782,32,Fear,0.0,0.017204997312133284,0.3004905504036659,-0.046439042216747994,9.9991306814522,fear,False,-0.36,0.017204997312133284,0.3004905504036659
2026-01-21,88427.66,90574.0,87263.53,89454.73,20617.50372,6419053,1837708115.3597033,24,Extreme Fear,101.13099646881129,0.017795296494084425,0.2994465312429541,0.011547870630407164,9.933895689136742,extreme_fear,True,-0.52,0.017795296494084425,0.2994465312429541
2026-01-22,89454.73,90359.99,88515.37,89559.67,10825.50492,3743412,969910623.3559886,20,Extreme Fear,128.6974962811541,0.017589517470583745,0.29577914855697635,0.0011724197832196023,9.289660195662806,extreme_fear,True,-0.6,0.017589517470583745,0.29577914855697635
2026-01-23,89559.68,91224.99,88578.36,89600.26,13918.48919,4619907,1248772265.678843,24,Extreme Fear,139.8882752390122,0.017902249207903804,0.29456074177568026,0.0004531147192842445,9.54097339279689,extreme_fear,True,-0.52,0.017902249207903804,0.29456074177568026
2026-01-24,89600.26,89957.39,89162.08,89225.34,4226.56737,959854,378464146.0918812,25,Extreme Fear,31.628933795827155,0.01785734064446016,0.2921545099968815,-0.004193141802223088,8.349145446144936,extreme_fear,True,-0.5,0.01785734064446016,0.2921545099968815
2026-01-25,89225.34,89319.13,86074.72,86670.36,14426.22019,3720178,1264233689.841581,25,Extreme Fear,0.0,0.017924489073163356,0.29049701973926656,-0.029053123136142035,9.576802676360415,extreme_fear,True,-0.5,0.017924489073163356,0.29049701973926656
2026-01-26,86670.36,88860.0,86509.63,88347.08,17766.51453,4798083,1560135758.989215,20,Extreme Fear,209.78906510343924,0.01769379568228488,0.3018537703827388,0.019161191027651143,9.785070758409763,extreme_fear,True,-0.6,0.01769379568228488,0.3018537703827388
2026-01-27,88347.08,89523.16,87304.33,89250.0,13125.40425,3787336,1160026853.5895033,29,Fear,59.86500040531613,0.017447201736139714,0.29267648755224973,0.010168272808073633,9.482304886985514,fear,False,-0.42,0.017447201736139714,0.29267648755224973
2026-01-28,89249.99,90600.0,88833.65,89299.99,14332.18502,4385791,1283919840.851472,29,Fear,0.0,0.017290266608148346,0.29266339440438077,0.0005599552406158251,9.5702629879145,fear,False,-0.42,0.017290266608148346,0.29266339440438077
2026-01-29,89300.0,89348.0,87704.0,88239.47,3333.22083,962221,294609790.3012071,26,Fear,0.0,0.01710917201840451,0.29494539338977,-0.01194700731948366,8.111694331738494,fear,False,-0.48,0.01710917201840451,0.29494539338977
