simulation,w_aleatoric,w_epistemic,w_volatility,w_residual,neutral_mean,extreme_greed_mean,extreme_fear_mean,greed_gap,fear_gap,premium_preserved,greed_above_neutral,fear_above_neutral
0,0.08219682916029292,0.5272517827092505,0.2306407001278181,0.1599106880026384,0.29787801583011686,0.5505669277662754,0.41211507310636136,0.2526889119361585,0.1142370572762445,True,True,True
1,0.07037527205491467,0.07036341516702593,0.024826368968115412,0.8344349438099441,0.31725964238819343,0.5777527377736037,0.43110642408204924,0.26049309538541027,0.11384678169385581,True,True,True
2,0.16196167822975657,0.21697225381556048,0.0036652771640306166,0.6174007907906524,0.28940638529390217,0.538313717657649,0.406139793747355,0.24890733236374685,0.11673340845345281,True,True,True
3,0.7356382667929998,0.09828977112265071,0.08263810012252165,0.08343386196182791,0.33179259489102914,0.5879375101136476,0.43468220541943864,0.25614491522261845,0.1028896105284095,True,True,True
4,0.17989795783050352,0.36893100380853605,0.2804629012155211,0.17070813714543925,0.3222206254733317,0.5848801019939035,0.43448105073900056,0.2626594765205718,0.11226042526566887,True,True,True
5,0.4985102216039646,0.07913752448848342,0.18200371461787174,0.24034853928968042,0.3301167245281586,0.5843440241166258,0.43067142079756293,0.2542272995884672,0.10055469626940433,True,True,True
6,0.19696197863740605,0.4974505900050203,0.07204466586156737,0.23354276549600633,0.28297367667612106,0.5288699359901519,0.3988911946734384,0.2458962593140308,0.11591751799731737,True,True,True
7,0.4341302370059204,0.023007015871214526,0.45242808900381737,0.09043465811904772,0.3204018847366754,0.5638266898549271,0.4131622193063535,0.2434248051182517,0.09276033456967808,True,True,True
8,0.008341350600344216,0.3687648363297955,0.417989389901647,0.2049044231682131,0.3261753831313503,0.5905591770112012,0.4371946459151969,0.2643837938798509,0.1110192627838466,True,True,True
9,0.16521294270623432,0.04674018739979339,0.5242381228890093,0.2638087470049631,0.3238227723141248,0.5709673423645685,0.41778840048239696,0.24714457005044366,0.09396562816827214,True,True,True
10,0.04005773604677384,0.21037944265854674,0.010770228172708993,0.7387925931219703,0.2704296720150269,0.4974613860742853,0.3841251380974956,0.22703171405925843,0.11369546608246872,True,True,True
11,0.12010156951316248,0.4356574996208367,0.1498158812794001,0.2944250495866007,0.2957167265383031,0.5474777166254411,0.4105050650594004,0.251760990087138,0.11478833852109727,True,True,True
12,0.13229696199958527,0.03417489571372565,0.5840165243893681,0.24951161789732104,0.32214948164852575,0.5674352859738688,0.414806701749513,0.24528580432534308,0.09265722010098726,True,True,True
13,0.32932393662290493,0.2644073427975417,0.10695968859383338,0.2993090319857201,0.3237286555103284,0.5868615919600104,0.43713664423039467,0.263132936449682,0.11340798872006624,True,True,True
14,0.12344116673380819,0.29061214001467295,0.06165961409793982,0.524287079153579,0.29160323229375024,0.541611489289365,0.4072570790223241,0.25000825699561474,0.11565384672857387,True,True,True
15,0.16325568925856923,0.10501343690842102,0.585361468964391,0.14636940486861852,0.329524497835361,0.5829617275227291,0.4271969385474044,0.25343722968736815,0.09767244071204345,True,True,True
16,0.11433259130378384,0.27123668565487036,0.05265845754241639,0.5617722654989293,0.2896659612991851,0.5387505092129959,0.40539015310808557,0.24908454791381085,0.11572419180890048,True,True,True
17,0.012674687213590207,0.7090459266224788,0.24203657718395596,0.036242808979975075,0.28221672148185223,0.5278181562963883,0.396925271889682,0.24560143481453606,0.11470855040782979,True,True,True
18,0.0013096422886920934,0.39967351818516017,0.2902175712682061,0.3087992682579417,0.31024891950425343,0.5680777531805232,0.42283961360128125,0.2578288336762698,0.11259069409702782,True,True,True
19,0.696123006778684,0.03630131799363806,0.20946370602664377,0.058111969201034216,0.3219586289073106,0.5671915959539984,0.417379367663941,0.2452329670466878,0.09542073875663043,True,True,True
20,0.5793547642649329,0.2844437190362849,0.11706923557693866,0.019132281121843467,0.33444220584930706,0.6019132749130472,0.4474211173428059,0.2674710690637402,0.11297891149349881,True,True,True
21,0.12060229394649903,0.12734518086139343,0.4234570546128816,0.328595470579226,0.33565904269201097,0.5962493085829941,0.43783061370884707,0.2605902658909831,0.1021715710168361,True,True,True
22,0.5198540157517059,0.15223773840160768,0.0303425328398762,0.29756571300681034,0.3426746887874082,0.613427112172361,0.4557830796896506,0.2707524233849528,0.1131083909022424,True,True,True
23,0.3244267718154773,0.18686557222132874,0.33429235633783894,0.15441529962535497,0.34036333674684777,0.6068928135130586,0.44749668074395305,0.2665294767662108,0.10713334399710528,True,True,True
24,0.514592039500328,0.38806942778040576,0.01791263834459357,0.07942589437467268,0.31139869941094456,0.5693765483245451,0.426730974949528,0.25797784891360054,0.11533227553858344,True,True,True
25,0.01498180833609185,0.4746567763627639,0.17705710487784962,0.3333043104232947,0.28650868857030043,0.5341527408548739,0.40113309054931356,0.24764405228457342,0.11462440197901314,True,True,True
26,0.5171003660327778,0.062266365704316054,0.11471832903826486,0.3059149392246414,0.32870790647848847,0.5814124459005647,0.4289335605008165,0.25270453942207627,0.10022565402232803,True,True,True
27,0.30285330122441945,0.0933770733767031,0.3988308844349349,0.20493874096394255,0.3299700732264594,0.5839461465097011,0.4287938866531768,0.25397607328324173,0.09882381342671742,True,True,True
28,0.3606852053321525,0.2242793748822094,0.13632855475603625,0.278706865029602,0.3338300801229237,0.6011124613706846,0.4463124082443706,0.26728238124776094,0.11248232812144687,True,True,True
29,0.3363309711486774,0.042661025258821546,0.4608758928122177,0.1601321107802833,0.322884931626227,0.5690343869899874,0.41697146090689063,0.24614945536376043,0.09408652928066363,True,True,True
30,0.3734709766727416,0.5133273383152318,0.08676903070102941,0.0264326543109973,0.30034870728412594,0.5538920713746458,0.4157723453316315,0.25354336409051986,0.11542363804750555,True,True,True
31,0.05760218303301645,0.12404090915568801,0.37939443452611366,0.43896247328518195,0.3377530159558376,0.6009091147019339,0.44130949300122124,0.26315609874609625,0.10355647704538362,True,True,True
32,0.004610084188499318,0.47239764656723204,0.3570182638922956,0.165974005351973,0.31186968810000876,0.5703643791742312,0.4243111468710049,0.25849469107422246,0.11244145877099615,True,True,True
33,0.03366127889617501,0.10859435359359572,0.7548247421373326,0.10291962537289658,0.32861440449837165,0.5810150422319165,0.425106378027289,0.2524006377335448,0.09649197352891736,True,True,True
34,0.12261768609471327,0.2035244579698434,0.07576711279349292,0.5980907431419505,0.3084356989011516,0.5653636195516832,0.4225670328447281,0.25692792065053166,0.1141313339435765,True,True,True
35,0.7107515984789031,0.06281563358475095,0.14891939742701635,0.07751337050932951,0.32584005452712345,0.5753816275588146,0.4242399315993782,0.24954157303169117,0.09839987707225473,True,True,True
36,0.16663785401592193,0.018681589156961914,0.46747720122892056,0.3472033555981955,0.3207093894032312,0.5644203294684619,0.4126953710912763,0.2437109400652307,0.09198598168804512,True,True,True
37,0.017372662296192797,0.1073650913188449,0.7852416408604241,0.09002060552453807,0.328253919265112,0.5802529819013805,0.42444329977628814,0.25199906263626853,0.09618938051117615,True,True,True
38,0.029258188165636616,0.1256586960146789,0.7932801994285618,0.05180291639112275,0.3296681401952176,0.5832314092748158,0.4268394077349513,0.25356326907959814,0.09717126753973371,True,True,True
39,0.27046356376062436,0.34776721966356805,0.06580765550867544,0.31596156106713214,0.30333178199765204,0.558097962016639,0.4185046583561231,0.25476618001898693,0.11517287635847107,True,True,True
40,0.141946552936767,0.3097295454418154,0.31076168840098695,0.23756221322043053,0.3289239554698022,0.5943614922344221,0.44035454748872777,0.26543753676461995,0.11143059201892558,True,True,True
41,0.03798054894764655,0.7239144916041121,0.15525095516630472,0.0828540042819365,0.2683174125554394,0.5072896594889693,0.38356557783485795,0.23897224693352992,0.11524816527941856,True,True,True
42,0.019976018500289225,0.42887910075728114,0.5431184636904927,0.008026417051937075,0.3300622155798445,0.5960427117088537,0.44072463021231956,0.2659804961290092,0.11066241463247506,True,True,True
43,0.32587232223293294,0.11662251164898597,0.47049868354507224,0.08700648257300882,0.3310095764177258,0.5861281597784457,0.43042266232958504,0.25511858336071985,0.09941308591185921,True,True,True
44,0.25685725486473876,0.10695899313592638,0.603821130228213,0.03236262177112191,0.32859266467048404,0.5810171714937021,0.42594636069144604,0.2524245068232181,0.097353696020962,True,True,True
45,0.07987828042892284,0.02306433542963882,0.4952394610211106,0.4018179231203278,0.3215250724014698,0.5661127030379974,0.41361074193101566,0.2445876306365276,0.09208566952954583,True,True,True
46,0.07675582573694521,0.2775518880232077,0.43725556691403694,0.20843671932581015,0.3386851286158688,0.6081851645019571,0.44875607772618437,0.26950003588608834,0.11007094911031556,True,True,True
47,0.22158581676737366,0.08133859340230393,0.028709157858484838,0.6683664319718374,0.3397444761556818,0.6093461464726935,0.4526554087058114,0.26960167031701165,0.11291093255012957,True,True,True
48,0.5554399107987011,0.24142928062795158,0.09969676866522209,0.10343403990812529,0.3370766341574985,0.6056141700944025,0.4499523818445074,0.26853753593690405,0.11287574768700892,True,True,True
49,0.17822105612659664,0.31309606420159597,0.3002967411435061,0.20838613852830118,0.32929519079758124,0.5948665054830042,0.44085659330009147,0.265571314685423,0.11156140250251023,True,True,True
50,0.28698016774270335,0.024552632893707554,0.04924794769361491,0.6392192516699742,0.32594043527554767,0.5756041095965784,0.42461266756035027,0.2496636743210307,0.0986722322848026,True,True,True
51,0.4361743156393905,0.0043218282191188045,0.0500478318505189,0.5094560242909719,0.31823737055656737,0.559415910596682,0.4121997026371441,0.2411785400401147,0.09396233208057675,True,True,True
52,0.0023564730532635273,0.08141336511685547,0.36950710272427467,0.5467230591056063,0.3336613981070494,0.5918048333752549,0.43359525184580133,0.2581434352682055,0.09993385373875191,True,True,True
53,0.37352398815515475,0.08987363945224427,0.4407570107303694,0.09584536166223169,0.32808509610219067,0.5799863518620055,0.4257844786858983,0.25190125575981487,0.09769938258370764,True,True,True
54,0.08363248975617703,0.29157393381842023,0.2228246613652748,0.4019689150601281,0.31853747191847265,0.5797173849309398,0.43084132134218,0.2611799130124672,0.11230384942370736,True,True,True
55,0.4341731528483874,0.3402875190248488,0.03984275614541099,0.1856965719813529,0.3134658024076301,0.5723170633666587,0.42839474251994,0.25885126095902855,0.11492894011230986,True,True,True
56,0.0655721658777654,0.059516288131452016,0.7686488769833952,0.10626266900738733,0.3238381819197899,0.5709697890054625,0.4172653960944913,0.24713160708567256,0.0934272141747014,True,True,True
57,0.4043219494285624,0.18114743113085052,0.287672700337919,0.12685791910266817,0.34005010987306133,0.6061260593276392,0.4472868283144686,0.26607594945457785,0.10723671844140725,True,True,True
58,0.2831857937962162,0.22331191794153932,0.07151281804627799,0.42198947021596656,0.3213359766718112,0.5834676878826799,0.4351249478013987,0.2621317112108687,0.11378897112958752,True,True,True
59,0.2077915369360073,0.015520168945666105,0.6537868146926374,0.12290147942568908,0.3197699296264228,0.5624389044053841,0.41105111255008664,0.24266897477896132,0.09128118292366383,True,True,True
60,0.31968966177722585,0.34875430303904853,0.2791688868031608,0.05238714838056487,0.3299264435845562,0.5956982002584005,0.44194835733339594,0.2657717566738443,0.11202191374883974,True,True,True
61,0.0023563145693762826,0.3986644792227075,0.08454822760886374,0.5144309785990524,0.264243788478178,0.5012843748187891,0.3794400580334864,0.2370405863406111,0.11519626955530843,True,True,True
62,0.5462630096494583,0.31607761398335343,0.057495073480012066,0.08016430288717606,0.32476024406626147,0.5882295120402933,0.4388435601323324,0.2634692679740318,0.11408331606607092,True,True,True
63,0.5797674896019407,0.11601464886330727,0.05652969459006137,0.24768816694469073,0.33791671418611763,0.6012693780833372,0.445393930174113,0.2633526638972196,0.10747721598799537,True,True,True
64,0.5628139934887572,0.24359935329842738,0.17267450385186323,0.02091214936095211,0.3417318720420242,0.6122254261824189,0.45379577602334803,0.2704935541403947,0.11206390398132382,True,True,True
65,0.14806922995204894,0.7152032942528656,0.023411184873093526,0.1133162909219921,0.2715573212403529,0.4969148296795569,0.3849411955059616,0.225357508439204,0.1133838742656087,True,True,True
66,0.35842987073318766,0.23057781826668375,0.2039408082942028,0.20705150270592593,0.33840211667085623,0.6076026100209639,0.45011306192924244,0.2692004933501077,0.11171094525838621,True,True,True
67,0.10834597665004281,0.08452884570532218,0.40308180996069004,0.404043367683945,0.3314432715617699,0.5869983776890172,0.4303675131535276,0.2555551061272473,0.09892424159175772,True,True,True
68,0.34349000188381174,0.41611592042712603,0.121891454956428,0.1185026227326344,0.31044917237865705,0.5681553558539245,0.4248259877887159,0.25770618347526747,0.11437681541005884,True,True,True
69,0.29376095219053094,0.19261469003403178,0.22212594160820073,0.2914984161672365,0.34215367313502065,0.6129248062848007,0.45326033156924284,0.2707711331497801,0.11110665843422218,True,True,True
70,0.6920727049739495,0.1293275853407703,0.14765506765951839,0.030944642025762133,0.33470470540023417,0.5941226590602099,0.4390163409016196,0.2594179536599757,0.10431163550138545,True,True,True
71,0.3739471926259224,0.01585334681437651,0.2713853399773298,0.3388141205823714,0.32025643260427505,0.5635459653683361,0.4133843548657642,0.24328953276406107,0.09312792226148914,True,True,True
72,0.259655622116534,0.687250116273569,0.02382144149042705,0.02927282011947008,0.26759789316557636,0.5061628953298235,0.38407257842502607,0.23856500216424714,0.1164746852594497,True,True,True
73,0.5669114117213868,0.14639832655572962,0.044546787654821875,0.2421434740680618,0.34164144086748677,0.6101189735298702,0.45274910800346363,0.26847753266238344,0.11110766713597686,True,True,True
74,0.5291839781642185,0.08754079713768616,0.351152533325712,0.03212269137238341,0.3276858126414157,0.579185646317379,0.42584375476741726,0.2514998336759633,0.09815794212600154,True,True,True
75,0.020382825907357828,0.2911202877407542,0.29880306165398085,0.3896938246979072,0.3236850593518726,0.5870336526759521,0.4350402256572763,0.2633485933240795,0.11135516630540371,True,True,True
76,0.21108342034003522,0.6069537341409165,0.11838817180998548,0.06357467370906295,0.2856540760058037,0.5328371792110307,0.40130957222896724,0.24718310320522696,0.11565549622316351,True,True,True
77,0.6191073194208978,0.12332195838482679,0.22566952019735786,0.03190120199691742,0.3332489589807016,0.5909348454284781,0.43587152889087954,0.25768588644777646,0.10262256991017793,True,True,True
78,0.0040684053086997496,0.5208582173483355,0.28642586297596023,0.18864751436700447,0.30018589004523355,0.5538693734398459,0.4138015594029434,0.25368348339461233,0.11361566935770984,True,True,True
79,0.4478096047433296,0.16206053388361694,0.14487078984710314,0.24525907152595042,0.34181082921812955,0.6105117406758681,0.45187560406841365,0.26870091145773856,0.1100647748502841,True,True,True
80,0.2303900202025801,0.36254738098819983,0.3121030160174884,0.09495958279173171,0.32763448907712867,0.5925061543011169,0.4395019116879348,0.2648716652239882,0.11186742261080612,True,True,True
81,0.5003896658147928,0.216271171075445,0.13054121043516115,0.15279795267460117,0.3402611839187447,0.6101358958779504,0.45258944498141795,0.26987471195920565,0.11232826106267324,True,True,True
82,0.2024782651426945,0.10594432532110988,0.16376304516320142,0.5278143643729942,0.3409805413723993,0.608429005431838,0.4490524638836873,0.2674484640594387,0.108071922511288,True,True,True
83,0.06399384018600142,0.544595232964631,0.20787235898794743,0.1835385678614201,0.29202219432812465,0.5422795364605253,0.4067382403248696,0.25025734213240064,0.11471604599674495,True,True,True
84,0.4964350910162169,0.31216191282596617,0.1649779382439921,0.0264250579138248,0.3319153714603866,0.5984006429269009,0.44466640784892736,0.2664852714665143,0.11275103638854078,True,True,True
85,0.3257090638355767,0.3088257780667676,0.0915691008732277,0.27389605722442817,0.3161450323422208,0.5761625691224416,0.4302498324149261,0.26001753678022077,0.11410480007270529,True,True,True
86,0.20175803530259778,0.3797216900315961,0.4001191382178347,0.018401136447971568,0.33111506524855505,0.5974462030088571,0.44240175121633546,0.26633113776030204,0.11128668596778041,True,True,True
87,0.11467135193271918,0.2401791947585219,0.17087430937182752,0.4742751439369316,0.3203366327465864,0.5822189622411106,0.4327982673722244,0.26188232949452417,0.11246163462563796,True,True,True
88,0.4565803767526968,0.07554049875739274,0.031083208122497985,0.4367959163674125,0.335817727139409,0.5965984711768665,0.4418530648123791,0.2607807440374575,0.10603533767297013,True,True,True
89,0.005863723531399844,0.19233925273712515,0.6148186546000428,0.1869783691314323,0.33823698701224575,0.6019864115764275,0.4418330254306582,0.26374942456418177,0.10359603841841247,True,True,True
90,0.1680293434276808,0.3525523437308238,0.20963656575297532,0.26978174708852,0.3157713439237311,0.5757656317683507,0.42876334638592467,0.25999428784461964,0.1129920024621936,True,True,True
91,0.3177225170373638,0.05462248663781029,0.36372917460505877,0.2639258217197669,0.3253806038928297,0.5742972181918637,0.42132444303215477,0.24891661429903406,0.09594383913932508,True,True,True
92,0.5258169732800568,0.17346745100242705,0.25633796627595345,0.04437760944156271,0.3384420797453891,0.602440092725565,0.444752881761619,0.2639980129801759,0.10631080201622989,True,True,True
93,0.05814769653050295,0.6733977077080716,0.043285975425039105,0.2251686203363864,0.2749711977670778,0.4945003689577972,0.3865858234231738,0.2195291711907194,0.11161462565609603,True,True,True
94,0.47749820375355456,0.0060335361463379695,0.4316335127948484,0.08483474730525908,0.3185403395446042,0.5599191998213676,0.41024659951549947,0.24137886027676342,0.09170625997089527,True,True,True
95,0.028516573622592266,0.2705739294261505,0.2248213174075342,0.4760881795437231,0.31737631904599506,0.5781173993067406,0.4294506740028272,0.2607410802607455,0.11207435495683216,True,True,True
96,0.38147908002886577,0.4672648224790471,0.09515738011228055,0.05609871737980646,0.3054097876509448,0.5610274476012435,0.4204109067695305,0.25561765995029867,0.11500111911858574,True,True,True
97,0.16890634644770525,0.19997558012062375,0.566404362669528,0.06471371076214298,0.3378139852276769,0.6010444575502164,0.44172804059800264,0.2632304723225395,0.10391405537032572,True,True,True
98,0.09212623012788604,0.29662054193088594,0.08252037497561737,0.5287328529656107,0.2920413092183653,0.5422737779071259,0.4073314799231348,0.25023246868876065,0.11529017070476949,True,True,True
99,0.3681698369186981,0.10553606550620795,0.26174880452362326,0.26454529305147073,0.3339075275156252,0.5923502702168613,0.43617079510579704,0.2584427427012361,0.10226326759017185,True,True,True
100,0.022246591918159024,0.47593864169076205,0.1438391239161938,0.3579756424748852,0.27945080794319266,0.5237292296463428,0.3943383480390829,0.24427842170315017,0.11488754009589025,True,True,True
101,0.12251748627838888,0.7174382156789791,0.1565832486694181,0.0034610493732137723,0.27733595455529375,0.5205839772641091,0.392712139824475,0.24324802270881535,0.11537618526918125,True,True,True
102,0.4040792923910378,0.016404689456603297,0.06591886296552023,0.5135971551868387,0.3214357053815387,0.5661285378361012,0.4171932979936803,0.24469283245456247,0.09575759261214162,True,True,True
103,0.55149319539785,0.1562096379110586,0.18320406729734226,0.10909309939374916,0.33857292789840016,0.602730772826101,0.4454459910535413,0.26415784492770084,0.10687306315514117,True,True,True
104,0.10652482245240781,0.12232247747845064,0.3426754047125317,0.4284772953566099,0.33788822014676795,0.601209618963698,0.4418861219980782,0.26332139881693,0.10399790185131025,True,True,True
105,0.40161605213032825,0.39921782609078305,0.024492695559509163,0.17467342621937973,0.3029427322893129,0.5574844012777613,0.4187210012120424,0.25454166898844843,0.11577826892272952,True,True,True
106,0.016349438522891554,0.21993369517155054,0.16066426263938235,0.6030526036661756,0.31230105938979597,0.5709576900927742,0.4248373559392,0.25865663070297823,0.11253629654940406,True,True,True
107,0.20154094598759664,0.05806001636016455,0.07195722746275254,0.6684418101894863,0.3384050806637403,0.6023573664889466,0.4450617783614752,0.26395228582520625,0.10665669769773489,True,True,True
108,0.40722087528500744,0.04508571714410634,0.03715483581099243,0.5105385717598937,0.3296844445550026,0.5835099491395545,0.43133582788912106,0.25382550458455183,0.10165138333411844,True,True,True
109,0.02428681424959514,0.5546186260662855,0.3938170942641443,0.027277465419975,0.31052286498630627,0.5684543785675116,0.42317520462454633,0.2579315135812053,0.11265233963824006,True,True,True
110,0.016614276644114277,0.8087433091576116,0.08786302834755141,0.08677938585072267,0.27365686064735106,0.4949320440183263,0.3854114240082273,0.22127518337097524,0.11175456336087625,True,True,True
111,0.16289209710007546,0.28602434164608875,0.41499149349270403,0.13609206776113192,0.3391654317471729,0.6088225273641078,0.44954671333322654,0.2696570956169349,0.11038128158605365,True,True,True
112,0.16402045203750915,0.030298648307669894,0.5216600115291337,0.2840208881256873,0.32190800707148143,0.5669378488034217,0.4146010936216146,0.24502984173194026,0.0926930865501332,True,True,True
113,0.14852951356259347,0.6371958018733748,0.03171673790236402,0.18255794666166783,0.26823953881880463,0.49884501491666294,0.3828903155884876,0.2306054760978583,0.11465077676968294,True,True,True
114,0.013786997213989998,0.7635153171238597,0.06997032657803484,0.15272735908411547,0.27583402417870456,0.493712876110661,0.3868088014327644,0.21787885193195644,0.11097477725405985,True,True,True
115,0.03657078585748687,0.3064188891822131,0.40090655234648354,0.25610377261381667,0.33196289895275943,0.5987141592135934,0.44253916018582656,0.26675126026083396,0.11057626123306713,True,True,True
116,0.5359179087596925,0.07688363692313795,0.05506419959352451,0.33213425472364516,0.3330524509540645,0.5905918728635055,0.43683573775845685,0.25753942190944096,0.10378328680439236,True,True,True
117,0.035793030380604794,0.4671201366250995,0.0017295218933768139,0.4953573111009189,0.2832858432027454,0.48985968579692557,0.3919391325382293,0.20657384259418016,0.1086532893354839,True,True,True
118,0.005536458651812572,0.27830010360530405,0.0941348901503402,0.6220285475925432,0.28198521247998815,0.527475989491971,0.3967072597511674,0.2454907770119829,0.11472204727117924,True,True,True
119,0.01500871669369532,0.15801542997238074,0.6820121987905704,0.14496365454335355,0.3341327462720688,0.592853632324225,0.43448433729260394,0.25872088605215626,0.10035159102053515,True,True,True
120,0.26285518144682873,0.31509449093867836,0.1605070324332996,0.2615432951811933,0.31987541248927903,0.5814908796004458,0.43306093800726053,0.26161546711116673,0.1131855255179815,True,True,True
121,0.24599896546409572,0.648532803493336,0.013034215519217648,0.09243401552335065,0.26556069326439474,0.5031536279533966,0.38212265873404233,0.23759293468900183,0.11656196546964759,True,True,True
122,0.44242905521998377,0.32544144107306433,0.08957215856212344,0.1425573451448285,0.32145543457555953,0.5836180865045069,0.4353931148696397,0.26216265192894733,0.11393768029408019,True,True,True
123,0.2040290889812875,0.130883318221094,0.3912972576734442,0.27379033512417433,0.3356294258211688,0.5961829540327211,0.4382051114499666,0.26055352821155237,0.10257568562879782,True,True,True
124,0.09838811180754155,0.009086274416530307,0.41151622982636044,0.4810093839495677,0.31977325426892306,0.5624363311747301,0.41088152488052443,0.24266307690580707,0.09110827061160137,True,True,True
125,0.2981816435937159,0.19119608950573522,0.09219771174185235,0.41842455515869664,0.3304595842107412,0.5963419188969945,0.4433874486110491,0.26588233468625333,0.11292786440030794,True,True,True
126,0.21067872968208048,0.032391029847592526,0.4413684005573974,0.3155618399129296,0.322435540721138,0.5680656998500999,0.41580298421262246,0.2456301591289619,0.09336744349148446,True,True,True
127,0.51783036013617,0.22390573967656122,0.16450236263022477,0.09376153755704399,0.34209682788601775,0.6127435456798782,0.4540986882093949,0.27064671779386046,0.11200186032337717,True,True,True
128,0.5643642989998147,0.4203727186314445,0.0096756639219978,0.005587318446743306,0.3106985938023959,0.5683805696703238,0.4261679833332265,0.2576819758679279,0.11546938953083058,True,True,True
129,0.07088817050775241,0.249673975499071,0.6549740015640091,0.024463852429167543,0.3403036339761476,0.60671292425553,0.44593475482141737,0.2664092902793824,0.10563112084526977,True,True,True
130,0.13396943981629,0.07123555953622768,0.5205470903800593,0.274247910267423,0.3270064015313468,0.5776600490413925,0.4229592953936376,0.25065364751004565,0.09595289386229078,True,True,True
131,0.5505389556021062,0.19107195142258168,0.16189200835131423,0.09649708462399788,0.3417104852182871,0.6102654365206664,0.4517781508574541,0.26855495130237933,0.11006766563916698,True,True,True
132,0.004873342167181399,0.16800398322542234,0.140767209804165,0.6863554648032313,0.31600187379035927,0.5761939207807838,0.42806516427740415,0.26019204699042453,0.11206329048704489,True,True,True
133,0.5240530048944883,0.07459769044044062,0.13483811709375454,0.2665111875713167,0.33020289694171245,0.5845488656683526,0.43124485843406235,0.25434596872664017,0.1010419614923499,True,True,True
134,0.649774027887637,0.0974443769573737,0.20535563995359768,0.04742595520139156,0.33004503400018526,0.5842031491309675,0.4307349505259202,0.25415811513078224,0.10068991652573495,True,True,True
135,0.5719470926787469,0.17302885155971634,0.048204158624850404,0.20681989713668641,0.34295271600432603,0.6138366154209903,0.4558835597476574,0.2708838994166643,0.11293084374333134,True,True,True
136,0.36463804368813896,0.16795776006817956,0.04565752497255785,0.42174667127112353,0.3330193568087498,0.5998719260024009,0.4464282795739623,0.26685256919365113,0.11340892276521253,True,True,True
137,0.1511389374607412,0.30445588913480076,0.15107709939499742,0.39332807400946074,0.31183071336910173,0.5701903074223496,0.42532444567306504,0.2583595940532478,0.11349373230396331,True,True,True
138,0.18954003789414198,0.1943473912788753,0.4941258389612156,0.1219867318657672,0.33886350149236644,0.603379670919475,0.4437741186475515,0.26451616942710854,0.10491061715518507,True,True,True
139,0.056458766538065454,0.011459468461423426,0.5521013069512138,0.37998045804929725,0.3198874168586873,0.5626581113965049,0.41073361702040184,0.24277069453781758,0.09084620016171452,True,True,True
140,0.7523833232236143,0.14797323603813373,0.09059043908814193,0.009053001650109874,0.3371373866113442,0.5995353613483294,0.4438588735191703,0.26239797473698523,0.10672148690782612,True,True,True
141,0.1801409494726718,0.37197569612353654,0.2078053592033281,0.24007799520046358,0.31439791631548086,0.573822351651677,0.42756578023697145,0.2594244353361962,0.11316786392149059,True,True,True
142,0.46662682398076205,0.08518504156474174,0.14357104450034586,0.3046170899541503,0.3328442378099466,0.5900948669313895,0.43541248205863886,0.25725062912144286,0.10256824424869226,True,True,True
143,0.07833734018019259,0.150925199527768,0.3075828043955289,0.46315465589651056,0.3424208056020311,0.6119687954757456,0.45065514412156166,0.2695479898737145,0.10823433851953057,True,True,True
144,0.04245599313021725,0.6970041893125786,0.18081288415459898,0.07972693340260509,0.2750696371665298,0.5172577967159462,0.390140181598208,0.24218815954941636,0.11507054443167819,True,True,True
145,0.1096429756517715,0.6981999197335532,0.12104357598099821,0.07111352863367709,0.27045620322693825,0.5104273708440387,0.38601719404788615,0.2399711676171004,0.1155609908209479,True,True,True
146,0.6712348921000875,0.1836997821282337,0.05277329934376468,0.09229202642791406,0.34238647974317404,0.6119655131353379,0.45427415234912244,0.2695790333921638,0.1118876726059484,True,True,True
147,0.09287354417928174,0.11167721494676226,0.10130671217012097,0.6941425287038351,0.33140033094331567,0.5977985477509062,0.44310208225344594,0.26639821680759057,0.11170175131013027,True,True,True
148,0.05673620323237107,0.1198729320683985,0.6418370495092323,0.18155381518999827,0.33123754191657867,0.5865417412917482,0.42959149719482764,0.2553041993751695,0.09835395527824897,True,True,True
149,0.712487597874403,0.12235817538538102,0.13815847966849015,0.026995747071725803,0.3339748480213295,0.592502420061805,0.4378116471453346,0.2585275720404755,0.10383679912400512,True,True,True
150,0.23151372591989808,0.4085461048802548,0.24373011105070186,0.11621005814914527,0.3177972116237713,0.5786094609236668,0.4307288011943628,0.26081224929989555,0.11293158957059152,True,True,True
151,0.08988317807813588,0.43183045570071243,0.1615736911577572,0.31671267506339446,0.29528766042111043,0.5468922723909534,0.4099403129547885,0.25160461196984296,0.11465265253367807,True,True,True
152,0.19891808295077787,0.3331732252959534,0.011396708368798827,0.45651198338447,0.2826863073469024,0.5284103597306563,0.3992724635778959,0.2457240523837539,0.1165861562309935,True,True,True
153,0.17408749665092546,0.015020192921181274,0.3641904615666143,0.4467018488612788,0.3205817419692724,0.5641647145337005,0.41272097545748127,0.24358297256442812,0.09213923348820885,True,True,True
154,0.018495370148836315,0.09513649164061873,0.4815668350496111,0.4048013031609339,0.33232470706148126,0.5888303432617356,0.4312756427993296,0.2565056362002543,0.09895093573784836,True,True,True
155,0.1303945520286345,0.15015986465548836,0.2958366798547179,0.4236089034611592,0.34174830343109985,0.6103094164693148,0.44961155339307324,0.26856111303821495,0.10786324996197338,True,True,True
156,0.28154371880922535,0.1345772211622236,0.1815240487434144,0.4023550112851366,0.34142322429812344,0.609532420632399,0.4502404637072605,0.26810919633427555,0.10881723940913707,True,True,True
157,0.00974886850518269,0.07589186012589931,0.3259344320047174,0.5884248393642006,0.3341392260666518,0.5928680293720638,0.43451663385483125,0.25872880330541204,0.10037740778817944,True,True,True
158,0.3283740049197985,0.34795900200549346,0.05193359586745845,0.2717333972072497,0.3061711184339564,0.5620709712751418,0.4213714581220388,0.25589985284118544,0.11520033968808241,True,True,True
159,0.4166249275723165,0.15210716521272277,0.17181632167565347,0.2594515855393073,0.34075884855605165,0.6078978134208023,0.44942238374159854,0.26713896486475064,0.10866353518554689,True,True,True
160,0.01943375688060183,0.3725893017022914,0.22769625601550833,0.38028068540159854,0.3054522841023676,0.561292656504745,0.4186419891340119,0.25584037240237745,0.11318970503164433,True,True,True
161,0.029146123448199248,0.5054247833488664,0.2057266898200079,0.25970240338292633,0.2913666176263279,0.5413211476735237,0.4059236523128146,0.2499545300471958,0.1145570346864867,True,True,True
162,0.5008819603865369,0.22202401895610135,0.02925803397850634,0.2478359866788553,0.3308867574331286,0.5968293345039354,0.44479022251715183,0.26594257707080676,0.11390346508402321,True,True,True
163,0.2992637440715165,0.46322769089136157,0.19129989109198464,0.0462086739451374,0.3116532613072284,0.5699028579827191,0.4254899987244441,0.2582495966754907,0.11383673741721567,True,True,True
164,0.12505686383498305,0.16902755506656553,0.3890108633156628,0.31690471778278867,0.3405663224575253,0.6073743840382925,0.4469415649631767,0.2668080615807672,0.10637524250565145,True,True,True
165,0.07400883225905383,0.7239700744923688,0.15649433470610602,0.04552675854247143,0.2722872561257455,0.5131416786725181,0.3875911127679627,0.24085442254677264,0.1153038566422172,True,True,True
166,0.14690373716411864,0.2270256009544402,0.3863496400915834,0.23972102178985788,0.34327819366111545,0.6146280925448413,0.45325291503484655,0.27134989888372585,0.1099747213737311,True,True,True
167,0.06875606224033008,0.11174750127334045,0.06339876468580351,0.7560976718005259,0.31766196481137254,0.5784074494791311,0.43070464931023883,0.2607454846677586,0.11304268449886629,True,True,True
168,0.015505335176813673,0.13782219707162233,0.0979432646087508,0.7487292031428131,0.31232107095290124,0.5709766693284776,0.4249370141308847,0.25865559837557633,0.11261594317798346,True,True,True
169,0.019411827025738203,0.08286648476543473,0.5699784194033981,0.32774326880542903,0.3287845263922891,0.5813714552449827,0.42536033799006906,0.25258692885269357,0.09657581159777995,True,True,True
170,0.5164840691003832,0.09069151783952932,0.05697944283340086,0.33584497022668663,0.33574558838518853,0.5964382487625025,0.4414383839454552,0.260692660377314,0.10569279556026667,True,True,True
171,0.5711743735182222,0.1753466961755986,0.18269053042556224,0.07078839988061694,0.33992230105180066,0.605831020494209,0.4480052861171056,0.26590871944240835,0.10808298506530495,True,True,True
172,0.5601506461212126,0.0790439112329431,0.14928245902394707,0.21152298362189725,0.32996494985002695,0.5840459430770713,0.4308088968785542,0.2540809932270443,0.10084394702852728,True,True,True
173,0.34538668456472493,0.13533623843564757,0.05946689084401666,0.45981018615561076,0.33967961067875885,0.6092773115369176,0.45239679954613304,0.2695977008581587,0.1127171888673742,True,True,True
174,0.167369244501321,0.4277825682861408,0.08239853607731247,0.3224496511352259,0.28785930203362714,0.5360869762604566,0.403563824539061,0.2482276742268295,0.11570452250543384,True,True,True
175,0.5557545652931268,0.03888553348990418,0.2998795414087109,0.10548035980825804,0.3224015040651736,0.5680814806686503,0.4173458693468146,0.24567997660347668,0.09494436528164102,True,True,True
176,0.009748881048065898,0.6851232125478719,0.05794182716306392,0.2471860792409984,0.27693525653109846,0.4930842443769113,0.3875026048033362,0.21614898784581282,0.11056734827223774,True,True,True
177,0.07792270540553671,0.30336160831767056,0.3786424341318998,0.240073252144893,0.33224401761954875,0.5990881605138708,0.4429934917857493,0.26684414289432207,0.11074947416620057,True,True,True
178,0.1500763662579492,0.12487790909997629,0.10094628673723671,0.6240994379048378,0.3335343109020468,0.6007583575809077,0.44548753542348046,0.26722404667886085,0.11195322452143364,True,True,True
179,0.27009278315818464,0.5100614646996251,0.020189726573902812,0.19965602556828727,0.27906862232426166,0.5230779426185134,0.39559507285665885,0.2440093202942517,0.11652645053239719,True,True,True
180,0.6323073264558227,0.0453796655370535,0.015616396428154992,0.3066966115789689,0.3260972977614473,0.5759920757659381,0.42593258877688234,0.24989477800449084,0.09983529101543503,True,True,True
181,0.1926506073196887,0.4157903732718177,0.0339468821954202,0.35761213721307333,0.27984694577170777,0.5242395685629493,0.396117096592894,0.24439262279124152,0.11627015082118625,True,True,True
182,0.09926622881253006,0.07878320326536462,0.07910477080001366,0.7428457971220918,0.3378062847815192,0.6068004883952189,0.44923310034321995,0.26899420361369974,0.11142681556170075,True,True,True
183,0.2500343268338373,0.16918031109118728,0.10156207472622968,0.4792232873487458,0.3321929273100019,0.5988127503982456,0.44473767041698326,0.26661982308824367,0.11254474310698137,True,True,True
184,0.15352588161012945,0.5225485124663287,0.17816152805623567,0.14576407786730605,0.29621544811264194,0.5481768268233566,0.4109974959041141,0.2519613787107146,0.11478204779147216,True,True,True
185,0.20331363313711312,0.11738899725467337,0.45063610001438914,0.22866126959382427,0.3330391377351424,0.5904191676644327,0.4334372398481592,0.2573800299292903,0.10039810211301681,True,True,True
186,0.06897128107274234,0.5999013223416264,0.126417880606225,0.20470951597940615,0.2724787984549435,0.513422081496834,0.3878218796149085,0.2409432830418905,0.115343081159965,True,True,True
187,0.37711448364689515,0.15577973333705047,0.019785156805797576,0.4473206262102568,0.33274427651227956,0.5994408107021667,0.44655740727032434,0.26669653418988715,0.11381313075804478,True,True,True
188,0.3160954570194667,0.13046762030738543,0.04797904926915125,0.5054578734039967,0.33741116886290834,0.6060716800041501,0.4503834604820323,0.2686605111412418,0.11297229161912398,True,True,True
189,0.17508431203941222,0.13793147768534417,0.40584538175780127,0.28113882851744243,0.336377678949803,0.5978481278586266,0.4393961886951248,0.2614704489088236,0.10301850974532178,True,True,True
190,0.07524447911635376,0.1708814761506189,0.1306759629053075,0.6231980818277199,0.3215200899301357,0.5838996039908257,0.43377600186309506,0.26237951406069004,0.11225591193295936,True,True,True
191,0.007736061869196446,0.19136590616878085,0.3260253153370558,0.474872716624967,0.33874731628314736,0.6083067157107872,0.4485147575240318,0.26955939942763985,0.10976744124088444,True,True,True
192,0.10133791436730226,0.41675427803923976,0.028378246426720592,0.4535295611667375,0.2657859197431359,0.5002302980377099,0.3813277892109159,0.23444437829457399,0.11554186946778,True,True,True
193,0.0567983066899313,0.21086590126183216,0.6646916533941978,0.06764413865403868,0.3378230107628998,0.6010650309985378,0.44127983759934225,0.26324202023563803,0.10345682683644247,True,True,True
194,0.06782169510836525,0.333659149440469,0.3315893014712698,0.266929853979896,0.3248703191138556,0.5886812771347945,0.43633274820522006,0.26381095802093885,0.11146242909136445,True,True,True
195,0.44167010730450695,0.2918857373557765,0.10821040003221045,0.1582337553075062,0.3269378593106897,0.5913578270802669,0.44032686866066434,0.26441996776957716,0.11338900934997465,True,True,True
196,0.05036306110787122,0.6008536692024635,0.22005025882023782,0.1287330108694274,0.2887165756990211,0.5374039987784595,0.40343609396080443,0.24868742307943836,0.11471951826178334,True,True,True
197,0.13442219689693768,0.6381287978834015,0.036097647498278096,0.19135135772138276,0.26872477932300637,0.4984837042461752,0.38310437695830096,0.22975892492316885,0.1143795976352946,True,True,True
198,0.1892445814978876,0.2537626958173155,0.004905950901564803,0.5520867717832323,0.289612578258632,0.5386185006811076,0.40633334959761597,0.2490059224224756,0.11672077133898395,True,True,True
199,0.3698573114741328,0.11449338854650659,0.1640125818416182,0.3516367181377425,0.33811988306345275,0.6017230165370167,0.4442919820911256,0.2636031334735639,0.10617209902767283,True,True,True
200,0.3855814904149254,0.05195206861685005,0.26953788763420067,0.292928553334024,0.3256650601933823,0.5749297361469021,0.42241828444669016,0.2492646759535198,0.09675322425330785,True,True,True
201,0.07657566120125711,0.18502920682057158,0.3779253379949768,0.36046979398319434,0.34272646586316846,0.6127241304720827,0.45118032192671204,0.2699976646089143,0.10845385606354357,True,True,True
202,0.08899993649547572,0.017845402435848718,0.6220527670726909,0.27110189399598467,0.3203615546644459,0.5636616723640617,0.41162845480874644,0.24330011769961585,0.09126690014430056,True,True,True
203,0.02447342928009797,0.46619629433457566,0.3748645280644109,0.13446574832091546,0.315096155886369,0.5749096664407293,0.42729957152306375,0.25981351055436025,0.11220341563669473,True,True,True
204,0.47885049140387614,0.27250483792820074,0.03014145287252626,0.21850321779539675,0.32300446243158343,0.5857334909157289,0.4374160137011409,0.2627290284841455,0.11441155126955749,True,True,True
205,0.638805870659726,0.0018264707897856745,0.15960780655383205,0.1997598519966564,0.3176347245945467,0.5581058972359013,0.41043187852447466,0.2404711726413546,0.09279715392992793,True,True,True
206,0.18593002906476822,0.6087480492540087,0.10254888240072964,0.10277303928049344,0.28007893557615554,0.5246104601438393,0.39581152522612223,0.24453152456768373,0.11573258964996669,True,True,True
207,0.47835632784917104,0.21525989877174365,0.09097917874724669,0.21540459463183861,0.33651308739766267,0.6048253017939994,0.4493861321754932,0.26831221439633673,0.11287304477783056,True,True,True
208,0.09617141873631892,0.12292521724605074,0.43701453011913777,0.34388883389849256,0.33521108521182846,0.5952526554041184,0.4368917380961481,0.26004157019228996,0.10168065288431966,True,True,True
209,0.5150508488677575,0.09409790833920931,0.181679141884812,0.2091721009082211,0.3321512631590887,0.5886274100076481,0.4340917246485181,0.25647614684855935,0.10194046148942937,True,True,True
210,0.0029004130851780475,0.23968901878727594,0.04314190318050087,0.7142686649470452,0.2662314175034241,0.49901574350703054,0.3805646478477889,0.23278432600360643,0.11433323034436477,True,True,True
211,0.02455801250531893,0.08170920170081464,0.013612593089962087,0.8801201927039044,0.2795445715194208,0.5238221335966615,0.3952810885234764,0.24427756207724072,0.11573651700405557,True,True,True
212,0.2281104669240777,0.2958923172926793,0.022705538958997365,0.45329167682424554,0.29547516534705226,0.5469849568483747,0.41162391948061594,0.2515097915013224,0.11614875413356368,True,True,True
213,0.07959348421971671,0.771370100521606,0.07756177687397671,0.07147463838470058,0.26983428373606333,0.49741158942517144,0.38332644511714126,0.2275773056891081,0.11349216138107793,True,True,True
214,0.023625384036562887,0.40531291626942473,0.5279363217925953,0.04312537790141718,0.3310827624898209,0.5974816823421844,0.4416586557019353,0.26639891985236347,0.11057589321211442,True,True,True
215,0.43656504865631796,0.17644755411761484,0.2171593670765403,0.16982803014952672,0.34097181852699127,0.60842059406436,0.4496303474833264,0.26744877553736873,0.10865852895633515,True,True,True
216,0.30092096822083897,0.4819473706543683,0.09913386145447414,0.11799779967031852,0.29911823825596523,0.5521815974729996,0.41443055952069635,0.2530633592170343,0.11531232126473112,True,True,True
217,0.3482291104826581,0.5139830877788958,0.08222960676369392,0.05555819497475223,0.29790909503524626,0.5504559326324602,0.4135068620241512,0.2525468375972139,0.11559776698890495,True,True,True
218,0.5889024014820773,0.2996273213204428,0.01466187338386324,0.09680840381361655,0.3245394985526515,0.5878705289179262,0.43906186640499906,0.2633310303652747,0.11452236785234754,True,True,True
219,0.4817380769833354,0.4116853494195926,0.010513587440418255,0.09606298615665382,0.3059896684319428,0.5617542014681194,0.4217419113492596,0.2557645330361766,0.11575224291731678,True,True,True
220,0.17435841859599813,0.7394824978146729,0.013209768088405249,0.07294931550092372,0.27159812989619747,0.4970177205690139,0.3851040743271481,0.22541959067281642,0.11350594443095063,True,True,True
221,0.513170863635589,0.06272723065505309,0.33733631990779867,0.08676558580155935,0.32516379480674323,0.5738794224365842,0.42166742401375995,0.24871562762984095,0.09650362920701672,True,True,True
222,0.029092104554740265,0.07738806101874862,0.3558309369123654,0.5376888975141458,0.33306577864895665,0.5904792581537144,0.4327179376011743,0.25741347950475774,0.09965215895221763,True,True,True
223,0.4909789941645591,0.14014109135697614,0.305365304379357,0.06351461009910779,0.334723271751156,0.5941652950356621,0.43779615425577406,0.25944202328450605,0.10307288250461805,True,True,True
224,0.1277366541022117,0.8345335664150436,0.004818540816507218,0.03291123866623745,0.27799090111638225,0.49313902658814984,0.38888229051293494,0.2151481254717676,0.11089138939655269,True,True,True
225,0.17458093466608132,0.02014404260017013,0.149974620933329,0.6553004018004196,0.3238673738031089,0.5711322615595744,0.4191629830872349,0.2472648877564655,0.09529560928412595,True,True,True
226,0.11171586406479331,0.4556665572142027,0.3472212406260619,0.0853963380949422,0.3175883717026255,0.5783856962225621,0.4299150742308468,0.2607973245199366,0.1123267025282213,True,True,True
227,0.15150809982145705,0.24090850666010752,0.45015500907616857,0.1574283844422668,0.3430410334187424,0.61350994375004,0.45210270765984445,0.27046891033129755,0.10906167424110202,True,True,True
228,0.3396380975009019,0.18278414405453214,0.27872756563960105,0.198850192804965,0.3412123570372851,0.6090032563642123,0.44951380503355043,0.2677908993269272,0.10830144799626534,True,True,True
229,0.07107812178684471,0.6042592879115822,0.29390122859622786,0.03076136170534523,0.2998483649100778,0.5533609368013536,0.4137790825072103,0.25351257189127574,0.11393071759713247,True,True,True
230,0.309455441396333,0.10195457737546465,0.3431750282651596,0.24541495296304264,0.3322746234902066,0.5888063139370406,0.4328203015465639,0.25653169044683405,0.10054567805635733,True,True,True
231,0.33169595702016147,0.013612453356660826,0.18742502217997872,0.46726656744319905,0.3204158239638039,0.5638997813092753,0.4139861629727057,0.2434839573454714,0.09357033900890177,True,True,True
232,0.30850592045114306,0.09167438393304377,0.04612829509898506,0.5536914005168281,0.34208917062012584,0.6112188589903448,0.4532240387511378,0.26912968837021894,0.11113486813101198,True,True,True
233,0.7686710319478185,0.137803249862894,0.034798367202450976,0.058727350986836686,0.3375018183176644,0.6003457535788765,0.4450264283291847,0.26284393526121214,0.1075246100115203,True,True,True
234,0.005364750560134783,0.7100891096606862,0.036208685855855634,0.24833745392332365,0.2816522308261997,0.49043459198622674,0.3905211602947197,0.20878236116002702,0.10886892946852,True,True,True
235,0.08103372856802254,0.20438882331565114,0.2666422231976562,0.4479352249186702,0.334971811914626,0.6029200245006683,0.44561617020804367,0.2679482125860423,0.11064435829341768,True,True,True
236,0.08587742017434637,0.004106890294773174,0.0546786813964562,0.8553370081344243,0.3207211005184379,0.5645333182614155,0.41433151585765227,0.24381221774297762,0.09361041533921438,True,True,True
237,0.4148035671876954,0.18226910992824008,0.18381954558851418,0.2191077772955505,0.34267704573026475,0.6126505339232324,0.4532842969720889,0.2699734881929677,0.11060725124182413,True,True,True
238,0.05244357721922571,0.6685818204050021,0.14757852336508134,0.131396079010691,0.27116694398421076,0.5114920183307013,0.3864211826559784,0.24032507434649059,0.11525423867176765,True,True,True
239,0.317968804337683,0.02090396149937546,0.07902830497862534,0.5820989291843162,0.32342646658747115,0.5702927008835676,0.42004488048786875,0.2468662342960965,0.0966184139003976,True,True,True
240,0.04841180372500002,0.5176812342941715,0.1576790034200014,0.2762279585608271,0.2826591150268351,0.5284581255488766,0.3976015472317244,0.2457990105220415,0.11494243220488931,True,True,True
241,0.14180038269935583,0.1829670961413032,0.5284705732670528,0.1467619478922884,0.33773723238056375,0.6008737300484462,0.4415305422137226,0.2631364976678825,0.10379330983315888,True,True,True
242,0.15667559590773206,0.1211866077213207,0.20430249450590207,0.5178353018650453,0.34198323065964065,0.6109027803724054,0.4505935142744453,0.26891954971276477,0.10861028361480463,True,True,True
243,0.6953501330689786,0.12758435767811704,0.016702085711635957,0.16036342354126837,0.3384198751622454,0.6023884464373332,0.44683360011688567,0.2639685712750878,0.10841372495464024,True,True,True
244,0.3543681162934105,0.02069436736422644,0.26885718462343844,0.3560803317189246,0.32110844370368935,0.5653355920776355,0.4147408856918922,0.24422714837394616,0.09363244198820286,True,True,True
245,0.19641271993147408,0.7114575145140292,0.05441910980245977,0.037710655752036894,0.26569780867280335,0.5033768887162534,0.38186631710104685,0.23767908004345006,0.1161685084282435,True,True,True
246,0.3498463557656502,0.1837446254790254,0.31315901031713156,0.1532500084381929,0.3403225588456848,0.6067953104815653,0.447573914302756,0.2664727516358805,0.1072513554570712,True,True,True
247,0.059112945864993056,0.35727838170169884,0.33569275301320134,0.24791591942010677,0.32250533265723563,0.5853482980513729,0.4341537282079056,0.26284296539413726,0.11164839555066997,True,True,True
248,0.18113594472957897,0.5087378080226491,0.2553551389271513,0.05477110832062054,0.30836045718229044,0.5653206075523103,0.42194268692711595,0.25696015037001985,0.11358222974482551,True,True,True
249,0.400053131820867,0.023612950026475957,0.481548424650059,0.09478549350259806,0.3204814860520312,0.5639847995516868,0.4131225996073894,0.2435033134996556,0.0926411135553582,True,True,True
250,0.046890348685060965,0.17880052209101233,0.47253116254437705,0.3017779666795497,0.34027500486384327,0.6066414676434572,0.44585356129984355,0.2663664627796139,0.10557855643600028,True,True,True
251,0.28381002110950765,0.18575869582465165,0.2036076492407039,0.3268236338251368,0.34139369604498243,0.6118471437633636,0.45261846039419645,0.27045344771838115,0.11122476434921402,True,True,True
252,0.051246751705980136,0.11993117230362198,0.04460514677600841,0.7842169292143895,0.3030951383311583,0.5578601756913809,0.41744373075300545,0.2547650373602226,0.11434859242184714,True,True,True
253,0.42781336381787166,0.005968112355792621,0.18141407060400916,0.3848044532223267,0.31864083069877,0.560186098157306,0.41142806747718125,0.24154526745853605,0.09278723677841128,True,True,True
254,0.05619822458522987,0.23681167438421813,0.697244644974248,0.00974545605630417,0.3389152272149367,0.6034954410234016,0.44323174686614747,0.26458021380846486,0.10431651965121075,True,True,True
255,0.15579391573126883,0.04599164084812013,0.33653598191538575,0.4616784615052253,0.3261044371867798,0.5757849123068453,0.4218785260040034,0.24968047512006547,0.0957740888172236,True,True,True
256,0.39162598227277806,0.08719989064457381,0.26868384945523627,0.25249027762741194,0.33081348184048354,0.5857645864090046,0.43099465114514063,0.2549511045685211,0.10018116930465709,True,True,True
257,0.12419488938738119,0.5705310241272495,0.012185454278218747,0.2930886322071504,0.2722380094018886,0.4965881879013548,0.3854373599936398,0.2243501784994662,0.11319935059175124,True,True,True
258,0.15730325747601046,0.0773213787296016,0.048191497006729686,0.7171838667876582,0.33826686233079273,0.6073425749160397,0.4505997764863352,0.269075712585247,0.11233291415554247,True,True,True
259,0.1930121520794555,0.5995579433713836,0.03141069544705177,0.17601920910210928,0.26577873147781195,0.5034871951601101,0.38211641872513386,0.23770846368229814,0.11633768724732191,True,True,True
260,0.20920303742189852,0.421980900606253,0.10355414577204605,0.2652619161998025,0.29709510992160504,0.5493591039660591,0.4123137401829986,0.2522639940444541,0.11521863026139356,True,True,True
261,0.6352656557266902,0.2799140109453497,0.07759296506905433,0.007227368258905646,0.334212002687916,0.6015499941674297,0.4475511805615078,0.2673379914795137,0.11333917787359177,True,True,True
262,0.41718227343379877,0.004394426998781957,0.4245563235134268,0.15386697605399247,0.3184414111129237,0.5597028893404744,0.40993328895283104,0.24126147822755073,0.09149187783990737,True,True,True
263,0.2540064223360581,0.14555686403951473,0.5612300438009774,0.03920666982344979,0.3329854499428543,0.5902996989479325,0.4333433330822625,0.25731424900507827,0.10035788313940824,True,True,True
264,0.40343431372663957,0.14228570331705712,0.18093675382125665,0.27334322913504683,0.33995578665166326,0.605904966499091,0.4476657936791418,0.2659491798474277,0.10771000702747852,True,True,True
265,0.2519258654545199,0.5041645397289186,0.17804764291144592,0.06586195190511558,0.30429240593510376,0.55953267633533,0.4186772768446727,0.25524027040022623,0.11438487090956895,True,True,True
266,0.24049306760485778,0.5881078295361988,0.11993632056185016,0.05146278229709321,0.28996685647454434,0.5391970127221452,0.40564011600823185,0.2492301562476008,0.11567325953368751,True,True,True
267,0.31414489436801085,0.24290391926854965,0.25209010569015405,0.19086108067328547,0.3386578977916249,0.6080021342449065,0.4500048356789384,0.26934423645328154,0.11134693788731348,True,True,True
268,0.008567989801800069,0.003593294925942898,0.8766226831407847,0.11121603213147226,0.31882853400514066,0.5604157128220659,0.408713871326875,0.24158717881692526,0.08988533732173432,True,True,True
269,0.09970879931738935,0.23400560654980396,0.05061621524592383,0.6156693788868828,0.2920153879495226,0.5422002575168481,0.40763333317469214,0.2501848695673255,0.11561794522516955,True,True,True
270,0.359717912663818,0.02183014523593717,0.12598920667399766,0.49246273542624724,0.32246357088788286,0.5682435396110008,0.4180245889636014,0.24577996872311797,0.09556101807571854,True,True,True
271,0.6215377932690272,0.13522800024368756,0.20400391278922866,0.039230293698056494,0.3348852705056576,0.5945249516074141,0.4388674157430446,0.25963968110175656,0.10398214523738702,True,True,True
272,0.5312905143936262,0.029605024806891162,0.32128419502782607,0.11782026577165658,0.3212825342882388,0.5657185027434471,0.4153335128128792,0.24443596845520837,0.09405097852464045,True,True,True
273,0.44327924233041793,0.34050490835649766,0.1242151999667199,0.09200064934636466,0.32341433102838235,0.5864051574957634,0.4369655363103302,0.26299082646738103,0.11355120528194784,True,True,True
274,0.10384444630297025,0.08602120961672921,0.6304589520145347,0.1796753920657657,0.327440168287696,0.5785610151135715,0.42346418631516036,0.2511208468258755,0.09602401802746435,True,True,True
275,0.007164310182992683,0.41808748092173476,0.2587968528964924,0.31595135599878027,0.3048250823106818,0.5604165684886512,0.41799516755606314,0.2555914861779694,0.11317008524538136,True,True,True
276,0.7139574129370664,0.0258311814768907,0.06822851516413991,0.19198289042190292,0.32123826520396814,0.5657372728433953,0.41730812101954534,0.2444990076394271,0.0960698558155772,True,True,True
277,0.3604111080655779,0.05057908340760642,0.5120814532176857,0.07692835530912992,0.3232700516503259,0.5698426479367996,0.41757230657996236,0.2465725962864737,0.09430225492963645,True,True,True
278,0.09081798717683245,0.27599169791042516,0.3221669225595094,0.3110233923532331,0.3312697491411621,0.5976994082189565,0.4422342153767803,0.2664296590777944,0.11096446623561823,True,True,True
279,0.03630633164234226,0.7943933035553431,0.11681393999879715,0.05248642480351745,0.26792759393659216,0.4982183124520942,0.38181896812610655,0.23029071851550204,0.1138913741895144,True,True,True
280,0.24532421908297627,0.34807169985782116,0.22135758369336325,0.1852464973658392,0.3219149266668628,0.5844032741607885,0.43460452739816746,0.26248834749392574,0.11268960073130468,True,True,True
281,0.42916715750608386,0.32257273367113665,0.036675607446039864,0.21158450137673945,0.31460189489075197,0.5739138256378774,0.4294796719297147,0.25931193074712544,0.11487777703896274,True,True,True
282,0.17035646519789532,0.10988033388046187,0.46953876495575697,0.2502244359658859,0.3322593420135713,0.588726512850083,0.4319230304187048,0.2564671708365117,0.09966368840513345,True,True,True
283,0.05410731314714012,0.15920935266777853,0.7359911078979006,0.05069222628718076,0.33305638251229996,0.590458371479376,0.4326805766328325,0.257401988967076,0.09962419412053253,True,True,True
284,0.46005634501644616,0.16504449859924802,0.15817892615906615,0.21672023022523984,0.3414210634303874,0.6095440695641728,0.45100303409708675,0.2681230061337854,0.10958197066669934,True,True,True
285,0.4209826929646778,0.10334310813714997,0.2740033021970451,0.20167089670112706,0.3325069653798503,0.589331860437025,0.4338767986202524,0.2568248950571747,0.10136983324040211,True,True,True
286,0.06102535956538107,0.4142856812818786,0.3136543703611873,0.21103458879155304,0.3152413154053327,0.5750926340307956,0.4276235825280168,0.2598513186254629,0.11238226712268412,True,True,True
287,0.272860203031458,0.2898855547968282,0.17686990900049718,0.2603843331712167,0.32509655305971913,0.5888578748581988,0.43779373198560007,0.2637613217984797,0.11269717892588094,True,True,True
288,0.25456222023685815,0.24270146033793277,0.20524085705518355,0.2974954623700256,0.3326018819486949,0.5994628771608569,0.44446469171079134,0.266860995212162,0.11186280976209645,True,True,True
289,0.03938808026077824,0.4852506745530097,0.46859103112453143,0.006770214061680603,0.32187770890884604,0.5844792545404592,0.4334392459518714,0.2626015456316132,0.11156153704302535,True,True,True
290,0.47822876894195976,0.03775264420717258,0.1116859336972183,0.3723326531536494,0.3247445405093984,0.5730699823085358,0.4223026992326922,0.2483254417991374,0.09755815872329382,True,True,True
291,0.04009012154095601,0.38968866241979416,0.4082225315912997,0.16199868444795024,0.32488727597518646,0.588724835035005,0.43617523718212775,0.2638375590598185,0.11128796120694129,True,True,True
292,0.0012139152351768323,0.0641083931458797,0.18181768451427688,0.7528600071046665,0.34005848648259757,0.6060994591619046,0.44516773803297033,0.266040972679307,0.10510925155037276,True,True,True
293,0.3242318230904154,0.09762324570121328,0.32616968049415446,0.25197525071421684,0.33188612261298317,0.5879951461111397,0.43229083090763776,0.2561090234981565,0.10040470829465459,True,True,True
294,0.39440188285615047,0.02948635702155893,0.3730281408685359,0.20308361925375468,0.32158538145729004,0.5663236672569758,0.4152491740377404,0.24473828579968576,0.09366379258045038,True,True,True
295,0.4451884360951822,0.05649641792012779,0.13522801099111825,0.363087134993572,0.32828253323252526,0.5804972917572616,0.42785976938774795,0.25221475852473635,0.09957723615522268,True,True,True
296,0.0263079380416997,0.6733706357022157,0.28323386630556807,0.01708755995051663,0.2917120276028622,0.5418341371044773,0.406202558035,0.25012210950161506,0.1144905304321378,True,True,True
297,0.1414080548957892,0.4864005353869142,0.027537330615039445,0.34465407910225715,0.2645216120392634,0.5011174019555942,0.3807110193084551,0.2365957899163308,0.11618940726919169,True,True,True
298,0.12150604101128112,0.27766541345649565,0.01340277301119579,0.5874257725210275,0.2739332139923426,0.515508983883701,0.3903644107713524,0.24157576989135843,0.11643119677900982,True,True,True
299,0.4209265615434906,0.40233272503966466,0.1605815703584622,0.016159143058382418,0.3199573145282615,0.5815617333107792,0.4335288997272655,0.2616044187825177,0.11357158519900401,True,True,True
300,0.7641470651382879,0.013397260450900178,0.012039854356214765,0.2104158200545971,0.31918598428623773,0.5614554369804393,0.41456990810161354,0.24226945269420158,0.0953839238153758,True,True,True
301,0.172753581427497,0.37901109677269246,0.2961581219124117,0.15207719988739887,0.3223653450475166,0.5850911829777128,0.43455162482434756,0.26272583793019616,0.11218627977683093,True,True,True
302,0.043631790056924996,0.7986228721415796,0.07580728657300913,0.08193805122848628,0.27324769769568485,0.4953112977166075,0.385312006005794,0.22206360002092262,0.11206430831010916,True,True,True
303,0.05592257890808158,0.49570575563054337,0.370298822982976,0.07807284247839916,0.3139973003648323,0.5733438054861651,0.42643896012021526,0.25934650512133284,0.11244165975538295,True,True,True
304,0.03295312781374563,0.43733912077126086,0.4073650960918512,0.12234265532314227,0.3205752602228888,0.5826412943942861,0.4322604992039551,0.26206603417139734,0.1116852389810663,True,True,True
305,0.4552479464375874,0.02474262635403083,0.08554890932097566,0.4344605178874062,0.3227029572865866,0.5687872010673642,0.41915302277919986,0.24608424378077765,0.09645006549261326,True,True,True
306,0.2278038441375673,0.4259112182738035,0.21213598402480546,0.1341489535638238,0.3128778242308244,0.5716613578908606,0.4263301191034229,0.2587835336600362,0.1134522948725985,True,True,True
307,0.5767917690273666,0.07346404537038208,0.31328375782147366,0.03646042778077776,0.32619048950428553,0.5760538006329894,0.42362841826306175,0.24986331112870386,0.09743792875877622,True,True,True
308,0.13421943495085004,0.01771355944308124,0.5906167579743157,0.2574502476317531,0.3203035381127108,0.5635507628154597,0.4117365131816011,0.2432472247027489,0.09143297506889031,True,True,True
309,0.31750518140117656,0.10186817738902086,0.5480117898299864,0.03261485137981605,0.3283323030887499,0.5804843771211577,0.42578963425074323,0.25215207403240786,0.09745733116199334,True,True,True
310,0.29565326229873273,0.21831874866999326,0.2146647149937424,0.27136327403753174,0.33829020259310805,0.6074725229313607,0.449766601611542,0.2691823203382526,0.11147639901843398,True,True,True
311,0.5528228894815709,0.38006831372423094,0.054337910030595696,0.012770886763602414,0.31848679865206686,0.5793911084300184,0.4330389985098834,0.26090430977795154,0.11455219985781656,True,True,True
312,0.4415461650978481,0.166913990496493,0.2771906883525776,0.11434915605308116,0.33860533449438773,0.6028036947140235,0.44473552312650233,0.2641983602196358,0.1061301886321146,True,True,True
313,0.06307847956699295,0.06761026491637061,0.5848770106855372,0.28443424483109936,0.3263418743042234,0.5762418969436319,0.42149263223495154,0.24990002263940853,0.09515075793072814,True,True,True
314,0.12170671031841071,0.3678810983136047,0.036089545718403636,0.47432264564958093,0.2729316587798769,0.5140498375539978,0.3890258519697854,0.2411181787741209,0.11609419318990849,True,True,True
315,0.10843458627497451,0.5527776122422364,0.12859500999715415,0.21019279148563502,0.2807223502973139,0.5255801261169233,0.3960674611225085,0.24485777581960938,0.11534511082519461,True,True,True
316,0.00943316258730516,0.0606936618631481,0.40222294097994454,0.5276502345696023,0.3292353205996801,0.582318503430757,0.4260811251492118,0.2530831828310769,0.09684580454953173,True,True,True
317,0.20752622612833588,0.07809555709023885,0.2689097699264439,0.4454684468549814,0.3326918973589345,0.5896746892209195,0.43333648559368554,0.25698279186198497,0.10064458823475103,True,True,True
318,0.6524531737016663,0.017427347527053286,0.2823301758416325,0.04778930292964789,0.3195979084312376,0.5621984727978572,0.41298954554915107,0.2426005643666196,0.09339163711791348,True,True,True
319,0.05095290911915903,0.793750215682417,0.028264347145164206,0.12703252805325985,0.2799138513798091,0.4916656775415926,0.38968545891632617,0.2117518261617835,0.10977160753651705,True,True,True
320,0.3203836889980408,0.40340652224306806,0.2729422336881326,0.003267555070758569,0.3247484643804593,0.5883938110028397,0.43723966794269525,0.2636453466223804,0.11249120356223596,True,True,True
321,0.23979146121153916,0.4424461572442426,0.05580165018601067,0.2619607313582076,0.28933729988225976,0.538245255518683,0.40544536744564674,0.2489079556364232,0.11610806756338699,True,True,True
322,0.0442145783681284,0.10715892660508083,0.662181844293639,0.1864446507331517,0.32970491898316495,0.5833132802977643,0.4269824754697114,0.25360836131459935,0.09727755648654646,True,True,True
323,0.2181038125901507,0.3042744714859123,0.4195144532903632,0.05810726263357377,0.3392516885070216,0.6089238510552478,0.44980440775035124,0.26967216254822624,0.11055271924332966,True,True,True
324,0.07241300307251755,0.04363273876905529,0.39970470533531477,0.48424955282311244,0.3255846231342824,0.5746583589904223,0.420415949781352,0.2490737358561399,0.09483132664706961,True,True,True
325,0.008873554762072546,0.7609028342246335,0.014755410779068048,0.21546820023422605,0.2856637810718351,0.4882274332128524,0.39313855237983614,0.2025636521410173,0.10747477130800104,True,True,True
326,0.20067202041212606,0.3328231773832942,0.20350459133597934,0.26300021086860026,0.31910870135877384,0.5804559889201457,0.43195263254283967,0.2613472875613719,0.11284393118406583,True,True,True
327,0.09346660847273028,0.38011513443648864,0.018821773176143797,0.5075964839146372,0.2675814865015364,0.49925925881787675,0.3825176845605384,0.23167777231634035,0.11493619805900201,True,True,True
328,0.19220160656313495,0.41191971249485076,0.14589160020799885,0.2499870807340154,0.30329005500899964,0.5581248084061694,0.41771194292559627,0.25483475339716977,0.11442188791659663,True,True,True
329,0.3381828463560628,0.5951193144586847,0.0385309214019208,0.02816691778333179,0.2843700269305122,0.5309027547237916,0.4007853890062356,0.24653272779327934,0.1164153620757234,True,True,True
330,0.10286841371102438,0.0629950708647535,0.7444508879498655,0.0896856274743567,0.32413483801935794,0.571601591627625,0.4178966377093851,0.2474667536082671,0.09376179969002718,True,True,True
331,0.6317203632152572,0.06968801523481952,0.034101967331176576,0.26448965421874693,0.3303203045563659,0.5848634364694859,0.43267541493185624,0.25454313191312,0.10235511037549033,True,True,True
332,0.2795751069942081,0.17932720138618122,0.21078300733325875,0.330314684286352,0.34267966280447254,0.6136661486833049,0.4537443943872215,0.2709864858788324,0.11106473158274893,True,True,True
333,0.024469340828975856,0.5291468921218553,0.3472503583746817,0.09913340867448728,0.307798057491461,0.5646064147782354,0.42073412377292996,0.25680835728677437,0.11293606628146896,True,True,True
334,0.15153420202513077,0.776250194594692,0.05101983243736896,0.021195770942807987,0.2685757132149814,0.49849967697407793,0.382935325268713,0.22992396375909652,0.11435961205373157,True,True,True
335,0.07019594215334843,0.14630426359297205,0.4775124800460389,0.3059873142076405,0.3368483633004131,0.5988960946579674,0.4396725786518523,0.2620477313575543,0.10282421535143915,True,True,True
336,0.48483225310415123,0.19794302791289353,0.1516236275508727,0.1656010914320825,0.3434194786844064,0.6146056399876517,0.45533423833377096,0.2711861613032453,0.11191475964936454,True,True,True
337,0.6005285327993172,0.005594611666014614,0.27574751197660136,0.11812934355806685,0.31829777634116063,0.559458387135351,0.41075131552086697,0.24116061079419038,0.09245353917970633,True,True,True
338,0.12542856061719385,0.28066878074879975,0.14486914350106528,0.44903351513294115,0.3115237631382328,0.5697685272833786,0.42494647852475637,0.25824476414514574,0.11342271538652354,True,True,True
339,0.5662544261268904,0.13427995738805684,0.07946193015417367,0.2200036863308792,0.33957749616949356,0.6049947756091881,0.4481265369774989,0.26541727943969456,0.10854904080800531,True,True,True
340,0.5241221524693246,0.050927894296824976,0.2099931185291675,0.21495683470468305,0.32504281673798446,0.5736610936609043,0.42212961265783777,0.24861827692291988,0.09708679591985331,True,True,True
341,0.2581245287196379,0.027565804977216227,0.24585952359393745,0.4684501427092084,0.3231224486733543,0.5695575994372287,0.41779456374427576,0.2464351507638744,0.09467211507092144,True,True,True
342,0.046900341133472793,0.06422058705856526,0.8416049540351265,0.047274117772835515,0.3238674640732074,0.5710270270229387,0.4172339083282138,0.24715956294973135,0.0933664442550064,True,True,True
343,0.3904641562450397,0.13736048781675628,0.057552016893938865,0.4146233390442651,0.34159739377091186,0.6119657996276424,0.45428923931120346,0.27036840585673055,0.1126918455402916,True,True,True
344,0.22184908567154296,0.27225135458369965,0.1675488658237642,0.3383506939209931,0.32316993671050176,0.5861563587046458,0.43589825532256365,0.262986421994144,0.1127283186120619,True,True,True
345,0.04003192840519826,0.11121738104465728,0.7818087691197844,0.06694192143036011,0.32846328221753684,0.5806980079752655,0.42487298003656737,0.25223472575772865,0.09640969781903053,True,True,True
346,0.3462912563909464,0.12738255061789788,0.4808991891243151,0.04542700386684055,0.33171945110229034,0.5876242307147371,0.4316443516935628,0.2559047796124468,0.09992490059127246,True,True,True
347,0.78648566621142,0.1358699969913994,0.060493464009953694,0.017150872787226695,0.3362218853649194,0.597497875919456,0.4425107087539107,0.2612759905545366,0.10628882338899126,True,True,True
348,0.060091108333543586,0.23692333140704103,0.13275006668079356,0.5702354935786218,0.3085662579304231,0.5656377423524511,0.4218936619470712,0.25707148442202804,0.11332740401664809,True,True,True
349,0.1856296976538605,0.09417514825030732,0.31617896651904964,0.4040161875767826,0.3338625181456108,0.5922511187989359,0.4351386034288146,0.2583886006533251,0.10127608528320381,True,True,True
350,0.10522712552048477,0.10562629141470899,0.021509657611943046,0.7676369254528631,0.31052427308399827,0.5682192660696229,0.4252644202686358,0.25769499298562465,0.11474014718463754,True,True,True
351,0.20838879750137435,0.12304827963785288,0.3553862285503401,0.3131766943104327,0.3357167674698067,0.596377198253525,0.4384647469703864,0.26066043078371826,0.10274797950057968,True,True,True
352,0.27032987970760264,0.6224494313479202,0.070772728237009,0.036447960707467995,0.2817749847803716,0.5270926694494804,0.39786747773360476,0.2453176846691088,0.11609249295323315,True,True,True
353,0.0808342082883447,0.015114538251855053,0.19478154825034671,0.7092697052094535,0.322836813039311,0.5689036477478622,0.4163519471220106,0.24606683470855117,0.09351513408269962,True,True,True
354,0.011506174170512628,0.03733315461935143,0.17252582084156212,0.7786348503685738,0.33309955890950815,0.5905544655097266,0.4327411295415289,0.2574549066002184,0.09964157063202073,True,True,True
355,0.29441513633596866,0.5482899346084807,0.03289614317256649,0.12439878588298399,0.28194493029238393,0.5273256475318662,0.39836794477373144,0.24538071723948224,0.11642301448134751,True,True,True
356,0.4029409116976579,0.31338791526559534,0.0004624723885364028,0.2832087006482105,0.30804708292005933,0.5646382894255381,0.4237734194683129,0.25659120650547873,0.11572633654825354,True,True,True
357,0.23296898579262895,0.4627185268811063,0.13863084388179125,0.16568164344447356,0.30108575137018884,0.5549983804257329,0.41585620880598867,0.25391262905554407,0.11477045743579983,True,True,True
358,0.3439453040028494,0.5633655915687905,0.07709208000063991,0.015597024427720095,0.2935259633140334,0.5442775543881745,0.4094791679385849,0.2507515910741411,0.1159532046245515,True,True,True
359,0.12551992486932792,0.41594598915849906,0.07688823501762787,0.38164585095454506,0.2817661329551983,0.5271029241734068,0.3974225861788326,0.24533679121820845,0.11565645322363427,True,True,True
360,0.6603952504056072,0.01858620539857609,0.21046270342019713,0.11055584077561963,0.3198596321010625,0.5627710785239557,0.4138246163522391,0.2429114464228932,0.09396498425117661,True,True,True
361,0.38801170528628803,0.03734144517568288,0.2259261285111329,0.34872072102689616,0.323942020872042,0.571317432444126,0.4198011144053654,0.24737541157208404,0.09585909353332339,True,True,True
362,0.5082870810317225,0.20195572866235242,0.1207748211297275,0.16898236917619747,0.34170160460758153,0.6121558642198046,0.45400482787278373,0.2704542596122231,0.1123032232652022,True,True,True
363,0.3640634419337089,0.15147665992259277,0.005529187619066801,0.4789307105246316,0.33047694444075454,0.5962221381041444,0.444673705208322,0.26574519366338983,0.11419676076756746,True,True,True
364,0.3234024804942405,0.31204966747365503,0.06716907157147739,0.29737878046062727,0.31211938323192073,0.5704675376392874,0.4267316328715497,0.25834815440736664,0.11461224963962896,True,True,True
365,0.18277237392803325,0.38454586212946945,0.04114804905965341,0.391533714882844,0.2835153782150462,0.5296562950033595,0.3996682080821993,0.24614091678831335,0.11615282986715314,True,True,True
366,0.6310071685594727,0.004189884103540687,0.32050652102216304,0.04429642631482341,0.31812188508572453,0.5590807875285411,0.4103222254792107,0.24095890244281654,0.09220034039348618,True,True,True
367,0.35587860931337506,0.26525742914949063,0.14559390776918862,0.23327005376794568,0.32925884686010115,0.5946781272368493,0.44203095122011876,0.26541928037674817,0.11277210436001761,True,True,True
368,0.51124903582924,0.1255707345944127,0.09605686189310042,0.2671233676832468,0.33912872335796296,0.6039668996506912,0.4470406526946465,0.2648381762927282,0.10791192933668353,True,True,True
369,0.3137838400947343,0.27330678767559485,0.3041023545889122,0.10880701764075855,0.3386307938358695,0.6079843090220979,0.44980045975971966,0.26935351518622835,0.11116966592385014,True,True,True
370,0.6491899049581135,0.04882576667809552,0.29978255121002584,0.0022017771537650352,0.32307610154900784,0.5695124500396949,0.41867603819420224,0.24643634849068702,0.0955999366451944,True,True,True
371,0.1543594640838663,0.1795355597973212,0.1984288197637489,0.4676761563550635,0.3358413827941768,0.6040780903557711,0.4470110918799606,0.2682367075615943,0.11116970908578377,True,True,True
372,0.26943240808272634,0.32613525251547626,0.14854175303359615,0.2558905863682012,0.31766529133521054,0.578365446312016,0.43111888574467494,0.2607001549768055,0.1134535944094644,True,True,True
373,0.10915314185709926,0.032180992016391824,0.39158776765524345,0.46707809847126536,0.32350474372605986,0.5702937679116207,0.4171802347523322,0.2467890241855608,0.09367549102627232,True,True,True
374,0.23817736043206442,0.15348892429251693,0.11774982012673253,0.49058389514868617,0.33634420641313734,0.6046855996632524,0.44836486482863774,0.2683413932501151,0.11202065841550041,True,True,True
375,0.40051389853169755,0.3569074868534281,0.014211947838692786,0.2283666667761814,0.30534661172460964,0.5608563010363531,0.4210757972053678,0.25550968931174345,0.11572918548075817,True,True,True
376,0.1827271507280319,0.19438335988196845,0.33153645160904105,0.2913530377809586,0.34297470119769974,0.6133536884306694,0.45233433923949,0.27037898723296966,0.10935963804179027,True,True,True
377,0.17576311071400752,0.2717726710501324,0.31474371331119316,0.23772050492466693,0.33468889512256256,0.6024807519504025,0.4457126565061973,0.26779185682783996,0.11102376138363473,True,True,True
378,0.9273469557647243,0.005481872975016602,0.06490952026500392,0.0022616509952553695,0.317735277438853,0.5583774962280094,0.4116970935457366,0.24064221878915637,0.09396181610688359,True,True,True
379,0.1675581636411721,0.3669067217807469,0.04484190297947656,0.42069321159860457,0.2840941700302079,0.5305144745311989,0.4001621145186551,0.246420304500991,0.11606794448844715,True,True,True
380,0.01868284155065461,0.8189472175661016,0.13022781013295548,0.032142130750288225,0.2678797991795664,0.49814673109591473,0.38168138727102113,0.23026693191634834,0.11380158809145474,True,True,True
381,0.3996939537717885,0.1782890646817237,0.20144129962607293,0.22057568192041482,0.3421076887745985,0.6112357679678506,0.4519544650309328,0.2691280791932521,0.10984677625633427,True,True,True
382,0.4373522641305574,0.20854524651219872,0.10039817165255525,0.2537043177046885,0.33638216418512273,0.6046579843249005,0.4491141008282293,0.26827582013977774,0.11273193664310655,True,True,True
383,0.5618744824065393,0.1420230129653143,0.23810903154646326,0.05799347308168299,0.33550591062195295,0.5959063277671349,0.43967117626440344,0.260400417145182,0.10416526564245049,True,True,True
384,0.0873570510911684,0.4995823598174474,0.08751134653062653,0.32554924256075773,0.27202165013747104,0.5127356130652807,0.387593598450839,0.24071396292780967,0.11557194831336798,True,True,True
385,0.4974515361654463,0.04554333108447594,0.3375486207607759,0.11945651198930186,0.32324250956580836,0.5698342773117208,0.41843393354345526,0.2465917677459124,0.0951914239776469,True,True,True
386,0.5152650397248053,0.10333383937778215,0.256448257306057,0.12495286359135563,0.33149638851502505,0.5872248619538862,0.43255495339179145,0.2557284734388612,0.1010585648767664,True,True,True
387,0.008891337510579364,0.20089395844266264,0.605843626348058,0.18437107769869987,0.33910480252694064,0.603917458014565,0.44340720228241964,0.26481265548762434,0.104302399755479,True,True,True
388,0.39196217385327004,0.4940936645018604,0.059328018596321024,0.05461614304854858,0.29941465473885864,0.5525517196601926,0.41512300070199404,0.2531370649213339,0.1157083459631354,True,True,True
389,0.16835253782911694,0.09439622857357509,0.3266232664589783,0.41062796713832966,0.3338715964377969,0.5922714406023311,0.43504038584414373,0.25839984416453415,0.10116878940634683,True,True,True
390,0.17139236251943418,0.10625151971920987,0.5960637062360297,0.1262924115253262,0.3294043690999669,0.5827099571637959,0.42701586574642786,0.253305588063829,0.09761149664646096,True,True,True
391,0.4966341358530942,0.15828427787312666,0.3162466138150655,0.02883497245871371,0.3359903597475986,0.5969848568838579,0.4400358649236651,0.26099449713625933,0.10404550517606648,True,True,True
392,0.3695152295141126,0.22714379037915397,0.3338286553191076,0.06951232478762591,0.34213513390907874,0.6112881957365548,0.45130729231651945,0.26915306182747606,0.10917215840744071,True,True,True
393,0.3641588085096418,0.5417684143516915,0.06663100497380285,0.027441772164863813,0.2949941610558822,0.5463348006465273,0.4109365965119179,0.25134063959064507,0.11594243545603566,True,True,True
394,0.008616217978234784,0.36994879792042185,0.33646796295922254,0.28496702114212064,0.3187433109940983,0.5800658236283438,0.43051713958657595,0.2613225126342455,0.11177382859247764,True,True,True
395,0.11234631062625186,0.21106501564560673,0.38424543861407917,0.29234323511406235,0.34368020571754215,0.6150925996493305,0.4533434387374509,0.27141239393178834,0.10966323301990877,True,True,True
396,0.7039436923058058,0.02344143334261053,0.18983014679249696,0.0827847275590868,0.3204025049374507,0.5639246526998715,0.4149320473410834,0.24352214776242076,0.0945295424036327,True,True,True
397,0.07220050777017663,0.16332314088398064,0.15229860374026785,0.6121777476055749,0.32678156860075996,0.5913361983298822,0.43843367852868675,0.2645546297291222,0.11165210992792679,True,True,True
398,0.057266967598505275,0.045814720405362754,0.5369977792483489,0.3599205327477831,0.3242986196026891,0.5719418298932722,0.4180882193062924,0.24764321029058317,0.09378959970360334,True,True,True
399,0.11699325732268344,0.03021369850887045,0.03269656248485119,0.820096481683595,0.3380793670757618,0.6016322906542452,0.4447593702983874,0.26355292357848337,0.10668000322262561,True,True,True
400,0.16397026242413687,0.3006735457880968,0.19783959145926086,0.3375166003285053,0.31970249870264167,0.5813079986518321,0.4323661460687276,0.26160549994919047,0.11266364736608592,True,True,True
401,0.028952026318898105,0.2945495373199307,0.028169586206751748,0.6483288501544194,0.2706534034468845,0.49693814917126905,0.3838361506186169,0.22628474572438456,0.11318274717173243,True,True,True
402,0.06313967618962442,0.18419198965311395,0.5030643661325577,0.24960396802470394,0.3397531540299758,0.605359881978674,0.4448443580183415,0.26560672794869816,0.10509120398836569,True,True,True
403,0.2856291532438762,0.14708708045120916,0.15193127826181657,0.4153524880430981,0.3434228091228154,0.6146725671851389,0.45478926655532304,0.27124975806232343,0.11136645743250762,True,True,True
404,0.6154030855165691,0.12982609450438687,0.09770247377824044,0.15706834620080354,0.33736477371792667,0.6000415792579354,0.44404333998187506,0.2626768055400088,0.1066785662639484,True,True,True
405,0.13386747177784247,0.013266873111488305,0.17671832285319963,0.6761473322574696,0.32192405160430965,0.5670146521067014,0.4154153912422209,0.2450906005023918,0.09349133963791123,True,True,True
406,0.08181652128790996,0.4971662566785773,0.0952187067246643,0.32579851530884846,0.2734741600395014,0.5148824734606111,0.3889600673859413,0.2414083134211097,0.11548590734643988,True,True,True
407,0.040053031877747045,0.23577406678631263,0.5559419224370379,0.16823097889890248,0.34177031597726387,0.6103470655046382,0.4488939764753928,0.26857674952737437,0.10712366049812894,True,True,True
408,0.19638455930535262,0.2850393911906176,0.4705447832172901,0.0480312662867396,0.3429111145274392,0.614103661910061,0.45297727231087453,0.27119254738262183,0.11006615778343531,True,True,True
409,0.06228585667255918,0.020208362622034584,0.597659254057329,0.3198465266480771,0.3207844355051136,0.5645461109285901,0.41223199776351616,0.2437616754234765,0.09144756225840256,True,True,True
410,0.17911523523781306,0.42570698697411397,0.16977955999105915,0.22539821779701383,0.30450889726106184,0.5598601882176674,0.4186793954456404,0.2553512909566055,0.11417049818457858,True,True,True
411,0.027563595153021477,0.4156291400867825,0.04034555288632305,0.5164617118738729,0.272317413736939,0.49587804424167087,0.3847647109183116,0.22356063050473185,0.11244729718137259,True,True,True
412,0.482860085630728,0.3909930294159455,0.011673915125298896,0.11447296982802768,0.30811939730573346,0.5647537508577428,0.42372073563608265,0.25663435355200936,0.11560133833034919,True,True,True
413,0.08463493648026071,0.12377015619094471,0.025425851417639294,0.7661690559111554,0.30120624396746243,0.5551175103472104,0.4164135281405159,0.2539112663797479,0.11520728417305348,True,True,True
414,0.3554781363130263,0.16060443879898945,0.22280673904543163,0.2611106858425526,0.34092815804311677,0.6083060243152053,0.449254128771555,0.26737786627208854,0.10832597072843825,True,True,True
415,0.18930919001815616,0.14954681226683433,0.5194180314934931,0.1417259662215166,0.3346334928046437,0.5939670923473944,0.4361431517134977,0.2593335995427507,0.101509658908854,True,True,True
416,0.5020690587854394,0.1974475201681597,0.024215510065575246,0.2762679109808257,0.33400531835164043,0.6012134404091078,0.4477594324480799,0.2672081220574674,0.11375411409643948,True,True,True
417,0.028071831681839507,0.38591481435528313,0.10869997215395116,0.47731338180892624,0.278655866614579,0.5225508003271435,0.3936555605722276,0.24389493371256454,0.11499969395764864,True,True,True
418,0.36238280575830245,0.29334265219315453,0.27925802580416415,0.06501651624437885,0.3366683250141013,0.6051921755869392,0.44822499253878323,0.26852385057283784,0.11155666752468191,True,True,True
419,0.04265874906559889,0.2607637822981391,0.0963497347632127,0.6002277338730494,0.29308379590676187,0.5437931984238726,0.40784954884554625,0.25070940251711077,0.11476575293878438,True,True,True
420,0.061641920452386624,0.538871488517846,0.14864207422794484,0.2508445168018224,0.28063516175428865,0.5254659051692584,0.395711453081216,0.24483074341496974,0.11507629132692737,True,True,True
421,0.02656765535274582,0.37012544850416135,0.47854925446348173,0.12475764167961104,0.3310245901247335,0.5973972196185275,0.4416268997542015,0.26637262949379403,0.11060230962946799,True,True,True
422,0.2850403225331445,0.4426347274320378,0.058771739410878085,0.21355321062393964,0.2945943926827917,0.5457781003991643,0.41050931515486194,0.2511837077163726,0.11591492247207025,True,True,True
423,0.4253933908544168,0.13237058682903918,0.38317995403927374,0.059056068277270383,0.3332702988588086,0.590932605453955,0.4347454181414781,0.2576623065951464,0.1014751192826695,True,True,True
424,0.006126070967135323,0.03401858648020571,0.7730427569949523,0.1868125855577067,0.32172494647444544,0.5665108028222792,0.41353131432350215,0.24478585634783373,0.09180636784905671,True,True,True
425,0.6722916247477511,0.11280817512847875,0.07441398939617644,0.14048621072759385,0.3351369031321114,0.5950837972581644,0.4403501420433004,0.259946894126053,0.105213238911189,True,True,True
426,0.29568798509921695,0.05703598828065905,0.5229658920260846,0.12431013459403947,0.3242020617449262,0.5717916457134555,0.41889764749866115,0.24758958396852931,0.09469558575373493,True,True,True
427,0.4304906532998777,0.4678591706946213,0.07345016962173659,0.02820000638376437,0.3058987562651737,0.5616917387057199,0.4210799350383197,0.25579298244054616,0.11518117877314599,True,True,True
428,0.20328747672803688,0.08249089285722383,0.008027025977738706,0.7061946044370007,0.33259935869099594,0.5992278227348052,0.4465009834090202,0.2666284640438093,0.11390162471802429,True,True,True
429,0.0105606641845941,0.21071953867375628,0.7302152588383843,0.04850453830326533,0.33700697769828547,0.5992493848061662,0.43963373760583696,0.2622424071078807,0.10262675990755149,True,True,True
430,0.2043879823692883,0.17237488385655558,0.4813458501675723,0.14189128360658368,0.33715693542672154,0.5995821423061485,0.44078328869535943,0.26242520687942694,0.1036263532686379,True,True,True
431,0.15365793763206795,0.008388140716647606,0.09288123641861079,0.7450726852326737,0.3212113546475946,0.5655687564856252,0.41521587793786285,0.24435740183803062,0.09400452329026826,True,True,True
432,0.4225252976076283,0.23994210672193708,0.09186074524800016,0.24567185042243453,0.33063116704233925,0.5965507220039008,0.44383622115743687,0.26591955496156156,0.11320505411509763,True,True,True
433,0.2067810073272264,0.15334878781934677,0.038685483735159336,0.6011847211182674,0.3204449162376627,0.5821885681135786,0.43450955145251097,0.26174365187591586,0.11406463521484828,True,True,True
434,0.33062258224857816,0.11977884312005187,0.2537228043288814,0.29587577030248874,0.3363279216541828,0.5977362404564955,0.4404137254836601,0.26140831880231274,0.1040858038294773,True,True,True
435,0.3855910858487644,0.29020842375068856,0.32176691825223547,0.0024335721483114726,0.34005792466761703,0.6099807069729517,0.45124622831347033,0.2699227823053347,0.1111883036458533,True,True,True
436,0.35522523677505624,0.43338187120306554,0.012792459088246621,0.19860043293363164,0.2938511754250673,0.5446723074212899,0.4103386067545221,0.25082113199622263,0.11648743132945483,True,True,True
437,0.5526489669472777,0.05705837243169911,0.2965305500715013,0.09376211054952191,0.3246356474650406,0.5727829913660923,0.4210631179335877,0.24814734390105175,0.0964274704685471,True,True,True
438,0.002166112944036572,0.04902800890757794,0.6615582234874071,0.28724765466097835,0.32390681554774536,0.57110172141303,0.4171508543310551,0.2471949058652846,0.09324403878330972,True,True,True
439,0.6701209553231353,0.13976307051053247,0.024278278032867345,0.16583769613346486,0.3399193543153521,0.6058579658303495,0.44954404909395246,0.26593861151499737,0.10962469477860037,True,True,True
440,0.1870327556225368,0.5742831950898535,0.03187016167013941,0.20681388761747027,0.26654238188401796,0.5046142993590742,0.38286472191313214,0.23807191747505624,0.11632234002911418,True,True,True
441,0.06404679540744301,0.15464981175275075,0.5266945859941048,0.2546088068457015,0.33644118099277764,0.5979900953136387,0.4388819018573258,0.261548914320861,0.10244072086454814,True,True,True
442,0.1508348659199589,0.16050889805033083,0.1968239393831619,0.4918322966465484,0.33869160048310815,0.6080999464197107,0.4495928059813458,0.2694083459366025,0.11090120549823768,True,True,True
443,0.30667177510678073,0.4281815364161688,0.21295171763306556,0.05219497084398477,0.3170072869698525,0.5774590299169801,0.4303284835762911,0.2604517429471276,0.11332119660643863,True,True,True
444,0.3008708840556895,0.14861643556056867,0.07589762230420732,0.4746150580795345,0.3362162865958886,0.604433361309598,0.4488807031350046,0.2682170747137094,0.11266441653911602,True,True,True
445,0.009814726790202188,0.5811977375032176,0.15502681848215938,0.2539607172244208,0.27292155501653637,0.5140944570572945,0.3879023368793253,0.24117290204075814,0.11498078186278893,True,True,True
446,0.20334361806360166,0.4257760020296451,0.191170631260056,0.1797097486466973,0.3089756647865347,0.5661589893403316,0.42276165067064125,0.2571833245537969,0.11378598588410654,True,True,True
447,0.029995239491775526,0.317731985462182,0.07075901222536657,0.5815137628206759,0.272602266022851,0.5136083046360859,0.3878681892926934,0.24100603861323489,0.11526592326984242,True,True,True
448,0.3608941858339771,0.5731650741895584,0.02139849245183397,0.04454224752463032,0.2849812855091033,0.5317952651006206,0.4015652928486658,0.2468139795915173,0.11658400733956253,True,True,True
449,0.8867432481353038,0.05265506566573492,0.05202761803439086,0.008574068164570417,0.32419501940485157,0.5719737692411383,0.4224899126656243,0.24777874983628673,0.09829489326077273,True,True,True
450,0.5960015191893412,0.254279674226633,0.08284971565570319,0.06686909092832262,0.3359153294355769,0.603958097243123,0.44905362427818146,0.2680427678075461,0.11313829484260457,True,True,True
451,0.13413752954345906,0.46448575367592415,0.3375360540077258,0.06384066277289094,0.3171022424560172,0.5776891322756805,0.4295681006727451,0.2605868898196633,0.11246585821672789,True,True,True
452,0.06783251301838517,0.036729318579111686,0.38286208855489723,0.5125760798476059,0.3247372022020702,0.5728745028986001,0.4189958911936232,0.2481373006965299,0.09425868899155299,True,True,True
453,0.07993425783103442,0.00549444114364642,0.022256863701468368,0.8923144373238509,0.32351290270483846,0.5704671926677904,0.4200532135351541,0.246954289962952,0.09654031083031567,True,True,True
454,0.10684317107731506,0.4473720425858472,0.2989791977853496,0.14680558855148804,0.3134680990136753,0.572566390861167,0.4262297379072894,0.2590982918474917,0.11276163889361412,True,True,True
455,0.08211714695168486,0.046147640787927525,0.3403909934666753,0.5313442187937124,0.327003351097158,0.5776516416667756,0.4229178391241382,0.2506482905696176,0.09591448802698022,True,True,True
456,0.19524585561200827,0.14288874830406637,0.008103748394552194,0.6537616476893732,0.31290669403989974,0.5715034666882602,0.4281054277322444,0.2585967726483605,0.11519873369234468,True,True,True
457,0.23639845499424922,0.051094298414991184,0.5766866917193063,0.13582055487145314,0.3234994857913599,0.5702976132812891,0.41744433544640475,0.24679812748992924,0.09394484965504485,True,True,True
458,0.17498966635051988,0.2762483325670559,0.3346539128595609,0.21410808822286323,0.33559016292063215,0.6037574109473193,0.44648580671906496,0.2681672480266871,0.11089564379843281,True,True,True
459,0.03988679683756588,0.12014543326164742,0.7659425425728971,0.07402522732788959,0.32946173100153225,0.5827993226133528,0.42653768023990296,0.2533375916118205,0.0970759492383707,True,True,True
460,0.18188672249782992,0.221074299809595,0.2261490922489812,0.3708898854435937,0.3338326931882735,0.6012416291609146,0.4452097706335149,0.2674089359726411,0.11137707744524139,True,True,True
461,0.8209991061820948,0.07887587773578737,0.03710805348668805,0.0630169625954297,0.3287814664866403,0.5816297116814944,0.43019906866932256,0.25284824519485405,0.10141760218268225,True,True,True
462,0.4154268287934447,0.19781662615815546,0.06417918574300249,0.3225773593053973,0.3333397683380557,0.6003382645841118,0.44659332214178066,0.2669984962460561,0.11325355380372498,True,True,True
463,0.2969933191667466,0.28169254873979244,0.37762448988490804,0.04368964220855289,0.3413276443602441,0.611815768470807,0.45201416043284115,0.2704881241105629,0.11068651607259705,True,True,True
464,0.27193745363248223,0.11931449600351572,0.35670507142926206,0.2520429789347399,0.334380219405185,0.5934028413961722,0.436320705210743,0.2590226219909872,0.10194048580555803,True,True,True
465,0.42217726315676357,0.30085250530010893,0.055042563671925365,0.22192766787120208,0.3189711362242512,0.5800885830271422,0.433354066240035,0.26111744680289095,0.11438293001578376,True,True,True
466,0.5824549249440805,0.3862838929486811,0.006152751241872395,0.025108430865365933,0.3144485142752189,0.5736553359378209,0.4297111191379077,0.259206821662602,0.1152626048626888,True,True,True
467,0.041808191560833076,0.3831682736002503,0.503934789199394,0.07108874563952272,0.3319946886734877,0.5987607779329188,0.4425524456814918,0.2667660892594311,0.11055775700800413,True,True,True
468,0.15182216476317253,0.39563980528061654,0.28424347562182317,0.1682945543343879,0.31875431806444426,0.5800026189969942,0.4312204764402832,0.26124830093254997,0.11246615837583895,True,True,True
469,0.32009187804313227,0.25465764183662504,0.12667390236078982,0.29857657775945295,0.32668512593080684,0.5910473061123399,0.43969194848313,0.26436218018153307,0.11300682255232314,True,True,True
470,0.20567413991032418,0.36395045676564275,0.1781606740282793,0.2522147292957538,0.3132235729451394,0.5721429651445248,0.42669849657366943,0.25891939219938537,0.11347492362853001,True,True,True
471,0.1606024056732124,0.569970274997052,0.008631784200233012,0.2607955351295027,0.26933049805765824,0.49845550475291545,0.38383120446514474,0.2291250066952572,0.1145007064074865,True,True,True
472,0.19293494183910825,0.7151206198187364,0.015545321338511605,0.07639911700364377,0.26926993389619525,0.4984374996899835,0.3837358939262661,0.22916756579378827,0.11446596003007087,True,True,True
473,0.4056284049322366,0.057501033841635185,0.20406790746470183,0.3328026537614263,0.3274604253676274,0.5787316208801616,0.4258398163703254,0.25127119551253424,0.09837939100269805,True,True,True
474,0.30519211482468966,0.06641806830356252,0.14002068666784998,0.4883691302038979,0.3331803257171099,0.5907740769737586,0.4354583694370979,0.2575937512566487,0.102278043719988,True,True,True
475,0.35430085083738483,0.002299314775006217,0.6276350452008755,0.015764789186733477,0.31834499595127086,0.5594662899184405,0.40915609605635417,0.24112129396716964,0.09081110010508331,True,True,True
476,0.26201929439048416,0.04329105463026358,0.6069070583270332,0.08778259265221898,0.32242613475710674,0.5680412025763636,0.4157012630295666,0.24561506781925685,0.09327512827245987,True,True,True
477,0.13133166863435775,0.0534775026354508,0.12098353577374404,0.6942072929564475,0.33642982263737603,0.5979632174660013,0.44038155005480495,0.2615333948286253,0.10395172741742892,True,True,True
478,0.7060528206053303,0.05782565701969707,0.07494066486160517,0.16118085751336755,0.32627583569831486,0.5763323723121729,0.4255815294736041,0.25005653661385807,0.09930569377528925,True,True,True
479,0.5299103659414715,0.21921584275256692,0.12113501749703601,0.12973877380892562,0.3403134000264969,0.6101961956609357,0.4527545757290645,0.26988279563443884,0.11244117570256762,True,True,True
480,0.45775883917270654,0.0012405201057689992,0.3719512624122854,0.1690493783092391,0.31800273330622125,0.5587954682241761,0.4094912242148155,0.2407927349179549,0.09148849090859423,True,True,True
481,0.49072049128674056,0.030297580568866053,0.2754100307607763,0.20357189738361695,0.32178597365407835,0.5667833668289244,0.41627053744850784,0.24499739317484603,0.09448456379442949,True,True,True
482,0.3689019061288195,0.024058852897776175,0.31125222661131685,0.2957870143620875,0.3213089235725695,0.5657498750144999,0.414935282171782,0.2444409514419304,0.09362635859921248,True,True,True
483,0.18234073959136393,0.20507923893569707,0.2501741330073139,0.36240588846562494,0.3381474922273711,0.6073371253101776,0.4490563328358109,0.26918963308280647,0.11090884060843981,True,True,True
484,0.1112139082851237,0.6165192268994258,0.24390711838415763,0.028359746431292805,0.295788060789927,0.5476076132658917,0.4103121951060246,0.2518195524759647,0.11452413431609765,True,True,True
485,0.01865816622250645,0.12580719916762928,0.47519413890621004,0.3803404957036542,0.3356512111682431,0.5962324691164836,0.43725978114750524,0.26058125794824055,0.10160856997926215,True,True,True
486,0.5142415403266744,0.2409923671175974,0.1919789706209132,0.05278712193481504,0.3416619100854414,0.6121488379794493,0.4535374976204311,0.2704869278940079,0.11187558753498972,True,True,True
487,0.3038838961872849,0.4348324753534895,0.07087388797708963,0.19040974048213594,0.29891008873333164,0.5518654602431534,0.4144394860199386,0.2529553715098218,0.11552939728660694,True,True,True
488,0.08032185747828646,0.11720030575344192,0.5642284415995542,0.23824939516871751,0.3322184209374158,0.5886134679005728,0.4313621179551916,0.25639504696315696,0.09914369701777576,True,True,True
489,0.24929028205502854,0.13251544510415403,0.2449980999079745,0.37319617293284285,0.3398136623493329,0.6055314254115463,0.4464144265392176,0.26571776306221334,0.10660076418988468,True,True,True
490,0.04241983068582355,0.17765968503276144,0.6168227343398435,0.1630977499415716,0.33656364857174564,0.598262744188898,0.4389747607525262,0.2616990956171524,0.10241111218078058,True,True,True
491,0.3552163657072652,0.371060231366192,0.0853878663739826,0.1883355365525602,0.3108099238211705,0.5686332283881018,0.42542726919302337,0.2578233045669313,0.11461734537185286,True,True,True
492,0.18177974954436557,0.011849506135766505,0.010931413839640207,0.7954393304802277,0.3248741236330039,0.5734019576382724,0.42360313691965407,0.2485278340052685,0.09872901328665018,True,True,True
493,0.07542206980125092,0.1726298863202892,0.08391901547629353,0.6680290284021663,0.30977296810017585,0.5672963121985117,0.4233757727791387,0.2575233440983359,0.11360280467896283,True,True,True
494,0.06295388501215265,0.11777132476956878,0.4323631702526047,0.38691161996567375,0.3352859473657641,0.5954194126908388,0.4368611811686308,0.26013346532507464,0.1015752338028667,True,True,True
495,0.06640105015114602,0.523271494995315,0.1976152253043932,0.21271222954914581,0.2921174457305444,0.5424186836137851,0.40685848532897595,0.2503012378832407,0.11474103959843157,True,True,True
496,0.06467793898817836,0.03793711155377067,0.5876539864903476,0.30973096296770325,0.32287490270882846,0.5689461990356962,0.4157271796097109,0.24607129632686775,0.09285227690088244,True,True,True
497,0.16381987947770435,0.3730282170704469,0.4137801908381005,0.04937171261374815,0.3312737112246507,0.5976862147079685,0.44240322202945614,0.26641250348331774,0.11112951080480543,True,True,True
498,0.2654549694914174,0.0409754506269214,0.39213366176734915,0.3014359181143121,0.32363948851183766,0.5706177866176396,0.41814488471229483,0.24697829810580196,0.09450539620045717,True,True,True
499,0.8717155146164053,0.01985090954152115,0.016321443015876402,0.09211213282619725,0.3198657576063471,0.5628841255643267,0.4156676324404735,0.24301836795797954,0.09580187483412639,True,True,True
500,0.09360764433599521,0.08751419817296922,0.7303102874352618,0.08856787005577371,0.3265278910287965,0.5766362123718402,0.4218545354532597,0.25010832134304367,0.0953266444244632,True,True,True
501,0.08268150185732864,0.37112344787049295,0.15561836102775733,0.39057668924442096,0.2990977481554781,0.5522700590721719,0.4133783781674054,0.25317231091669373,0.11428063001192729,True,True,True
502,0.08095013548262871,0.800626959822117,0.040943648100160546,0.07747925659509383,0.275652511645901,0.494190809166995,0.3871013390499032,0.218538297521094,0.1114488274040022,True,True,True
503,0.6220219170143239,0.03936878329335529,0.1995895126908482,0.13901978700147255,0.32281452043502845,0.568988104242813,0.4187188516661728,0.24617358380778454,0.09590433123114434,True,True,True
504,0.1111293149737874,0.5992435578167843,0.005746544443472886,0.2838805827659555,0.2755198415659429,0.49464462918150787,0.38742874494713525,0.21912478761556498,0.11190890338119236,True,True,True
505,0.47629116208236566,0.118277057718733,0.39770283882593405,0.00772894137296726,0.33082280145431925,0.5857702863727535,0.43075557092260697,0.2549474849184343,0.09993276946828772,True,True,True
506,0.0884452377581434,0.04911126723799966,0.21390192487885756,0.6485415701249995,0.33166971940287837,0.5874911764780659,0.431041910637014,0.25582145707518755,0.09937219123413565,True,True,True
507,0.1228873004214661,0.44019057381350307,0.0915221600982185,0.34539996566681236,0.2830104642911808,0.5289446031700162,0.3985461848302428,0.24593413887883542,0.11553572053906197,True,True,True
508,0.11199641172908346,0.6422987640910182,0.16846105002894363,0.07724377415095486,0.2827888582686579,0.5286356010878808,0.3979909062611339,0.24584674281922286,0.11520204799247602,True,True,True
509,0.14606403838910623,0.19771594485946,0.30781205087286617,0.34840796587856765,0.34201943646681376,0.6128360161794146,0.45225259936070694,0.27081657971260087,0.11023316289389318,True,True,True
510,0.5298925588742277,0.2295907804965913,0.20654014862762873,0.03397651200155221,0.3432237880583689,0.6140091635056901,0.4545639046741574,0.27078537544732123,0.11134011661578852,True,True,True
511,0.43226729630784233,0.2819505972368864,0.015396964022674736,0.27038514243259665,0.31664754664390793,0.5767667778499752,0.43162854706860215,0.2601192312060673,0.11498100042469422,True,True,True
512,0.36552379343894353,0.039737441022828085,0.28572792682795184,0.30901083871027657,0.32381332339954894,0.5710251952270822,0.4191952354324432,0.24721187182753324,0.09538191203289426,True,True,True
513,0.029727463693945345,0.47779973575334966,0.3111238294211003,0.1813489711316047,0.3079819139461505,0.5648618663264037,0.42093573283102587,0.2568799523802532,0.11295381888487538,True,True,True
514,0.20736210821169507,0.17734411199574698,0.3517965973634405,0.2634971824291173,0.34089064417939174,0.6081886820304668,0.4480782991118219,0.2672980378510751,0.10718765493243015,True,True,True
515,0.021153470984060684,0.2363757922375499,0.5402091185170549,0.20226161826133454,0.3423842657127056,0.611867309283454,0.4500876195973452,0.2694830435707484,0.10770335388463964,True,True,True
516,0.025161174907830663,0.7276867724078823,0.10603479123372628,0.14111726145056078,0.26867561071765617,0.49775603039340344,0.3822518852014596,0.22908041967574727,0.11357627448380342,True,True,True
517,0.06599309761977351,0.14696702899620934,0.5183728968220424,0.2686669765619748,0.33592863655156147,0.5968495682771491,0.43797395468718253,0.2609209317255876,0.10204531813562107,True,True,True
518,0.03530899604971131,0.32378242128925705,0.3260067383766673,0.3149018442843643,0.32372252683916913,0.587078758315011,0.4351425311965171,0.26335623147584186,0.11142000435734795,True,True,True
519,0.04165440813922775,0.091611261644301,0.6410292981504975,0.22570503206597373,0.32842600009383893,0.5806216017853983,0.42484846222949046,0.2521956016915594,0.09642246213565153,True,True,True
520,0.008834252714631504,0.021626777210698608,0.19997966342911927,0.7695593066455506,0.3261377867844491,0.5758030594553412,0.42098182380791516,0.24966527267089206,0.09484403702346605,True,True,True
521,0.2927021847630435,0.2605727819826904,0.04216676280123007,0.4045582704530359,0.3117768066074792,0.5699614316452248,0.4266212857999075,0.25818462503774564,0.1148444791924283,True,True,True
522,0.24534608787328754,0.06802604988287866,0.21235380847452962,0.4742740537693041,0.33200338904691173,0.5882520675095398,0.4326716289631556,0.2562486784626281,0.10066823991624385,True,True,True
523,0.07907525220358695,0.25712510943642203,0.11745839637379689,0.546341241986194,0.30437449580763687,0.5597010880801884,0.41828862913280335,0.2553265922725515,0.11391413332516648,True,True,True
524,0.21698206042328805,0.25347218124069676,0.4026145528449284,0.12693120549108686,0.3432334159807765,0.6145386558564878,0.45344353771491086,0.2713052398757113,0.11021012173413436,True,True,True
525,0.5372942546882029,0.16590259399077997,0.03745593812903742,0.2593472131919796,0.34180323732061696,0.6122080820491288,0.4548999484810049,0.27040484472851184,0.11309671116038794,True,True,True
526,0.25142906751647687,0.06075762473865425,0.31042472506040164,0.37738858268446723,0.32783758222037995,0.5794626726845203,0.425321174730934,0.2516250904641404,0.09748359251055405,True,True,True
527,0.06744301712813774,0.8540674858906308,0.03154636949647363,0.04694312748475782,0.2787899540380829,0.49235614075056655,0.38903052458188847,0.21356618671248367,0.1102405705438056,True,True,True
528,0.05540591630849434,0.6106725940923777,0.2890241229362529,0.044897366662875034,0.2979579412791306,0.5506992062781856,0.4120157652061651,0.25274126499905497,0.11405782392703451,True,True,True
529,0.1542195138092218,0.25383314968967696,0.02315806259898652,0.5687892739021146,0.28937444613796354,0.5382893520571513,0.40568246898319166,0.2489149059191878,0.11630802284522812,True,True,True
530,0.2588782815406218,0.11191232593021223,0.5431815725446573,0.08602781998450872,0.329960531648101,0.583900894038795,0.4283173507039456,0.25394036239069395,0.09835681905584459,True,True,True
531,0.6438918143108898,0.17136610889196763,0.15653270456139862,0.028209372235743997,0.33927450677596444,0.6042915685206223,0.4470449311434088,0.26501706174465783,0.10777042436744438,True,True,True
532,0.7408261639071189,0.19339336620827235,0.061380966360743756,0.004399503523865013,0.3416939086630145,0.610248357186938,0.4528269616437619,0.2685544485239235,0.11113305298074738,True,True,True
533,0.1624535991148637,0.14841056510499623,0.25160514841992154,0.43753068736021855,0.3425328902781862,0.6122616174193135,0.45156232442370614,0.26972872714112733,0.10902943414551997,True,True,True
534,0.023251549266772486,0.36952431844846795,0.058322501286651354,0.5489016309981082,0.26587786805486596,0.49942616983834226,0.38056866289713465,0.2335483017834763,0.11469079484226868,True,True,True
535,0.41657498421894795,0.18963509854807326,0.3018329591505252,0.09195695808245352,0.34011362725460165,0.6062830139770196,0.44739565209812215,0.2661693867224179,0.10728202484352051,True,True,True
536,0.1863529378333901,0.5042663187080163,0.17984228001133995,0.1295384634472536,0.3001455031644024,0.5537077745288188,0.41468619343900825,0.2535622713644164,0.11454069027460584,True,True,True
537,0.22403877391025112,0.5790335200358732,0.1341925358713207,0.06273517018255503,0.29153000213285857,0.5415094128331758,0.40707295175823893,0.2499794107003172,0.11554294962538036,True,True,True
538,0.36897823703090066,0.5182868743177205,0.03143943899486284,0.08129544965651615,0.2917484603870306,0.5417315699801082,0.40820202042850867,0.24998310959307757,0.11645356004147805,True,True,True
539,0.05979264802179145,0.16698555676896623,0.23370407800335263,0.5395177172058897,0.3363893718354866,0.6049292719088386,0.4468211854135336,0.268539900073352,0.11043181357804699,True,True,True
540,0.24495116287687047,0.22562786063891774,0.10105096365855816,0.4283700128256535,0.32238284418789626,0.584987678181182,0.43569640401110254,0.26260483399328577,0.11331355982320629,True,True,True
541,0.11287730660584974,0.6851248091715335,0.17809124428536652,0.023906639937250146,0.2819329813539075,0.5273734203445766,0.39713269165292003,0.24544043899066909,0.11519971029901255,True,True,True
542,0.40967224917584444,0.14285872425652937,0.42124234783506775,0.026226678732558472,0.33361200811034664,0.591693138503816,0.4352058118137056,0.25808113039346936,0.10159380370335896,True,True,True
543,0.0457652040331509,0.4609463533453904,0.06135460172283731,0.4319338408986214,0.2665482558156416,0.4992088632041563,0.3811707969075876,0.23266060738851468,0.11462254109194597,True,True,True
544,0.10044036351257743,0.3157941554711853,0.3633228446049023,0.22044263641133494,0.3307356851305789,0.5969466536890488,0.44174300329187455,0.2662109685584699,0.11100731816129566,True,True,True
545,0.3644920992060185,0.23920753201104283,0.033771293335433744,0.3625290754475049,0.3197928653579488,0.5812275100786372,0.43427970485615613,0.26143464472068834,0.11448683949820732,True,True,True
546,0.1441329116420078,0.37915709550725846,0.2789731716417415,0.1977368212089921,0.31933563110364566,0.5808249373973935,0.4317290172991877,0.26148930629374784,0.11239338619554207,True,True,True
547,0.29166267426041675,0.20534359501703328,0.056611894921316866,0.4463818358012332,0.32256048205768667,0.5851715763087625,0.43644521963435956,0.2626110942510758,0.11388473757667289,True,True,True
548,0.42031015927460647,0.3110023393858511,0.044512192535803186,0.22417530880373943,0.3163213098769836,0.5763451941823079,0.4309917230103249,0.2600238843053243,0.11467041313334131,True,True,True
549,0.158741674772857,0.5144928104206107,0.2035802786779949,0.12318523612853731,0.3005800898323798,0.5543394447294957,0.4149174709597215,0.2537593548971159,0.11433738112734165,True,True,True
550,0.8414031288091488,0.0262336565983415,0.12276495410790725,0.009598260484602413,0.3205122262580392,0.564191191955903,0.4157668528235553,0.24367896569786374,0.09525462656551609,True,True,True
551,0.21963466892272332,0.40804733032778007,0.053584320465142124,0.3187336802843545,0.28965816095040753,0.53871986015365,0.4057404734853848,0.2490616992032425,0.11608231253497725,True,True,True
552,0.059602861949515765,0.41673777245646015,0.24182445412078998,0.28183491147323403,0.3064500259555638,0.5626773459231202,0.4197499893546518,0.25622731996755643,0.11329996339908799,True,True,True
553,0.003655727295999061,0.6622576081430417,0.2609575459225654,0.07312911863839387,0.28724686085579976,0.5352469953447773,0.40176748872409607,0.2480001344889775,0.11452062786829631,True,True,True
554,0.41316937919614527,0.07724581307898033,0.48167947721971016,0.027905330505164163,0.3259272927355181,0.5754464522445956,0.4222118483277987,0.24951915950907744,0.09628455559228055,True,True,True
555,0.5126089724751987,0.32789849179197533,0.042783171151584386,0.1167093645812414,0.32016634621244583,0.5817486099489237,0.43467002618565675,0.2615822637364779,0.11450367997321093,True,True,True
556,0.006515378816043135,0.3301933740904456,0.18712809988100604,0.47616314721250536,0.301700129461975,0.5560038334840358,0.41519285386317584,0.2543037040220608,0.11349272440120084,True,True,True
557,0.1665370428576133,0.16834183682280088,0.6418261638682546,0.023294956451331075,0.3341255999159414,0.592837147119892,0.43502437868956223,0.2587115472039506,0.10089877877362086,True,True,True
558,0.3733643582759684,0.3061777296369681,0.17644347274836492,0.14401443933869856,0.3282944482872618,0.5933337550139218,0.44101244079708096,0.26503930672666004,0.11271799250981918,True,True,True
559,0.7988759229211104,0.07348114037638115,0.02949025655782387,0.09815268014468456,0.32842498006178733,0.5808835382595895,0.4296793756184109,0.25245855819780216,0.10125439555662358,True,True,True
560,0.20079627185658058,0.0044766849657302595,0.11091070725819138,0.6838163359194978,0.3191872191820828,0.5613162270010895,0.41197692224995913,0.2421290078190067,0.09278970306787632,True,True,True
561,0.4284102582440715,0.16309880961205014,0.01455220237136907,0.3939387297725095,0.3342261424175073,0.6015142006202165,0.44805489486714806,0.26728805820270923,0.11382875244964075,True,True,True
562,0.2582501487319249,0.03450680663855044,0.027855550346649986,0.6793874942828745,0.33188246253476555,0.5881282547587282,0.43486152231626807,0.25624579222396265,0.10297905978150251,True,True,True
563,0.1896229821637985,0.3030167415702502,0.361985847346094,0.14537442891985716,0.3351888550111239,0.6031910749271064,0.44612285472074786,0.26800221991598255,0.11093399970962398,True,True,True
564,0.3248712440729259,0.2509526649624585,0.16994840152833846,0.25422768943627716,0.33174162255271405,0.5982037633022795,0.444083756996365,0.2664621407495655,0.11234213444365093,True,True,True
565,0.2845797352720394,0.1763177691522202,0.42695559171342257,0.112146903862318,0.3377253541693834,0.6008465829612046,0.4421877670050106,0.26312122879182126,0.10446241283562724,True,True,True
566,0.2312023085847012,0.24694758347423973,0.2216917358157691,0.30015837212529,0.3324378368762281,0.5992492481154331,0.4441589101247767,0.26681141123920504,0.11172107324854863,True,True,True
567,0.17105641855235934,0.4532124048475437,0.06945723106800966,0.30627394553208737,0.28280173596218655,0.5286192020124282,0.39866583063365285,0.24581746605024163,0.1158640946714663,True,True,True
568,0.11838275078661305,0.1869605003872191,0.5321731771446447,0.162483571681523,0.3383004987302868,0.6021272098130989,0.4424477167593609,0.2638267110828121,0.10414721802907412,True,True,True
569,0.43264753887727875,0.22435435906195816,0.319609714520207,0.023388387540556242,0.34150193392405737,0.6097238569690485,0.4502373341301199,0.26822192304499115,0.10873540020606254,True,True,True
570,0.2054182283700902,0.31432350115526214,0.4475629856568343,0.032695284817813364,0.3394371519988846,0.6091950096168044,0.44988912292785865,0.2697578576179198,0.11045197092897407,True,True,True
571,0.03400277716877816,0.07305182746839083,0.802221518470824,0.090723876892007,0.3249521362711242,0.5733076441214564,0.41900281216935165,0.24835550785033222,0.09405067589822746,True,True,True
572,0.3060948234965921,0.10156218512065707,0.43905187204473023,0.15329111933802064,0.3301405456236921,0.5842998193580213,0.42898478820729646,0.2541592737343292,0.09884424258360436,True,True,True
573,0.23860569766598344,0.7477989521080316,0.005680103385155615,0.00791524684082937,0.2681203412198861,0.49927345842670606,0.3832069844441792,0.23115311720681997,0.11508664322429313,True,True,True
574,0.30422175413438607,0.046029836060449164,0.14064899220157764,0.509099417603587,0.3284909565160317,0.5809062223493041,0.42766353990005446,0.2524152658332724,0.09917258338402274,True,True,True
575,0.45865343247597545,0.23993343518585322,0.2032014161465627,0.09821171619160868,0.3407233385092483,0.6108457534409308,0.4524997241263225,0.27012241493168254,0.1117763856170742,True,True,True
576,0.6329425412058834,0.1192648335282143,0.021483151627156936,0.2263094736387454,0.33857581487117444,0.6027355314973041,0.44703017924318855,0.26415971662612964,0.10845436437201411,True,True,True
577,0.03634066038389772,0.12733212515701206,0.21291603481751936,0.623411179641571,0.3402674083080586,0.6104194703189337,0.4501752205240797,0.2701520620108751,0.10990781221602108,True,True,True
578,0.09762349264967662,0.17384955843129135,0.7082976025677451,0.02022934635128695,0.33407415864242995,0.5927229614515922,0.4346651528745005,0.25864880280916225,0.10059099423207057,True,True,True
579,0.16903398116089222,0.2640789978773144,0.28831627192900433,0.27857074903278917,0.33325135410663603,0.6004487956367023,0.44444123345074327,0.26719744153006625,0.11118987934410723,True,True,True
580,0.4821320081327811,0.25341489756693025,0.189523414577658,0.07492967972263052,0.3391561375781441,0.6086231567491275,0.4511784976511532,0.26946701917098337,0.11202236007300909,True,True,True
581,0.26458343137211765,0.47281998866784314,0.26235786684830437,0.00023871311173483717,0.3159531416882185,0.5760036685604639,0.42909086660743156,0.26005052687224545,0.11313772491921309,True,True,True
582,0.7107460058780132,0.03687484350393194,0.20926537701558579,0.04311377360246921,0.3219619001823735,0.5671999520347377,0.41741174825144095,0.24523805185236425,0.09544984806906748,True,True,True
583,0.34392941973369834,0.4310120855562762,0.04516836503335145,0.17989012967667398,0.2985370711050675,0.5513087460867008,0.4143689662058419,0.2527716749816333,0.1158318951007744,True,True,True
584,0.3497991305715188,0.26441790679761784,0.07406541060580343,0.3117175520250599,0.3209505840529535,0.5829103514876244,0.43489492502433147,0.26195976743467086,0.11394434097137796,True,True,True
585,0.7002706098945168,0.03707953209440348,0.042074751579837824,0.22057510643124195,0.3234126560118999,0.5703270525292296,0.42118236107079055,0.24691439651732966,0.09776970505889065,True,True,True
586,0.5138903578036255,0.19964617823569755,0.20523955549071785,0.08122390846995921,0.3416694075902225,0.6101556802370549,0.4513355916439289,0.2684862726468324,0.10966618405370637,True,True,True
587,0.20623202118087172,0.002331898193849793,0.2314906064376354,0.5599454741876431,0.3184816282697294,0.5597810035674342,0.40988091993824477,0.2412993752977048,0.09139929166851535,True,True,True
588,0.21390049561269447,0.46674178579144804,0.2903780133682187,0.02897970522763874,0.3165108849340366,0.5768151980086796,0.4293801860865313,0.260304313074643,0.11286930115249466,True,True,True
589,0.7025148655593217,0.020752908932658094,0.2304564896053421,0.04627573590267811,0.3199626306829149,0.562985790328174,0.41395870446857214,0.24302315964525906,0.09399607378565722,True,True,True
590,0.007475836478153503,0.3480529606014037,0.2219547277262705,0.4225164751941723,0.30604024742220437,0.5621310522271745,0.41909761127647904,0.25609080480497015,0.11305736385427467,True,True,True
591,0.46414021402951516,0.024113706819465227,0.07076603860582427,0.4409800405451953,0.3226647230875877,0.5687179671550152,0.4192948345296887,0.2460532440674275,0.09663011144210099,True,True,True
592,0.090368768699071,0.2808454031721329,0.22712078303911531,0.40166504508968087,0.32085957370978285,0.5829908987714698,0.4329722676188171,0.26213132506168696,0.11211269390903422,True,True,True
593,0.37071222027475015,0.17667018603118828,0.3513589629763787,0.10125863071768282,0.3384919639694677,0.6025519363943315,0.44404482265429873,0.2640599724248638,0.10555285868483105,True,True,True
594,0.0888940328289746,0.37815266278263027,0.14373056647617438,0.3892227379122206,0.29678998325759515,0.5490063069819326,0.4113526066196192,0.2522163237243375,0.11456262336202405,True,True,True
595,0.2569812990551786,0.2897670969517124,0.3694150949705654,0.08383650902254376,0.33902555119407846,0.608580039269951,0.44981722940625657,0.2695544880758725,0.11079167821217811,True,True,True
596,0.1454742448351444,0.33063389558158696,0.1757439857804252,0.34814787380284345,0.3120835291928159,0.5705614310635637,0.42542678693457836,0.2584779018707478,0.11334325774176246,True,True,True
597,0.4021387989485577,0.38348601371485336,0.15433764635151503,0.060037540985073856,0.3201249439765917,0.5817985420935862,0.43367834302082275,0.2616735981169945,0.11355339904423106,True,True,True
598,0.1680986252185168,0.0459302699252496,0.6592479167956518,0.12672318806058194,0.3227866652640368,0.5687797438679848,0.41593228441272934,0.24599307860394798,0.09314561914869252,True,True,True
599,0.0747481701856142,0.011484091222467123,0.46242459158415417,0.45134314700776457,0.32007091351932243,0.5630525879924799,0.41119132293176547,0.2429816744731575,0.09112040941244304,True,True,True
600,0.2994447643464461,0.05350852318256021,0.37895466915072573,0.2680920433202679,0.3251970925057526,0.5739047408376652,0.42090386502757154,0.24870764833191256,0.09570677252181892,True,True,True
601,0.4095076876866829,0.337192207860464,0.16427401952699155,0.08902608492586142,0.32574397607578737,0.5897222011190042,0.4388137176457476,0.26397822504321683,0.11306974156996025,True,True,True
602,0.6971943260924547,0.09532623965293932,0.18361932023122213,0.023860114023383904,0.32962481528510845,0.5833310223099551,0.43025861966618134,0.2537062070248467,0.10063380438107289,True,True,True
603,0.1407889167235596,0.005914009430384399,0.14913019256611296,0.704166881279943,0.3198816977914346,0.5627309822252474,0.4122778459277503,0.24284928443381282,0.09239614813631569,True,True,True
604,0.46304955750362464,0.03798870368795892,0.03003154768106779,0.4689301911273485,0.3268116792141583,0.5774765176784231,0.4267754169989052,0.2506648384642648,0.09996373778474688,True,True,True
605,0.07844740622307163,0.010629700277262268,0.6349561420428951,0.27596675145677113,0.3195798666082102,0.5620139342107323,0.41027732803736494,0.24243406760252212,0.09069746142915475,True,True,True
606,0.05796704135284552,0.39107105330003217,0.020960094007253946,0.5300018113398683,0.2725612850284206,0.49610537193785575,0.3853167962637507,0.22354408690943517,0.11275551123533012,True,True,True
607,0.07182972250599554,0.4179959111583464,0.17606740391268696,0.33410696242297117,0.297327503483735,0.5497846090957238,0.41166492010526423,0.2524571056119888,0.11433741662152924,True,True,True
608,0.5033235523143845,0.04140588535391114,0.3952211697750561,0.06004939255664835,0.322361259338091,0.5679693641243249,0.4167770257959975,0.24560810478623385,0.0944157664579065,True,True,True
609,0.26321493537019264,0.2249117176910277,0.42138623340327147,0.09048711353550819,0.3413917836281268,0.6094321737037193,0.4491692274623567,0.2680403900755925,0.10777744383422994,True,True,True
610,0.16753095438774665,0.16201825675471276,0.29799465975155154,0.3724561291059891,0.3419408573775552,0.610791194909495,0.4502106397975514,0.26885033753193976,0.10826978241999619,True,True,True
611,0.39842010030977665,0.2470461452768791,0.20600578572485148,0.14852796868849275,0.3380723748843828,0.607126800439722,0.4499070323531003,0.2690544255553392,0.11183465746871751,True,True,True
612,0.014179657451074032,0.10011725017509683,0.07523756681821589,0.8104655255556131,0.3148693298092789,0.5745685817190231,0.4272791956106452,0.25969925190974424,0.1124098658013663,True,True,True
613,0.360825038638883,0.188687598964933,0.3841908817006494,0.06629648069553438,0.3387778351806473,0.6031881947129984,0.44442762656736856,0.26441035953235115,0.10564979138672126,True,True,True
614,0.21300034974049956,0.35706265159573575,0.24352097291101343,0.1864160257527512,0.32152563156446756,0.5838750505751074,0.4340661043432215,0.2623494190106398,0.11254047277875395,True,True,True
615,0.5636020886568827,0.23501385592804483,0.1081128038635177,0.09327125155155483,0.33873166193103194,0.607951409948715,0.4514349413050242,0.26921974801768306,0.11270327937399227,True,True,True
616,0.5580053906561345,0.12940080517594532,0.2894180238078396,0.02317578036008057,0.3333116274538236,0.5910414881777014,0.43551398678707826,0.2577298607238778,0.10220235933325467,True,True,True
617,0.12877027394775004,0.1562498904463442,0.05156548256170818,0.6634143530441976,0.312210747861555,0.5706481694290335,0.4263590236566714,0.2584374215674785,0.11414827579511638,True,True,True
618,0.37039032645381126,0.19748507657209746,0.1175449157387964,0.31457968123529495,0.3363244722387663,0.604609164424347,0.44877487267226823,0.26828469218558065,0.11245040043350191,True,True,True
619,0.04097134462425384,0.45739895164346855,0.039014975076859554,0.4626147286554181,0.2723212599064274,0.4959787787159643,0.3848790222326727,0.22365751880953688,0.11255776232624526,True,True,True
620,0.05905739107211793,0.38371357111308957,0.5277402500803964,0.029488787734395998,0.33381261381327654,0.6013208377766893,0.4442445484813373,0.2675082239634128,0.11043193466806078,True,True,True
621,0.08584106815966085,0.5476237669028123,0.09127874781050895,0.2752564171270179,0.26949667416652645,0.5090105192714194,0.38508895281425104,0.23951384510489293,0.11559227864772459,True,True,True
622,0.462093542988633,0.2447128982178683,0.1750420701227224,0.11815148867077639,0.33851333731976396,0.6077130572018287,0.45062323007436184,0.2691997198820647,0.11210989275459787,True,True,True
623,0.43249097140403076,0.14730753142822928,0.21583481709463215,0.20436668007310776,0.3387752853633621,0.6031815742861742,0.4453205044842512,0.26440628892281215,0.1065452191208891,True,True,True
624,0.11729160469562105,0.2733622784848557,0.5380284049193972,0.07131771190012608,0.34311439008180256,0.6136865529864169,0.45201825385951355,0.2705721629046144,0.108903863777711,True,True,True
625,0.244756351203915,0.20140195064641797,0.11868440021683582,0.43515729793283126,0.32857801032054507,0.593736142507207,0.44124937326196634,0.2651581321866619,0.11267136294142127,True,True,True
626,0.07873528943384223,0.04071862518516372,0.6770358966509217,0.20351018873007246,0.32255593865648163,0.5682758463842603,0.4152124393088267,0.24571990772777869,0.09265650065234504,True,True,True
627,0.2966859568808903,0.35337309343509754,0.0101934432287542,0.339747506455258,0.29461954224771064,0.5457533284749565,0.4110627534177791,0.25113378622724586,0.11644321117006845,True,True,True
628,0.1213110661750354,0.14567330635655532,0.20091567636063132,0.5320999511077781,0.34019764282327075,0.6102460990445899,0.450771850619973,0.2700484562213192,0.11057420779670224,True,True,True
629,0.006198753683404706,0.20807106365039155,0.373785195692226,0.4119449869739779,0.3401125132092517,0.6102357684914131,0.4497278812775221,0.27012325528216147,0.10961536806827044,True,True,True
630,0.555304853720715,0.0679769182540824,0.16753133847072418,0.2091868895544783,0.32792842538962075,0.5797526606182749,0.42728065908567214,0.25182423522865416,0.0993522336960514,True,True,True
631,0.3048920084590057,0.061054704692899746,0.044208107295961335,0.5898451795521333,0.3368819320021518,0.5989670735409681,0.4432581196556588,0.26208514153881635,0.10637618765350704,True,True,True
632,0.0009858840312585281,0.6786977467667349,0.1250848559061706,0.19523151329583596,0.266340709708164,0.49890994385451554,0.3805863156592806,0.23256923414635156,0.1142456059511166,True,True,True
633,0.09974819240996484,0.004120828219101,0.38265714613029195,0.5134738332406422,0.3190189888957113,0.5608517503791294,0.4096757452246159,0.2418327614834181,0.09065675632890463,True,True,True
634,0.308804758365898,0.03528783494290263,0.32052465772221045,0.33538274896898884,0.32321792755769907,0.5697527201145158,0.417847210431667,0.24653479255681676,0.09462928287396793,True,True,True
635,0.20089704141767176,0.2716446285087734,0.3496762092699863,0.17778212080356853,0.3379543931239013,0.6070855145190782,0.4486976790331085,0.2691311213951769,0.11074328590920718,True,True,True
636,0.06793036557353685,0.4896098841208612,0.059181743033905866,0.38327800727169614,0.2657570213583261,0.499810928000893,0.38083578215081343,0.23405390664256692,0.11507876079248736,True,True,True
637,0.45948914720893624,0.06002640097876663,0.37706485033964626,0.10341960147265086,0.32482036439189277,0.5731408189692578,0.42080520086402506,0.24832045457736507,0.0959848364721323,True,True,True
638,0.21225313268436233,0.37920959811388927,0.009647497139281815,0.3988897720624665,0.27932006224722405,0.523443950020709,0.3959369262884574,0.24412388777348493,0.11661686404123334,True,True,True
639,0.3954218183576107,0.19042603974416644,0.042773295608524206,0.3713788462896986,0.3308374956273845,0.5967897832548323,0.4444817629922516,0.2659522876274478,0.1136442673648671,True,True,True
640,0.5386860881594991,0.4180024240907251,0.0175426071161536,0.025768880633622163,0.3102189123794213,0.567714284344922,0.4256403327164697,0.2574953719655007,0.11542142033704844,True,True,True
641,0.3531776841060816,0.23971148203668796,0.18114589695363575,0.2259649369035949,0.3353544605344078,0.603294528285614,0.44741966706196246,0.2679400677512062,0.11206520652755464,True,True,True
642,0.2272256228551069,0.36985745143632254,0.07253411673435682,0.3303828089742138,0.29808400806222946,0.5507219931728453,0.41349581323483864,0.25263798511061586,0.11541180517260918,True,True,True
643,0.16760502834704202,0.279625667146905,0.11071884723154071,0.44205045727451225,0.3095817516925851,0.5669850062564191,0.42356790519277415,0.257403254563834,0.11398615350018904,True,True,True
644,0.6156213828703141,0.14744655567528078,0.07059068876525676,0.16634137268914842,0.34009558050066585,0.6062823013916891,0.4493440347534317,0.2661867208910233,0.10924845425276586,True,True,True
645,0.03620838460736199,0.606011339739601,0.19306326039926186,0.16471701525377516,0.28218580038757873,0.5277651625662767,0.39703257387395857,0.24557936217869797,0.11484677348637984,True,True,True
646,0.28585558262459554,0.3178569015966872,0.02415153272690981,0.3721359830518074,0.300244971425982,0.5536960286468637,0.4161157336890281,0.25345105722088174,0.1158707622630461,True,True,True
647,0.056677383480352866,0.25610816552504717,0.3537926138966815,0.33342183709791834,0.3346614790339123,0.6025091006471945,0.44509750340427945,0.26784762161328224,0.11043602437036715,True,True,True
648,0.2523975659590452,0.23050091422679897,0.04839413254768528,0.46870738726647065,0.31331718538832554,0.5721493842620977,0.4278900032067441,0.2588321988737722,0.11457281781841855,True,True,True
649,0.21375559688957219,0.4634742246130039,0.22578174142974555,0.09698843706767843,0.31047522124639576,0.5682828555381565,0.42405048429613024,0.25780763429176073,0.11357526304973448,True,True,True
650,0.3531585608175863,0.01986668800843943,0.4910824030917819,0.13589234808219225,0.32018973024847364,0.5633619478392703,0.41247460137321895,0.24317221759079666,0.09228487112474532,True,True,True
651,0.00012392383583274474,0.6583933384206291,0.0441454539871762,0.2973372837563619,0.28004285250948924,0.4912934544642762,0.3894421632098511,0.21125060195478695,0.10939931070036185,True,True,True
652,0.39286036126889484,0.020720200120836314,0.5851945369267458,0.0012249016835230648,0.31998337938678467,0.56292366087434,0.41205726159696726,0.2429402814875553,0.09207388221018259,True,True,True
653,0.1336004499174613,0.6365534408313251,0.17919480986854452,0.05065129938266904,0.28696488017657545,0.53479635200876,0.4021357137413103,0.2478314718321845,0.11517083356473484,True,True,True
654,0.14950686937079433,0.10552268002270439,0.6191372148764706,0.1258332357300306,0.3291876918888125,0.5822484041659541,0.42655324818525675,0.25306071227714166,0.09736555629644428,True,True,True
655,0.2302453862129191,0.32924580652050306,0.08419542495955995,0.3563133823070179,0.3048138534911832,0.5602158766421089,0.4196127942523824,0.25540202315092575,0.11479894076119923,True,True,True
656,0.0937078435234976,0.6580084165847659,0.018501494912601918,0.22978224497913452,0.2759099491036766,0.4942358876543292,0.38747227903016784,0.21832593855065258,0.11156232992649123,True,True,True
657,0.20085158146228288,0.1446828982495749,0.29547527307229315,0.3589902472158491,0.34013718247211655,0.6063238667399957,0.44665328110902003,0.26618668426787917,0.10651609863690348,True,True,True
658,0.001726174990606103,0.07210737329666748,0.4928207582407296,0.43334569347199686,0.3290434298273207,0.581911565060276,0.4257046603819539,0.25286813523295526,0.09666123055463322,True,True,True
659,0.37428444364414487,0.1583807885829897,0.33318190556118416,0.13415286221168124,0.3372795783552378,0.5998540555077362,0.44194390430803654,0.2625744771524984,0.10466432595279873,True,True,True
660,0.11714803541148154,0.036855969675325916,0.5039678402958012,0.34202815461739133,0.32307241003029025,0.5693782518642728,0.41635628322903595,0.24630584183398258,0.0932838731987457,True,True,True
661,0.011401218614952989,0.1030484648632882,0.7253444146879371,0.16020590183382163,0.32866722529474635,0.5811217722038856,0.42511327609673577,0.25245454690913927,0.09644605080198942,True,True,True
662,0.3026553959801233,0.3266881045329344,0.12508837996431058,0.24556811952263172,0.31689410198718027,0.5772517959957996,0.4306444485309211,0.2603576940086193,0.11375034654374083,True,True,True
663,0.18371176034368272,0.021395551822159138,0.580553219745631,0.21433946808852725,0.3205876499905128,0.5641595425102178,0.41240864468479294,0.243571892519705,0.09182099469428012,True,True,True
664,0.3498940291562704,0.38483512392509517,0.04827038583577992,0.2170004610828546,0.30370857832926385,0.5585950180593892,0.41915091566832957,0.2548864397301253,0.11544233733906573,True,True,True
665,0.15452868123727792,0.512902316741733,0.05875045619942477,0.27381854582156423,0.2730071958005066,0.5141670025262584,0.3889936825645923,0.24115980672575177,0.11598648676408574,True,True,True
666,0.3762645369725306,0.14071210957673125,0.05905263314735439,0.42397072030338373,0.3403467327927326,0.6102092675853077,0.45308385211526003,0.2698625347925751,0.11273711932252745,True,True,True
667,0.41170701187477965,0.11637602960931542,0.31764709737816466,0.15426986113774022,0.3332264499644322,0.5908348381456211,0.43485131898596074,0.2576083881811889,0.10162486902152856,True,True,True
668,0.31075403453048484,0.055274947833451125,0.5496643501824842,0.0843066674535799,0.3237341406306401,0.5708069745911312,0.41811942807483343,0.24707283396049107,0.09438528744419333,True,True,True
669,0.3366587369140772,0.04394116652700686,0.08680973736041096,0.532590359198505,0.32915189109441784,0.5823372908801847,0.42949894193899374,0.2531853997857669,0.1003470508445759,True,True,True
670,0.11943085516387841,0.692122702984102,0.005676811610817032,0.18276963024120252,0.2764759952861809,0.4940610952224241,0.38799014299051793,0.2175850999362432,0.11151414770433704,True,True,True
671,0.37489185065643615,0.01778051030627144,0.12099422960138718,0.4863334094359052,0.32147678722309136,0.5661729233112709,0.41649184683640883,0.24469613608817953,0.09501505961331747,True,True,True
672,0.23755486908982465,0.18123381539258746,0.2648596974885085,0.3163516180290793,0.3431978286908955,0.6139172992912647,0.4532692324864394,0.2707194706003692,0.11007140379554392,True,True,True
673,0.002132821173701856,0.13340007262467976,0.7079376503394454,0.1565294558621729,0.3320019148539347,0.588137506193122,0.430629521629737,0.2561355913391873,0.09862760677580229,True,True,True
674,0.2529015228370115,0.08352009632917022,0.3323168440635655,0.3312615367702529,0.33081832170481346,0.5857312591559289,0.4302064481952417,0.2549129374511155,0.09938812649042822,True,True,True
675,0.15951503052511326,0.8077334208975772,0.029050343377677677,0.003701205199631936,0.2717365548030649,0.49677484538016475,0.3850131686754627,0.22503829057709984,0.11327661387239779,True,True,True
676,0.41383940079304754,0.46323655708330713,0.036045461110071925,0.08687858101357332,0.30015581492533694,0.553571564732168,0.416023157105258,0.253415749806831,0.11586734217992106,True,True,True
677,0.006868903141028974,0.13466147670039907,0.5754125926073231,0.28305702755124884,0.3343155519676726,0.5932604390343591,0.4347865633588101,0.2589448870666865,0.10047101139113751,True,True,True
678,0.34217583815492025,0.37172051328173356,0.001083285794288616,0.28502036276905757,0.29591464230601733,0.5475613244277576,0.4124073988577443,0.2516466821217403,0.11649275655172697,True,True,True
679,0.15757414370208064,0.5542408229442951,0.2845663722632994,0.0036186610903247195,0.30691458789672016,0.5632962570358694,0.4204932539439406,0.2563816691391492,0.11357866604722044,True,True,True
680,0.38488560103060926,0.25713595385345256,0.2549605121329569,0.10301793298298142,0.33962198661085047,0.6093399059131444,0.4510773421613946,0.2697179193022939,0.11145535555054414,True,True,True
681,0.4245555110332122,0.30186880527171567,0.05684551795552759,0.2167301657395446,0.3192343560534169,0.5804609147323272,0.43358447454494886,0.2612265586789103,0.11435011849153198,True,True,True
682,0.09556084474234842,0.22334056471409497,0.4644080802140526,0.21669051032950404,0.3424743737377874,0.6120993222061177,0.4506638005697919,0.26962494846833035,0.1081894268320045,True,True,True
683,0.007816916615497858,0.4152272698076071,0.37518634202501017,0.2017694715518848,0.31842484099727625,0.5796171635052876,0.4302223017042838,0.26119232250801133,0.11179746070700758,True,True,True
684,0.533252835511983,0.08831912019492062,0.36959795456862404,0.008830089724472317,0.3274817600315442,0.5787531214464718,0.4254471783618048,0.2512713614149276,0.09796541833026057,True,True,True
685,0.42136999030029554,0.2364029150191112,0.20174943000348688,0.14047766467710632,0.3398106630296881,0.6095682954717764,0.4515815233959237,0.2697576324420883,0.11177086036623562,True,True,True
686,0.27696588748477885,0.43228944047716317,0.2455431564307226,0.045201515607335416,0.31821591740783584,0.57918522735419,0.4312406545471432,0.26096930994635414,0.11302473713930739,True,True,True
687,0.38852752808532015,0.23555934520615798,0.11452892638937005,0.2613842003191519,0.33166462261583707,0.5980352534308545,0.44454112749423275,0.26637063081501744,0.11287650487839568,True,True,True
688,0.08448760884722979,0.11885703353425509,0.7003148648430348,0.09634049277548032,0.32988229481897396,0.5836942724419388,0.42741894722241097,0.25381197762296487,0.09753665240343701,True,True,True
689,0.15343270394603736,0.53376683211046,0.29727921991599643,0.01552124402750635,0.30932946278233914,0.5667073739037027,0.4226492875867631,0.2573779111213636,0.11331982480442399,True,True,True
690,0.09066472902236555,0.004479153496834483,0.567111182977221,0.3377449345035789,0.3189353413234281,0.5606626240759038,0.40929686075303284,0.24172728275247574,0.09036151942960474,True,True,True
691,0.03319289149596863,0.7294118166878196,0.17364409426281552,0.06375119755339619,0.27111581476515106,0.5114228606099567,0.3862531187942975,0.2403070458448056,0.11513730402914646,True,True,True
692,0.3109403941707332,0.5097211352858338,0.03551243268280455,0.14382603786062828,0.28730296553596474,0.5352286048466564,0.4037154841326035,0.24792563931069161,0.11641251859663876,True,True,True
693,0.4545826624101081,0.1701184478185604,0.21858235591940786,0.15671653385192374,0.34026565976027656,0.6066711425228996,0.4482176237806987,0.266405482762623,0.10795196402042212,True,True,True
694,0.04273176434647088,0.1724986440986769,0.561374851298727,0.2233947402561253,0.3374258751966774,0.6001813497952323,0.44054310546599906,0.2627554745985549,0.10311723026932168,True,True,True
695,0.006876361534076972,0.2488757235209665,0.5329155496754198,0.21133236526953678,0.3434312909362713,0.6144615534932032,0.452196861142167,0.2710302625569319,0.10876557020589572,True,True,True
696,0.34007399670037236,0.04900183722175077,0.5721339899713664,0.038790176106510324,0.32283951273795625,0.5689270636458448,0.4166809762690206,0.24608755090788853,0.09384146353106437,True,True,True
697,0.22401701101276184,0.3897716080312347,0.09212005396815315,0.29409132698785034,0.29940476274923766,0.5526012257049867,0.41455516224583294,0.25319646295574905,0.11515039949659528,True,True,True
698,0.3219418209853948,0.11476923923153336,0.21941547620171162,0.34387346358136006,0.3370447031845537,0.5993310750904056,0.44184086611791606,0.2622863719058519,0.10479616293336236,True,True,True
699,0.014501493746116756,0.18607417609835458,0.7591329991945502,0.04029133096097845,0.3348219115940929,0.594387169099438,0.435716134280423,0.2595652575053451,0.10089422268633008,True,True,True
700,0.15641184101308858,0.23712773523022007,0.28606942809818553,0.3203909956585058,0.33575666794970094,0.6039888709100605,0.44666736200621904,0.26823220296035954,0.1109106940565181,True,True,True
701,0.1205243330807565,0.6190834845058466,0.23155438052119484,0.028837801892202097,0.2947321980808978,0.546111802100569,0.40940788981400394,0.2513796040196712,0.11467569173310616,True,True,True
702,0.2010801765374311,0.3931790349472337,0.08817416263500245,0.3175666258803327,0.29616196971742653,0.5480351973591258,0.4115317402434074,0.2518732276416992,0.11536977052598085,True,True,True
703,0.30636025745571194,0.049527029734569086,0.23222324190500915,0.4118894709047099,0.3268246733568452,0.5773640248957561,0.4242380677758373,0.25053935153891094,0.0974133944189921,True,True,True
704,0.5988115920391915,0.010553293146662472,0.007868904169983683,0.3827662106441624,0.31920108614135845,0.5614885737747674,0.4146198601556816,0.2422874876334089,0.09541877401432314,True,True,True
705,0.632109080662723,0.06297229601120145,0.24401304202771312,0.06090558129836245,0.32533370745359413,0.5742758438973398,0.4226612319428499,0.24894213644374563,0.09732752448925575,True,True,True
706,0.1055348696333855,0.5123235161175916,0.35487927268810654,0.02726234156091636,0.31378162599715376,0.5730171016563511,0.4264406172938351,0.25923547565919736,0.11265899129668133,True,True,True
707,0.24016501481611183,0.012699535835471258,0.2812598379651546,0.4658756113832622,0.32025701664570283,0.5635142014032133,0.41278156799525123,0.24325718475751046,0.0925245513495484,True,True,True
708,0.03609826019137349,0.09756868862344717,0.14516388903541055,0.7211691621497688,0.33805027936700455,0.607274663688223,0.44831034607602244,0.2692243843212185,0.11026006670901789,True,True,True
709,0.7202060837846462,0.0066202291112631385,0.20621283144175814,0.06696085566233242,0.31823641498728944,0.5593629378050081,0.4112655309261512,0.24112652281771868,0.09302911593886176,True,True,True
710,0.06713774954650863,0.18908578694254247,0.3376528409245877,0.4061236225863611,0.3423814168249368,0.6133973434925342,0.4521353467739586,0.2710159266675974,0.10975392994902183,True,True,True
711,0.2740530224904313,0.14067637699464394,0.49324226844143476,0.09202833207348997,0.3335244856810461,0.5914989807128489,0.4344825069199689,0.2579744950318028,0.10095802123892283,True,True,True
712,0.3171120924393661,0.16960420754330785,0.4082667957966851,0.10501690422064079,0.3371651963457304,0.5995999586060022,0.441334656764446,0.26243476226027185,0.10416946041871561,True,True,True
713,0.060266569736587436,0.7095074747698332,0.03042282654531951,0.19980312894825977,0.2776656069243428,0.49300515961648483,0.3883299765025483,0.21533955269214206,0.11066436957820552,True,True,True
714,0.4812211310005113,0.0765695139585714,0.0707373486355457,0.37147200640537165,0.3337260206443157,0.591993417600462,0.43766531763598576,0.25826739695614626,0.10393929699167004,True,True,True
715,0.3238581527416313,0.05333462554145091,0.4828046660878928,0.140002555629025,0.3239713384772474,0.5713155781008575,0.41868695451979343,0.24734423962361013,0.09471561604254602,True,True,True
716,0.1598014340406031,0.24165895316740776,0.2025022983843774,0.39603731440761186,0.32738195002732295,0.5921442420475861,0.4393221432185019,0.26476229202026313,0.11194019319117893,True,True,True
717,0.05588900691812597,0.073315139138671,0.3779852329460539,0.49281062099714906,0.3312858383259237,0.5866516629784568,0.4298235063028475,0.25536582465253316,0.09853766797692382,True,True,True
718,0.45182925162382287,0.11013679798556701,0.3070094006607949,0.13102454972981523,0.33208866253831365,0.5884485600150059,0.433125403859475,0.25635989747669224,0.10103674132116136,True,True,True
719,0.34112263456114783,0.11350823751443183,0.4432850214253958,0.10208410649902447,0.3310085170107857,0.5861321605472745,0.43053490928756916,0.25512364353648875,0.09952639227678345,True,True,True
720,0.15258804439454593,0.7315569071125542,0.08789292360230333,0.027962124890596445,0.2667973730961235,0.505014224934018,0.38267362587743264,0.23821685183789454,0.11587625278130914,True,True,True
721,0.017305821388060253,0.6841022571713262,0.17113245751507922,0.1274594639255344,0.27128587011667643,0.5116778299403911,0.38634535505201645,0.2403919598237147,0.11505948493534002,True,True,True
722,0.3291972438173579,0.3571603974163581,0.07981093183064902,0.23383142693563502,0.3095269210324624,0.5668262028085792,0.42423535842254007,0.25729928177611683,0.11470843739007769,True,True,True
723,0.3079271230155195,0.22202257554547722,0.034330266928578615,0.4357200345104248,0.31754443948899835,0.5780704258610799,0.4321057005968426,0.2605259863720816,0.11456126110784426,True,True,True
724,0.45600487750157026,0.19542395299220724,0.32602586883882034,0.022545300667401992,0.3394912916441841,0.6047752970465962,0.4461648599966925,0.26528400540241204,0.10667356835250835,True,True,True
725,0.06434789566306372,0.6822194090392517,5.472255895016102e-06,0.25342722304178955,0.28257604318931334,0.49033651971537495,0.39156982574211774,0.2077604765260616,0.1089937825528044,True,True,True
726,0.1584063242557699,0.0120396142987083,0.7746216474033103,0.054932414042211636,0.3193929485141771,0.5616315751805867,0.4101674335235473,0.2422386266664096,0.09077448500937019,True,True,True
727,0.3669495744576219,0.3665771005398579,0.2649810986952191,0.0014922263073011827,0.329098325158228,0.5945111823770319,0.44136103362105206,0.2654128572188039,0.11226270846282405,True,True,True
728,0.21582975704582438,0.5625795873368044,0.04194373146257226,0.179646924154799,0.2735754622169619,0.5149907298483093,0.3898311448672747,0.2414152676313474,0.11625568265031283,True,True,True
729,0.32626466226287576,0.4544882325909796,0.13231569827111053,0.08693140687503408,0.307374980005003,0.5638336161083168,0.4218990885622161,0.2564586361033138,0.11452410855721307,True,True,True
730,0.1112178573200779,0.3524541021310283,0.47967862153489704,0.056649419013996845,0.3352385232267077,0.6033095666045061,0.44574156884976973,0.26807104337779836,0.11050304562306201,True,True,True
731,0.053776954653695225,0.26940992571328903,0.1906698939767605,0.48614322565625534,0.31430142024881313,0.5737528537202635,0.42689131272844855,0.2594514334714504,0.11258989247963541,True,True,True
732,0.3619023709328705,0.12881811501019405,0.2303172432101814,0.27896227084675396,0.3375667497149427,0.6004926477192083,0.44285922455536897,0.2629258980042656,0.10529247484042625,True,True,True
733,0.0357303343754926,0.3438810897397035,0.5403136072946424,0.08007496859016167,0.33706678212943597,0.6059244170233334,0.44708894498555785,0.26885763489389747,0.11002216285612187,True,True,True
734,0.27692339534778115,0.1600062387010913,0.5551572724348254,0.007913093516302285,0.33392417650900585,0.5923884708714159,0.4351072225131311,0.25846429436241003,0.10118304600412525,True,True,True
735,0.10881423665074434,0.32474771813324016,0.12414632711013732,0.4422917181058782,0.30062785117280105,0.5543993173544149,0.41502697269205396,0.2537714661816139,0.11439912151925291,True,True,True
736,0.48017274133638244,0.03649766554944967,0.24337882587309786,0.23995076724107003,0.3229374789492702,0.5692139037537841,0.41832040360494105,0.2462764248045139,0.09538292465567083,True,True,True
737,0.07537181387561927,0.44185874971239175,0.2873933873809347,0.19537604903105427,0.3109075386488177,0.5689660213958541,0.42379802810074,0.25805848274703636,0.11289048945192232,True,True,True
738,0.22386791374536655,0.11066822090934311,0.4535296104877664,0.21193425485752393,0.3319708479942208,0.5881329986313966,0.4316917136891244,0.2561621506371758,0.09972086569490363,True,True,True
739,0.24869984755383254,0.37684330398806426,0.06101529155598937,0.31344155690211384,0.2973817236569903,0.549715273769676,0.4129983590225311,0.2523335501126857,0.11561663536554084,True,True,True
740,0.04441391015576848,0.08662327343657886,0.0836061544521492,0.7853566619555035,0.32868148788107193,0.594008940498751,0.44022662062771206,0.26532745261767904,0.11154513274664013,True,True,True
741,0.3681779254219342,0.22903609974734562,0.24621768681546777,0.1565682880152524,0.34168206781724647,0.6122455869721034,0.4529542500422113,0.27056351915485694,0.11127218222496482,True,True,True
742,0.6864485686356837,0.16014445501063945,0.11184103257231387,0.04156594378136297,0.3388433685663576,0.6033317888912544,0.44666027189745244,0.2644884203248968,0.10781690333109484,True,True,True
743,0.45653062389833243,0.39237139159355355,0.14354718416545664,0.007550800342657399,0.3209916682332779,0.583001700233128,0.4346382229411841,0.2620100319998501,0.11364655470790619,True,True,True
744,0.27800773041052734,0.001748063734169246,0.1851597588532095,0.5350844470020939,0.3181551159399407,0.5591305805783008,0.4100090054281484,0.24097546463836006,0.09185388948820766,True,True,True
745,0.15298441638581756,0.0711821273785348,0.32431703978938536,0.4515164164462623,0.3307410763268132,0.5855429507568863,0.4296066380353133,0.2548018744300731,0.09886556170850008,True,True,True
746,0.1594363143094667,0.6881392672231539,0.010698519734132704,0.14172589873324667,0.27209451862082473,0.4967280857383078,0.3854099909525916,0.22463356711748306,0.11331547233176686,True,True,True
747,0.25050524471144786,0.39235293951340444,0.039043226030748786,0.31809858974439886,0.2917231117711989,0.5417191879816698,0.40797311256448815,0.24999607621047093,0.11625000079328923,True,True,True
748,0.23282599482384272,0.1461701809176549,0.04087203458050559,0.580131789677997,0.3255364764952004,0.5893561947863752,0.4392704654240028,0.26381971829117484,0.11373398892880238,True,True,True
749,0.058289134699788026,0.126297419559811,0.11669051729840195,0.6987229284419991,0.3268305471176563,0.5914017832065765,0.4385091044550415,0.26457123608892025,0.11167855733738519,True,True,True
750,0.28071888445586207,0.40038049262309694,0.07246297790646654,0.24643764501457457,0.30020823358946686,0.553700957783755,0.4155825405580228,0.2534927241942882,0.11537430696855594,True,True,True
751,0.16912056994652036,0.3567216534112974,0.47171854939691177,0.0024392272452703804,0.3360950699113923,0.6044956984424802,0.44671569876970024,0.26840062853108787,0.11062062885830792,True,True,True
752,0.4853970117345261,0.0230493998383305,0.344684759137188,0.14686882928995523,0.32057396767466395,0.5642157190651046,0.41394078630929687,0.24364175139044064,0.09336681863463292,True,True,True
753,0.16813032575291728,0.1997654999473109,0.4455559856255517,0.18654818867422018,0.3406235717830724,0.6075186620873155,0.4471664893948086,0.26689509030424313,0.10654291761173618,True,True,True
754,0.3835466218386609,0.15069995497397867,0.020582149544199208,0.4451712736431614,0.33431174502987154,0.6016486193835981,0.44801242707147115,0.2673368743537266,0.11370068204159961,True,True,True
755,0.13656580350732261,0.23008306680474716,0.46934655498261485,0.16400457470531538,0.34218434917548346,0.6113842257394684,0.45023766673960514,0.2691998765639849,0.10805331756412168,True,True,True
756,0.013109100574856633,0.10538618035089008,0.6504951630503443,0.23100955602390902,0.33003181788140723,0.5839941875731824,0.4273979965041739,0.2539623696917752,0.0973661786227667,True,True,True
757,0.38686979647002673,0.3476962158960163,0.07711452646309032,0.18831946117086673,0.31426739448616114,0.5734906938917721,0.4287463102900926,0.25922329940561095,0.11447891580393144,True,True,True
758,0.6477815381615767,0.049810420089835585,0.1516983424509675,0.15070969929762013,0.3245499504177999,0.5726603745600262,0.4219768441134414,0.24811042414222628,0.0974268936956415,True,True,True
759,0.10678093751160736,0.7419850329707895,0.013192912798041074,0.13804111671956212,0.2770778228938764,0.4935996898654961,0.388241196277996,0.21652186697161974,0.11116337338411963,True,True,True
760,0.04529560748442322,0.8087197042193792,0.027554677779249418,0.11843001051694806,0.28064895561984815,0.49122039398561596,0.3901207061188583,0.2105714383657678,0.10947175049901015,True,True,True
761,0.3789755701110128,0.345095961533424,0.15551141128458124,0.12041705707098199,0.3226946705891403,0.5854266643123518,0.43598786085649854,0.2627319937232115,0.11329319026735823,True,True,True
762,0.29755858896601106,0.18017196019818,0.1349273714784975,0.3873420793573114,0.33696220110115455,0.605546990698185,0.4490183622071718,0.2685847895970304,0.11205616110601724,True,True,True
763,0.06036885153979984,0.06543022200994437,0.20643550937980454,0.6677654170704511,0.33631066356582906,0.597699278935632,0.4390163376511513,0.26138861536980296,0.10270567408532222,True,True,True
764,0.2252338310412214,0.01949599278613499,0.019128209107171647,0.7361419670654719,0.3270639518971988,0.5779989040094394,0.4270397212798061,0.25093495211224065,0.09997576938260733,True,True,True
765,0.15073998838474637,0.04126608010148717,0.39046855404582126,0.4175253774679452,0.3245857697486219,0.5725809772741873,0.4192041200060967,0.24799520752556542,0.09461835025747478,True,True,True
766,0.2212922258431433,0.06585651449254813,0.0032225800727946788,0.7096286795915139,0.3402084144667947,0.6099209904446412,0.45377842227842935,0.26971257597784654,0.11357000781163468,True,True,True
767,0.08060279734205988,0.3144865756390277,0.3421734332521987,0.2627371937667137,0.3283430857759633,0.5935771403900838,0.43951757695127575,0.26523405461412053,0.11117449117531247,True,True,True
768,0.10388235953901075,0.0875305675707107,0.2520280283756753,0.5565590445146033,0.33680045242642415,0.5987889194009323,0.4401212577840953,0.2619884669745081,0.10332080535767113,True,True,True
769,0.480080523692985,0.018326712439738334,0.027539121844484444,0.47405364202279215,0.3216511480877289,0.5666220508331858,0.41828625651968687,0.24497090274545696,0.096635108431958,True,True,True
770,0.2904990841811274,0.46727953366589975,0.049316831314110125,0.19290455083886288,0.29148261156954375,0.5413844515253372,0.40771453021302356,0.24990183995579346,0.11623191864347981,True,True,True
771,0.41826642465444064,0.3947191472610229,0.18164155127867332,0.005372876805863148,0.32233384192639,0.584923576633565,0.43560759906037044,0.262589734707175,0.11327375713398047,True,True,True
772,0.177569838133806,0.05925670684492343,0.12148762152233644,0.641685833498934,0.3360882158032918,0.5972026993835067,0.44012322345890587,0.2611144835802149,0.10403500765561408,True,True,True
773,0.13891725558627702,0.49959837954882075,0.05699456632249655,0.3044897985424056,0.27125200071948563,0.5115792338893462,0.3872214104311858,0.2403272331698606,0.11596940971170017,True,True,True
774,0.8464719226297043,0.024112808587242754,0.0018746027896677704,0.12754066599338504,0.3206715660722093,0.5645882282056088,0.41716147401066217,0.24391666213339952,0.09648990793845286,True,True,True
775,0.02157095478222775,0.3062215877529383,0.5458890379732929,0.12631841949154093,0.3402274351067135,0.6103924503352627,0.44988024344323524,0.2701650152285492,0.10965280833652175,True,True,True
776,0.1383587650867746,0.2633805353946021,0.5940570490951598,0.004203650423463631,0.3413008451126885,0.6091913293430647,0.44828584363935764,0.26789048423037626,0.10698499852666915,True,True,True
777,0.2841850120309111,0.30327948200650284,0.3240812181170702,0.08845428784551584,0.3359190285953553,0.6041761914184998,0.4471823646449779,0.2682571628231445,0.11126333604962263,True,True,True
778,0.3411840790444874,0.026118826456504353,0.060563211920806784,0.5721338825782016,0.3249845864088658,0.5735910988159938,0.4229942700312282,0.248606512407128,0.0980096836223624,True,True,True
779,0.7128417731064746,0.007351033230199044,0.1516420872185826,0.12816510644474363,0.31831583345079334,0.5595490604691226,0.41174527429273766,0.24123322701832922,0.09342944084194432,True,True,True
780,0.24691593509507595,0.22238023292855394,0.050480404460143756,0.48022342751622626,0.31444208274700647,0.5737385963319817,0.42889216843356,0.2592965135849752,0.11445008568655352,True,True,True
781,0.38193425228461203,0.270134751239287,0.32343425564952416,0.024496740826576668,0.3419599342933468,0.6126645108798283,0.4529696270948759,0.2707045765864815,0.11100969280152911,True,True,True
782,0.36830876179767075,0.22191024022581882,0.19903023582308874,0.21075076215342173,0.3394856365143973,0.6091241535586944,0.4511594862980171,0.26963851704429714,0.11167384978361983,True,True,True
783,0.5782349733326235,0.1683698586240713,0.04788632699808713,0.205508841045218,0.3431320725743343,0.6138127965291335,0.45577195213328964,0.27068072395479914,0.11263987955895532,True,True,True
784,0.3874843193327791,0.38202884200930487,0.21025565411592043,0.02023118454199538,0.3244549928911084,0.5879355709099457,0.43736247135077777,0.26348057801883734,0.11290747845966936,True,True,True
785,0.09973799107204476,0.5452123800254486,0.18884047001453375,0.16620915888797289,0.29200588179179815,0.5422449717331468,0.40691845216578276,0.25023908994134864,0.11491257037398461,True,True,True
786,0.07586129083935225,0.11133646843417978,0.5468016188283621,0.26600062189810586,0.3319789684247355,0.5881090654527923,0.4309545438473093,0.2561300970280568,0.09897557542257379,True,True,True
787,0.45080257167315074,0.17637764021277838,0.2896842118485537,0.08313557626551706,0.33895758819474353,0.6035875615322782,0.44533785928542974,0.2646299733375347,0.10638027109068621,True,True,True
788,0.35819320451671327,0.16349171194680226,0.17124399456719852,0.3070710889692861,0.34272713889943907,0.6127726559490312,0.4532952140379724,0.2700455170495921,0.11056807513853334,True,True,True
789,0.5611160197280437,0.013480680779826374,0.3549185331985507,0.07048476629357904,0.31925074189948577,0.5614398379084585,0.41189841527073395,0.24218909600897276,0.09264767337124818,True,True,True
790,0.3523322200917857,0.013302763706615227,0.215040786190943,0.4193242300106561,0.32013461790495973,0.563302350867622,0.41341465134619376,0.2431677329626623,0.09328003344123403,True,True,True
791,0.016692867113958527,0.1950328953785861,0.7561185611441013,0.03215567636335401,0.3354382414337904,0.5957586163169348,0.4368323456543841,0.2603203748831444,0.1013941042205937,True,True,True
792,0.43300074416594564,0.15785390367772673,0.31887155816329893,0.09027379399302869,0.33674587739448414,0.5986662253244797,0.4412119152169452,0.2619203479299955,0.10446603782246106,True,True,True
793,0.2770613800712427,0.2789033887012482,0.11656538607883794,0.32746984514867117,0.3196198501998266,0.581095245868626,0.43313782132730444,0.26147539566879946,0.11351797112747786,True,True,True
794,0.17996199029725474,0.3519849909472985,0.27748558801326045,0.1905674307421863,0.3235545324771665,0.5867610483923257,0.4357006529020171,0.2632065159151592,0.11214612042485061,True,True,True
795,0.10478320004808357,0.30565401960794647,0.3320132499533386,0.25754953039063133,0.32947980522592396,0.5951676953809318,0.44066552746750215,0.2656878901550079,0.11118572224157819,True,True,True
796,0.30550578936739914,0.3237831270835464,0.18636960255936205,0.1843414809896923,0.3240743056817616,0.5874105799707391,0.4369103408564162,0.2633362742889775,0.11283603517465463,True,True,True
797,0.2872327278697493,0.25364585282137564,0.05991821422883319,0.3992032050800417,0.315347590420311,0.5750157237408204,0.42971771944648046,0.2596681333205094,0.11437012902616944,True,True,True
798,0.6650867658396119,0.08616706051569452,0.09531162085686137,0.15343455278783233,0.33079077118351313,0.58581871609523,0.43282199099646274,0.2550279449117168,0.1020312198129496,True,True,True
799,0.5122269617583544,0.37799449219144493,0.01957163891248769,0.09020690713771318,0.3123993799016213,0.5707873364783557,0.42764832271644515,0.25838795657673436,0.11524894281482384,True,True,True
800,0.2191091168841401,0.1901323518516304,0.05858160227307649,0.532176928991153,0.3186677782202946,0.5797130309942757,0.43261689738449394,0.26104525277398116,0.11394911916419936,True,True,True
801,0.17973526037918494,0.28944103932984777,0.3113498587466024,0.21947384154436472,0.3326863455378456,0.5996529014220765,0.44391736651263586,0.2669665558842309,0.11123102097479026,True,True,True
802,0.20540263863938676,0.3348785345865111,0.06207020338758279,0.39764862338651935,0.29728266728625746,0.5495890952557788,0.4127888971331635,0.25230642796952135,0.11550622984690606,True,True,True
803,0.11176632025256177,0.6698970886722823,0.14758207962190267,0.07075451145325329,0.2773285399118632,0.520573746653405,0.39269153714552774,0.24324520674154176,0.11536299723366455,True,True,True
804,0.0652359363719526,0.0007200559971656128,0.4580324244697069,0.47601158316117487,0.31852366309547825,0.5597938762619115,0.4085676845466929,0.2412702131664332,0.09004402145121465,True,True,True
805,0.7191448606338655,0.174925286403728,0.08673100056680991,0.019198852395596544,0.34017186273003563,0.6064705466733746,0.4494633641868952,0.266298683943339,0.10929150145685956,True,True,True
806,0.05826746935057894,0.7122132899928193,0.08889023322410995,0.1406290074324919,0.2683636672958611,0.4981317417779385,0.3822701944236689,0.22976807448207742,0.1139065271278078,True,True,True
807,0.0548085088304966,0.12382556263365715,0.36058329502685504,0.46078263350899107,0.33849957543260095,0.6025703572357177,0.44265167083509094,0.26407078180311677,0.10415209540248999,True,True,True
808,0.2550320501525701,0.053873648564534075,0.44934875520169865,0.24174554608119705,0.32479024892226394,0.5730295939075603,0.4198794520217526,0.24823934498529632,0.09508920309948865,True,True,True
809,0.047351025254728216,0.6142045469538889,0.18297391620817538,0.15547051158320732,0.2808719926040443,0.5258222248188944,0.39581686702436014,0.24495023221485013,0.11494487442031587,True,True,True
810,0.17516394758555942,0.18259435801692833,0.2537164668204456,0.38852522757706676,0.3413129448020932,0.6118074873897069,0.45189111164382484,0.27049454258761374,0.11057816684173166,True,True,True
811,0.46159273929346395,0.07179228840583904,0.2642573055590986,0.20235766674159833,0.32779140091243536,0.5794185947969372,0.42621614775903743,0.2516271938845019,0.09842474684660207,True,True,True
812,0.5207891743793011,0.25426857927239066,0.1937059273455852,0.03123631900272321,0.3405318506910059,0.6105557836880309,0.45250034778892495,0.270023932997025,0.11196849709791906,True,True,True
813,0.5741713007555401,0.07692410836800678,0.253794342104996,0.09511024877145711,0.32744365144418824,0.5787057639530296,0.42598469133006145,0.2512621125088414,0.0985410398858732,True,True,True
814,0.2827076987015746,0.055440000555617985,0.11936927406246568,0.5424830266803418,0.3321648500985986,0.5886433008096046,0.43388190018945066,0.256478450711006,0.10171705009085208,True,True,True
815,0.15245074834198338,0.4728402162482693,0.3625089719191946,0.012200063490552773,0.3193449927929278,0.5808506319111361,0.4316275561713578,0.2615056391182083,0.11228256337843001,True,True,True
816,0.5059245344544486,0.022998443221666286,0.2066745689611657,0.2644024533627194,0.32106213222771074,0.5652836591222302,0.41549691033812436,0.24422152689451948,0.09443477811041362,True,True,True
817,0.40262728981113105,0.47451806491636567,0.11877598505258681,0.004078660219916294,0.30890293845177136,0.5659617000390448,0.42352943337325266,0.2570587615872734,0.1146264949214813,True,True,True
818,0.23019846403259436,0.13738952970566087,0.323912952872971,0.3084990533887737,0.3378593319981635,0.6011446450440753,0.4424903492595563,0.2632853130459118,0.10463101726139284,True,True,True
819,0.4127006637764582,0.14778853768551276,0.09037516196495358,0.34913563657307556,0.34333216525139376,0.6142919151842138,0.45542373737937436,0.27095974993282,0.1120915721279806,True,True,True
820,0.12310333859840303,0.041566356586784724,0.39602804324074764,0.43930226157406443,0.3248079011334927,0.5730399334234082,0.41941825374062885,0.24823203228991547,0.09461035260713613,True,True,True
821,0.22230460626742723,0.027868024690641036,0.1737324705733405,0.5760948984685912,0.3247180022058763,0.5729288848258949,0.4206984943807913,0.24821088262001856,0.095980492174915,True,True,True
822,0.49207382633070323,0.04824156419285163,0.014700136715126521,0.4449844727613184,0.329294044236146,0.5827154054723324,0.4311805586685469,0.25342136123618636,0.10188651443240088,True,True,True
823,0.1030619654720714,0.16302941417861108,0.7195178261609899,0.01439079418832753,0.3331523094336694,0.5906716509025488,0.4330208086478046,0.2575193414688794,0.09986849921413521,True,True,True
824,0.32439455398323164,0.02390053377663174,0.14613015732954765,0.5055747549105889,0.32301593446830895,0.5693876656242794,0.4186094298498257,0.2463717311559705,0.09559349538151674,True,True,True
825,0.07431426291895274,0.7679339145496022,0.10709033049712352,0.05066149203432151,0.2660186322973354,0.4994906966924738,0.38081483822884293,0.2334720643951384,0.11479620593150752,True,True,True
826,0.20420212122806672,0.3545009196826618,0.3828230872663837,0.05847387182288784,0.3322545239284515,0.5990497306357179,0.44347198158605106,0.26679520670726636,0.11121745765759955,True,True,True
827,0.13421556102353183,0.18154896638699689,0.3731806990176251,0.31105477357184613,0.3416840724961066,0.6101469471419796,0.4493322969242288,0.268462874645873,0.10764822442812222,True,True,True
828,0.47977213299453036,0.0032664134869371335,0.09546824915683898,0.4214932043616936,0.3179644014722186,0.5588135867610247,0.4112351472504058,0.24084918528880606,0.09327074577818717,True,True,True
829,0.1749833906516169,0.0014090229803344582,0.43166589318627135,0.39194169318177746,0.31842790482773775,0.5596246411924555,0.408999027888647,0.24119673636471772,0.09057112306090925,True,True,True
830,0.24884250746480324,0.021527209989102968,0.4553148182932579,0.27431546425283587,0.3208138626850126,0.564659924610608,0.41323047777324157,0.24384606192559538,0.09241661508822896,True,True,True
831,0.2889664392458258,0.2643458058930724,0.30822080985811356,0.1384669450029882,0.33902258653184514,0.6085468551587283,0.45006992999457784,0.26952426862688317,0.1110473434627327,True,True,True
832,0.04214072168030655,0.30997232754205634,0.2700210318894067,0.3778659188882303,0.319548822905768,0.5811788121247444,0.43145499092004597,0.2616299892189764,0.11190616801427794,True,True,True
833,0.04654331243046247,0.054216770793642656,0.5527126730571172,0.3465272437187775,0.32526035139660364,0.5739624989559827,0.4196299999785116,0.24870214755937908,0.09436964858190794,True,True,True
834,0.41314605861377146,0.24593400241560634,0.15727086126904516,0.18364907770157704,0.3352170875730427,0.6030680099931766,0.44758298122333295,0.26785092242013386,0.11236589365029026,True,True,True
835,0.5193403435594222,0.20417345927756753,0.2363043905665948,0.04018180659641544,0.341128332914425,0.6088109899299722,0.45006272730464797,0.26768265701554717,0.10893439439022296,True,True,True
836,0.26275995337445307,0.5155265410829771,0.12927349053956044,0.0924400150030093,0.29800558465095195,0.5506420924933372,0.41315389757513116,0.2526365078423852,0.11514831292417921,True,True,True
837,0.26007789572318946,0.19087673445450942,0.16708525306458588,0.3819601167577152,0.33649631420767845,0.6049295005800731,0.44824491991172527,0.26843318637239466,0.11174860570404682,True,True,True
838,0.7054234490922583,0.20929059114806522,0.0615879345813579,0.02369802517831859,0.34329457921279527,0.6142148921015539,0.45607443623337135,0.2709203128887586,0.11277985702057608,True,True,True
839,0.26612807364105834,0.10780586608187014,0.3853769021924042,0.2406891580846672,0.3326435990270914,0.5895664999162237,0.43313624919902544,0.2569229008891323,0.10049265017193404,True,True,True
840,0.46876627690507555,0.09352229282593902,0.347362944815544,0.09034848545344143,0.32902550691088445,0.5819967397885426,0.427923704319036,0.25297123287765816,0.09889819740815153,True,True,True
841,0.6195763263666535,0.224010389828821,0.08687331161280254,0.06953997219172278,0.34058780164045627,0.61053986193548,0.4533864917488572,0.2699520602950238,0.11279869010840093,True,True,True
842,0.08309869960111356,0.46528194035457326,0.0968070897293904,0.3548122703149229,0.27658674273599543,0.519476183034727,0.3920154077053321,0.24288944029873155,0.11542866496933668,True,True,True
843,0.06705282676310492,0.2365954078056794,0.36801350759284357,0.32833825783837206,0.3384172354386037,0.6078056864078362,0.4485262970591723,0.2693884509692325,0.1101090616205686,True,True,True
844,0.4880174889597241,0.07092149390811035,0.03156556524692269,0.4094954518852429,0.33415327230997555,0.5929233315122963,0.43893999484575,0.2587700592023207,0.10478672253577448,True,True,True
845,0.3383437103344343,0.4170189988127107,0.023305119927960527,0.22133217092489457,0.2955266068216694,0.5470454099330447,0.4117773728713119,0.2515188031113753,0.11625076604964246,True,True,True
846,0.010567711976879798,0.6519890318372257,0.08604219862994876,0.2514010575559458,0.2712230464220794,0.4962631718240796,0.3838147960726254,0.2250401254020002,0.11259174965054602,True,True,True
847,0.010432708118788148,0.28841413994030285,0.10236721217178398,0.5987859397691252,0.28483110067946055,0.531675034706828,0.3995206931559676,0.24684393402736743,0.11468959247650706,True,True,True
848,0.2094448638842072,0.037625204983176355,0.22110404834173442,0.5318258827908822,0.3261031057551646,0.5758228438580034,0.42262171523587094,0.24971973810283882,0.09651860948070634,True,True,True
849,0.36706375040457623,0.3919125198058466,0.06022459529315863,0.1807991344964186,0.3062065334738156,0.562122977424301,0.4213856334414957,0.25591644395048535,0.11517909996768011,True,True,True
850,0.009446259780430313,0.013530776501259258,0.9233672006207717,0.05365576309753883,0.31959544550702274,0.562029719925055,0.4099921854861825,0.24243427441803228,0.09039673997915976,True,True,True
851,0.12515681916266513,0.14914119195434325,0.1771629233547454,0.5485390655282464,0.33714698211810107,0.6059286217844606,0.44812113773557843,0.26878163966635954,0.11097415561747737,True,True,True
852,0.28016075264070106,0.041746726146601,0.5368456466356553,0.1412468745770428,0.32257773275230406,0.568369340297662,0.4161203218483525,0.2457916075453579,0.09354258909604846,True,True,True
853,0.0079975127734165,0.15759864885294406,0.5399331717672843,0.29447066660635535,0.3371670416439678,0.5996055576746856,0.43992252488167854,0.26243851603071777,0.10275548323771072,True,True,True
854,0.218603997610245,0.6191029875413918,0.1538507724877979,0.00844224236056533,0.29139248077541025,0.541311740317024,0.4068390307956607,0.24991925954161376,0.11544655002025045,True,True,True
855,0.37068010544902563,0.25067664223072644,0.3684579434689356,0.01018530885131242,0.34259122783335827,0.6124163900596618,0.4521411833023141,0.2698251622263035,0.10954995546895585,True,True,True
856,0.39540205892452734,0.21054926602316387,0.18056612470894295,0.21348255034336588,0.3406215476608999,0.6107057979253179,0.45237512913025957,0.27008425026441796,0.11175358146935965,True,True,True
857,0.2371095293042411,0.10491030444747426,0.10320307743149797,0.5547770888167866,0.34287408479376036,0.6131394204240319,0.4537117792975857,0.27026533563027155,0.11083769450382536,True,True,True
858,0.38004871417064895,0.1569904416551966,0.3304059056554746,0.13255493851867975,0.33713882607489953,0.5995408240114563,0.44171913606267815,0.2624019979365567,0.10458030998777862,True,True,True
859,0.04030152948181015,0.1408665437711312,0.40837542538196053,0.41045650136509815,0.33900914147395955,0.6037043730075706,0.4434440319174368,0.2646952315336111,0.10443489044347726,True,True,True
860,0.061174631770114354,0.10967010645673926,0.03476771866235167,0.7943875431107947,0.30398149596737023,0.5590772414773378,0.41854288827637154,0.2550957455099676,0.11456139230900131,True,True,True
861,0.5021345242066578,0.1326218475882345,0.2064119400188529,0.15883168818625468,0.3362736792993474,0.5976147332325407,0.44108157341384274,0.26134105393319323,0.10480789411449531,True,True,True
862,0.33507554971197895,0.020426396978498466,0.22598553603622806,0.4185125172732944,0.32143863578135756,0.566038949857842,0.41544590239127627,0.24460031407648442,0.0940072666099187,True,True,True
863,0.24475986460240703,0.10099747888500078,0.6146333389100129,0.0396093176025792,0.32798550261797815,0.5797365992938591,0.42488369598516135,0.25175109667588097,0.0968981933671832,True,True,True
864,0.1688930982617164,0.2857712015969365,0.29074457334387727,0.25459112679747004,0.33100334155881705,0.5972780173065195,0.44239333238097794,0.26627467574770247,0.11138999082216089,True,True,True
865,0.13322550317291998,0.07027747096605168,0.4180866038349481,0.3784104220260803,0.32861496507500904,0.5810523783557162,0.42576895891317007,0.2524374132807072,0.09715399383816103,True,True,True
866,0.06319035698921922,0.39041298600490126,0.1941385158629722,0.3522581411429074,0.30209639160862134,0.5565232314807129,0.41590188078992585,0.2544268398720916,0.11380548918130451,True,True,True
867,0.5142808372787782,0.052667298769011654,0.005473505891004242,0.4275783580612061,0.3302193063310685,0.5846717676226979,0.4328892990165653,0.2544524612916294,0.10266999268549681,True,True,True
868,0.16835723700755398,0.21522989128634704,0.32587936626677505,0.29053350543932394,0.34174895508264297,0.6124477209596074,0.4520659580966092,0.27069876587696445,0.11031700301396624,True,True,True
869,0.6241797471734084,0.14780386275874627,0.12906552938953816,0.09895086067830718,0.33814095593555604,0.6017690062696514,0.4451846623050359,0.2636280503340953,0.10704370636947985,True,True,True
870,0.04296924502774535,0.2188884403442493,0.08352360331375173,0.6546187113142535,0.2953715214380826,0.5470143696258605,0.40998313192930586,0.2516428481877779,0.11461161049122326,True,True,True
871,0.3862919987122231,0.3966311044095009,0.1935100769917227,0.023566819886553268,0.32173406218956074,0.5840920292507632,0.434934133562231,0.26235796706120246,0.11320007137267024,True,True,True
872,0.020102960898703053,0.34305849235528096,0.055062159071008025,0.5817763876750078,0.2658262401352073,0.4994365507095995,0.38051538395892637,0.23361031057439224,0.11468914382371909,True,True,True
873,0.38098754837977594,0.38393186728936435,0.19260661657941944,0.042473967751440286,0.322526227166133,0.5852095947800224,0.43565373831613047,0.26268336761388944,0.11312751114999747,True,True,True
874,0.34773267666070634,0.38003065031425187,0.03830598361662327,0.23393068940841863,0.30238315742710853,0.5567176152273478,0.4180132443352238,0.2543344578002392,0.11563008690811527,True,True,True
875,0.04282866047573132,0.2058625319233337,0.7474412887657214,0.0038675188352136286,0.3360411244114612,0.5971000548405522,0.43800664542349993,0.26105893042909095,0.1019655210120387,True,True,True
876,0.3034308434813433,0.12988869990480936,0.48331087668951,0.08336957992433751,0.3324612941992133,0.5891775080566847,0.43273499785608954,0.2567162138574714,0.10027370365687627,True,True,True
877,0.776146603975097,0.0265997276099838,0.1686133985332323,0.028640269881686834,0.320624008345756,0.5644044088315746,0.41554995039596043,0.24378040048581862,0.09492594205020444,True,True,True
878,0.3667806061730285,0.16821236141821144,0.1896209007454536,0.2753861316633064,0.34230818040604616,0.611732043322663,0.45233632466027,0.2694238629166168,0.11002814425422386,True,True,True
879,0.10033648862852972,0.5494945983898154,0.0831217049295794,0.26704720805207555,0.26928087321247235,0.5086868053707087,0.38497483682772193,0.2394059321582363,0.11569396361524958,True,True,True
880,0.19844311674623663,0.4822773180217298,0.23820282096145787,0.08107674427057568,0.3094800514279735,0.5668887249674136,0.42305991475047056,0.2574086735394401,0.11357986332249703,True,True,True
881,0.03406280310396204,0.02960452824104326,0.6716937528389965,0.26463891581599813,0.32162026130503774,0.5662971469019454,0.4134786918592866,0.2446768855969077,0.09185843055424886,True,True,True
882,0.5781044248096532,0.09751601274784208,0.05491223086181554,0.26946733158068914,0.33551587903406493,0.5959269917123234,0.44112808756243954,0.2604111126782585,0.10561220852837461,True,True,True
883,0.34213925407919327,0.30825686345906095,0.22926820338696488,0.1203356790747808,0.3310226137003357,0.5972165990790389,0.443191127190781,0.2661939853787032,0.11216851349044532,True,True,True
884,0.15427898443370305,0.22855275918926066,0.5835321790823635,0.033636077294672564,0.3397129815829432,0.6052701742005859,0.44507186715573216,0.2655571926176427,0.10535888557278894,True,True,True
885,0.09567832014749868,0.6701756942950433,0.0643231295010529,0.169822856056405,0.26816292733234925,0.4985030429237582,0.3824227750031676,0.23034011559140893,0.11425984767081837,True,True,True
886,0.6855413441491672,0.057699913824260506,0.029602605100677987,0.22715613692589418,0.32737251442170184,0.5786662269565679,0.4278822702746536,0.25129371253486604,0.10050975585295174,True,True,True
887,0.12146070020260083,0.2795083527290678,0.5492805113993441,0.049750435668987236,0.3431141220749601,0.6136860344812476,0.4520242787116812,0.2705719124062875,0.1089101566367211,True,True,True
888,0.321065486830663,0.26013730230502385,0.05746930136801296,0.3613279094963002,0.3169537508499469,0.5772674466629506,0.43130186040031865,0.2603136958130037,0.11434810955037172,True,True,True
889,0.18916772533523768,0.3959007616458939,0.0507988838804833,0.364132629138385,0.28599200885051707,0.5333142509923707,0.40204659369760354,0.24732224214185367,0.11605458484708647,True,True,True
890,0.13578586574192006,0.6412154862768261,0.021768119607383063,0.20123052837387076,0.27115203272026583,0.4971576632421587,0.38469832976488616,0.22600563052189288,0.11354629704462033,True,True,True
891,0.15894265147158435,0.3345846820122538,0.22132532249235135,0.2851473440238104,0.3184298721221761,0.5795240783854002,0.4311091006332401,0.2610942062632241,0.11267922851106399,True,True,True
892,0.32402791347502136,0.42791364168962837,0.081329761723847,0.16672868311150318,0.30271103533450144,0.5572254585038059,0.4179123303187955,0.25451442316930445,0.11520129498429404,True,True,True
893,0.20251893362122553,0.5028278936572279,0.2433547821772562,0.05129839054429042,0.3087236176116985,0.565821844433897,0.4223703341264091,0.2570982268221986,0.11364671651471064,True,True,True
894,0.07432874141228137,0.23010501590288687,0.4633248499322862,0.23224139275254568,0.3431993512153647,0.6138944102679805,0.45206972932206474,0.2706950590526158,0.10887037810670003,True,True,True
895,0.134850390234135,0.3721483349392109,0.09162483068653464,0.4013764441401195,0.29165027661963927,0.5416910094511488,0.40711451850043595,0.2500407328315095,0.11546424188079668,True,True,True
896,0.1762773232001402,0.13429067261054112,0.20425519528557293,0.4851768089037458,0.3428329737929531,0.6130119483067862,0.45247380541254034,0.2701789745138331,0.10964083161958726,True,True,True
897,0.03771016420331935,0.0612305958217551,0.8470274289128557,0.05403181106206994,0.32362628593091125,0.5705177827037949,0.4168013119093536,0.2468914967728837,0.09317502597844235,True,True,True
898,0.24580153751352138,0.25376467424839866,0.19712466592436825,0.3033091223137118,0.3300204851859911,0.5958222270627085,0.44210991101162667,0.2658017418767174,0.11208942582563558,True,True,True
899,0.0998699686021853,0.30764958819767124,0.17802182009985504,0.4144586231002884,0.31140237745348864,0.569627019629,0.42457431495524445,0.25822464217551133,0.1131719375017558,True,True,True
900,0.09952194664526869,0.5530291741071296,0.13394018775711308,0.2135086914904888,0.2808220345292366,0.5257302083292623,0.3961098840279502,0.24490817380002572,0.11528784949871362,True,True,True
901,0.09746693447619947,0.0797390863925849,0.6899217956018981,0.13287218352931754,0.3261831611214883,0.5759125628039136,0.42131384314842074,0.24972940168242524,0.09513068202693242,True,True,True
902,0.3676125722651788,0.49185147450253586,0.11887515264188105,0.021660800590404355,0.30548570723439505,0.5611533123403725,0.4203146737879206,0.2556676051059774,0.11482896655352554,True,True,True
903,0.1793624169089255,0.6108287678335993,0.1750133747006179,0.0347954405568571,0.29197361972621033,0.5421795940232027,0.40721907328103785,0.2502059742969924,0.11524545355482751,True,True,True
904,0.1824191854537559,0.41812932751351295,0.35629117024068385,0.043160316792047265,0.3243110564591261,0.5878453390378839,0.43623811902765036,0.26353428257875783,0.11192706256852425,True,True,True
905,0.3031912226142495,0.06761170126631044,0.06681317161431287,0.5623839045051272,0.3369710617184281,0.5991658127969073,0.4430315255306096,0.26219475107847917,0.10606046381218148,True,True,True
906,0.10885371073253983,0.11577444544523707,0.00024769204619658533,0.7751241517760266,0.2966286211208653,0.548565886388917,0.4130797609428982,0.2519372652680517,0.11645113982203292,True,True,True
907,0.3825186033311575,0.24001845990822127,0.3373572283925088,0.04010570836811245,0.3425906589907125,0.6124179937805643,0.4522759466368151,0.26982733478985177,0.10968528764610258,True,True,True
908,0.3387213699213093,0.2390387203582424,0.054402880007005015,0.3678370297134432,0.3208598636170015,0.582762227565945,0.43498985244561233,0.2619023639489435,0.11412998882861086,True,True,True
909,0.8039850131805496,0.012966296077020364,0.10927463155572467,0.07377405918670536,0.31891954262084715,0.5608435506512478,0.41318985603726494,0.24192400803040065,0.09427031341641778,True,True,True
910,0.06935507566827653,0.6095828544697179,0.1609544692056632,0.16010760065634227,0.27919151191273617,0.5233343178689517,0.39431258461850655,0.24414280595621551,0.11512107270577038,True,True,True
911,0.5055899000686145,0.05935360402161462,0.2362562128286326,0.1988002830811382,0.3260528722094603,0.5757752606366416,0.4236018494257309,0.24972238842718136,0.09754897721627065,True,True,True
912,0.08566269318850567,0.7281756874479839,0.13833566671730996,0.04782595264620048,0.26981781308649316,0.5094923402643808,0.3852570122978991,0.23967452717788768,0.11543919921140594,True,True,True
913,0.7973059304634194,0.0849094534722357,0.014033688318903474,0.10375092774544148,0.33059084122525595,0.5854499018537465,0.43343939111068497,0.2548590606284905,0.10284854988542902,True,True,True
914,0.09247083830072994,0.15877793784826802,0.2121778977333893,0.5365733261176127,0.33737423813810424,0.6062879626774961,0.44798647848538187,0.26891372453939183,0.11061224034727762,True,True,True
915,0.4766905328991538,0.46509151060984005,0.03446169569692828,0.023756260794077895,0.3043238409451064,0.5594343676959976,0.4199620897737268,0.25511052675089124,0.1156382488286204,True,True,True
916,0.23698782881010494,0.17056834882193314,0.5406250443828198,0.05181877798514216,0.3353501025672255,0.5955615515289162,0.4375635696398252,0.2602114489616907,0.10221346707259965,True,True,True
917,0.0268061977875336,0.6318593278183715,0.2873935131391625,0.05394096125493235,0.29470635421035035,0.5461224878452714,0.4089692405497541,0.25141613363492105,0.11426288633940374,True,True,True
918,0.48204328898781784,0.044231747194406784,0.3503798783189986,0.12334508549877664,0.32307643966662725,0.5694798328356254,0.4180666986243411,0.24640339316899817,0.09499025895771385,True,True,True
919,0.06847900831441299,0.17164984897007346,0.5809981527427095,0.17887298997280401,0.336553089547404,0.5982391232801373,0.43907428255440467,0.2616860337327333,0.10252119300700069,True,True,True
920,0.4241502165463766,0.04093427106060462,0.4523645957440807,0.08255091664893786,0.3223375853895437,0.5678984262547582,0.41635117396519644,0.24556084086521446,0.09401358857565273,True,True,True
921,0.22171628692181694,0.1634880184328215,0.5187818226905636,0.09601387195479796,0.33539905665177144,0.5956705045374262,0.4376321577162208,0.26027144788565476,0.10223310106444938,True,True,True
922,0.026478547139037537,0.00748119083602575,0.6783072550914071,0.2877330069335296,0.31929405548022427,0.5613999739800907,0.4095730048346285,0.2421059184998664,0.09027894935440423,True,True,True
923,0.6743241873687805,0.12067168170067658,0.19119623933239346,0.013807891598149281,0.33294807044335983,0.5903187634024707,0.43568391462714623,0.25737069295911086,0.1027358441837864,True,True,True
924,0.4416845769316753,0.14947804073960402,0.366991927231663,0.041845455097057546,0.3348238521457808,0.5943894782346754,0.4376243557612764,0.25956562608889455,0.10280050361549559,True,True,True
925,0.217486803982418,0.26105674673156726,0.08789612243604512,0.43356032684996965,0.31274548940316815,0.5714026321154883,0.4268442262037537,0.2586571427123201,0.11409873680058552,True,True,True
926,0.4343089622352553,0.31925932169148,0.19843140022865355,0.04800031584461101,0.3312619085752469,0.5975130227479807,0.4437710295137914,0.2662511141727338,0.11250912093854448,True,True,True
927,0.06740847394877598,0.673903875318522,0.002106876592218321,0.25658077414048364,0.28177793266165646,0.49080431868048885,0.3910802610076189,0.2090263860188324,0.10930232834596243,True,True,True
928,0.17038669296503187,0.13556889814509746,0.6420539062225754,0.05199050266729523,0.3315546415463492,0.5872323333799285,0.430545306714526,0.2556776918335793,0.09899066516817678,True,True,True
929,0.2999688962516629,0.05936917295934617,0.42224210941358914,0.21841982137540192,0.3254234811633898,0.5743747045288659,0.4211625702742903,0.24895122336547604,0.09573908911090051,True,True,True
930,0.08142550194401077,0.3482675264620804,0.5305355256666061,0.03977144592730256,0.33742956020845616,0.6064175471014315,0.44758288468725776,0.2689879868929753,0.1101533244788016,True,True,True
931,0.14266298501181598,0.8081396306474687,0.01953124023253099,0.029666144108184307,0.27432198153449316,0.49526266886250003,0.38660258999706976,0.22094068732800687,0.11228060846257659,True,True,True
932,0.03788874741143624,0.19285263718558196,0.034773992301773145,0.7344846231012087,0.2742561516929172,0.5160312414747006,0.3898274837372517,0.24177508978178336,0.11557133204433445,True,True,True
933,0.26806244593267803,0.3153027794937831,0.1282776817459897,0.2883570928275491,0.3162159891831845,0.576309344389548,0.4299032946240241,0.26009335520636345,0.1136873054408396,True,True,True
934,0.22879510039926013,0.29347231538555435,0.295766399424757,0.1819661847904285,0.33303255119704805,0.6001165453805831,0.44445002395125593,0.26708399418353507,0.11141747275420788,True,True,True
935,0.4252285518744539,0.3080747477927506,0.25633188988134703,0.010364810451448303,0.33587056298124496,0.6040401548463652,0.4477341870162825,0.26816959186512024,0.11186362403503752,True,True,True
936,0.003701413916690908,0.12808248780370823,0.5841555889452746,0.28406050933432625,0.3336075991020081,0.5916851201033191,0.4334983814501654,0.258077521001311,0.09989078234815729,True,True,True
937,0.07021806653497424,0.29449198991029407,0.30812148728722716,0.32716845626750457,0.3269480084395708,0.5916095643212554,0.4382453326713132,0.26466155588168466,0.11129732423174243,True,True,True
938,0.18113018589204202,0.5647851925005878,0.15240061100044075,0.10168401060692947,0.2917698136822137,0.5418742511582764,0.40710422973209864,0.25010443747606265,0.11533441604988492,True,True,True
939,0.06890162854692572,0.14134134127229397,0.18972412858791593,0.6000329015928645,0.33659090106236267,0.6051945887323763,0.44717153124205256,0.26860368767001364,0.11058063017968989,True,True,True
940,0.05001984957112395,0.520036296572774,0.29693295832443467,0.13301089553166745,0.3044739102798517,0.5598991805179969,0.4178695782452622,0.2554252702381452,0.11339566796541051,True,True,True
941,0.2703755370621468,0.14201714468242768,0.3610418061833623,0.22656551207206338,0.33654480583459995,0.598219503392946,0.44018478590891863,0.2616746975583461,0.10363998007431868,True,True,True
942,0.05249088000620756,0.03622625676401901,0.23122271360902028,0.6800601496207531,0.3284055404583132,0.580600637164696,0.4252186668337529,0.2521950967063828,0.0968131263754397,True,True,True
943,0.07666076219876465,0.2401515366137786,0.1954810746828808,0.48770662650457586,0.3209981910004673,0.5831873033476654,0.43309072957547584,0.26218911234719816,0.11209253857500856,True,True,True
944,0.2909259895972183,0.1413998899590936,0.18097455122091569,0.3866995692227724,0.3418634706618242,0.6106246731391547,0.451192365621283,0.2687612024773305,0.1093288949594588,True,True,True
945,0.19112965254195707,0.1482890256603775,0.004073474425536816,0.6565078473721286,0.3094911691339277,0.5666832701663422,0.4250174071945553,0.2571921010324145,0.11552623806062756,True,True,True
946,0.5031789704315037,0.03438642573968916,0.2680683415177356,0.1943662623110716,0.32231616615818337,0.5679028558044547,0.4172214383643078,0.24558668964627128,0.09490527220612444,True,True,True
947,0.028860922534750925,0.9000449958505468,0.055197969142711065,0.015896112471991224,0.2787098997121463,0.49218241420277353,0.3887415665581675,0.2134725144906272,0.11003166684602117,True,True,True
948,0.2693578476031786,0.40030627844020417,0.00983274335903078,0.32050313059758645,0.2861086623183738,0.5334535296607024,0.40277624365790315,0.24734486734232858,0.11666758133952937,True,True,True
949,0.4004692668873449,0.057439774549613125,0.09979970491859248,0.44229125364444943,0.3304162250507316,0.5849997560594444,0.43163575452019154,0.25458353100871284,0.10121952946945995,True,True,True
950,0.03925666661334039,0.3111322552587821,0.19074349025004605,0.45886758787783166,0.3077623846547209,0.5645352276029265,0.4208854230929826,0.2567728429482056,0.11312303843826171,True,True,True
951,0.0627774274889636,0.7302492312674134,0.11782204315564067,0.08915129808798238,0.2643335117608424,0.5003763647743796,0.37967026027344486,0.23604285301353722,0.11533674851260245,True,True,True
952,0.02724866384348591,0.028592102178182765,0.6211718200550133,0.3229874139233181,0.3217758705835473,0.5666235752942075,0.41371867232667664,0.2448477047106602,0.09194280174312935,True,True,True
953,0.10874227521570347,0.4029678986570809,0.12340844250064995,0.36488138362656575,0.292555067403768,0.5430126416146916,0.4076743012508321,0.25045757421092363,0.11511923384706407,True,True,True
954,0.09787161473375966,0.3814858449545061,0.37795476853616145,0.1426877717755729,0.32562579178155826,0.5897381835601856,0.43709734865562594,0.26411239177862733,0.11147155687406768,True,True,True
955,0.14803478579360482,0.1542882522505523,0.561387754945713,0.1362892070101298,0.3346560791838186,0.5940175600298445,0.4359860574483889,0.2593614808460259,0.1013299782645703,True,True,True
956,0.14569794880106152,0.05497282781744773,0.3905397669642308,0.40878945641725994,0.32671673314410427,0.5770639007813257,0.42272304713734216,0.2503471676372215,0.09600631399323789,True,True,True
957,0.4355756885722787,0.05924895850588043,0.1136486670476429,0.391526685874198,0.3295962054005211,0.5832714245781097,0.43022215545011283,0.25367521917758856,0.10062595004959174,True,True,True
958,0.5428096081071444,0.15188127028883552,0.1922570505411103,0.11305207106290968,0.3379991840504584,0.6014541521118828,0.44434542871916105,0.2634549680614244,0.10634624466870263,True,True,True
959,0.403137651173179,0.018881784227347816,0.4058093587110723,0.17217120588840093,0.32015472942684337,0.5633089338719144,0.4127940955548669,0.24315420444507102,0.09263936612802354,True,True,True
960,0.38674870168644654,0.01693323148218002,0.32918315575973367,0.26713491107163967,0.3201748401918832,0.5633628475743122,0.4130396999407337,0.24318800738242902,0.0928648597488505,True,True,True
961,0.031305748947799854,0.19023356466917285,0.6313802710076911,0.14708041537533617,0.337348785783926,0.6000098801324485,0.4403385888633019,0.2626610943485225,0.10298980307937589,True,True,True
962,0.6304398012387052,0.03563605979907041,0.2717527690326463,0.062171369929577905,0.3218296178610484,0.5668946667477573,0.4166991810490299,0.24506504888670894,0.09486956318798151,True,True,True
963,0.1935860530928092,0.5689280936598914,0.22118112132408493,0.016304731923214532,0.30123179990487725,0.5552512602024496,0.4155764128042428,0.2540194602975724,0.11434461289936554,True,True,True
964,0.12345391546436872,0.2254881925576468,0.14549547298878895,0.5055624189891954,0.31927235471545634,0.5806993692837353,0.4319911963374756,0.261427014568279,0.11271884162201928,True,True,True
965,0.4966040280965398,0.2787952531940836,0.13774253408599385,0.08685818462338273,0.3333641045631671,0.6004239508508938,0.44616320229943307,0.2670598462877267,0.11279909773626595,True,True,True
966,0.050643367030965954,0.1983696457901995,0.2412153369318654,0.5097716502469691,0.3314943473789745,0.5980293145600944,0.4423233287236864,0.26653496718111996,0.11082898134471192,True,True,True
967,0.5803239687171613,0.03929711707607433,0.2719153115338546,0.10846360267290969,0.3225100340834837,0.5683202679739774,0.4177167198606256,0.24581023389049367,0.09520668577714186,True,True,True
968,0.06787578751435228,0.6988739649347548,0.017039566944094635,0.21621068060679807,0.279215630766148,0.4922053454440015,0.3893989352161825,0.2129897146778535,0.11018330445003449,True,True,True
969,0.054547155982885905,0.6263355019841422,0.2411742422341943,0.07794309979877767,0.2907675025901162,0.5404317774154733,0.40543218157488,0.24966427482535714,0.11466467898476379,True,True,True
970,0.12843409146003343,0.2419322898779487,0.5838116322794221,0.04582198638259579,0.3405920096690415,0.6074334620637465,0.44678727535033214,0.26684145239470497,0.10619526568129062,True,True,True
971,0.2591151167275219,0.3246424787341388,0.2959353697775653,0.1203070347607741,0.33109118034072077,0.5973668293147264,0.44278229833778815,0.26627564897400563,0.11169111799706738,True,True,True
972,0.27124919347529186,0.14089450587309307,0.38102012138884767,0.20683617926276737,0.335902926559076,0.5967912457198923,0.43898273169525415,0.2608883191608163,0.10307980513617815,True,True,True
973,0.23841683784096845,0.1178781836007255,0.27706871112566234,0.36663626743264377,0.33704462063404084,0.5993315401669711,0.44122561373249514,0.26228691953293026,0.1041809930984543,True,True,True
974,0.03451801665725346,0.39008728559189976,0.16942863595917762,0.4059660617916692,0.2950153314393181,0.5465445202036668,0.4093720104051294,0.25152918876434877,0.11435667896581131,True,True,True
975,0.1486859353550473,0.12552554076155872,0.6495910298671056,0.07619749401628853,0.3306896652468058,0.5854075985427043,0.42902402280292473,0.2547179332958985,0.09833435755611891,True,True,True
976,0.5148113530028261,0.18321507558301864,0.1998436307186061,0.10212994069554897,0.3407540275474154,0.6078874922983928,0.4494859239669509,0.2671334647509774,0.10873189641953551,True,True,True
977,0.5312749100915695,0.2455495951262136,0.02500797613245522,0.1981675186497618,0.32895434232380244,0.5941010580600102,0.44305309312508956,0.2651467157362078,0.11409875080128712,True,True,True
978,0.0008293622748179933,0.4967471232582316,0.4372635428236696,0.06515997164328091,0.3171462063082377,0.5778157607342818,0.42903911066866557,0.26066955442604406,0.11189290436042787,True,True,True
979,0.2911391924826881,0.09479297371490955,0.248397761590418,0.36567007221198444,0.33416285751065034,0.5929186632585436,0.43640864824684833,0.25875580574789325,0.102245790736198,True,True,True
980,0.555212645902728,0.09676966637432662,0.2894937736056406,0.058523914117304746,0.32947659573895544,0.5829714284673124,0.429139445631365,0.253494832728357,0.09966284989240959,True,True,True
981,0.6957492277605795,0.003915579972688636,0.1387537266560239,0.16158146561070805,0.3178477313843224,0.5585679720970933,0.4110392850249454,0.24072024071277093,0.09319155364062304,True,True,True
982,0.27202821093216334,0.029954653290279624,0.6513374480870406,0.046679687690516496,0.32096261405596793,0.5649599258079248,0.4132395355014214,0.24399731175195682,0.09227692144545346,True,True,True
983,0.4088372124672729,0.10564155880245386,0.1539289963810257,0.3315922323492476,0.33647283515056303,0.5980577847220323,0.4415436082510534,0.26158494957146927,0.10507077310049034,True,True,True
984,0.3740177980857796,0.12097007783318832,0.12986255503806368,0.3751495690429684,0.3401634529241515,0.6064266109969427,0.4484045606691608,0.2662631580727912,0.10824110774500928,True,True,True
985,0.3303781583180985,0.5325861966073784,0.020505620970633937,0.11653002410388923,0.28456137028190226,0.5311764837200402,0.4011353087121283,0.24661511343813797,0.11657393843022607,True,True,True
986,0.049623999964027256,0.007860134804948543,0.5091792254105459,0.43333663982047843,0.31952617486796886,0.5618972051424872,0.4101195411136813,0.24237103027451834,0.09059336624571246,True,True,True
987,0.07840193307105918,0.11733755445597836,0.01057082724244504,0.7936896852305174,0.2922465960060331,0.5424500708230694,0.40851588184648985,0.2502034748170363,0.11626928584045676,True,True,True
988,0.6013889867302622,0.023809218485681568,0.04306589444966428,0.3317359003343918,0.32174665947988484,0.5668167831930898,0.4183305993874446,0.24507012371320497,0.09658393990755976,True,True,True
989,0.8040101024656631,0.16760673051478972,0.016002940671831323,0.012380226347715803,0.34022489139830003,0.6066182309015647,0.450305117240701,0.2663933395032647,0.11008022584240096,True,True,True
990,0.37809059964293606,0.22115318668759779,0.012882635605424386,0.38787357806404177,0.320360912610742,0.5819937890259486,0.4351048806923031,0.26163287641520655,0.11474396808156107,True,True,True
991,0.00578004457630155,0.7872622754314941,0.1860630954942903,0.02089458449791402,0.267975593001008,0.5067938615380614,0.3830677329916422,0.2388182685370534,0.11509213999063422,True,True,True
992,0.1524469109375396,0.08707491604580686,0.6255311304304871,0.13494704258616652,0.32721961521220466,0.5781070543665933,0.423283312553089,0.2508874391543886,0.09606369734088432,True,True,True
993,0.07627278821250447,0.2928384884731101,0.0750509331167213,0.5558377901976641,0.28717077129028923,0.5350919228633338,0.40249296391706685,0.24792115157304462,0.11532219262677762,True,True,True
994,0.25043028103806986,0.42571310904300863,0.027678139236218962,0.29617847068270264,0.28556984799897683,0.5326718527430736,0.4019941893071487,0.24710200474409677,0.11642434130817186,True,True,True
995,0.4539402577520793,0.41635608631447274,0.06456306166813867,0.0651405942653094,0.3105954885401358,0.5682968040115317,0.42553104666776814,0.2577013154713959,0.11493555812763234,True,True,True
996,0.33575261165823267,0.5263541969248625,0.01979416199591985,0.11809902942098496,0.28549020505554484,0.532545740771784,0.40207633787283587,0.24705553571623912,0.11658613281729102,True,True,True
997,0.14799785352222106,0.7353883185264225,0.03135658656253086,0.08525724138882575,0.2707730032754973,0.49731992315165663,0.3844007162428726,0.22654691987615933,0.11362771296737528,True,True,True
998,0.5150591130543324,0.019424662524735972,0.2502327513871738,0.2152834730337579,0.32032439067021096,0.5637185888754477,0.4140393349932567,0.24339419820523672,0.09371494432304572,True,True,True
999,0.2212607123539015,0.2727628820257089,0.4103216192144282,0.09565478640596126,0.34182359292285847,0.6125495439556908,0.45216435292148666,0.27072595103283237,0.11034075999862819,True,True,True
