global_step,date,day_step,real_price,sim_price,best_bid,best_ask,spread_bps,imbalance,daily_sentiment,intraday_sentiment,epistemic_uncertainty,aleatoric_uncertainty,regime,total_volume,trade_count,fills_this_step
0,2024-01-01,0,44179.55,44185.375482034804,44159.00627153194,44211.74469253767,11.935718646812912,0.0672275232345412,0.3,0.2949342830602246,0.05197316968394074,0.1546805592132731,greed,1.1340468449361907,7,7
1,2024-01-01,1,44179.55,44204.83173063198,44186.49102754859,44223.172433715365,8.298053568057579,0.12125664479114297,0.3,0.2776755687307784,0.04116167224336399,0.17598528437324806,greed,2.2674408271180733,16,9
2,2024-01-01,2,44179.55,44220.05730191934,44208.19800320664,44231.91660063203,5.363764516053332,0.18081075177903783,0.3,0.2964922681678484,0.059398197043239884,0.17497327922401265,greed,3.460343073318505,25,9
3,2024-01-01,3,44179.55,44236.41661052281,44225.25775866824,44247.575462377376,5.045097550652061,0.20773684776153375,0.3,0.29719173593412174,0.043636499344142016,0.155502135295603,greed,4.7142100328258705,35,10
4,2024-01-01,4,44179.55,44261.28443841901,44260.681733716476,44261.887143121545,0.27233945430259027,0.24333367974127343,0.3,0.2873118077720302,0.04582458280396084,0.16835558684167137,greed,5.825112230153542,42,7
5,2024-01-01,5,44179.55,44270.410236252705,44260.681733716476,44280.138738788926,4.395036090385574,0.2748587345560867,0.3,0.2353150221016712,0.04584289297070436,0.16099085529881074,greed,8.12398653040621,57,15
6,2024-01-01,6,44179.55,44297.14169800599,44293.71191702802,44300.57147898396,1.5485337638050536,0.29916357078931494,0.3,0.25609649526993516,0.05028468876827223,0.16777243706586126,greed,9.167054518101038,63,6
7,2024-01-01,7,44179.55,44309.102104921534,44293.71191702802,44324.49229281504,6.946738779344784,0.3457153503676162,0.3,0.24097131973321095,0.05215089703802877,0.15511572371061874,greed,11.670962680570778,77,14
8,2024-01-01,8,44179.55,44345.492584266365,44338.52262364505,44352.46254488769,3.14348097862581,0.35044539993756113,0.3,0.21986141396151374,0.048803049874792025,0.15366114704534337,greed,13.328337691507578,85,8
9,2024-01-01,9,44179.55,44348.62732535318,44338.52262364505,44358.73202706132,4.55694000808894,0.39915174959587024,0.3,0.2070413975694968,0.04068777042230437,0.17727961206236345,greed,15.810416831894763,98,13
10,2024-01-01,10,44179.55,44389.56842634514,44385.94807337492,44393.18877931536,1.6311728627076547,0.43263145478501114,0.3,0.2177881560546109,0.05040136042355622,0.16640130838029837,greed,17.51298224355676,106,8
11,2024-01-01,11,44179.55,44394.526427295845,44374.67738921469,44414.375465376994,8.94211051610568,0.47503613530147315,0.3,0.18659246744972935,0.05939169255529117,0.17325398470083342,greed,19.97523715840067,119,13
12,2024-01-01,12,44179.55,44421.38945294178,44409.33053820064,44433.448367682926,5.429328028525274,0.48972661226375686,0.3,0.19770255230466463,0.043919657248382905,0.15135681866731612,greed,21.971032723251593,132,13
13,2024-01-01,13,44179.55,44454.07024223861,44451.667236940404,44456.47324753681,1.0811182351164592,0.48816205962743364,0.3,0.19635966269799757,0.04777354579378964,0.15814047095321687,greed,23.486341662997653,139,7
14,2024-01-01,14,44179.55,44468.8173759184,44451.667236940404,44485.96751489639,7.713332618231001,0.5495789578761551,0.3,0.18251092100900204,0.05085392166316497,0.15422772674924287,greed,25.946796525479325,152,13
15,2024-01-01,15,44179.55,44503.04438133718,44494.042734183015,44512.04602849134,4.045407355519652,0.5705197999988879,0.3,0.20040227343248013,0.04149101287359542,0.1796066080980155,greed,27.71385626579025,163,11
16,2024-01-01,16,44179.55,44519.98092696148,44494.042734183015,44545.919119739934,11.652382700259203,0.5888182066017225,0.3,0.042055125265351906,0.054226839054973,0.17370526621593615,greed,29.678951412540872,173,10
17,2024-01-01,17,44179.55,44530.33614685941,44494.042734183015,44566.62955953581,16.30053389074056,0.5940800116079911,0.3,0.06508313851563408,0.05852601757026698,0.1695323107650583,greed,31.342848715007595,181,8
18,2024-01-01,18,44179.55,44604.360329758856,44595.133494275564,44613.58716524214,4.137189913754998,0.52097347547206,0.3,0.05564812100148463,0.053376825053272146,0.1699776706985249,greed,31.758668550891596,185,4
19,2024-01-01,19,44179.55,44610.41448205016,44595.133494275564,44625.69546982476,6.850861150705209,0.5183042086575963,0.3,0.06284355249119733,0.045494435859801285,0.16683730277543102,greed,33.372683349202426,192,7
20,2024-01-01,20,44179.55,44618.91325919975,44595.133494275564,44642.69302412393,10.659051593678521,0.5240404942005886,0.3,0.07809610172147788,0.054434590423297465,0.15707954759246867,greed,35.1637490699573,201,9
21,2024-01-01,21,44179.55,44655.693269492476,44593.61601635643,44717.770522628525,27.802615340184815,0.5462662304035467,0.3,0.08366411246615633,0.04080867179076863,0.17131988669057363,greed,37.36015393972419,215,14
22,2024-01-01,22,44179.55,44713.530497100175,44708.59329696254,44718.467697237815,2.208369628945381,0.5045244424849779,0.3,0.08728702405434505,0.05791527191347039,0.16426110669546334,greed,38.3152810669584,222,7
23,2024-01-01,23,44179.55,44717.47477579935,44708.59329696254,44726.35625463614,3.9722631393338474,0.5118937807596786,0.3,0.07424716821101104,0.05391032172852255,0.15417994363217627,greed,40.081520175845014,231,9
24,2024-01-01,24,44179.55,44721.77654383247,44708.59329696254,44734.9597907024,5.895672260249974,0.5303956373480153,0.3,0.0992765533497203,0.05885707141115962,0.16796596399465608,greed,41.92551599525733,242,11
25,2024-01-01,25,44179.55,44790.30001383033,44787.617104209545,44792.98292345113,1.1979868944672176,0.5327857409693684,0.3,0.15009341767389411,0.057609356780305154,0.1687306214440138,greed,43.523238890927885,251,9
26,2024-01-01,26,44179.55,44806.86176064498,44787.617104209545,44826.10641708041,8.59004879129265,0.5276350750492379,0.3,0.137877635559558,0.04436880874433667,0.162495298436111,greed,45.49239733149335,261,10
27,2024-01-01,27,44179.55,44767.84498109993,44702.32467016399,44833.36529203588,29.271148058883632,0.5178198954803458,0.3,0.13276655406740676,0.04648690042010548,0.1536626386410202,greed,47.40646309515884,271,10
28,2024-01-01,28,44179.55,44832.17026637379,44830.9752407117,44833.36529203588,0.5331107795990577,0.4590729307755718,0.3,0.1489715636911836,0.05295380241082725,0.15001561130985946,greed,47.931670354521344,278,7
29,2024-01-01,29,44179.55,44846.34743133647,44830.9752407117,44861.71962196125,6.855492812793082,0.47067778718414055,0.3,0.1439591145828864,0.04609562516316058,0.15493967559428826,greed,49.60844137016967,287,9
30,2024-01-01,30,44179.55,44899.3560347953,44895.58313921032,44903.12893038028,1.680601201520177,0.48063039861740686,0.3,0.11836418938034826,0.04538824667597043,0.15732376566743322,greed,51.1366574475472,295,8
31,2024-01-01,31,44179.55,44908.75947814652,44895.58313921032,44921.935817082725,5.868048500700221,0.5078394933060221,0.3,0.1804010387719391,0.044375284391461406,0.16674306006052023,greed,53.043440254418094,306,11
32,2024-01-01,32,44179.55,44918.97621418329,44895.58313921032,44942.36928915626,10.415675932339411,0.5098258347319751,0.3,0.16410616862718092,0.04493752125677203,0.17088912818519364,greed,54.969493325748765,316,10
33,2024-01-01,33,44179.55,44893.09807809497,44830.9752407117,44955.22091547824,27.675896760434554,0.5196271960213728,0.3,0.15976609562963048,0.042961738599067996,0.17993221455146824,greed,56.801910713151784,327,11
34,2024-01-01,34,44179.55,44971.97721660966,44960.09870590824,44983.85572731108,5.282627732468036,0.47219927922895777,0.3,0.14995416560214717,0.05268702689402728,0.170421163546643,greed,57.29538590354576,332,5
35,2024-01-01,35,44179.55,44984.66288073578,44960.09870590824,45009.22705556331,10.921133228300004,0.46835984483009635,0.3,0.14827544733830889,0.04895566329146184,0.16658679267213983,greed,58.96787189536036,340,8
36,2024-01-01,36,44179.55,44991.73316331093,44960.09870590824,45023.367620713616,14.062342203115973,0.48312664763004304,0.3,0.13319536332017495,0.04484319876554852,0.17409419269139687,greed,60.77637178741318,349,9
37,2024-01-01,37,44179.55,45032.233523695446,45026.11029276326,45038.35675462763,2.7194879991745737,0.48646554323757485,0.3,0.13824901473202333,0.05966846281789686,0.16196473327333658,greed,62.15620250037333,359,10
38,2024-01-01,38,44179.55,45052.450289388995,45026.11029276326,45078.79028601473,11.693036208482773,0.49738187042496834,0.3,0.14967258790625304,0.05016397553481437,0.17087438420372644,greed,63.87523282297485,369,10
39,2024-01-01,39,44179.55,45062.07982811805,45026.11029276326,45098.049363472834,15.964436391745217,0.5032980243896001,0.3,0.16057510294047644,0.046519178104037696,0.15660723142696645,greed,66.03744904061537,381,12
40,2024-01-01,40,44179.55,45070.90170295998,45026.11029276326,45115.693113156696,19.875976962660342,0.5032980243896001,0.3,0.17726782493475418,0.041923531021828414,0.1782156979346881,greed,67.53744904061537,387,6
41,2024-01-01,41,44179.55,45149.18538847178,45141.55660224594,45156.81417469762,3.3793682699699303,0.4884692628254091,0.3,0.18665070505823228,0.0503550270105496,0.17513130317721984,greed,69.10016635693106,398,11
42,2024-01-01,42,44179.55,45158.027014459476,45141.55660224594,45174.49742667301,7.294566792416958,0.5083917816846945,0.3,0.20636978749146148,0.05082895947655132,0.17087353198035246,greed,71.28836076219989,406,8
43,2024-01-01,43,44179.55,45080.1883356663,44959.276663170356,45201.10000816225,53.64293138956723,0.5215320003917093,0.3,0.21819914812410388,0.043499098541918725,0.17946505029988305,greed,73.4170059869184,417,11
44,2024-01-01,44,44179.55,45181.53137746938,45165.44677299936,45197.61598193939,7.11999083680146,0.4639428257871116,0.3,0.17716864174119284,0.05930838702577587,0.16674880360821293,greed,73.75719717475876,422,5
45,2024-01-01,45,44179.55,45184.707087266,45160.56059149468,45208.853583037315,10.687906297448524,0.4577620900859386,0.3,0.17683134740499326,0.04377414216682759,0.15836614057776546,greed,76.16117486382683,437,15
46,2024-01-01,46,44179.55,45193.18680196116,45160.56059149468,45225.813012427636,14.43855270018823,0.46433677851829397,0.3,0.19047126712212134,0.048090162542443804,0.1766331029628288,greed,77.76847385142523,445,8
47,2024-01-01,47,44179.55,45261.31358289784,45245.33203894316,45277.295126852514,7.061900192271548,0.44176900398888913,0.3,0.1958582862404488,0.05871269988441895,0.1735602195334183,greed,78.81928165087095,449,4
48,2024-01-01,48,44179.55,45227.32188200147,45160.56059149468,45294.08317250827,29.52254864038836,0.4716759573645741,0.3,0.20835241334630195,0.05880266884915557,0.17920991510265952,greed,81.51888847190224,465,16
49,2024-01-01,49,44179.55,45298.360172522225,45296.52592646246,45300.194418581996,0.8098509759651425,0.45169017301437947,0.3,0.238289049158181,0.04610727720688787,0.16456841260758678,greed,82.32526903732598,473,8
50,2024-01-02,0,44946.91,45308.77870501931,45296.52592646246,45321.03148357615,5.408567128510167,0.5175861194620743,0.42,0.4020131808696656,0.040361507272310415,0.16481681145550303,greed,85.55161346168971,490,17
51,2024-01-02,1,44946.91,45324.082898114444,45291.55760472875,45356.60819150014,14.352322785576055,0.5710658771421924,0.42,0.3824975639856501,0.0473293756916572,0.17232511569169687,greed,88.2388145821235,504,14
52,2024-01-02,2,44946.91,45404.35936992506,45397.76809478823,45410.950645061894,2.903366649501258,0.5938417560466204,0.42,0.3460499149448069,0.050176281536775204,0.16908997854557686,greed,90.11119341059828,514,10
53,2024-01-02,3,44946.91,45425.666701378854,45397.76809478823,45453.565307969475,12.283190811054942,0.6569344420265777,0.42,0.3545434878193292,0.05179741695121088,0.17936678574825027,greed,92.88791926443875,529,15
54,2024-01-02,4,44946.91,45463.31191746195,45397.76809478823,45528.855740135674,28.833721042019345,0.7545939139985341,0.42,0.3582993834072896,0.047001568153893516,0.16935310086091693,greed,95.60125576344916,542,13
55,2024-01-02,5,44946.91,45607.65561411011,45583.62764702614,45631.683581194084,10.536813068084937,0.8131015270716807,0.42,0.3428749379128128,0.057283351301438065,0.15690555804724665,greed,97.78602997629037,555,13
56,2024-01-02,6,44946.91,45704.338408569136,45583.62764702614,45825.049170112135,52.82245219870304,0.9060780790211018,0.42,0.38526620505132825,0.040872075435088674,0.17983651532392023,greed,100.4781903978877,570,15
57,2024-01-02,7,44946.91,45893.21779448033,45876.307062036096,45910.12852692457,7.369599804471063,0.8854745344328616,0.42,0.3671158485828585,0.04559120683593517,0.17650482066798776,greed,101.75200525835565,579,9
58,2024-01-02,8,44946.91,46119.91870431567,46089.679650971404,46150.15775765994,13.113229248358195,0.9035264654569437,0.42,0.36352685098655435,0.05960663167432091,0.15226038768018385,greed,103.68729423490376,590,11
59,2024-01-02,9,44946.91,46344.48386996839,46314.44115431441,46374.52658562237,12.964958564766228,0.9140635200030647,0.42,0.3092895740129069,0.04381822062300692,0.1580542457067047,greed,105.45728216886141,600,10
60,2024-01-02,10,44946.91,46557.607719114814,46544.68850029737,46570.526937932256,5.5497777701056,0.8969754238543957,0.42,0.2529992516478596,0.05688426281452623,0.17790050504432495,greed,106.89829509579829,608,8
61,2024-01-02,11,44946.91,46788.425446730296,46782.734722322064,46794.11617113852,2.4325351211946993,0.8704343142478352,0.42,0.24333895944621617,0.044178374352307204,0.1701343055047215,greed,108.2103729224564,616,8
62,2024-01-02,12,44946.91,47011.757209587144,46990.54333028417,47032.971088890125,9.024925066468684,0.8708168812728172,0.42,0.21389111242077272,0.04645101528477201,0.17546009384774022,greed,109.90021254384935,625,9
63,2024-01-02,13,44946.91,47119.81915465019,46990.54333028417,47249.09497901621,54.87110378829326,0.8770482573339982,0.42,0.198486764317342,0.05417821993820238,0.16658459930723724,greed,111.72846666524656,636,11
64,2024-01-02,14,44946.91,47354.334192744165,47347.26697442581,47361.40141106253,2.984824278003484,0.874339809902967,0.42,0.18629922038647756,0.05223027421731361,0.15244782541200722,greed,113.4984218933926,645,9
65,2024-01-02,15,44946.91,47608.7188230772,47589.61961503592,47627.81803111849,8.02340769230243,0.9239998603839261,0.42,0.4144919690161788,0.052999278615555305,0.1710590063177311,greed,115.71395421431366,657,12
66,2024-01-02,16,44946.91,47858.40781413975,47856.02891796952,47860.78671030998,0.9941392866510897,0.9087879806202203,0.42,0.3986886952780889,0.04751165905279888,0.15281945819522608,greed,117.03898916549241,664,7
67,2024-01-02,17,44946.91,48105.121062757535,48079.896230015045,48130.34589550002,10.48737938298826,0.9154895060573007,0.42,0.3833434441913265,0.040718845475934844,0.1639679405439738,greed,119.08206519375389,677,13
68,2024-01-02,18,44946.91,48346.384933475834,48315.41496053909,48377.35490641258,12.811701631613827,0.8999808729470127,0.42,0.33023916967258393,0.04061000499878099,0.15112044566247643,greed,120.75235485003087,683,6
69,2024-01-02,19,44946.91,48598.174543105604,48593.45975680496,48602.88932940625,1.9403141558186487,0.9010138852395452,0.42,0.3253613435440582,0.04720381282822526,0.15381181537955654,greed,122.38194252414736,694,11
70,2024-01-02,20,44946.91,48868.538022887515,48866.173859720424,48870.90218605461,0.9675604234311748,0.8811684176451756,0.42,0.34503281201230995,0.05245780951638,0.15256042394981303,greed,123.74183880779519,703,9
71,2024-01-02,21,44946.91,49126.89099499833,49100.985407302425,49152.79658269423,10.546398182836475,0.9069008815637829,0.42,0.33410055081250056,0.05062709263136296,0.1662190536483032,greed,125.66029217437588,712,9
72,2024-01-02,22,44946.91,49424.38294210247,49404.95714726886,49443.80873693607,7.860814309553003,0.8887236428546691,0.42,0.3489592055502846,0.050326006966023906,0.15968869418823736,greed,127.0742607393047,721,9
73,2024-01-02,23,44946.91,49704.71468850959,49672.27057915486,49737.15879786433,13.054741208377127,0.8860327471117726,0.42,0.35163860454735363,0.04541664502524149,0.16316914262116908,greed,128.8266109592436,732,11
74,2024-01-02,24,44946.91,50002.506575071886,49970.17480033916,50034.83834980461,12.932061589425324,0.8857454894266632,0.42,0.32203836253748314,0.04312874085342172,0.15750728694493785,greed,130.41935699557925,737,5
75,2024-01-02,25,44946.91,50002.362274807325,49672.27057915486,50332.453970459785,132.0304404173214,0.8875501251041266,0.42,0.34406056089589787,0.05429191845400125,0.16980592130153194,greed,132.17275721469878,747,10
76,2024-01-02,26,44946.91,50305.699282431255,50285.410940495516,50325.98762436699,8.0660212362157,0.7955487438288015,0.42,0.33820043011551626,0.0483920012485558,0.15743192968503472,greed,132.38274796910554,749,2
77,2024-01-02,27,44946.91,50310.75271917773,50285.410940495516,50336.09449785996,10.074100391092392,0.8223968106671913,0.42,0.3584074068335545,0.05515692220928738,0.15043180465889266,greed,134.57210187692414,758,9
78,2024-01-02,28,44946.91,50590.20953708998,50557.9240622432,50622.49501193676,12.763526833432024,0.7933688691973039,0.42,0.33881882692606563,0.049832317502336645,0.16420415312341696,greed,135.71159862313522,764,6
79,2024-01-02,29,44946.91,50613.843835104824,50557.9240622432,50669.76360796646,22.096631523901767,0.827934733465198,0.42,0.36337705784290514,0.048677032984759463,0.16195514203192118,greed,137.8299780851511,777,13
80,2024-01-02,30,44946.91,50906.36127221632,50906.145474427525,50906.57707000512,0.08478224858550443,0.7992123162991703,0.42,0.3789007050957963,0.04749225229252942,0.1687757974714271,greed,138.80655772884384,783,6
81,2024-01-02,31,44946.91,50931.110965024876,50906.145474427525,50956.07645562223,9.803630874847919,0.8153309288950255,0.42,0.38847591072924137,0.05712979682376645,0.16976080894856835,greed,140.94737216280436,792,9
82,2024-01-02,32,44946.91,51231.419087758666,51197.31807977001,51265.52009574732,13.312536953247411,0.8491294969599393,0.42,0.36657916913968625,0.058804604828499155,0.16726422533627636,greed,142.9410560613196,803,11
83,2024-01-02,33,44946.91,51259.71640127708,51197.31807977001,51322.11472278416,24.34594878309486,0.8834510416070671,0.42,0.3521391843680608,0.05286576436884707,0.16374758671474549,greed,145.07624683417896,815,12
84,2024-01-02,34,44946.91,51597.09734367413,51589.27892756741,51604.91575978085,3.030564318238939,0.8286650386394275,0.42,0.3516622361865741,0.059223811276478286,0.1771605192586819,greed,145.79260041059774,821,6
85,2024-01-02,35,44946.91,51617.05301037488,51589.27892756741,51644.82709318236,10.761591833571845,0.8408224666135286,0.42,0.33891546088071167,0.04138722601750331,0.1530233400413228,greed,147.49665004764634,830,9
86,2024-01-02,36,44946.91,51944.56271860801,51933.77822711704,51955.347210098975,4.152308124870318,0.8105208564002007,0.42,0.31629525947159326,0.05689750621938909,0.15069815807207476,greed,149.1273410407716,839,9
87,2024-01-02,37,44946.91,51971.97521705614,51933.77822711704,52010.17220699523,14.69907186693103,0.8207393408685303,0.42,0.30981769875014825,0.045637095495468,0.1535449448286497,greed,150.97974237450347,849,10
88,2024-01-02,38,44946.91,52308.39914708999,52297.139188977606,52319.65910520239,4.30521992490258,0.8060477435854864,0.42,0.31887615075206727,0.05470142087607772,0.17410442791154546,greed,152.55679428818996,860,11
89,2024-01-02,39,44946.91,52324.49540715663,52297.139188977606,52351.85162533566,10.456371520129032,0.8104504283272119,0.42,0.33703954062610797,0.043548790875594455,0.17251844254922574,greed,154.42031157817834,868,8
90,2024-01-02,40,44946.91,52653.96903321223,52624.73870247266,52683.199363951804,11.10280241975037,0.804064776940044,0.42,0.2885821543248615,0.04681607080506036,0.17792271976810695,greed,156.13120210650158,877,9
91,2024-01-02,41,44946.91,52666.716809150596,52624.73870247266,52708.69491582853,15.941037991811509,0.8120359909884316,0.42,0.25631253680673827,0.04857988054750037,0.17252613203374492,greed,157.8805055238089,883,6
92,2024-01-02,42,44946.91,52300.09845786395,51580.6730531788,53019.52386254909,275.11435958949767,0.8134438125700351,0.42,0.2435229760706385,0.05010504744895714,0.17479372398323223,greed,159.87354937929157,896,13
93,2024-01-02,43,44946.91,52645.69738301006,52618.36976093014,52673.02500508999,10.381711493386476,0.7639809706001628,0.42,0.24540313958302398,0.057910464569924006,0.1616760503620249,greed,160.4019235820247,901,5
94,2024-01-02,44,44946.91,52987.19551327981,52954.86716401053,53019.52386254909,12.202325092361894,0.7578526851085631,0.42,0.23644201637895074,0.05901214293875112,0.16720313664369857,greed,161.8542117740235,909,8
95,2024-01-02,45,44946.91,52997.172917477415,52954.86716401053,53039.4786709443,15.96528687775819,0.7665879936425715,0.42,0.2215359210828881,0.048968910439566395,0.15879632315094194,greed,163.66612420120344,919,10
96,2024-01-02,46,44946.91,53006.77104076826,52954.86716401053,53058.674917526,19.58386664141948,0.7777234563124332,0.42,0.2444807874101708,0.05583158087451697,0.17368854428383662,greed,165.37166236471265,927,8
97,2024-01-02,47,44946.91,53344.735277363485,53327.52248163893,53361.94807308804,6.453418743220577,0.7347745300209461,0.42,0.21709949928488326,0.04988840609405163,0.15172676280049932,greed,166.42196050422564,934,7
98,2024-01-02,48,44946.91,53359.65460950021,53327.52248163893,53391.7867373615,12.043604141157289,0.742579466194161,0.42,0.17458919438378934,0.047018300251041575,0.15351201049282817,greed,168.1242155275117,942,8
99,2024-01-02,49,44946.91,53363.47604097548,53327.52248163893,53399.429600312025,13.474969025233671,0.7464046016463213,0.42,0.21353890527674477,0.05523021263434945,0.1685465418994878,greed,169.79043205897355,950,8
100,2024-01-03,0,42845.23,51811.63200439657,51733.95339569433,51889.310613098816,29.985007496252237,0.03012412492492197,0.4,0.3713339318619488,0.05412484454312992,0.152440463419257,greed,1.8665081254204348,7,7
101,2024-01-03,1,42845.23,51863.417743531405,51733.95339569433,51992.882091368476,49.92511233150335,0.038141603089348705,0.4,0.35827699322630324,0.05973279157002351,0.1612281238726836,greed,3.6575014156347248,15,8
102,2024-01-03,2,42845.23,51937.103583130855,51733.95339569433,52140.25377056739,78.22930946134407,0.06857873802047339,0.4,0.36553638067185146,0.05972002127645742,0.17260134555776824,greed,5.706154943344393,24,9
103,2024-01-03,3,42845.23,51953.30366408045,51733.95339569433,52172.65393246658,84.44131668869436,0.09740380890891391,0.4,0.3394351079931599,0.041670014333973375,0.1733144074778231,greed,7.437139385973661,33,9
104,2024-01-03,4,42845.23,52190.49259377236,52181.47544836785,52199.50973917687,3.4554743426920993,0.10792900988158217,0.4,0.28475007849440115,0.04222394964612303,0.16477875312872578,greed,8.676613496905388,40,7
105,2024-01-03,5,42845.23,52208.584827372615,52181.47544836785,52235.69420637739,10.385027326217614,0.1106047040391047,0.4,0.5219703212968165,0.05481947721821337,0.17301584559325714,greed,10.478016000837341,49,9
106,2024-01-03,6,42845.23,52227.77495402828,52181.47544836785,52274.07445968871,17.729840377532454,0.12807865875431917,0.4,0.5008671450516073,0.0447501294258494,0.16200668678616073,greed,12.231755313221873,58,9
107,2024-01-03,7,42845.23,52503.213654574756,52498.23178262121,52508.1955265283,1.897739816965607,0.15033872802519355,0.4,0.4854438978413336,0.04165782643386708,0.16585110363891628,greed,13.659465850289989,66,8
108,2024-01-03,8,42845.23,52511.26273415156,52498.23178262121,52524.293685681914,4.96310728474544,0.18839836172988547,0.4,0.4840758407238548,0.051120100772851694,0.1596805916483275,greed,15.472050084473649,76,10
109,2024-01-03,9,42845.23,52386.9871288696,52181.47544836785,52592.49880937136,78.45905701589884,0.14992950990135234,0.4,0.44994132632815087,0.05849286660447192,0.17757347145835978,greed,17.69613013995226,90,14
110,2024-01-03,10,42845.23,52675.87819155785,52657.99883759035,52693.75754552535,6.788440774535768,0.11930014442919551,0.4,0.4418186741509426,0.04332430863818506,0.15650427319759472,greed,18.152286457263333,91,1
111,2024-01-03,11,42845.23,52732.94084420323,52648.90951717619,52816.97217123027,31.870525588666844,0.11729097049123444,0.4,0.39631037717104894,0.05991662750058742,0.17090775167591443,greed,19.91458343774501,100,9
112,2024-01-03,12,42845.23,52742.764708509465,52639.285855008726,52846.2435620102,39.23907063750884,0.11879994866944033,0.4,0.40541443290493506,0.059174048148156924,0.15173591693273122,greed,22.180566199381303,112,12
113,2024-01-03,13,42845.23,52816.36608919241,52639.285855008726,52993.4463233761,67.05506163928278,0.08678315135954777,0.4,0.3708389900742849,0.04213512131871769,0.16006980194390888,greed,24.12332982273582,125,13
114,2024-01-03,14,42845.23,52390.91339592531,51733.95339569433,53047.87339615628,250.7915810767571,0.09556520123442215,0.4,0.3630095773396788,0.044587894914098994,0.15797813774892716,greed,25.95333723101341,136,11
115,2024-01-03,15,42845.23,52672.269308499104,52647.76462393112,52696.77399306708,9.304586603040075,0.055778160560789304,0.4,0.325891616540113,0.045198997257085254,0.16359722540486493,greed,26.130834287452153,137,1
116,2024-01-03,16,42845.23,52950.860251738886,52922.1542275029,52979.566275974874,10.842514776724473,0.0751270429741149,0.4,0.3478574074347868,0.042663702504474994,0.1522860113879749,greed,27.680345995717136,145,8
117,2024-01-03,17,42845.23,52985.01381182959,52922.1542275029,53047.87339615628,23.727306951331933,0.08465019425250127,0.4,0.30321963940299423,0.048332781154769584,0.16743487863542478,greed,29.511753446059856,154,9
118,2024-01-03,18,42845.23,53025.5985907621,52922.1542275029,53129.0429540213,39.016763981320786,0.14302376002927247,0.4,0.2957386773010462,0.04822510233170738,0.17332806851205676,greed,31.575421142560074,166,12
119,2024-01-03,19,42845.23,53092.37357290962,52922.1542275029,53262.59291831634,64.12195724230136,0.13878445985588678,0.4,0.3069079788698341,0.05970572101331009,0.16130216909813822,greed,33.12697710902968,173,7
120,2024-01-03,20,42845.23,52971.0967221591,52647.76462393112,53294.42882038708,122.07868752421828,0.14849801795280512,0.4,0.28390146408749645,0.051381629383314954,0.15190535488770004,greed,35.001437010982094,183,10
121,2024-01-03,21,42845.23,53267.481621583,53243.576017985644,53291.387225180355,8.975683801679581,0.1331515985338776,0.4,0.30423498704030205,0.042677042376012664,0.1504101589448099,greed,35.443284400116205,187,4
122,2024-01-03,22,42845.23,53282.664585048995,53243.576017985644,53321.753152112346,14.672151765592748,0.14522349412960683,0.4,0.2981851501817946,0.05499821498939944,0.1773949725677293,greed,37.419174155567575,193,6
123,2024-01-03,23,42845.23,53316.418167404336,53243.576017985644,53389.26031682303,27.32447224417051,0.16303748913698113,0.4,0.27867912132422906,0.05452241688143696,0.17271243606127368,greed,39.17852407559221,204,11
124,2024-01-03,24,42845.23,53348.05942243899,53243.576017985644,53452.54282689234,39.17046115060815,0.17730014980765194,0.4,0.24379677013297604,0.04502884879023597,0.15824195391077725,greed,40.82233200009988,212,8
125,2024-01-03,25,42845.23,53430.02700398007,53239.5950543204,53620.45895363973,71.28274505475353,0.212162498768841,0.4,0.22667238247816088,0.05756441334958384,0.17270997396516685,greed,42.919616384242595,226,14
126,2024-01-03,26,42845.23,53446.44150500023,53239.5950543204,53653.28795568006,77.40326384890501,0.24854494432486124,0.4,0.2239724248974628,0.056627429801250025,0.15923331719313147,greed,44.74392631334542,235,9
127,2024-01-03,27,42845.23,53462.702913551206,53239.5950543204,53685.81077278201,83.46299273030313,0.24621390365203197,0.4,0.21305453563642812,0.05935947530879646,0.15265224670096939,greed,46.27734050273152,242,7
128,2024-01-03,28,42845.23,53770.68380199702,53767.368010130514,53773.99959386351,1.2333084246085722,0.22783157852776212,0.4,0.2200233380718268,0.048410715573301503,0.17354004791832928,greed,47.66222509130582,252,10
129,2024-01-03,29,42845.23,53783.847760080236,53767.368010130514,53800.32751002996,6.1281409330306165,0.26216825126992227,0.4,0.24486277435076242,0.05610089335038724,0.17709453176029877,greed,49.636073904505736,262,10
130,2024-01-03,30,42845.23,53803.73570135068,53767.368010130514,53840.10339257084,13.51864912207191,0.33732636171433716,0.4,0.24443876787461633,0.052732886432445655,0.16664446825626678,greed,51.94157994600878,277,15
131,2024-01-03,31,42845.23,54124.48134112847,54119.84847826456,54129.11420399237,1.7119287794025682,0.30461296864200194,0.4,0.24098634567314278,0.054527940653004564,0.16642338920697333,greed,53.00306055574147,282,5
132,2024-01-03,32,42845.23,54138.59461142867,54119.84847826456,54157.34074459278,6.925238196025305,0.34767225420603315,0.4,0.25420912142668445,0.05047204552030023,0.1709292561448039,greed,55.01143498353987,291,9
133,2024-01-03,33,42845.23,54149.367845351866,54105.42474770622,54193.310942997516,16.23032710968872,0.36470129737950163,0.4,0.24671668728598353,0.04918693615892345,0.17526274245056128,greed,56.811284044793624,302,11
134,2024-01-03,34,42845.23,54476.53948869306,54476.269087786466,54476.80988959965,0.09927242410431143,0.31521911735845076,0.4,0.24460583992855436,0.044182615821570285,0.16738949803415215,greed,57.65879923184855,308,6
135,2024-01-03,35,42845.23,54498.93124000505,54476.269087786466,54521.59339222363,8.316549225077747,0.33793879328414206,0.4,0.23051848895010443,0.050745268334281404,0.16380357476950716,greed,59.45699610591397,317,9
136,2024-01-03,36,42845.23,54500.43274824095,54457.63228093665,54543.23321554525,15.706468791547252,0.36669304780658707,0.4,0.19218410206909234,0.04360134544698597,0.17089504398681238,greed,61.870409240811505,332,15
137,2024-01-03,37,42845.23,54857.447091285096,54852.19313711532,54862.70104545488,1.9154935011969574,0.34019725487627256,0.4,0.22296346537568704,0.05748635209708834,0.16545708164592632,greed,63.1169244510623,339,7
138,2024-01-03,38,42845.23,54863.70030591542,54852.19313711532,54875.20747471552,4.194820522836687,0.3414377025114262,0.4,0.22218807963604603,0.05643581273688898,0.1603524788346716,greed,64.62813646930955,346,7
139,2024-01-03,39,42845.23,54857.29920609604,54798.30249471275,54916.295917479336,21.50915638833986,0.35459269733014726,0.4,0.22702847118321945,0.0406360936297033,0.16646145927622225,greed,66.51114206152208,357,11
140,2024-01-03,40,42845.23,55194.93151458043,55176.1837020288,55213.679327132064,6.793309471424682,0.35911596095006104,0.4,0.18140848886789865,0.04257496796599288,0.15990298539930464,greed,67.85705118447471,365,8
141,2024-01-03,41,42845.23,55216.90962138459,55176.1837020288,55257.635540740375,14.751249077516286,0.41289715595518145,0.4,0.19352646499693868,0.041845811724574924,0.1644343618216888,greed,70.06741009996755,379,14
142,2024-01-03,42,42845.23,55583.87139549278,55578.863096990295,55588.879693995266,1.8020689731560062,0.4681341361852376,0.4,0.19662392846403517,0.04754571930484145,0.1500778507315094,greed,72.19913641099157,391,12
143,2024-01-03,43,42845.23,55395.78694068934,55176.1837020288,55615.39017934987,79.28517701017927,0.4906195141124628,0.4,0.2364307534496828,0.04169034015361364,0.1679183424676629,greed,73.97087659446176,399,8
144,2024-01-03,44,42845.23,55760.439181514565,55741.6916886305,55779.186674398625,6.724298861074577,0.47420639947941506,0.4,0.23326270774466948,0.044722330662348084,0.17279866226812757,greed,75.49503726581885,411,12
145,2024-01-03,45,42845.23,55856.45680212363,55741.6916886305,55971.221915616756,41.09287271825878,0.47785509963240624,0.4,0.2362491565038273,0.054410321227829295,0.15187024087533724,greed,77.11217377802171,416,5
146,2024-01-03,46,42845.23,55942.58038722091,55741.6916886305,56143.469085811324,71.81960402967152,0.5384413451943387,0.4,0.2499612221202874,0.04060944305467189,0.1760164494322417,greed,79.05695660200163,425,9
147,2024-01-03,47,42845.23,56015.63240075091,55741.6916886305,56289.57311287133,97.80866532419776,0.577320940165625,0.4,0.25438583653661906,0.04794327665008165,0.15314607499597443,greed,80.82438497660362,434,9
148,2024-01-03,48,42845.23,56074.78118692404,55741.6916886305,56407.87068521758,118.80188963491305,0.6358129371894531,0.4,0.23352552207286836,0.05681419971755862,0.15267612986136167,greed,82.70276613837311,444,10
149,2024-01-03,49,42845.23,56462.678757072834,56461.13816889327,56464.2193452524,0.5457014132096439,0.5736074325056023,0.4,0.2416964618550035,0.044664328230996024,0.1602878059283478,greed,83.98328450067899,450,6
150,2024-01-04,0,44151.1,54643.24991448366,54561.32600156839,54725.17382739893,29.985007496252727,-0.030275009957908647,0.36,0.2984663722145563,0.049591642035085,0.16752598454142506,greed,1.999870542566648,6,6
151,2024-01-04,1,44151.1,54697.865856427175,54561.32600156839,54834.40571128595,49.92511233150284,-0.021715065306695914,0.36,0.27879905496849083,0.05115484531900875,0.16759606303982277,greed,3.9687646941186863,15,9
152,2024-01-04,2,44151.1,55014.53212815244,55001.8564760862,55027.20778021867,4.608110466779117,-0.039234313694278475,0.36,0.22876778904438622,0.05799294794290025,0.16822665666880718,greed,5.948047562600302,24,9
153,2024-01-04,3,44151.1,54777.265688636544,54506.71005962488,55047.82131764821,98.78391175987156,-0.047713001786953195,0.36,0.2452401335846426,0.04996495395697881,0.1599104544384274,greed,7.807409956677744,33,9
154,2024-01-04,4,44151.1,55061.97413746528,55048.833338607204,55075.11493632335,4.773093977802356,-0.034117883698504416,0.36,0.22637431206044084,0.05701635035672292,0.15263662873620432,greed,9.244115209046049,42,9
155,2024-01-04,5,44151.1,55079.85247859396,55048.833338607204,55110.87161858071,11.263334446587207,-0.05823732819403544,0.36,0.19656004002335284,0.04111306978713951,0.17526942105894544,greed,11.155988311466396,53,11
156,2024-01-04,6,44151.1,55197.14312328736,55048.833338607204,55345.45290796751,53.738210453715595,-0.04389623611432896,0.36,0.19838336260440895,0.04010600012795211,0.17925201488835427,greed,13.136087721679749,64,11
157,2024-01-04,7,44151.1,54958.836718708146,54506.71005962488,55410.963377791406,164.53283441836703,-0.03687843502506856,0.36,0.21470246528881662,0.05445792193243552,0.17462584419460056,greed,14.948287397056818,74,10
158,2024-01-04,8,44151.1,55284.08135630899,55258.46680843923,55309.69590417874,9.266518405060317,-0.01970053690864387,0.36,0.21695182208370062,0.0567716511740525,0.15615232680448377,greed,15.270889286315013,78,4
159,2024-01-04,9,44151.1,55339.42848748213,55258.46680843923,55420.39016652502,29.26003439345568,-0.012971212417716815,0.36,0.2489188965828317,0.05421904957673497,0.15598520782014957,greed,17.225124835806078,88,10
160,2024-01-04,10,44151.1,55366.48566291151,55258.46680843923,55474.504517383786,39.019581314923784,0.011347041578229215,0.36,0.2463442198883286,0.055355590028856774,0.15261870538769026,greed,19.237509894291964,100,12
161,2024-01-04,11,44151.1,55444.57327450086,55258.46680843923,55630.679740562475,67.132436979982,0.0775968371467261,0.36,0.27388971116327243,0.05864028684513868,0.1596192657647854,greed,21.322933345060605,113,13
162,2024-01-04,12,44151.1,55487.242173199265,55255.94501329245,55718.539333106084,83.36949210228973,0.055514969412267905,0.36,0.22990913818676223,0.050972062358763066,0.1664676593966693,greed,23.423808961574753,125,12
163,2024-01-04,13,44151.1,55498.95453049711,55255.94501329245,55741.96404770178,87.57264682207014,0.04285279259414347,0.36,0.24975250356113288,0.05369143095759667,0.1526360433372797,greed,25.277994556708222,136,11
164,2024-01-04,14,44151.1,55818.69736155993,55802.127072029565,55835.26765109029,5.937182454484632,0.04557173792383535,0.36,0.24134377247387084,0.05588578899932925,0.15320097750340309,greed,26.634337808412276,141,5
165,2024-01-04,15,44151.1,55549.40341417741,55237.183986251206,55861.622842103614,112.41144233297699,0.06144325852178238,0.36,0.21473302483670267,0.05491949051097436,0.1622555487880775,greed,28.730205683487092,155,14
166,2024-01-04,16,44151.1,55877.54336570951,55873.74906255483,55881.337668864195,1.3580780135049537,0.07393860165246635,0.36,0.20109160325515735,0.054431931015025546,0.15144283931892263,greed,29.026452955291134,159,4
167,2024-01-04,17,44151.1,55882.10039479099,55873.74906255483,55890.451727027146,2.9889113605816515,0.07438579768627258,0.36,0.17414563259553095,0.056558817743549844,0.1725150577429594,greed,31.176072394638446,170,11
168,2024-01-04,18,44151.1,56176.346067709244,56167.228255493304,56185.463879925184,3.2461392932001094,0.09114813667548617,0.36,0.18505356390753167,0.044713834921299996,0.1690127569116053,greed,32.79622725661393,179,9
169,2024-01-04,19,44151.1,56039.30372652302,55852.3413282027,56226.26612484334,66.72545370396243,0.11425314460268138,0.36,0.194058080345762,0.04632393164592989,0.1676492002738517,greed,34.881900351757785,192,13
170,2024-01-04,20,44151.1,56068.05762580625,55852.3413282027,56283.773923409804,76.94801879645055,0.1435800056774745,0.36,0.1826365446628339,0.05799334890584346,0.16872304632545512,greed,36.71525964911396,203,11
171,2024-01-04,21,44151.1,56388.31190678349,56373.887676198035,56402.73613736894,5.116035610109463,0.1285840545556734,0.36,0.22051326823476164,0.04877489350776678,0.16732458812718376,greed,38.00471801572713,210,7
172,2024-01-04,22,44151.1,56430.00936203218,56373.887676198035,56486.13104786632,19.89072355954756,0.13499374152670213,0.36,0.1922519182298981,0.04133238224781634,0.1568707617277439,greed,40.01850348684182,224,14
173,2024-01-04,23,44151.1,56477.60705246186,56373.887676198035,56581.32642872569,36.729380608311736,0.1294499083961211,0.36,0.15875851329589247,0.048630562862728856,0.15998447357737453,greed,41.801509916244,232,8
174,2024-01-04,24,44151.1,56325.2196593821,55852.3413282027,56798.09799056149,167.90998207873827,0.1571219206954378,0.36,0.17920608727839563,0.05757258230746877,0.16486270879211895,greed,43.705441488608,243,11
175,2024-01-04,25,44151.1,56688.40629833456,56684.395668391546,56692.41692827757,1.4149736092085423,0.10931884535047554,0.36,0.201092736784429,0.051463016985147776,0.1799307784777153,greed,43.95627735437672,245,2
176,2024-01-04,26,44151.1,56741.24682947651,56684.395668391546,56798.09799056149,20.038742277139157,0.12146088135540117,0.36,0.2155465329137882,0.042862559710969396,0.1561363377950839,greed,45.83766256294928,255,10
177,2024-01-04,27,44151.1,56766.34994510685,56684.395668391546,56848.30422182216,28.8742456735573,0.17412038668277677,0.36,0.23218977884340258,0.049879629742617254,0.1726390587558035,greed,48.09447903710887,268,13
178,2024-01-04,28,44151.1,56891.3279065632,56684.395668391546,57098.26014473486,72.7464960956846,0.22962552421611648,0.36,0.22871150552199576,0.04914000438563357,0.16811873616217538,greed,50.04051822010559,278,10
179,2024-01-04,29,44151.1,56922.91293359146,56684.395668391546,57161.430198791386,83.80360487812135,0.2518242034167767,0.36,0.20489352737095368,0.05079721274225674,0.16459072445986822,greed,51.70783374817102,286,8
180,2024-01-04,30,44151.1,56944.93807757439,56684.395668391546,57205.48048675723,91.5067846163652,0.25574050089764955,0.36,-0.008100489007313444,0.05085448886695192,0.1575539717672086,greed,53.23673773525688,293,7
181,2024-01-04,31,44151.1,57291.975747382734,57281.36279975048,57302.58869501498,3.704863549843364,0.2571827525237723,0.36,0.0012377842738757264,0.04363195433602851,0.17725351684000884,greed,54.83102271850772,304,11
182,2024-01-04,32,44151.1,56995.27921407275,56642.79542348646,57347.763004659035,123.68876701607797,0.23810569756838254,0.36,-0.01646039913159742,0.05894566679223631,0.1546005420934824,greed,56.74929662324477,315,11
183,2024-01-04,33,44151.1,57357.82223895604,57356.88728374793,57358.75719416416,0.3260079171833844,0.1921429969171936,0.36,0.03310652701134598,0.05011777357768932,0.16834362706303943,greed,57.478135981913226,320,5
184,2024-01-04,34,44151.1,57378.5572632207,57356.88728374793,57400.227242693465,7.5533371720583995,0.21354752159635368,0.36,0.04998377020230924,0.05844998762354592,0.17121715902940196,greed,59.459368997911,330,10
185,2024-01-04,35,44151.1,57541.396419788434,57356.88728374793,57725.90555582895,64.13092052700235,0.22224770825760826,0.36,0.07750072566005214,0.051525767203336265,0.16820145139148568,greed,61.3459526494257,340,10
186,2024-01-04,36,44151.1,57557.762300946524,57356.88728374793,57758.63731814512,69.79945333812687,0.23187332218318366,0.36,0.11961438562683488,0.05851137025813553,0.16352518114212394,greed,63.08323205655243,349,9
187,2024-01-04,37,44151.1,57559.01560326922,57309.420624287945,57808.61058225048,86.72663226265911,0.2483601260116061,0.36,0.1154286335355277,0.059696823979246694,0.175166942593378,greed,64.9027362227917,359,10
188,2024-01-04,38,44151.1,57932.51704177248,57921.001889111656,57944.032194433305,3.9753676342152344,0.21757133663657713,0.36,0.1230002684277488,0.047980054077402606,0.15164284916466095,greed,65.96811585023998,367,8
189,2024-01-04,39,44151.1,57946.89252539814,57921.001889111656,57972.78316168462,8.935987818548083,0.2118842199109284,0.36,0.15058407195439288,0.05605706897196023,0.15013896069013807,greed,67.86347830127568,380,13
190,2024-01-04,40,44151.1,57956.58576256025,57901.204248299706,58011.9672768208,19.111379157990925,0.2150975495285143,0.36,0.13328357725375023,0.058397112328255216,0.16039037983097884,greed,69.99554734814281,392,12
191,2024-01-04,41,44151.1,58337.12751181492,58325.33878184111,58348.91624178873,4.041587399524549,0.19173824888094224,0.36,0.10485808609105982,0.05475002496219497,0.1635665382266942,greed,71.12144816547486,399,7
192,2024-01-04,42,44151.1,58349.588039273905,58325.33878184111,58373.8372967067,8.311715042948924,0.22202187345658095,0.36,0.10718045045468173,0.04352773973012447,0.16495103318218438,greed,72.99807188089646,408,9
193,2024-01-04,43,44151.1,58332.16087708514,58285.82627710509,58378.49547706519,15.886467870677867,0.21235106892335784,0.36,0.08439954634685143,0.058296918021362,0.16087181697349898,greed,74.81446454172732,418,10
194,2024-01-04,44,44151.1,58680.653729503625,58649.50620486636,58711.80125414089,10.615943299078921,0.20197898929398075,0.36,-0.0720960228702893,0.059510826313655125,0.16376966964051037,greed,76.18412351373897,427,9
195,2024-01-04,45,44151.1,58699.35737998171,58649.50620486636,58749.20855509706,16.98525412898301,0.20568890547809784,0.36,-0.024355119992305215,0.057212640357814676,0.16605209156800976,greed,77.93747002279291,434,7
196,2024-01-04,46,44151.1,58731.98506587061,58649.50620486636,58814.463926874865,28.086522501069418,0.18995971128474323,0.36,-0.015485886451620707,0.04794636230915196,0.16280366716010247,greed,79.64755082452896,442,8
197,2024-01-04,47,44151.1,59077.6363118545,59054.379982165825,59100.89264154316,7.873141561014893,0.18459572119412612,0.36,-0.014148454701256238,0.04698773998098666,0.16404695485324136,greed,80.94437066362141,448,6
198,2024-01-04,48,44151.1,59093.03731525468,59054.379982165825,59131.694648343546,13.083549211602701,0.20348732253870744,0.36,-0.02340778068036831,0.05174907208468149,0.15882134037662915,greed,82.6176300516047,454,6
199,2024-01-04,49,44151.1,58722.764516904084,58285.82627710509,59159.70275670308,148.81392025514035,0.17601680981472714,0.36,0.026240792498050405,0.05055295460289572,0.1660336767377174,greed,84.87749096517156,469,15
200,2024-01-05,0,44145.11,56564.38439753815,56479.5802230291,56649.188572047206,29.98500749625171,-0.009068701418548769,0.44,0.4067246711575393,0.04205962958662631,0.16003088433931445,greed,1.7389741968419716,6,6
201,2024-01-05,1,44145.11,56620.92051387752,56479.5802230291,56762.26080472594,49.92511233150248,-0.012183294135509986,0.44,0.31668809805458764,0.05506492441494902,0.158169055641609,greed,3.9608879534293067,16,10
202,2024-01-05,2,44145.11,56692.50652752198,56479.5802230291,56905.43283201487,75.11620760303391,0.024823909010092484,0.44,0.3082919530564999,0.059578628712319226,0.1751936657836971,greed,6.027041541604053,29,13
203,2024-01-05,3,44145.11,56944.29781919674,56943.012903,56945.58273539348,0.4512888018457973,0.07105709050627972,0.44,0.31849303900970904,0.048159689907296896,0.1665516778577802,greed,7.688783434855106,40,11
204,2024-01-05,4,44145.11,56970.822775051856,56938.64641226915,57002.99913783457,11.29573392673679,0.1396673038301524,0.44,0.293233290892056,0.05190097959400841,0.16017813737688572,greed,10.014683133723834,55,15
205,2024-01-05,5,44145.11,56777.554277643416,56479.5802230291,57075.52833225772,104.96191969002817,0.10156963900843276,0.44,0.2734293759300395,0.057749209650270056,0.16670164754350097,greed,12.092900624088191,68,13
206,2024-01-05,6,44145.11,57073.71584562665,57071.90335899558,57075.52833225772,0.6351388215108446,0.02156280214655607,0.44,0.2853257400382387,0.052063948043539594,0.17420550446887756,greed,12.848919371478935,75,7
207,2024-01-05,7,44145.11,57117.53221507142,57071.90335899558,57163.16107114726,15.977180493032703,0.0313954737061943,0.44,0.29126115481274184,0.05888819451154547,0.1542324554633314,greed,14.72825336795014,84,9
208,2024-01-05,8,44145.11,57197.532079053795,57071.90335899558,57323.16079911202,43.9280211896504,0.05198417629955641,0.44,0.25026971583727187,0.05266481549821921,0.17207713839588007,greed,16.41571118494672,93,9
209,2024-01-05,9,44145.11,57222.43325733998,57055.86226018146,57389.004254498504,58.21877458772958,0.06565907059184106,0.44,0.2292320865498018,0.04245553779325417,0.17629332227625882,greed,18.635867755978996,106,13
210,2024-01-05,10,44145.11,57264.65319200799,57055.86226018146,57473.444123834524,72.92139921862767,0.07242634410534389,0.44,0.25565628298926146,0.05249522542086502,0.16007597571449506,greed,20.369613220513465,116,10
211,2024-01-05,11,44145.11,57292.06662399859,57030.74868117952,57553.38456681766,91.2230813854459,0.024243858358970603,0.44,0.27125573121338675,0.04726118424390181,0.15102684332461586,greed,22.194786818235915,128,12
212,2024-01-05,12,44145.11,57553.90323929151,57543.976150638766,57563.83032794425,3.449666519216701,0.010399237434670102,0.44,0.2566195472087611,0.04725515789331891,0.17583204059924165,greed,23.502042862263075,137,9
213,2024-01-05,13,44145.11,57575.91127233876,57543.976150638766,57607.84639403875,11.093223188057694,-0.0011339935831847893,0.44,0.2732713313891547,0.0594909453039774,0.17339276324364092,greed,25.104474587752236,144,7
214,2024-01-05,14,44145.11,57584.5983639459,57543.976150638766,57625.22057725303,14.108707696593157,0.036977117467773164,0.44,0.27127250122549695,0.04942130905387629,0.15546321416464748,greed,26.954529192231792,154,10
215,2024-01-05,15,44145.11,57879.057431046225,57876.6471225367,57881.467739555745,0.8328775956293077,0.07031252469357556,0.44,0.24662565493711394,0.05024915311763843,0.17225060832685996,greed,28.51801745779609,161,7
216,2024-01-05,16,44145.11,57737.034376398864,57543.976150638766,57930.09260215896,66.87500591094248,0.048292029646391434,0.44,0.2280770379401321,0.05290108335538659,0.16265111803659846,greed,30.45012751204742,170,9
217,2024-01-05,17,44145.11,57487.928868698524,57030.74868117952,57945.10905621753,159.05258600051454,0.02896217613195114,0.44,0.25968469461546434,0.058011446024727714,0.1707366557282896,greed,32.36825688197042,183,13
218,2024-01-05,18,44145.11,57779.720782425065,57749.094301789955,57810.347263060175,10.601117561795403,0.002916357036945327,0.44,0.27471979474448927,0.05630108856804915,0.16494272260533016,greed,33.21517279100679,191,8
219,2024-01-05,19,44145.11,57899.892443807024,57749.094301789955,58050.69058582409,52.089264989022766,0.0006630445579017124,0.44,0.2800392633980432,0.048104961760553774,0.1649239468193967,greed,35.20810084505964,203,12
220,2024-01-05,20,44145.11,57937.510973992394,57749.094301789955,58125.927646194825,65.04134162305081,0.028507059671341435,0.44,0.26280799987632575,0.04527367605269233,0.15799495180112647,greed,37.097327699194686,212,9
221,2024-01-05,21,44145.11,57974.05719704676,57725.79895782557,58222.31543626794,85.64459733338477,0.017787918012421047,0.44,0.2648112745477022,0.04501461321123196,0.16899294190072342,greed,39.079923085793375,223,11
222,2024-01-05,22,44145.11,58246.67373397384,58233.41904280429,58259.928425143386,4.551226815142628,0.004991237948656202,0.44,0.3155453858074556,0.04808763003098049,0.1731273413119281,greed,40.612887688534606,232,9
223,2024-01-05,23,44145.11,58261.463508593486,58233.41904280429,58289.50797438268,9.627106529878548,0.017788606222531478,0.44,0.30167713668868484,0.04707742753122499,0.1787588153193966,greed,42.566261926896445,243,11
224,2024-01-05,24,44145.11,58023.958627832784,57725.79895782557,58322.118297839996,102.7712265961085,-0.009895462961694761,0.44,0.28900930495240884,0.05443065722243812,0.16831214001023873,greed,44.3749133450964,254,11
225,2024-01-05,25,44145.11,58334.114370436466,58323.090552986294,58345.138187886645,3.7795439492477807,-0.00999685694015214,0.44,0.3062602178657732,0.04793298746104109,0.178622608096189,greed,44.85729485059442,256,2
226,2024-01-05,26,44145.11,58349.66285791309,58282.944237980155,58416.38147784602,22.868553703694783,-0.00821091849508481,0.44,0.2966380234426643,0.050796855578163866,0.15486041633674752,greed,46.68910450770488,265,9
227,2024-01-05,27,44145.11,58602.248870977186,58601.26608741255,58603.23165454182,0.3354081399843121,-0.01839565486379155,0.44,0.2665919225378637,0.05692815698629115,0.17865708938170435,greed,48.286062607562364,275,10
228,2024-01-05,28,44145.11,58628.01140720755,58601.26608741255,58654.75672700256,9.123734253663379,-0.004459354068275296,0.44,0.26942443247309683,0.04688767464088467,0.16054620483402657,greed,49.923521226957654,283,8
229,2024-01-05,29,44145.11,58649.4396947597,58601.26608741255,58697.61330210685,16.42764452580283,0.003703159232434093,0.44,0.2435054225441536,0.05409851099377906,0.16794858174804464,greed,51.92086485701867,294,11
230,2024-01-05,30,44145.11,58610.37057019459,58282.944237980155,58937.79690240903,111.7298283662256,-0.00981022554248981,0.44,0.22521585157424723,0.04004678781251557,0.1790309816462126,greed,53.87488183870716,307,13
231,2024-01-05,31,44145.11,58918.770893803434,58899.74488519784,58937.79690240903,6.458386119386691,0.016045642459964524,0.44,0.39537362926039876,0.04183164146653268,0.17751940726386728,greed,55.080842067109295,314,7
232,2024-01-05,32,44145.11,58938.69225517123,58899.74488519784,58977.63962514461,13.216231471430051,0.05160621630442756,0.44,0.3514493085516107,0.05745891671752817,0.17196674659228683,greed,56.925983378241085,323,9
233,2024-01-05,33,44145.11,58953.84556712562,58899.74488519784,59007.9462490534,18.353571817865326,0.06370398884726902,0.44,0.3337794733162761,0.05317566733421435,0.17076829693553558,greed,58.80446795415883,334,11
234,2024-01-05,34,44145.11,59071.69343608113,58899.74488519784,59243.641986964416,58.21690250656031,0.07438774468453939,0.44,0.3133266398139196,0.04442418883639204,0.1796300402398994,greed,60.83509735132579,345,11
235,2024-01-05,35,44145.11,59103.74618511813,58899.74488519784,59307.74748503841,69.0315971787421,0.08482745100504091,0.44,0.31665280850839694,0.040788536227370116,0.17116725517547066,greed,62.64277454459508,357,12
236,2024-01-05,36,44145.11,59086.15933769711,58845.67562378556,59326.643051608655,81.40103083603839,0.09670845887508986,0.44,0.323357222350328,0.0539484053449368,0.15892047022117653,greed,64.33908021063168,368,11
237,2024-01-05,37,44145.11,59395.79776810961,59374.14146226826,59417.454073950954,7.2922013526607,0.09367244564684694,0.44,0.31569845320021517,0.05942116490330736,0.17832799467340302,greed,65.81368055532542,377,9
238,2024-01-05,38,44145.11,59410.18941007731,59374.14146226826,59446.23735788637,12.135274493146776,0.09969470354699064,0.44,0.3287099966308965,0.046382009464865114,0.17486746422452032,greed,67.66132501297962,386,9
239,2024-01-05,39,44145.11,59435.78068673711,59374.14146226826,59497.41991120596,20.741453635050856,0.1210354807108572,0.44,0.316230681493627,0.05192539756964106,0.1569002651186311,greed,69.3308631549876,395,9
240,2024-01-05,40,44145.11,59742.65355160128,59723.028637664625,59762.278465537944,6.569816628485908,0.148419483844882,0.44,0.28575791585972143,0.04130712681597885,0.1594587101349183,greed,71.36025130935602,407,12
241,2024-01-05,41,44145.11,59760.321773316406,59723.028637664625,59797.61490896818,12.48090189113684,0.18655698501137094,0.44,0.3047406608585126,0.055814463296779276,0.1595625750879621,greed,73.41186201697762,418,11
242,2024-01-05,42,44145.11,60083.61038737156,60062.021454149835,60105.19932059329,7.186296922750903,0.22389914020021365,0.44,0.3136218952560791,0.04465918949507268,0.15073202344669615,greed,75.1533238577849,428,10
243,2024-01-05,43,44145.11,60110.84076102245,60062.021454149835,60159.66006789506,16.24309567277585,0.31467988262108126,0.44,0.30992034983837546,0.040425388217007745,0.17624105018052597,greed,77.187158555937,438,10
244,2024-01-05,44,44145.11,60422.82588583657,60419.65057525125,60426.001196421894,1.0510301492087986,0.26643615186825065,0.44,0.3151963066586468,0.05995868221066675,0.16052135446355129,greed,78.47495852361487,448,10
245,2024-01-05,45,44145.11,60471.33098128349,60419.65057525125,60523.01138731573,17.09253135117363,0.28263903483388025,0.44,0.306617020255257,0.04803861827218484,0.16439626860911727,greed,80.10844373347562,456,8
246,2024-01-05,46,44145.11,60799.75875249696,60798.17782773701,60801.339677256896,0.5200431029268819,0.32961902410394806,0.44,0.31635186843268454,0.055365468277290365,0.16253300346502,greed,81.75183682402745,464,8
247,2024-01-05,47,44145.11,60838.29595118143,60798.17782773701,60878.414074625856,13.188444159124709,0.3432758855612019,0.44,0.3129939208588187,0.05475164603177783,0.15716331437304906,greed,83.55076685891218,474,10
248,2024-01-05,48,44145.11,61184.868798777345,61174.82909030094,61194.90850725376,3.2817618713627925,0.30721021385736824,0.44,0.29768731901116424,0.0459261624091198,0.1570082325314973,greed,84.78661012141863,481,7
249,2024-01-05,49,44145.11,61208.436049437834,61174.82909030094,61242.04300857472,10.981152699195349,0.3492742336492483,0.44,0.2738228487768413,0.040357478694668276,0.17963167169208094,greed,86.73641564809375,491,10
250,2024-01-06,0,43968.32,58651.729851343174,58563.79622338014,58739.663479306204,29.985007496251914,0.014760037586086338,0.4,0.3413264339778488,0.04436507775730129,0.17849883551850676,greed,1.8437628628086165,8,8
251,2024-01-06,1,43968.32,58710.35226998519,58563.79622338014,58856.90831659025,49.92511233150282,0.0009323771767343535,0.4,0.30304587394713645,0.04178822004624519,0.16252742327354786,greed,3.5629831281210134,16,8
252,2024-01-06,2,43968.32,58739.6634793062,58563.79622338014,58915.53073523226,59.880239520956934,0.009848737313326666,0.4,0.3389357416605466,0.05982337252273953,0.15695015104150328,greed,5.338549250425475,22,6
253,2024-01-06,3,43968.32,58998.44695092496,58989.55174768103,59007.3421541689,3.0154025075732855,-0.023944344709526617,0.4,0.3117642292235586,0.05299293297984737,0.16823210384636578,greed,5.851235740791002,27,5
254,2024-01-06,4,43968.32,59013.65969605674,58989.55174768103,59037.76764443245,8.17029430131204,-0.01193995514525364,0.4,0.26918859954805585,0.04440972418140351,0.15559314786432762,greed,7.730152785423818,37,10
255,2024-01-06,5,43968.32,59019.08691527149,58989.55174768103,59048.62208286195,10.008683337599368,-0.010342705132533743,0.4,0.26374899887472164,0.047002505183334604,0.1517352802969019,greed,9.618913254193597,48,11
256,2024-01-06,6,43968.32,59033.77699847802,58989.55174768103,59078.00224927501,14.98303278075191,0.03208991229643272,0.4,0.24990611361971807,0.053920412361075844,0.15461687719019565,greed,11.564806501560566,58,10
257,2024-01-06,7,43968.32,59297.625583475514,59297.53249258205,59297.71867436898,0.03139784858103725,0.013753561325494375,0.4,0.22144409811750373,0.044488811436733215,0.15671452844467867,greed,12.566535152969236,67,9
258,2024-01-06,8,43968.32,59307.82672872916,59297.53249258205,59318.12096487627,3.471459574532092,0.019132553485586158,0.4,0.2664472156064075,0.0418297367479551,0.1763238258789114,greed,14.229213809159582,76,9
259,2024-01-06,9,43968.32,59296.68449148066,59258.69609701171,59334.6728859496,12.81299107858358,-0.015670764092049615,0.4,0.2785592600770996,0.042590298425656085,0.17666244239606932,greed,16.354729829892968,88,12
260,2024-01-06,10,43968.32,59181.31319747286,58989.55174768103,59373.07464726469,64.80472954426484,-0.01388996386337979,0.4,0.2815733161251764,0.041739735198228205,0.16225359639212095,greed,18.468960785619508,101,13
261,2024-01-06,11,43968.32,59459.002848031385,59438.80550625977,59479.200189803,6.793703494569504,0.004407944869155472,0.4,0.29508817759076816,0.045195075675206524,0.17170260341065754,greed,19.51941960661908,108,7
262,2024-01-06,12,43968.32,59501.844988369005,59438.80550625977,59564.88447047824,21.189084849908973,0.01844077899314102,0.4,0.2687611838707342,0.05366517527319192,0.152283925784709,greed,21.375511143623882,119,11
263,2024-01-06,13,43968.32,59534.45063025246,59438.80550625977,59630.09575424515,32.13101758063018,0.013256710310344694,0.4,0.26171950399265975,0.049902930540279486,0.16441759731979944,greed,23.2350806080376,130,11
264,2024-01-06,14,43968.32,59546.429098642824,59438.80550625977,59654.05269102587,36.14779056012375,0.017648248341101607,0.4,0.2796601151524505,0.053560323051181274,0.16697195891987374,greed,24.897098924473465,138,8
265,2024-01-06,15,43968.32,59772.42244611695,59757.332054567094,59787.51283766681,5.0492822382964695,0.021970043674552023,0.4,0.27855680465754296,0.05757259972710316,0.17392278064820785,greed,26.295135908744903,144,6
266,2024-01-06,16,43968.32,59791.0826330612,59757.332054567094,59824.833211555306,11.289502383234533,0.04721571515857913,0.4,0.2893610570448,0.054167259534300696,0.17511039985091015,greed,28.063677926564562,152,8
267,2024-01-06,17,43968.32,59646.202888801374,59438.80550625977,59853.600271342984,69.54252659746291,0.02653180376552008,0.4,0.2888586498185652,0.05360281543520601,0.16855834134645553,greed,29.79465793259105,161,9
268,2024-01-06,18,43968.32,59431.74585238898,58975.18229258937,59888.30941218859,153.64299104844667,-0.011934044374232492,0.4,0.26698895833863506,0.05743687055490464,0.15087741849103678,greed,31.926156557316165,177,16
269,2024-01-06,19,43968.32,59712.310246607274,59695.8534111139,59728.76708210065,5.512041126999496,-0.0002583097833446419,0.4,0.2699013046529865,0.0425773973494689,0.16005356562777426,greed,32.25785941733155,181,4
270,2024-01-06,20,43968.32,59831.49526487232,59695.8534111139,59967.13711863074,45.34128828234532,0.0018400504788862156,0.4,0.24912036776608057,0.05664268355915484,0.16522403201282507,greed,34.41679672682373,192,11
271,2024-01-06,21,43968.32,59849.144389401234,59679.33505401165,60018.95372479081,56.74578546511355,-0.015975717274847534,0.4,0.37092708623429993,0.04652867153006586,0.1667953293692649,greed,36.12753513047078,201,9
272,2024-01-06,22,43968.32,59888.89660278748,59679.33505401165,60098.4581515633,69.98343955666469,-0.014287207485392302,0.4,0.0922031185559361,0.042139612776539166,0.17283083707506083,greed,38.122539888987134,212,11
273,2024-01-06,23,43968.32,59904.21447233058,59679.33505401165,60129.093890649514,75.07966519544352,0.014003502425831782,0.4,0.08534225987619394,0.059259840077179896,0.16025616498116058,greed,40.007886028209796,222,10
274,2024-01-06,24,43968.32,60137.8090001642,60131.978209083405,60143.639791245,1.93914317057353,0.03644602300294068,0.4,0.10896596408290532,0.058744569744729025,0.1706365716690244,greed,41.50775675180415,232,10
275,2024-01-06,25,43968.32,60156.73819529163,60131.978209083405,60181.498181499854,8.231824713582032,0.09713037808542581,0.4,0.12180155013774195,0.046019271338936324,0.17124516265935844,greed,43.639793042854,244,12
276,2024-01-06,26,43968.32,60180.28754514885,60131.978209083405,60228.5968812143,16.05487046874036,0.0869382515757513,0.4,0.1322807886069053,0.052418310355349544,0.15137226101437537,greed,45.445496899468836,254,10
277,2024-01-06,27,43968.32,60184.07357322566,60131.978209083405,60236.16893736791,17.31200998844612,0.09993648960317898,0.4,0.1250502934474313,0.059469779383547944,0.17906633565857075,greed,47.09868466365091,264,10
278,2024-01-06,28,43968.32,60462.367409301485,60458.200677910405,60466.53414069257,1.3782891969403366,0.08034367568879519,0.4,0.12136682715725639,0.04049173832917603,0.1506637065458699,greed,47.3519144199334,267,3
279,2024-01-06,29,43968.32,60471.70361881716,60458.200677910405,60485.20655972391,4.4658708449391336,0.10621625940649149,0.4,0.13677438194282115,0.049772863808093315,0.17311222253423378,greed,49.219951166926016,277,10
280,2024-01-06,30,43968.32,60485.15212154208,60458.200677910405,60512.10356517375,8.911755261031209,0.12017074818294474,0.4,0.13199295321467508,0.05994249000315423,0.16278543906707918,greed,50.877915768023556,285,8
281,2024-01-06,31,43968.32,60499.84046573685,60458.200677910405,60541.48025356329,13.765255414194158,0.14407647313812483,0.4,0.17641679928201937,0.04327247642383338,0.1738442864624979,greed,53.09759519198842,298,13
282,2024-01-06,32,43968.32,60773.280152883046,60753.30869423548,60793.25161153061,6.5724471666912505,0.10127305385346459,0.4,0.15835046301120317,0.053609986041494265,0.16963533642843404,greed,54.65787544720987,308,10
283,2024-01-06,33,43968.32,60789.84946407845,60753.30869423548,60826.39023392141,12.021997147585862,0.1606405343578574,0.4,0.17668254565606992,0.059017271245008204,0.154531736753427,greed,56.97640732851535,323,15
284,2024-01-06,34,43968.32,60801.764274269655,60753.30869423548,60850.21985430383,15.93887302861784,0.185438117072003,0.4,0.19201831464963615,0.05277051895328171,0.16192783193888383,greed,58.71537729395768,333,10
285,2024-01-06,35,43968.32,61098.266984007445,61087.56493398216,61108.96903403273,3.5032253952751558,0.18540308202803735,0.4,0.19083296590908488,0.059679552959196566,0.16228002018945129,greed,60.459861178022734,343,10
286,2024-01-06,36,43968.32,61112.990473730475,61087.56493398216,61138.41601347879,8.3208298436134,0.21568792070908252,0.4,0.1869249481610498,0.04062268165769023,0.16955000476127655,greed,62.235095702875306,352,9
287,2024-01-06,37,43968.32,60809.38044450458,60450.15089028524,61168.60999872392,118.1493880034446,0.20203140699064925,0.4,0.1952735612752307,0.05728716499679275,0.16419629720074672,greed,64.17356135238968,364,12
288,2024-01-06,38,43968.32,61141.96953627441,61118.11773076417,61165.82134178465,7.8021057192436905,0.1911380565887352,0.4,0.2026007120752617,0.05689566456233776,0.17283071972828995,greed,64.56044729025938,370,6
289,2024-01-06,39,43968.32,61158.91229980412,61118.11773076417,61199.70686884407,13.340514899929246,0.1856784710363582,0.4,0.2114757052508112,0.042624897553647755,0.15097578538473755,greed,66.33134603004844,377,7
290,2024-01-06,40,43968.32,61465.72947616553,61458.55830404067,61472.900648290386,2.333388763453398,0.15785039264662812,0.4,0.21425855811975947,0.049630447030251004,0.15351924566887182,greed,68.1203165903176,389,12
291,2024-01-06,41,43968.32,61307.09674187591,61117.94320974885,61496.25027400296,61.70689599719747,0.13729440792956438,0.4,0.22701277745955376,0.05371130574457943,0.16290917684698386,greed,70.04699372279018,401,12
292,2024-01-06,42,43968.32,61317.44528206248,61117.94320974885,61516.947354376105,65.07188008107939,0.13276552725188387,0.4,0.22350834070071152,0.05163942803828798,0.15806980213305294,greed,71.92967887756915,411,10
293,2024-01-06,43,43968.32,61333.02546092137,61117.94320974885,61548.107712093886,70.13586874482723,0.16660744178142806,0.4,0.19254200458827941,0.04620723917847148,0.16365660447245403,greed,73.9588065938569,424,13
294,2024-01-06,44,43968.32,61631.328847728655,61614.00965146876,61648.64804398854,5.6202572891720415,0.14870026927983662,0.4,0.18424167774446992,0.045833251574186065,0.17084945658379627,greed,74.91511612427504,428,4
295,2024-01-06,45,43968.32,61646.516745286965,61614.00965146876,61679.02383910517,10.546287295523046,0.1469157206436818,0.4,0.1373399234374438,0.055597019777867,0.1511885647604507,greed,76.44214616120293,432,4
296,2024-01-06,46,43968.32,61675.45509686755,61614.00965146876,61736.900542266325,19.925412889868618,0.16556553827033355,0.4,0.12426640823111518,0.05973325186534293,0.1542748662870454,greed,78.24831695968115,442,10
297,2024-01-06,47,43968.32,61735.24264808091,61614.00965146876,61856.475644693055,39.27513407640768,0.1954885082036158,0.4,0.13088554028516405,0.052363114686362386,0.17107394911632312,greed,80.09698973029944,452,10
298,2024-01-06,48,43968.32,61803.53892387677,61603.85525937392,62003.22258837962,64.61884480395163,0.1830692695826436,0.4,0.13337770278005437,0.05035423286769423,0.152635994974345,greed,81.9386855840604,462,10
299,2024-01-06,49,43968.32,61816.48217203404,61603.85525937392,62029.10908469415,68.79295139065925,0.18057322388021863,0.4,0.14057764928193955,0.04066406217582733,0.1523573549146506,greed,83.82798990887119,473,11
300,2024-01-07,0,43929.02,59162.92952765205,59074.2294833827,59251.629571921396,29.985007496252788,0.04765322058747072,0.42,0.37896759980210165,0.05378929938274531,0.17401760097327248,greed,1.954856813791392,8,8
301,2024-01-07,1,43929.02,59222.06289049827,59074.2294833827,59369.89629761385,49.925112331503044,0.014762502361517594,0.42,0.3564488339641723,0.0433496516451814,0.153137035210032,greed,3.7735075104167874,16,8
302,2024-01-07,2,43929.02,59424.330052238176,59419.630444016286,59429.02966046007,1.5817118065151365,0.012828391075663999,0.42,0.36979105929947514,0.0587242449248738,0.15155913850954417,greed,5.377525724292779,25,9
303,2024-01-07,3,43929.02,59452.4523850064,59419.630444016286,59485.27432599651,11.041408612569809,0.004460590271971347,0.42,0.37230462702778294,0.05418121038901833,0.17612907371238257,greed,7.037588634180562,33,8
304,2024-01-07,4,43929.02,59467.698778620674,59419.630444016286,59515.767113225054,16.16619966524261,-0.007580882740275463,0.42,0.3739780287255593,0.056296502274930244,0.15240344539154024,greed,8.650672728017685,40,7
305,2024-01-07,5,43929.02,59685.659617890386,59681.250083295374,59690.0691524854,1.4775859471912622,0.0032599610787240603,0.42,0.3702836618866427,0.050951847523074724,0.1745189330988748,greed,10.547687326752758,50,10
306,2024-01-07,6,43929.02,59705.543773847785,59681.250083295374,59729.837464400196,8.137834116185457,0.004355170740023041,0.42,0.39576051315048366,0.05463179043510664,0.1524488994609177,greed,12.081948415230524,55,5
307,2024-01-07,7,43929.02,59585.15256709371,59419.630444016286,59750.67469017114,55.55817714523621,-0.0008907412573170806,0.42,0.36340070547364395,0.04494206468020293,0.15478634040339564,greed,13.747219311284145,64,9
308,2024-01-07,8,43929.02,59743.6931583705,59726.5561919689,59760.8301247721,5.736828607556866,-0.025759080254490065,0.42,0.3416536887623931,0.04673791583542214,0.15546353747066097,greed,15.218333905651326,74,10
309,2024-01-07,9,43929.02,59933.6335592088,59924.24055348082,59943.02656493679,3.134468968481179,0.026054740009207735,0.42,0.3369716388141921,0.05317415551001752,0.16494587149359416,greed,17.0996971695806,85,11
310,2024-01-07,10,43929.02,59961.3156131868,59924.24055348082,59998.39067289279,12.366326297827738,0.06419474550244943,0.42,0.35882533833478714,0.05992667832113484,0.17924379486440348,greed,19.125596310048117,95,10
311,2024-01-07,11,43929.02,59868.278724107644,59726.5561919689,60010.001256246396,47.34478263250287,0.05882970115906171,0.42,0.3526692778947891,0.043990849018582905,0.17040684727293873,greed,20.93240695410857,106,11
312,2024-01-07,12,43929.02,60116.588207470755,60095.17415868763,60138.00225625388,7.124173018342864,0.03382673505804551,0.42,0.33325481935684326,0.05454338139532616,0.17228119563599942,greed,22.09091047610822,113,7
313,2024-01-07,13,43929.02,60137.80968365964,60073.81211687556,60201.80725044371,21.28363740572437,0.052794761454280144,0.42,0.28755765594360705,0.04691869985093926,0.16113116288953808,greed,23.909510890377526,122,9
314,2024-01-07,14,43929.02,60174.320038059726,60073.81211687556,60274.827959243885,33.405586010973366,0.07491408913144343,0.42,0.28429092672044576,0.05450515320830273,0.1646000682427411,greed,26.134429255819533,134,12
315,2024-01-07,15,43929.02,59706.89890851361,59015.09612053647,60398.70169649076,231.7329489971214,0.010356456135951998,0.42,0.2978038001006442,0.05801403728022517,0.16265162780620365,greed,28.174011077224684,147,13
316,2024-01-07,16,43929.02,59952.90578623968,59933.37227468685,59972.43929779251,6.516285173057291,0.010816039558220386,0.42,0.3020698776588482,0.044213243780113334,0.16868899750690447,greed,28.370780311171316,149,2
317,2024-01-07,17,43929.02,60194.326051440075,60162.84084922383,60225.81125365632,10.461186055755066,0.007772794192639686,0.42,0.2613350467532784,0.05466226044830562,0.15394703055381778,greed,29.785964682978772,155,6
318,2024-01-07,18,43929.02,60166.036985588806,59933.37227468685,60398.70169649076,77.34087952566423,0.009143419779025108,0.42,0.26608214580360534,0.04475086649847755,0.17914185282124917,greed,31.603062669040924,164,9
319,2024-01-07,19,43929.02,60401.34448756323,60389.029542702396,60413.65943242406,4.077705542917739,0.044589475349381236,0.42,0.26568740653972295,0.05708770186739158,0.16476833569344104,greed,32.08464415355883,169,5
320,2024-01-07,20,43929.02,60418.63987139825,60389.029542702396,60448.250200094095,9.801719720561575,0.06289383545935125,0.42,0.2709906689776393,0.0502963470785938,0.16077700108199297,greed,34.26859378608307,181,12
321,2024-01-07,21,43929.02,60428.98457052457,60389.029542702396,60468.93959834674,13.223795867541725,0.07823468718115774,0.42,0.2574793154381532,0.043270477451700456,0.1617324460995528,greed,35.942922649376776,189,8
322,2024-01-07,22,43929.02,60437.14254359897,60389.029542702396,60485.25554449555,15.921666336845432,0.0698440865946101,0.42,0.2268377543799198,0.042617473214367,0.17909463135235634,greed,37.55187761074415,196,7
323,2024-01-07,23,43929.02,60538.94711164639,60389.029542702396,60688.864680590385,49.52764330952611,0.0638163300847185,0.42,0.2483705146894982,0.044721009266929276,0.15220490241990037,greed,39.21894785432214,204,8
324,2024-01-07,24,43929.02,60556.490282750485,60385.03149970361,60727.949065797366,56.62771479862902,0.09816186236305079,0.42,0.24606990104175347,0.056577667317652194,0.16292662570985417,greed,41.321456914527424,217,13
325,2024-01-07,25,43929.02,60561.83630157514,60385.03149970361,60738.64110344667,58.388190540032326,0.11357089141921432,0.42,0.2168030664538067,0.0523428997320806,0.17120331650656337,greed,42.976435092517676,226,9
326,2024-01-07,26,43929.02,60602.059990913214,60385.03149970361,60819.088482122825,71.6241300187315,0.15202279909959954,0.42,0.20914971712026884,0.054728040301312814,0.16991413582865414,greed,44.97415247092124,238,12
327,2024-01-07,27,43929.02,60855.37802606473,60855.31461802404,60855.441434105436,0.02083892755467269,0.17836095924112189,0.42,0.20224959132187337,0.056883408979383945,0.1741701045885016,greed,46.34165671661266,244,6
328,2024-01-07,28,43929.02,60858.12347389768,60855.31461802404,60860.93232977131,0.9230833004053519,0.1720108567034343,0.42,0.22363030127032288,0.04223839238795456,0.15809248834550968,greed,47.92761270060574,252,8
329,2024-01-07,29,43929.02,60881.28867068713,60855.31461802404,60907.26272335022,8.53268819705455,0.1510135611917483,0.42,0.22704305432382083,0.050623390560020645,0.17809817076884885,greed,49.702680056287754,260,8
330,2024-01-07,30,43929.02,61144.40312323546,61109.69046453753,61179.11578193339,11.354320894413073,0.14909235068410612,0.42,0.23999155043575032,0.05014469617376785,0.15124718577151175,greed,51.51532586354928,271,11
331,2024-01-07,31,43929.02,60788.21497842815,60385.03149970361,61191.39845715269,132.65185657042773,0.16893733627361807,0.42,0.23537806379000364,0.05973260245917694,0.17895356089308137,greed,53.533453492061625,282,11
332,2024-01-07,32,43929.02,61090.58686461265,61084.89127986745,61096.28244935784,1.8646357933394986,0.13179190133787747,0.42,0.2511668109050529,0.050311920571585005,0.1646653974077076,greed,54.014402364925736,290,8
333,2024-01-07,33,43929.02,61142.210686740276,61084.89127986745,61199.5300936131,18.74953693333071,0.1354157647274359,0.42,0.2539798993325075,0.04279302509512626,0.15089920769618034,greed,55.92669957431826,301,11
334,2024-01-07,34,43929.02,61113.82454523047,61015.89210324819,61211.75698721274,32.0491943389329,0.13518274972563027,0.42,0.27174556573400704,0.05346864866649835,0.1790973613832181,greed,57.59186406953479,310,9
335,2024-01-07,35,43929.02,61405.47488994722,61401.340293404275,61409.60948649016,1.3466540403287806,0.15200520747348586,0.42,0.2447728906180957,0.05345204236450253,0.16331250657913712,greed,58.780941741128906,318,8
336,2024-01-07,36,43929.02,61404.77999978152,61369.83412302825,61439.72587653478,11.382135642660923,0.1473978727341229,0.42,0.2374819535410192,0.05676230579296221,0.1783384265842207,greed,61.11603372345463,330,12
337,2024-01-07,37,43929.02,61248.1312063856,61015.89210324819,61480.370309523016,75.83549034495304,0.15237084091374029,0.42,0.23908241565051172,0.049943495280168546,0.1685354172060364,greed,63.15673391501591,343,13
338,2024-01-07,38,43929.02,61488.31420031043,61474.25532780027,61502.37307282059,4.572859963069697,0.16481652031099026,0.42,0.24019615501975988,0.05861897391013955,0.17068580253094684,greed,64.85783273498886,355,12
339,2024-01-07,39,43929.02,61302.220613966565,61015.89210324819,61588.549124684934,93.4153796879385,0.14452566901332722,0.42,0.2581896274379361,0.044313503047954346,0.1697665641069797,greed,66.6399655472361,364,9
340,2024-01-07,40,43929.02,61579.53152948071,61570.51393427648,61588.549124684934,2.9287638214361147,0.135565739972034,0.42,0.2860392953401644,0.053156906092060724,0.17998241177312,greed,67.33599104944065,367,3
341,2024-01-07,41,43929.02,61647.38978720047,61570.51393427648,61724.26564012445,24.940505409670124,0.19376694603121447,0.42,0.2555084579457742,0.05954348368442634,0.1622072388216861,greed,69.4901135149011,379,12
342,2024-01-07,42,43929.02,61671.275581817885,61570.51393427648,61772.03722935928,32.677011004165635,0.1914428083317537,0.42,0.25738475646020226,0.05476898418502653,0.17635546683904044,greed,71.52262851245176,391,12
343,2024-01-07,43,43929.02,61681.41719108212,61499.58581404228,61863.24856812195,58.95823582539981,0.20752197910327996,0.42,0.2610846958988877,0.046540663231264774,0.17002780156690753,greed,73.62477943960967,403,12
344,2024-01-07,44,43929.02,61966.566119278315,61951.51273296559,61981.61950559104,4.858551072122195,0.18369088761299995,0.42,0.2679242277059961,0.04871166629625866,0.17453502648525065,greed,75.83698546627421,416,13
345,2024-01-07,45,43929.02,61981.53881477558,61951.51273296559,62011.56489658557,9.68871776472723,0.21995498774938055,0.42,0.2761552597816144,0.05088978195921699,0.15017275981494363,greed,77.66471906227832,425,9
346,2024-01-07,46,43929.02,61984.44740327841,61951.51273296559,62017.38207359124,10.62675290094881,0.2385269983817318,0.42,0.24761423206554894,0.05390934413379724,0.16165674303811037,greed,79.32513067599311,432,7
347,2024-01-07,47,43929.02,62253.945576238824,62245.117568959424,62262.77358351822,2.836127798064041,0.22758930782314862,0.42,0.21505179120710816,0.044750882617486554,0.1611975537488802,greed,81.08651131749195,444,12
348,2024-01-07,48,43929.02,62285.252806117554,62245.117568959424,62325.388043275685,12.887556957684406,0.2555136244192774,0.42,0.2473869152891247,0.049269880876011446,0.16139357340537688,greed,83.38823068670187,458,14
349,2024-01-07,49,43929.02,62308.400960782994,62245.117568959424,62371.684352606564,20.312956470637335,0.30028079096859933,0.42,0.2638445655470649,0.05038163570272436,0.16437545632889192,greed,85.23162364910921,467,9
350,2024-01-08,0,46951.04,60034.79921507388,59944.79201984888,60124.80641029888,29.985007496252447,0.012664426296601512,0.42,0.371208550664728,0.05067205093453757,0.16823715278380333,greed,1.898891022032902,7,7
351,2024-01-08,1,46951.04,60094.80401189055,59944.79201984888,60244.81600393221,49.925112331503286,0.028752317124292798,0.42,0.3221797206591174,0.05625971477432187,0.17154369228679484,greed,3.549035610279442,13,6
352,2024-01-08,2,46951.04,60286.86680124741,60268.912801745944,60304.82080074887,5.956189284360802,0.030737604189167114,0.42,0.32614032038894086,0.05854069089592613,0.15180802170868682,greed,4.638649242507899,17,4
353,2024-01-08,3,46951.04,60308.44085224549,60268.912801745944,60347.96890274504,13.108629552002242,-0.00725214594543667,0.42,0.3201501168294343,0.04703245374479269,0.1530426248534765,greed,6.527772215999133,23,6
354,2024-01-08,4,46951.04,60328.685407710174,60268.912801745944,60388.4580136744,19.815650071031477,0.0350359327037384,0.42,0.27527596886258315,0.04614579929852573,0.1740907769349799,greed,8.433396852540174,31,8
355,2024-01-08,5,46951.04,60181.34413551637,59944.79201984888,60417.89625118385,78.61310479700019,0.010847999153229482,0.42,0.2667815794404298,0.04622615398312008,0.16831001349932756,greed,10.2885830949639,42,11
356,2024-01-08,6,46951.04,60394.114554572494,60385.285609832004,60402.94349931298,2.923776532069741,0.024152071123018704,0.42,0.24131085876498,0.04243772186673895,0.15543448048604042,greed,10.656827928708958,47,5
357,2024-01-08,7,46951.04,60461.452648293896,60385.285609832004,60537.61968675578,25.19523932213613,0.014056195623593094,0.42,0.2569951966482463,0.04362876695391254,0.1657549015100118,greed,12.429398951081476,56,9
358,2024-01-08,8,46951.04,60478.63763848663,60385.285609832004,60571.98966714125,30.871075242348553,0.025233987875815565,0.42,0.24026832410439744,0.045131255674027274,0.17888780625712739,greed,14.245191780367854,66,10
359,2024-01-08,9,46951.04,60490.95505179073,60385.285609832004,60596.62449374945,34.9372701648538,0.06986800970021051,0.42,0.2436371303768084,0.056119850995503165,0.16650679626468784,greed,16.212888092521343,77,11
360,2024-01-08,10,46951.04,60544.877442598685,60385.285609832004,60704.469275365365,52.71852533452928,0.12851425291535068,0.42,0.24277790739208568,0.052032236402926625,0.1745756657828037,greed,18.36529644736223,90,13
361,2024-01-08,11,46951.04,60729.12542406305,60725.52182600986,60732.72902211623,1.1867775233124795,0.10650778691718271,0.42,0.23091200583037202,0.04456159543897865,0.1563613451972468,greed,19.695233648210063,98,8
362,2024-01-08,12,46951.04,60735.39381985714,60725.52182600986,60745.26581370443,3.2508207245886607,0.10735834573001973,0.42,0.20076869981134093,0.05800046246796023,0.16060264137908153,greed,21.336904302120672,107,9
363,2024-01-08,13,46951.04,60764.91790584334,60725.52182600986,60804.31398567681,12.966718689398686,0.10573910089232644,0.42,0.23668336469394563,0.055610510304877236,0.15824418106644408,greed,22.856131966201943,114,7
364,2024-01-08,14,46951.04,60984.20051064856,60970.211620347036,60998.18940095008,4.58770966394185,0.11896401393023873,0.42,0.2281160346587105,0.04191070627669336,0.1687157797402972,greed,24.78402660548701,124,10
365,2024-01-08,15,46951.04,60872.35654780051,60725.52182600986,61019.19126959116,48.24348197374133,0.13307255757966038,0.42,0.2512592726463141,0.051732169263509487,0.1550404262323459,greed,26.65256110891066,134,10
366,2024-01-08,16,46951.04,61028.73505389588,61025.703504307,61031.76660348476,0.9934826885078831,0.09389560221428082,0.42,0.2598088830003247,0.041914291110403235,0.15070915758139009,greed,27.97467476929607,142,8
367,2024-01-08,17,46951.04,61042.84631331943,61025.703504307,61059.989122331855,5.616647993259665,0.10540371050793662,0.42,0.26310397664932217,0.05214188072177561,0.1664009223814221,greed,29.776052799661816,150,8
368,2024-01-08,18,46951.04,61251.14015695024,61249.15215650006,61253.128157400424,0.6491309206943146,0.12735227425897547,0.42,0.24664374328423325,0.04993533717718339,0.1796335656064466,greed,31.635125935374223,160,10
369,2024-01-08,19,46951.04,61274.34138822551,61249.15215650006,61299.53061995096,8.221787833133694,0.12735227425897547,0.42,0.21558330936422834,0.05390289108095188,0.16212956304312875,greed,33.13512593537423,166,6
370,2024-01-08,20,46951.04,61284.21424000348,61249.15215650006,61319.27632350691,11.442451841223846,0.1501505869078898,0.42,0.2485789947093343,0.059825119874043764,0.15385182868362376,greed,34.83163859152363,174,8
371,2024-01-08,21,46951.04,61511.22173218288,61499.83950421462,61522.603960151144,3.7008622647160427,0.15112022017215218,0.42,0.23364933040424096,0.05448677634257482,0.16735160751019226,greed,36.02272196961979,181,7
372,2024-01-08,22,46951.04,61529.264460622166,61499.83950421462,61558.68941702971,9.56454027704981,0.14624411795321868,0.42,0.2237018425440671,0.057883817493282363,0.15575601974156228,greed,38.22600748518189,192,11
373,2024-01-08,23,46951.04,60952.13105140203,60324.8998325205,61579.36227028356,205.81108750818618,0.1110640593919006,0.42,0.21826005108761315,0.04453312804453976,0.16064988917495812,greed,40.30905766595272,207,15
374,2024-01-08,24,46951.04,61191.17305501672,61181.490126626035,61200.855983407404,3.164812147653603,0.10647577825098486,0.42,0.21811571534403634,0.05600713015644723,0.15701136245731298,greed,40.55943094872115,209,2
375,2024-01-08,25,46951.04,61400.253718008214,61359.23446437527,61441.272971641156,13.36126518998757,0.0566429955013477,0.42,0.20190467918845986,0.05760158175122916,0.16952632107141583,greed,42.459141144537405,218,9
376,2024-01-08,26,46951.04,61369.682190957465,61157.847876896274,61581.516505018655,69.03549325937468,0.06956514311222409,0.42,0.16283949841818476,0.0533897391039638,0.179824180836635,greed,44.45298427291365,230,12
377,2024-01-08,27,46951.04,61577.479241129135,61573.441977239614,61581.516505018655,1.311279363583937,0.050965393602773454,0.42,0.17503667997331773,0.0511556683474005,0.17191951530717736,greed,44.515167429558666,231,1
378,2024-01-08,28,46951.04,61606.20388199134,61573.441977239614,61638.96578674307,10.63591089445655,0.05352572951922497,0.42,0.16443277486081778,0.059152505690107604,0.1552590882707298,greed,46.51937103777508,244,13
379,2024-01-08,29,46951.04,61633.6309483519,61568.57906168126,61698.68283502254,21.109217701340107,0.04576559590731529,0.42,0.16787411582158185,0.04401867377318113,0.16607483053419242,greed,48.48440584693372,257,13
380,2024-01-08,30,46951.04,61812.416121827,61807.794717922116,61817.03752573188,1.4952995513957459,0.039784597227508676,0.42,0.16986218301244965,0.04695143048477964,0.16994735173461653,greed,50.143868420471264,267,10
381,2024-01-08,31,46951.04,61820.07633003997,61807.794717922116,61832.35794215782,3.973340974955487,0.0330570925889819,0.42,0.1557978118819089,0.05854355638958905,0.1570392624556636,greed,51.76042766731265,275,8
382,2024-01-08,32,46951.04,61720.72781415384,61568.57906168126,61872.876566626415,49.30231961318096,0.02428102972133586,0.42,0.1393717754002664,0.058540019358485906,0.16619871390841678,greed,53.518081311177774,285,10
383,2024-01-08,33,46951.04,61728.384431057304,61556.820901848616,61899.947960265985,55.58659303656293,0.04038118725830995,0.42,0.14010642886634372,0.05041915954544084,0.1687075706400828,greed,55.668081326539216,298,13
384,2024-01-08,34,46951.04,61909.36234115143,61896.74963287898,61921.975049423876,4.074572179550645,0.049524561354354076,0.42,0.15093676830950997,0.05652135260505057,0.17346084263011158,greed,57.20317178534556,307,9
385,2024-01-08,35,46951.04,61947.193550223004,61896.74963287898,61997.63746756704,16.286102550596667,0.07930903026549223,0.42,0.15066076219450894,0.04072320761049524,0.15909385067835985,greed,59.26024728095405,320,13
386,2024-01-08,36,46951.04,61987.265290559975,61896.74963287898,62077.78094824097,29.204597833671947,0.09665851989543492,0.42,0.14087489676489906,0.05873915646062126,0.1666140672213713,greed,61.25258557814993,332,12
387,2024-01-08,37,46951.04,62003.40958112427,61896.74963287898,62110.069529369575,34.404542900417844,0.1501823134094186,0.42,0.12116274801725359,0.04793963034148567,0.16341607621514506,greed,63.30372935414968,342,10
388,2024-01-08,38,46951.04,62190.84576525151,62186.615143121526,62195.0763873815,1.3605288939008342,0.14917676054923,0.42,0.13781804530614752,0.049939269658116604,0.17976474044469937,greed,64.75263354335318,351,9
389,2024-01-08,39,46951.04,62222.5919676247,62186.615143121526,62258.56879212787,11.563910587939812,0.13432131488799368,0.42,0.19489623112418858,0.04417021028714672,0.17791785643931748,greed,66.45432598198161,356,5
390,2024-01-08,40,46951.04,61921.05748549811,61556.820901848616,62285.294069147596,117.64546615980973,0.10884085184802943,0.42,0.198043195182721,0.05755948640890139,0.1760417007032235,greed,68.62173253155278,370,14
391,2024-01-08,41,46951.04,62165.430291623634,62132.67624485458,62198.18433839269,10.537704513715685,0.08392864979583553,0.42,0.19726108260062605,0.05580060872614123,0.15914037417294122,greed,68.97897507064332,375,5
392,2024-01-08,42,46951.04,62208.04106804054,62129.42652418472,62286.65561189636,25.274720922280128,0.08573450673677535,0.42,0.19503577920665527,0.053899021778049234,0.16038299179613355,greed,71.05540449772721,387,12
393,2024-01-08,43,46951.04,62427.51336582731,62414.49581843753,62440.5309132171,4.170451997183936,0.08201160880558932,0.42,0.18141729809613286,0.05281944154690664,0.17467441690903082,greed,72.64427748237709,394,7
394,2024-01-08,44,46951.04,62445.93756516001,62414.49581843753,62477.3793118825,10.070069550857982,0.10327969689423432,0.42,0.18377502911161667,0.05529619601805991,0.15524515881781237,greed,74.75508857911922,408,14
395,2024-01-08,45,46951.04,62315.656758024634,62129.42652418472,62501.88699186456,59.769965857236606,0.13738044516704045,0.42,0.20275285218446074,0.04797326055544626,0.15439121976486747,greed,76.74096739233933,420,12
396,2024-01-08,46,46951.04,62331.90236452638,62129.42652418472,62534.37820486804,64.96700169924243,0.1518123822359309,0.42,0.191287322922829,0.042703325783096456,0.1788934533476752,greed,78.49044399433413,430,10
397,2024-01-08,47,46951.04,62586.924698206625,62565.39662312236,62608.45277329088,6.879416168175487,0.12007417061572706,0.42,0.18941916457083716,0.0593164432230644,0.16297493634990395,greed,79.10594600014913,434,4
398,2024-01-08,48,46951.04,62591.51886614107,62565.39662312236,62617.641109159784,8.346895391555226,0.14298710349788527,0.42,0.19276673640995584,0.04211329368523488,0.16922478944070618,greed,81.24084970202985,442,8
399,2024-01-08,49,46951.04,62637.16843840531,62565.39662312236,62708.94025368825,22.91668575456797,0.15227398566344877,0.42,0.15498073144188282,0.05239175909795659,0.1695060327719446,greed,82.94677915580645,451,9
400,2024-01-09,0,46110.0,60188.17221923084,60097.93507947187,60278.409358989804,29.985007496251885,-0.019713462138935028,0.52,0.48973114258139583,0.10984598951509301,0.25288902804981833,extreme_greed,1.693323545004342,6,6
401,2024-01-09,1,46110.0,60390.75179696876,60382.77804860243,60398.72554533509,2.640718364672019,0.04442824263616518,0.52,0.4965725510602552,0.1095103677579024,0.2619590052107963,extreme_greed,3.193323545004343,13,7
402,2024-01-09,2,46110.0,60416.76992479873,60375.78158810637,60457.75826149109,13.568529646116135,0.04014037351874178,0.52,0.46064724268341084,0.08186875394390188,0.2754711064074895,extreme_greed,5.208499245488671,23,10
403,2024-01-09,3,46110.0,60283.402181761645,60097.93507947187,60468.86928405142,61.531730319589194,0.001165611389784906,0.52,0.43453312468530725,0.10441910808518057,0.2807609719115505,extreme_greed,7.0967414366906025,32,9
404,2024-01-09,4,46110.0,60458.557633203374,60448.24598235533,60468.86928405142,3.411146825766206,-0.014260646788426909,0.52,0.43607089492560297,0.09278250151671115,0.25653551883701,extreme_greed,7.416217704661884,35,3
405,2024-01-09,5,46110.0,60460.89259814692,60448.24598235533,60473.53921393851,4.183403601281563,-0.009698601557974992,0.52,0.38876584606404463,0.09349353946463967,0.2597311255910383,extreme_greed,9.530264566525483,49,14
406,2024-01-09,6,46110.0,60612.654815068265,60585.85150860539,60639.458121531134,8.844128852184607,0.010246444294803593,0.52,0.3524870009364529,0.10200843141684206,0.288465244682067,extreme_greed,11.19683162209333,57,8
407,2024-01-09,7,46110.0,60615.98411660804,60585.85150860539,60646.116724610685,9.942132736699188,0.027358358726486464,0.52,0.43395943934710496,0.09255741864871805,0.2895168867930074,extreme_greed,12.892267014935278,65,8
408,2024-01-09,8,46110.0,60628.17638929763,60585.85150860539,60670.50126998988,13.96211570688675,0.05218229789346334,0.52,0.45154832785326493,0.09856844579023165,0.26617501974557367,extreme_greed,14.664481765185872,74,9
409,2024-01-09,9,46110.0,60569.3129133517,60448.24598235533,60690.37984434807,39.97632635178297,0.07196685199679627,0.52,0.44827383653876113,0.09887896418032209,0.2599428138887648,extreme_greed,16.716281574125713,86,12
410,2024-01-09,10,46110.0,60755.327488260125,60726.98798813911,60783.666988381134,9.329058468654637,0.06989778788205196,0.52,0.4016875316735542,0.09498001504935855,0.263300963900269,extreme_greed,17.246720474579384,90,4
411,2024-01-09,11,46110.0,60772.3264727427,60726.98798813911,60817.66495734629,14.920766485359577,0.06512628692174462,0.52,0.37227394926360713,0.08381599288062348,0.29323301960702086,extreme_greed,18.880933825792138,97,7
412,2024-01-09,12,46110.0,60776.25236603532,60726.98798813911,60825.51674393152,16.21171953792135,0.07324867370656382,0.52,0.37569345542567933,0.09842243933554208,0.2929782615823473,extreme_greed,20.477559466412828,104,7
413,2024-01-09,13,46110.0,60793.44048746141,60726.98798813911,60859.89298678371,21.861733367764998,0.08560960967395999,0.52,0.3393581961155905,0.10868666571946844,0.25665725020890484,extreme_greed,22.286699778665437,115,11
414,2024-01-09,14,46110.0,60963.468353034026,60959.851901472604,60967.08480459544,1.1864323533810992,0.10560883047396492,0.52,0.3372513749682675,0.10426650384908984,0.25382084297190255,extreme_greed,23.60246265457299,122,7
415,2024-01-09,15,46110.0,60970.27839329508,60943.11154283215,60997.445243758004,8.911506123585129,0.09982715202209133,0.52,0.3149125981953651,0.10790956654513471,0.2626529216400392,extreme_greed,25.18628237887682,131,9
416,2024-01-09,16,46110.0,60978.686001320995,60943.11154283215,61014.26045980984,11.667833737209296,0.0929346359503345,0.52,0.3211853370752657,0.09159046729544947,0.272506221620988,extreme_greed,27.122932674433375,140,9
417,2024-01-09,17,46110.0,60871.89021340654,60709.17053878056,61034.609888032515,53.462993856608826,0.0999349113070279,0.52,0.32524016835948183,0.10668172748386533,0.2725309828364879,extreme_greed,29.338975350345446,153,13
418,2024-01-09,18,46110.0,61045.09319679067,61007.28745474355,61082.898938837796,12.386168999774995,0.11365082023498581,0.52,0.31811384218153166,0.08114065544712365,0.28731036287409195,extreme_greed,30.426647267618822,161,8
419,2024-01-09,19,46110.0,61083.762738882695,61007.28745474355,61160.23802302184,25.039480447875356,0.11967099588368066,0.52,0.31748681833024367,0.10406391674382762,0.2552683766976403,extreme_greed,32.291905520891625,170,9
420,2024-01-09,20,46110.0,61111.4755133532,61007.28745474355,61215.66357196286,34.097706767656156,0.13870287962546762,0.52,0.3119386025420644,0.09385840810012867,0.2995794204435137,extreme_greed,34.00685626078367,180,10
421,2024-01-09,21,46110.0,61123.59844600409,60998.18089325424,61249.015998753945,41.03735903593581,0.13191872604607083,0.52,0.29589276299923645,0.10826946169019579,0.2891921338383837,extreme_greed,36.22601644142052,192,12
422,2024-01-09,22,46110.0,61291.21299949885,61285.36976596239,61297.056233035306,1.9067116640381616,0.14673011653719728,0.52,0.2707702680088262,0.1049160336921452,0.25343564162591337,extreme_greed,37.60918962608789,203,11
423,2024-01-09,23,46110.0,61297.105913799605,61262.19986463151,61332.01196296771,11.389134494272835,0.16444161248283673,0.52,0.2341206245437475,0.08247852990377806,0.2757328793286756,extreme_greed,39.95965865724322,216,13
424,2024-01-09,24,46110.0,61315.459526306775,61262.19986463151,61368.71918798203,17.372343642767394,0.1867880080442993,0.52,0.2401889332217848,0.10927972548796377,0.2833675199023214,extreme_greed,41.72650900118872,226,10
425,2024-01-09,25,46110.0,61391.93559357265,61262.19986463151,61521.67132251379,42.26474623638354,0.21724849687219924,0.52,0.47008731316580665,0.10323901341913364,0.28219521267705655,extreme_greed,43.84977982800664,238,12
426,2024-01-09,26,46110.0,61406.052035564295,61262.19986463151,61549.90420649707,46.85276651541298,0.23402532882157154,0.52,0.437411422404679,0.10396142574963724,0.26464110183504824,extreme_greed,45.64208911618621,247,9
427,2024-01-09,27,46110.0,61571.3260826933,61568.1687309015,61574.4834344851,1.0255916163170986,0.23099553797614314,0.52,0.4204421189687517,0.09805644768908967,0.27912113291036234,extreme_greed,46.821061397020074,254,7
428,2024-01-09,28,46110.0,61601.07774629902,61568.1687309015,61633.986761696535,10.684558323167625,0.24831663662730036,0.52,0.4193139320930846,0.083842872390986,0.2669133752997249,extreme_greed,48.48345328328913,259,5
429,2024-01-09,29,46110.0,61629.87823769223,61568.1687309015,61691.58774448296,20.02584089253889,0.28386634359414353,0.52,0.4152511223476483,0.08673846835531555,0.26860835119187565,extreme_greed,50.6886148108704,273,14
430,2024-01-09,30,46110.0,61823.502752059576,61811.37708981501,61835.62841430415,3.9226707335552917,0.25989374439466595,0.52,0.36497141501185765,0.10829227513234123,0.26203463559162526,extreme_greed,51.56858747787053,277,4
431,2024-01-09,31,46110.0,61827.10499023635,61794.37635479466,61859.833625678046,10.587147965883968,0.23684840039092905,0.52,0.31551660324424863,0.08592411469579812,0.29434624501046347,extreme_greed,53.4358028143455,283,6
432,2024-01-09,32,46110.0,61845.97533516733,61794.37635479466,61897.57431554,16.68628559677,0.25710365918575334,0.52,0.28315387931974717,0.10584109989090308,0.2923257169345139,extreme_greed,55.22373165217958,293,10
433,2024-01-09,33,46110.0,62046.88276038012,62023.07799803852,62070.68752272172,7.673153358414698,0.2603954592600225,0.52,0.2990984957932584,0.08756723060520084,0.2877520964373139,extreme_greed,56.49734384577731,300,7
434,2024-01-09,34,46110.0,61953.90499471108,61794.37635479466,62113.43363462751,51.49913953932166,0.24003287339661655,0.52,0.31946327496844945,0.10329342339499174,0.2828080918840536,extreme_greed,58.792089801339344,312,12
435,2024-01-09,35,46110.0,62113.793218696796,62102.96443417686,62124.622003216726,3.4867567922656746,0.2259962375104205,0.52,0.3107160904327597,0.09635080756690816,0.2992334869762254,extreme_greed,60.135213152032364,320,8
436,2024-01-09,36,46110.0,62154.572713872636,62102.96443417686,62206.18099356841,16.606430530333498,0.26994502968237855,0.52,0.3037570463887761,0.10453355989570835,0.2606755683155336,extreme_greed,62.2237208873544,333,13
437,2024-01-09,37,46110.0,62201.17659681833,62102.96443417686,62299.38875945981,31.578876161162846,0.26288000312798115,0.52,0.29766347675554267,0.105221090840336,0.28664007723831253,extreme_greed,63.9368777972967,341,8
438,2024-01-09,38,46110.0,62252.25483845888,62102.96443417686,62401.5452427409,47.96305119209675,0.27501334733319593,0.52,0.3399053307889278,0.08892645353956462,0.2782510996429508,extreme_greed,65.87527972626775,352,11
439,2024-01-09,39,46110.0,61996.79227587604,61568.1687309015,62425.41582085057,138.27281355694177,0.30377966500106146,0.52,0.35342345897213584,0.10619968747582423,0.2818145676989624,extreme_greed,67.67032021464632,362,10
440,2024-01-09,40,46110.0,62226.1472409467,62190.763570002346,62261.53091189106,11.37260541210984,0.24695798229476448,0.52,0.3316335491751062,0.0802799485948128,0.26233394322608117,extreme_greed,68.05403287123512,368,6
441,2024-01-09,41,46110.0,62433.27880379351,62407.3715935349,62459.18601405212,8.299166968316515,0.26350578241372324,0.52,0.3340319941901447,0.10975429854048091,0.2549589049793608,extreme_greed,69.49844780310768,375,7
442,2024-01-09,42,46110.0,62450.04590201787,62407.3715935349,62492.720210500825,13.666702038911543,0.2533638309164216,0.52,0.352388444247169,0.0966525484790686,0.28665356480148374,extreme_greed,71.1826067966835,382,7
443,2024-01-09,43,46110.0,62464.17185052059,62407.3715935349,62520.97210750629,18.18650765806032,0.2536912575452046,0.52,0.33469336060074123,0.08564074203846249,0.26776922843428697,extreme_greed,72.89400977068401,390,8
444,2024-01-09,44,46110.0,62374.54901246851,62190.763570002346,62558.33445493467,58.92962606572929,0.2573221237055013,0.52,0.6007764818919578,0.1049804140804113,0.2505515807131233,extreme_greed,74.7911998560728,400,10
445,2024-01-09,45,46110.0,62610.96486578406,62576.08446235452,62645.84526921359,11.14194726253036,0.20899680565821196,0.52,0.5957950466025969,0.10276029170333015,0.28391894114275706,extreme_greed,75.1453070761587,402,2
446,2024-01-09,46,46110.0,62639.10815210259,62576.08446235452,62702.13184185067,20.122792807023675,0.20498069324983648,0.52,0.5749003648035217,0.09506150640465341,0.2562357028455695,extreme_greed,76.99993629703822,412,10
447,2024-01-09,47,46110.0,62655.15222193413,62576.08446235452,62734.21998151373,25.239028803101167,0.20735155852112352,0.52,0.5529160401095674,0.09930095539735354,0.28901998880736374,extreme_greed,78.52903030129377,419,7
448,2024-01-09,48,46110.0,62668.08696224849,62576.08446235452,62760.08946214246,29.3618345009933,0.20772755731901574,0.52,0.5144616963543359,0.08005639650574732,0.2589186292153665,extreme_greed,80.30526217419654,427,8
449,2024-01-09,49,46110.0,62871.16580833554,62867.10999762246,62875.221619048636,1.290197393652094,0.20138760455821725,0.52,0.4818611830735174,0.08500655353564612,0.25906596399627524,extreme_greed,81.70985506215311,436,9
450,2024-01-10,0,46653.99,60468.80873180376,60378.150847648125,60559.46661595938,29.985007496252358,-0.003665414357884834,0.46,0.40810885112950407,0.0502021942499765,0.17170214296836858,greed,2.0232450390887466,7,7
451,2024-01-10,1,46653.99,60651.518588230465,60622.69338162738,60680.34379483355,9.505188748456902,0.003767698026750821,0.46,0.3570723761509983,0.044508775109273875,0.1710883032293603,greed,3.452904717598275,16,9
452,2024-01-10,2,46653.99,60657.95736069081,60622.69338162738,60693.221339754244,11.627156797826459,8.642303020831215e-05,0.46,0.3439656299615004,0.05204291288104962,0.15068798433804126,greed,5.251222340410956,24,8
453,2024-01-10,3,46653.99,60672.52762874296,60622.69338162738,60722.36187585853,16.42728564747165,0.01561521119903467,0.46,0.31923865733988,0.052729813020983084,0.1544699920844773,greed,7.138817776343871,34,10
454,2024-01-10,4,46653.99,60823.43927915126,60801.958316649216,60844.9202416533,7.063383049897891,0.02459565447746809,0.46,0.3316667776221418,0.04419683989712819,0.17475392002998344,greed,8.745981558324974,41,7
455,2024-01-10,5,46653.99,60619.14668471465,60378.150847648125,60860.142521781185,79.51145809424531,-0.0011701750349451627,0.46,0.3384666898674542,0.04746925192288347,0.15367130271975532,greed,11.080790336111479,55,14
456,2024-01-10,6,46653.99,60764.221653127366,60736.151647059145,60792.29165919559,9.238991401373914,-0.021386961073064786,0.46,0.31006717248551724,0.04125084453794737,0.17404100747458556,greed,11.455449574956168,59,4
457,2024-01-10,7,46653.99,60798.42429568966,60736.151647059145,60860.69694432018,20.484954783584115,-0.028902391687643407,0.46,0.31771032513097797,0.054672316600846246,0.1589833053147566,greed,13.523000935448097,69,10
458,2024-01-10,8,46653.99,60874.070052345196,60873.56880812305,60874.57129656734,0.16468234232211396,-0.003917993049037628,0.46,0.3180530859912251,0.04356504933809283,0.1705773381314959,greed,14.991937741391222,76,7
459,2024-01-10,9,46653.99,60896.57391254333,60873.56880812305,60919.57901696362,7.55546755498049,-0.011901448986596085,0.46,0.28761372060049456,0.054944391754840755,0.17219959160056836,greed,16.57857287967659,84,8
460,2024-01-10,10,46653.99,60923.346423780255,60873.56880812305,60973.124039437454,16.34106416642072,0.027639792239522665,0.46,0.28897568608494195,0.05400503918889042,0.16757430437915705,greed,18.49776273481524,96,12
461,2024-01-10,11,46653.99,60945.046968506445,60873.56880812305,61016.525128889836,23.456593747587394,0.052950924770913954,0.46,0.28405161424298425,0.0539534125504015,0.17788850768627051,greed,20.41823494569666,106,10
462,2024-01-10,12,46653.99,60958.13526375544,60873.56880812305,61042.701719387835,27.745748870594227,0.08025617063218125,0.46,0.27041803336549836,0.04923465627224764,0.16442718002259207,greed,22.172383703232807,115,9
463,2024-01-10,13,46653.99,61086.25053626702,61082.393104916424,61090.10796761762,1.2629458566324971,0.07470549807117177,0.46,0.27695120694494174,0.05874706588431729,0.17118057022992073,greed,23.201131634638553,122,7
464,2024-01-10,14,46653.99,61097.78287915648,61082.393104916424,61113.17265339654,5.03775211303415,0.06899532303045557,0.46,0.2625209460802619,0.058187803840167925,0.17340639190290308,greed,24.96666215370591,131,9
465,2024-01-10,15,46653.99,61117.24809013956,61082.393104916424,61152.1030753627,11.40594065090459,0.09601343024033476,0.46,0.13032392128122308,0.05220450298955283,0.15406062246833055,greed,26.90724805088448,144,13
466,2024-01-10,16,46653.99,61182.91940312901,61082.393104916424,61283.4457013416,32.86090274647747,0.12368039609691045,0.46,0.15561313472079458,0.04137916032712843,0.15171164163453763,greed,28.732454631338353,156,12
467,2024-01-10,17,46653.99,61184.1313766899,61082.393104916424,61285.86964846338,33.25642433235126,0.14650739975851135,0.46,0.18759048572640127,0.04523411367471812,0.15740936397216,greed,30.43620351287684,164,8
468,2024-01-10,18,46653.99,61305.845069601,61300.53213437689,61311.158004825105,1.7332556848622502,0.15836557745531066,0.46,0.1873018593157306,0.055187965248359276,0.1634921952735162,greed,31.854629901153114,173,9
469,2024-01-10,19,46653.99,61325.407710152016,61300.53213437689,61350.283285927144,8.112649129933077,0.17079089552224216,0.46,0.1989189835204811,0.041307323151287705,0.16462713581020152,greed,33.552534048617595,181,8
470,2024-01-10,20,46653.99,61350.03484141413,61300.53213437689,61399.53754845138,16.137792640283436,0.175856484296894,0.46,0.15354227996297415,0.05799666691374545,0.1506547019032647,greed,35.424607678824344,190,9
471,2024-01-10,21,46653.99,61406.491341055924,61300.53213437689,61512.45054773495,34.51075101833359,0.13477467721157652,0.46,0.17886895989389773,0.059267888684271006,0.16680504550385525,greed,36.974585245214634,199,9
472,2024-01-10,22,46653.99,61416.0202628894,61300.53213437689,61531.508391401905,37.608470238926266,0.15990445050811927,0.46,0.15273114676677707,0.05962594180994493,0.15769590187332744,greed,38.96206778502413,210,11
473,2024-01-10,23,46653.99,61564.97801795613,61564.816065533494,61565.13997037876,0.052611867281505666,0.1583040238452478,0.46,0.14987697854317344,0.0439619526551948,0.1669599076371483,greed,40.314992457875526,218,8
474,2024-01-10,24,46653.99,61554.98977128463,61522.65097443211,61587.32856813715,10.507286890203122,0.17610297705830125,0.46,0.16721788033752663,0.046990127441736376,0.153422873546638,greed,42.25630734853821,227,9
475,2024-01-10,25,46653.99,61582.8638340618,61522.65097443211,61643.07669369149,19.555069667411516,0.17610297705830125,0.46,0.1727832626578243,0.044506338599024704,0.15752899984020893,greed,43.75630734853821,233,6
476,2024-01-10,26,46653.99,61746.78561374203,61737.859790036404,61755.71143744765,2.8911055423870637,0.14311237219857012,0.46,0.1825163203366607,0.04229537743738435,0.17580419080048304,greed,45.36730580902908,242,9
477,2024-01-10,27,46653.99,61544.47536070175,61300.53213437689,61788.418587026616,79.27380155412934,0.1446078208232008,0.46,0.21023743529156894,0.04135336723800003,0.17123505291689306,greed,47.242457445089805,253,11
478,2024-01-10,28,46653.99,61714.904412308875,61682.728942301226,61747.079882316524,10.427131116557858,0.12688541050338223,0.46,0.19566188734943762,0.04969392574260094,0.15497323620489828,greed,47.422319932534094,255,2
479,2024-01-10,29,46653.99,61741.14107148404,61682.728942301226,61799.55320066685,18.921622817169073,0.14749748954512557,0.46,0.20081857627542135,0.05699950742961324,0.17007067011987326,greed,49.15336123911673,265,10
480,2024-01-10,30,46653.99,61742.98622931028,61682.728942301226,61803.24351631932,19.518747209684854,0.15077632148369202,0.46,0.15647806993704244,0.05090863738813811,0.15186819317645656,greed,51.01180835208411,274,9
481,2024-01-10,31,46653.99,61924.583443816635,61922.83087889319,61926.33600874009,0.5660320428440496,0.1396813968122476,0.46,0.14363564884913943,0.05612807234465679,0.16377719632790874,greed,52.55236962346138,283,9
482,2024-01-10,32,46653.99,61933.335009204835,61922.83087889319,61943.83913951649,3.3920764351176786,0.16337993536660983,0.46,0.13935280038173478,0.04660430129742995,0.17270254517065906,greed,54.38545056562828,293,10
483,2024-01-10,33,46653.99,61903.420966633,61855.98341593711,61950.85851732888,15.326309905055336,0.1690321181571378,0.46,0.1324336802105562,0.044097625483014255,0.17633490234456123,greed,56.2298659340444,303,10
484,2024-01-10,34,46653.99,61852.04554951266,61682.728942301226,62021.36215672409,54.74891111754567,0.15872639356114107,0.46,0.1363540868111897,0.05544024952619981,0.1508150226367668,greed,57.96682325168908,313,10
485,2024-01-10,35,46653.99,62014.7795255004,62008.196894276705,62021.36215672409,2.12292336570717,0.117214911002532,0.46,0.11445486195613758,0.04927862753624666,0.17727660617584678,greed,58.15609917060041,316,3
486,2024-01-10,36,46653.99,62054.20453296875,62008.196894276705,62100.21217166081,14.828209962020692,0.11976007371289284,0.46,0.12239977748871131,0.05313560209448588,0.17466309481800676,greed,59.84641849955682,325,9
487,2024-01-10,37,46653.99,62070.58495983436,62008.196894276705,62132.97302539203,20.102296634720748,0.14190617008226977,0.46,0.1970219510967374,0.05551223701850655,0.17893429961702434,greed,62.03970786272494,338,13
488,2024-01-10,38,46653.99,62061.542500182346,61966.33306788502,62156.75193247967,30.68226423700141,0.13548103878346907,0.46,0.20258516419781894,0.05585708838067679,0.1673278009764347,greed,64.38363003542692,354,16
489,2024-01-10,39,46653.99,62185.93446594567,62175.88483590089,62195.98409599044,3.2321231902617265,0.1146009640753488,0.46,0.1765610882116897,0.05595828319231788,0.16187911417987363,greed,65.83539266856987,361,7
490,2024-01-10,40,46653.99,62209.781567768754,62175.88483590089,62243.67829963662,10.897556947997545,0.12194972701347645,0.46,0.1832620896010688,0.05391798236337605,0.17379784051314762,greed,67.5480800354173,372,11
491,2024-01-10,41,46653.99,62229.848160781126,62175.88483590089,62283.81148566136,17.34322884440005,0.14920282203318266,0.46,0.2049913541434063,0.057143585139975056,0.177184297642973,greed,69.55165475510671,384,12
492,2024-01-10,42,46653.99,62244.10339154575,62175.88483590089,62312.32194719062,21.91968457340802,0.15610422454169406,0.46,0.20079671208693484,0.05787979420015741,0.16962877656974884,greed,71.12738952779004,391,7
493,2024-01-10,43,46653.99,62286.08160553853,62175.88483590089,62396.27837517617,35.384075156796825,0.18086992154791257,0.46,0.1956440716134014,0.04880646836736698,0.16845894075209406,greed,72.89187580717157,400,9
494,2024-01-10,44,46653.99,62432.11692259446,62427.84293375879,62436.39091143014,1.3691635159436744,0.1785135764931176,0.46,0.1995640535855164,0.048355219585502,0.1795233095710949,greed,74.16024052694844,410,10
495,2024-01-10,45,46653.99,62439.99157353501,62427.84293375879,62452.140213311235,3.891300901895983,0.16801184474771033,0.46,0.23085205933527334,0.05269342546507883,0.15497864685887355,greed,76.17601432028573,420,10
496,2024-01-10,46,46653.99,62225.90199780052,61966.33306788502,62485.47092771604,83.42793646436304,0.18731695797431835,0.46,0.227023968101655,0.04025215039951518,0.16679267050915147,greed,78.26522566564114,434,14
497,2024-01-10,47,46653.99,62416.08773223429,62408.45688755875,62423.718576909836,2.4451531497069507,0.14544401243439137,0.46,0.24703617120508675,0.054387072447383174,0.17670774159053407,greed,78.34131878990047,436,2
498,2024-01-10,48,46653.99,62451.5805396989,62408.45688755875,62494.70419183906,13.810267656154052,0.1571899676640089,0.46,0.24922024011612479,0.05716354106314328,0.1745719054158497,greed,80.40564805636434,447,11
499,2024-01-10,49,46653.99,62485.96514203576,62362.11955039341,62609.81073367812,39.63949067949712,0.14337178424652428,0.46,0.24023489024829853,0.05420485597246623,0.15943050339551246,greed,82.30714214216854,459,12
500,2024-01-11,0,46339.16,60184.06179298301,60184.05132649416,60184.07225947186,0.0034781596780523037,0.03455695047586757,0.52,0.5203423013467973,0.09073394795976325,0.274710622362515,extreme_greed,1.6250071537816333,9,9
501,2024-01-11,1,46339.16,60221.2469296479,60184.05132649416,60258.442532801644,12.352983390461516,0.026710466281672604,0.52,0.49194670067229596,0.09005624142112618,0.2586880796567872,extreme_greed,3.3984649350765554,17,8
502,2024-01-11,2,46339.16,60306.37831500123,60305.76280314468,60306.99382685779,0.20412827755623816,0.022055260059125878,0.52,0.48556443113515735,0.08719622338267834,0.2570985994880497,extreme_greed,5.247426990555181,27,10
503,2024-01-11,3,46339.16,60335.01344786436,60305.76280314468,60364.264092584046,9.69607630731978,0.0432637973559595,0.52,0.47394265938566915,0.09351052936716238,0.2874413168481653,extreme_greed,6.951152211948472,34,7
504,2024-01-11,4,46339.16,60371.6372708586,60364.151845132794,60379.1226965844,2.4797822501388525,0.05018040114038358,0.52,0.4768915638636121,0.1052434265925428,0.2735643583699082,extreme_greed,8.09938549943297,40,6
505,2024-01-11,5,46339.16,60405.07470594768,60401.65687396848,60408.492537926875,1.131637365183388,0.03214143120346723,0.52,0.4856287285156998,0.09902426414887211,0.2563132370782251,extreme_greed,9.58143327075756,49,9
506,2024-01-11,6,46339.16,60430.127169775806,60418.897721123256,60441.35661842835,3.7165067089789434,0.05665121444536177,0.52,0.4394850598409338,0.08208923444487218,0.258744071858798,extreme_greed,11.063544674458383,58,9
507,2024-01-11,7,46339.16,60488.57268765836,60488.55247359423,60488.592901722484,0.006683597654437759,0.06582871969003931,0.52,0.44529014162607167,0.08681538671070545,0.291852056262147,extreme_greed,12.183967256499361,64,6
508,2024-01-11,8,46339.16,60500.074160143224,60482.89681429667,60517.251505989785,5.678454476300121,0.06023391555926565,0.52,0.4441870734126093,0.09537964259435158,0.2652655338348366,extreme_greed,14.10695364559907,74,10
509,2024-01-11,9,46339.16,60507.50570758684,60482.89681429667,60532.114600877016,8.134162201000255,0.10716192957057412,0.52,0.3988487724664134,0.08099568063687279,0.26519732006203617,extreme_greed,16.11833552327578,85,11
510,2024-01-11,10,46339.16,60567.8195821767,60564.2677271226,60571.37143723081,1.172852210499831,0.10136972584067017,0.52,0.3952420522129504,0.10298194329605909,0.28942236716266495,extreme_greed,17.153001483653437,91,6
511,2024-01-11,11,46339.16,60587.821818810335,60564.2677271226,60611.37591049807,7.77519012258781,0.09521659289871376,0.52,0.3853094826304473,0.08780860572698009,0.2953597515352915,extreme_greed,19.223348455132875,102,11
512,2024-01-11,12,46339.16,60604.14631335162,60564.2677271226,60644.02489958064,13.160349136123374,0.1126659113706607,0.52,0.3862300083914571,0.09341166631419276,0.2730179135600963,extreme_greed,21.0926953188567,113,11
513,2024-01-11,13,46339.16,60611.115265695305,60552.67453472783,60669.555996662784,19.28383291127302,0.10908753553983525,0.52,0.4116046462502157,0.09639944660563365,0.2690200274485205,extreme_greed,23.345912347966465,125,12
514,2024-01-11,14,46339.16,60700.137127730224,60690.32409276366,60709.95016269679,3.233282635232536,0.09988306800868169,0.52,0.3857376179061156,0.10754229656597453,0.2640018664775245,extreme_greed,23.653458268539758,130,5
515,2024-01-11,15,46339.16,60709.26565166531,60690.32409276366,60728.20721056696,6.240088295691733,0.1185311678988485,0.52,0.37135319046942084,0.08876654691385694,0.2955385080821958,extreme_greed,25.386600551495746,138,8
516,2024-01-11,16,46339.16,60723.26159709458,60690.32409276366,60756.1991014255,10.848397620492369,0.11470805956609428,0.52,0.1507251815895229,0.0967755442048798,0.2814119055231641,extreme_greed,27.147408875718266,147,9
517,2024-01-11,17,46339.16,60766.6418833739,60757.84609515511,60775.4376715927,2.894939705793203,0.11085791914433882,0.52,0.17396001311083167,0.09905267317729156,0.272492110398628,extreme_greed,29.10004865549428,155,8
518,2024-01-11,18,46339.16,60823.92657418534,60817.45610626751,60830.39704210316,2.127606118928545,0.12560971782014063,0.52,0.17495649071535668,0.087899473512596,0.2523061782167867,extreme_greed,30.719504943561102,168,13
519,2024-01-11,19,46339.16,60844.65050937911,60817.45610626751,60871.84491249071,8.938962713709069,0.11226531583938258,0.52,0.1778204630285603,0.08851485341070561,0.2912267404043516,extreme_greed,32.42163525030209,177,9
520,2024-01-11,20,46339.16,60850.98966307589,60817.45610626751,60884.52321988426,11.02153210458628,0.13378039118627405,0.52,0.19915062469076208,0.10631718371486601,0.29386308814130896,extreme_greed,34.295621802364565,188,11
521,2024-01-11,21,46339.16,60906.10855207007,60902.98462348126,60909.232480658895,1.0258178245447913,0.0990807229884083,0.52,0.23579003461216116,0.09021217530048695,0.2994514179175087,extreme_greed,35.80352714532864,198,10
522,2024-01-11,22,46339.16,60931.14301262099,60902.98462348126,60959.30140176072,9.242691913361515,0.10916664071027041,0.52,0.2493942169290087,0.08855871015071949,0.27145912966981783,extreme_greed,37.97285784658818,210,12
523,2024-01-11,23,46339.16,60991.55655827065,60980.26059554627,61002.85252099503,3.7041070475346527,0.12501065282908913,0.52,0.29551253288050283,0.10367482539766194,0.2786674672817609,extreme_greed,39.415098689999866,218,8
524,2024-01-11,24,46339.16,60997.27172607527,60980.26059554627,61014.28285660427,5.577669311307618,0.13781682190089928,0.52,0.2674426122927685,0.09465123886948816,0.28687828745464133,extreme_greed,41.157074239575955,226,8
525,2024-01-11,25,46339.16,61067.30685777827,61058.477147625104,61076.136567931426,2.891796153291815,0.17655931324376956,0.52,0.28242016387831387,0.08097937032637006,0.29342757531601443,extreme_greed,42.78691486481229,237,11
526,2024-01-11,26,46339.16,61076.21328972769,61058.477147625104,61093.94943183028,5.807872213181868,0.18765002764285282,0.52,0.25776969429225016,0.08494474026040286,0.25852909557785453,extreme_greed,44.44951000744656,245,8
527,2024-01-11,27,46339.16,61151.90929686788,61145.51130025858,61158.307293477184,2.0924928372205813,0.1946859360123056,0.52,0.2557939705556215,0.09335738336854364,0.28944011319526797,extreme_greed,46.2944288174873,256,11
528,2024-01-11,28,46339.16,61115.629532640276,61058.477147625104,61172.78191765545,18.70303405273703,0.20632941272083527,0.52,0.28424588825036584,0.08702553340446458,0.28933751675772185,extreme_greed,48.3232897268483,270,14
529,2024-01-11,29,46339.16,61211.47578043564,61190.199381719205,61232.75217915208,6.951767930822076,0.18971004315459172,0.52,0.304002380383961,0.08788026927795956,0.263578438237552,extreme_greed,49.591804238324,277,7
530,2024-01-11,30,46339.16,61233.392507976445,61190.199381719205,61276.58563423369,14.107703162654904,0.20503173420206677,0.52,0.3066662902357218,0.09220915728902791,0.29457400078117535,extreme_greed,51.490092085318786,286,9
531,2024-01-11,31,46339.16,61249.96180348772,61190.199381719205,61309.724225256236,19.51427233873383,0.23310608115451714,0.52,0.10710528390654761,0.08136946236507152,0.25700120487766587,extreme_greed,53.2839328736593,295,9
532,2024-01-11,32,46339.16,61350.924485384094,61324.92626510094,61376.92270566725,8.47524972157503,0.22431791912425827,0.52,0.11799086297573369,0.09832340213227304,0.2640341607757987,extreme_greed,54.710895642398086,303,8
533,2024-01-11,33,46339.16,61361.09071466373,61324.92626510094,61397.25516422653,11.787420706376988,0.253227522941869,0.52,0.09083468214944046,0.09549717885337937,0.25027528995802106,extreme_greed,56.508287077777204,310,7
534,2024-01-11,34,46339.16,61305.17491445541,61190.199381719205,61420.15044719162,37.50924221214372,0.25245096746374585,0.52,0.12944080559595783,0.09538003177869249,0.26467444116040606,extreme_greed,58.34879750438539,324,14
535,2024-01-11,35,46339.16,61422.65099862688,61395.29480742246,61450.0071898313,8.90752540297623,0.22112590542516164,0.52,0.13094612316621096,0.09191045123711575,0.25435463833978855,extreme_greed,59.43798461159857,333,9
536,2024-01-11,36,46339.16,61488.522838902485,61488.01020510934,61489.035472695636,0.16674129397775292,0.2190926694370093,0.52,0.12612710397740173,0.09522235816153427,0.29371112623425877,extreme_greed,60.85169965345383,340,7
537,2024-01-11,37,46339.16,61515.79996293697,61488.01020510934,61543.5897207646,9.034998437595261,0.2326044220872439,0.52,0.144887622113337,0.10106776298094992,0.29964084194995355,extreme_greed,62.50439418669013,347,7
538,2024-01-11,38,46339.16,61529.26865962068,61488.01020510934,61570.527114132004,13.411001108943042,0.2714584289867054,0.52,0.14841662285794832,0.09265484535616494,0.27055105376327726,extreme_greed,64.4253942585148,358,11
539,2024-01-11,39,46339.16,61618.55486297959,61612.41427990892,61624.69544605026,1.9930954513056816,0.28211805565568443,0.52,0.14651702512392223,0.10142097933400569,0.2803952607045352,extreme_greed,65.93195293804114,368,10
540,2024-01-11,40,46339.16,61649.48149766343,61612.41427990892,61686.54871541794,12.025151502991262,0.2960975378079884,0.52,0.1762902763097369,0.1046359484765068,0.25007825525957367,extreme_greed,67.75611880801598,377,9
541,2024-01-11,41,46339.16,61661.55534777636,61612.41427990892,61710.69641564381,15.938964753739235,0.3083019861801515,0.52,0.1738138022499873,0.08153406144326303,0.2628803610166861,extreme_greed,69.57843911666323,386,9
542,2024-01-11,42,46339.16,61763.668290785485,61754.17320040985,61773.16338116111,3.0746523444578195,0.287837141349839,0.52,0.18532977531813966,0.08343462914197715,0.26919194415224895,extreme_greed,71.05026831049346,395,9
543,2024-01-11,43,46339.16,61799.29636944217,61754.17320040985,61844.41953847449,14.603133589925598,0.2764179062402461,0.52,0.18050134048318733,0.0910715906528275,0.25605125002425966,extreme_greed,73.00758239356134,405,10
544,2024-01-11,44,46339.16,61631.30008979448,61395.29480742246,61867.3053721665,76.58617683812192,0.30779748060196294,0.52,0.21887917639150703,0.0824054004224571,0.26773856459179923,extreme_greed,75.04415075446198,418,13
545,2024-01-11,45,46339.16,61791.9593330034,61779.59073920868,61804.32792679812,4.003302024479815,0.23235943808802353,0.52,0.21317250975492902,0.10005717940168743,0.28393349783362826,extreme_greed,75.63830109968018,423,5
546,2024-01-11,46,46339.16,61826.30441561423,61779.59073920868,61873.01809201978,15.111262705119028,0.23779951937919128,0.52,0.36915302616353796,0.08347212820036116,0.257716078264154,extreme_greed,77.29764496897697,431,8
547,2024-01-11,47,46339.16,61907.21548782705,61904.04674464002,61910.38423101408,1.023707224452233,0.21691518699473536,0.52,0.32355805295883716,0.09913631277990902,0.2870490625137289,extreme_greed,78.41848067519336,439,8
548,2024-01-11,48,46339.16,61948.3567538071,61904.04674464002,61992.66676297418,14.305467162970523,0.21642502245754955,0.52,0.3428442260821245,0.10460037887358067,0.28474411868379795,extreme_greed,80.43957277581339,451,12
549,2024-01-11,49,46339.16,61953.845957856,61904.04674464002,62003.645171071985,16.07622979527612,0.23743625043345865,0.52,0.3368971911207343,0.09346559215024125,0.2542196190272271,extreme_greed,82.34022519662874,460,9
550,2024-01-12,0,42782.73,59175.345363263834,59154.35580522171,59196.334921305956,7.094021306769424,-0.007209639526699514,0.42,0.41496508142850885,0.04432102730023375,0.16399823354091647,greed,1.331476940630499,7,7
551,2024-01-12,1,42782.73,59200.879122601524,59154.35580522171,59247.402439981335,15.717103552960571,-0.00388956298532739,0.42,0.39055135688390125,0.04134769109571045,0.16162177757005977,greed,3.273780766218709,16,9
552,2024-01-12,2,42782.73,59250.247581087075,59245.08206230402,59255.41309987013,1.7436277463601948,0.009347626410111276,0.42,0.36657668432739643,0.050850687370645034,0.17585227484754884,greed,4.418879583759191,21,5
553,2024-01-12,3,42782.73,59310.98934648933,59307.487414544354,59314.49127843431,1.1808711955622457,0.015899876169353466,0.42,0.3725911374912605,0.044525582164284636,0.16152718860412144,greed,5.647725991236795,27,6
554,2024-01-12,4,42782.73,59322.54402415133,59307.487414544354,59337.600633758295,5.076184730324703,0.021905956404994785,0.42,0.4001485269395895,0.04197747235281271,0.176689560990527,greed,7.274277598285845,35,8
555,2024-01-12,5,42782.73,59333.011229748154,59321.44830938126,59344.574150115055,3.8976347659565174,0.014851165713093823,0.42,0.133348253884719,0.054111717252876494,0.1706521505547641,greed,8.678269250325094,46,11
556,2024-01-12,6,42782.73,59372.913279168584,59372.25710133869,59373.569456998484,0.22103608991230114,0.03823230917466916,0.42,0.11919409989194313,0.04285188288163817,0.17670291105551425,greed,9.936970259446316,52,6
557,2024-01-12,7,42782.73,59399.87714397801,59399.19095648531,59400.5633314707,0.23104003768600717,0.021877481293757342,0.42,0.12005840414365712,0.043089194944466475,0.15076343279717253,greed,10.979046619701272,61,9
558,2024-01-12,8,42782.73,59407.83697347948,59399.19095648531,59416.482990473654,2.9107328038321896,0.021609210721050216,0.42,0.15525873865168358,0.04143423777695302,0.16228886684685695,greed,11.996250839075262,66,5
559,2024-01-12,9,42782.73,59418.78924113704,59404.64546653356,59432.93301574051,4.760707777493133,0.017608486206008116,0.42,0.18864654100231434,0.05354241279470019,0.16817337748358072,greed,13.281409981270034,73,7
560,2024-01-12,10,42782.73,59421.19313389153,59405.39829966404,59436.98796811903,5.316229242285354,0.005618409895943429,0.42,0.16609490946448446,0.049080032423922296,0.1706482270734071,greed,14.720364470222615,81,8
561,2024-01-12,11,42782.73,59439.29897974875,59434.1235035277,59444.4744559698,1.7414324562658525,0.008553791038804083,0.42,0.1586361333349781,0.04971179399318796,0.15082610159608395,greed,15.969609690815393,89,8
562,2024-01-12,12,42782.73,59455.73830295612,59452.50467496499,59458.971930947235,1.087742944051774,0.03222215572555043,0.42,0.17469820496155428,0.04077992025149823,0.1509286737275803,greed,17.60649193887995,96,7
563,2024-01-12,13,42782.73,59460.241198852644,59452.50467496499,59467.977722740296,2.6022510947369453,0.04961917123226151,0.42,0.1783568298616176,0.04320049872926388,0.15070056288984557,greed,19.057019447573314,106,10
564,2024-01-12,14,42782.73,59476.97296455728,59472.910091355756,59481.0358377588,1.366200396224682,0.06192930995855171,0.42,0.1763452256221138,0.05800166366032962,0.15348416880601576,greed,20.374567718909333,116,10
565,2024-01-12,15,42782.73,59508.99147211196,59503.59450470666,59514.38843951725,1.8138325895919325,0.08399406968076101,0.42,0.21168364646999677,0.04627933434754706,0.17665211016926044,greed,21.582964251003865,125,9
566,2024-01-12,16,42782.73,59508.128247948014,59489.66329338077,59526.59320251525,6.205859639981795,0.06813645228678115,0.42,0.2349777745747299,0.045768108756374916,0.17883406456222778,greed,23.799331315798195,137,12
567,2024-01-12,17,42782.73,59518.92619385494,59506.098935045666,59531.75345266421,4.310312577715001,0.06292900485634505,0.42,0.2398728409612188,0.04771023809473845,0.16021161312763516,greed,25.31117311229411,147,10
568,2024-01-12,18,42782.73,59533.31241837,59528.07236906654,59538.55246767345,1.7603755244224644,0.05261181666585987,0.42,0.21300705673711579,0.05083409624820008,0.17285705437814608,greed,26.48315457735936,153,6
569,2024-01-12,19,42782.73,59536.45130168495,59528.07236906654,59544.83023430336,2.81472356353614,0.047615973748906845,0.42,0.2155652129586783,0.04880882700624848,0.15906999748054482,greed,28.32810524410819,165,12
570,2024-01-12,20,42782.73,59547.48487367819,59528.07236906654,59566.89737828985,6.5200082431136215,0.058422946709387455,0.42,0.1992530166246457,0.04684895957669427,0.1581074307639235,greed,29.62665793915312,173,8
571,2024-01-12,21,42782.73,59567.52581120828,59554.73713677022,59580.31448564633,4.2938410699104175,0.06761675509992131,0.42,0.1879107629971588,0.05115417652500088,0.1604183111709152,greed,30.88010330235004,180,7
572,2024-01-12,22,42782.73,59582.98235193029,59581.062325425075,59584.902378435494,0.6444882177494199,0.08924506063559465,0.42,0.16866482618264678,0.05252468642842128,0.16466693495377355,greed,32.41521326547815,189,9
573,2024-01-12,23,42782.73,59594.31220315599,59581.062325425075,59607.562080886906,4.4466920553582385,0.11334011554606487,0.42,0.17758328084660507,0.059876967777993964,0.1764094428644678,greed,34.41921088519156,200,11
574,2024-01-12,24,42782.73,59600.22725189198,59581.062325425075,59619.392178358874,6.431158856459262,0.10709842300392655,0.42,0.20284414546191598,0.04402624215644867,0.16185413229792955,greed,36.2830445319734,210,10
575,2024-01-12,25,42782.73,59627.8756823076,59602.33428741677,59653.41707719843,8.566931019615904,0.11105479872497323,0.42,0.24272668000013625,0.04951092074973654,0.1662907375187299,greed,37.63139802488217,219,9
576,2024-01-12,26,42782.73,59642.35452481477,59624.67284712428,59660.03620250527,5.929235299768682,0.10845762102380672,0.42,0.24452880523001408,0.0573993831929537,0.15391957031470388,greed,38.976162036652916,225,6
577,2024-01-12,27,42782.73,59649.40620498961,59629.03896899984,59669.77344097938,6.828981975034157,0.11193624584839096,0.42,0.2504297881423213,0.042496416279336965,0.17382631987648217,greed,40.47180001386334,234,9
578,2024-01-12,28,42782.73,59686.66392507065,59685.759972963184,59687.56787717812,0.30289918987640796,0.09617526420104652,0.42,0.2588182471252102,0.042975919388102315,0.1638802681519618,greed,41.81279298411776,242,8
579,2024-01-12,29,42782.73,59689.95371340283,59685.759972963184,59694.14745384247,1.4051746328304597,0.1008457611729772,0.42,0.24654421569181648,0.049668148719462936,0.17590642567543635,greed,43.721373785738095,251,9
580,2024-01-12,30,42782.73,59702.69658362451,59685.759972963184,59719.63319428583,5.673650146639707,0.12116706090275285,0.42,0.2074291447584972,0.044064461821721745,0.17285394574133092,greed,45.844002206819724,265,14
581,2024-01-12,31,42782.73,59709.384665195335,59685.759972963184,59733.009357427494,7.913225823586847,0.12608905243668808,0.42,0.2329246602969273,0.050225509244015025,0.16476976440003546,greed,47.44828688985501,272,7
582,2024-01-12,32,42782.73,59733.8027093795,59707.663534913016,59759.94188384599,8.751886965462724,0.12099551751222337,0.42,0.2517533304485556,0.04815168417147634,0.17482556766318907,greed,48.44828688985501,276,4
583,2024-01-12,33,42782.73,59764.309749373555,59761.63066806989,59766.98883067722,0.8965488984643434,0.11274875576271426,0.42,0.2520427756862832,0.051470579029111466,0.178681414308358,greed,49.64353889516775,285,9
584,2024-01-12,34,42782.73,59774.48716970009,59761.63066806989,59787.34367133029,4.301668567627692,0.11831802809228845,0.42,0.24389172971150833,0.048782996332674966,0.1754090656262118,greed,51.61467499496437,296,11
585,2024-01-12,35,42782.73,59798.31554023961,59793.77715947379,59802.85392100543,1.5178958553654143,0.1180136900205577,0.42,0.23747709106728723,0.04124915187238143,0.17650394288958182,greed,52.92684199489151,304,8
586,2024-01-12,36,42782.73,59803.39902992852,59793.77715947379,59813.02090038326,3.2178339729206975,0.12974139327348602,0.42,0.24660051640617575,0.05852765213460173,0.1505734828328929,greed,54.87614292716751,315,11
587,2024-01-12,37,42782.73,59810.21089831687,59793.77715947379,59826.644637159945,5.495295400651499,0.14662570062937272,0.42,0.18413269207227256,0.05375444084861122,0.17168120873094683,greed,57.07876452227496,328,13
588,2024-01-12,38,42782.73,59814.19659123615,59793.77715947379,59834.616022998496,6.827620506849126,0.15224131005738886,0.42,0.17126186950857314,0.04717431050834027,0.17413311623038513,greed,58.91702564925717,338,10
589,2024-01-12,39,42782.73,59807.8962352537,59761.63066806989,59854.161802437506,15.471390935344836,0.16235757888279478,0.42,0.18327672830020653,0.044214099277344064,0.17872344057114287,greed,60.809873844905326,350,12
590,2024-01-12,40,42782.73,59880.68865256353,59867.19530005579,59894.18200507126,4.5067459347457515,0.15031788666904486,0.42,0.2050115563777076,0.0402863055533412,0.1721360855568459,greed,61.97860515754623,355,5
591,2024-01-12,41,42782.73,59892.425739284605,59867.19530005579,59917.65617851342,8.425252080669761,0.1484143388304787,0.42,0.21577210914188272,0.054809522639070386,0.15428550861902515,greed,63.81603769814525,365,10
592,2024-01-12,42,42782.73,59931.56392976389,59922.35455904406,59940.77330048372,3.073295644552838,0.12758784624129116,0.42,0.2312030887322481,0.05532231865591172,0.17537764319033194,greed,65.26390000693463,373,8
593,2024-01-12,43,42782.73,59942.09374998408,59922.35455904406,59961.832940924105,6.586086572935721,0.1336421349225174,0.42,0.24416860645529476,0.04177209427939358,0.16462883429001632,greed,66.9787346542162,382,9
594,2024-01-12,44,42782.73,59956.58453489134,59933.36550645522,59979.80356332747,7.745280561340816,0.1327206636670089,0.42,0.23749040653088999,0.04132019688280483,0.16046461601908438,greed,68.30170649762671,389,7
595,2024-01-12,45,42782.73,59977.36537608062,59963.66003911785,59991.070713043395,4.570169722139133,0.12553731078989885,0.42,0.219843312981672,0.05616470420018445,0.1784306407789341,greed,69.70435739773022,397,8
596,2024-01-12,46,42782.73,59998.48260375417,59993.746656402895,60003.21855110545,1.5786890420394257,0.11007521026767196,0.42,0.18098668834442908,0.05001248536140836,0.17383546633472247,greed,71.40371736717115,410,13
597,2024-01-12,47,42782.73,60003.16994925642,59993.746656402895,60012.59324210995,3.140931674608736,0.1141552628570798,0.42,0.18815389365744492,0.04100452022927947,0.1521870550610371,greed,73.1804469103241,419,9
598,2024-01-12,48,42782.73,60008.791565196196,59993.746656402895,60023.8364739895,5.014234881552546,0.1141552628570798,0.42,0.15818730700432096,0.04562008997817427,0.17410448229890654,greed,74.6804469103241,425,6
599,2024-01-12,49,42782.73,60035.97832699536,60026.81345259276,60045.143201397965,3.0531273606251608,0.12504962602905764,0.42,0.14811408073256457,0.04810205389055133,0.1771833300639749,greed,76.12546198939708,434,9
600,2024-01-13,0,42847.99,57498.69789161881,57482.15792521362,57515.237858024,5.753162075553144,0.011665058607300686,0.28,0.2607097031737878,0.05280952084351688,0.17936943345524425,greed,1.0764061974613164,6,6
601,2024-01-13,1,42847.99,57536.08219637754,57512.53795652125,57559.62643623382,8.184165121262598,0.023359562296406098,0.28,0.20856148556827392,0.04715628168227098,0.16943452337971585,greed,2.194378247373847,14,8
602,2024-01-13,2,42847.99,57560.55122316213,57548.40680822232,57572.69563810195,4.219700708817707,0.025562421737996045,0.28,0.14131509389503,0.05249567725578805,0.1521532741867954,greed,3.517729972059413,20,6
603,2024-01-13,3,42847.99,57582.733015801656,57579.011344537794,57586.454687065525,1.2926344648644188,0.02117080178663718,0.28,0.14486057540060088,0.044838633606310595,0.1714185789751977,greed,4.431517707353492,26,6
604,2024-01-13,4,42847.99,57613.27255478047,57596.39169138106,57630.15341817989,5.86006059050542,-0.0005682255907956459,0.28,0.15390167324766518,0.050403397846215024,0.15428627884018234,greed,5.874826267780323,36,10
605,2024-01-13,5,42847.99,57630.74878222615,57626.82729677993,57634.670267672365,1.3609003974726384,-0.024212193277549036,0.28,0.16262090910623117,0.04542818760893429,0.16490086268453838,greed,7.259173670287162,43,7
606,2024-01-13,6,42847.99,57654.55019973306,57653.856677161915,57655.24372230421,0.24057860784389157,-0.01669355879375781,0.28,0.14646455557382687,0.04108664069645808,0.172459357023786,greed,8.191756135726123,51,8
607,2024-01-13,7,42847.99,57673.5726852136,57661.76891273334,57685.37645769385,4.093303719774163,-0.018752051361773103,0.28,0.1376324512541821,0.04000269386008971,0.1653338741771169,greed,9.184789856217371,54,3
608,2024-01-13,8,42847.99,57684.7297994008,57682.00039009695,57687.45920870465,0.9463195245392508,-0.016935895728598493,0.28,0.13131131179850555,0.040076398453171666,0.15740471607605705,greed,9.684789856217371,55,1
609,2024-01-13,9,42847.99,57684.8057941774,57682.00039009695,57687.611198257844,0.9726665598754998,-0.015497263944726412,0.28,0.13528399429583457,0.04632540299458614,0.1530567716419804,greed,10.943446728728988,62,7
610,2024-01-13,10,42847.99,57691.035768276466,57679.60722302168,57702.46431353125,3.961983036910251,-0.033844030842206274,0.28,0.1088381763967868,0.046266958351702865,0.17366797415328022,greed,11.888538031462629,69,7
611,2024-01-13,11,42847.99,57697.18876410407,57691.913214676875,57702.46431353125,1.8287024169433874,-0.02973842226519779,0.28,0.09556920156267817,0.048676348391530594,0.17729829431563177,greed,12.132448296493038,72,3
612,2024-01-13,12,42847.99,57700.867541810265,57699.27077008927,57702.46431353125,0.5534654118788108,-0.024914849125716614,0.28,0.10782157840498816,0.05374038533006485,0.16481442121370785,greed,12.519069790728679,75,3
613,2024-01-13,13,42847.99,57708.1721815248,57706.13727758994,57710.20708545966,0.7052394341853442,-0.020289253992466717,0.28,0.10897498550583942,0.05265423757497202,0.17111571274902992,greed,12.660792726101974,79,4
614,2024-01-13,14,42847.99,57720.71437714811,57711.970597921885,57729.45815637434,3.0296850344214628,-0.021090762066262893,0.28,0.13138543664707888,0.05522075580501566,0.17852318123194014,greed,13.133948992311302,82,3
615,2024-01-13,15,42847.99,57729.42325071064,57729.388345046944,57729.45815637434,0.012092850312100549,-0.027683254918631738,0.28,0.15696950741849536,0.045961044172788866,0.1531609476675257,greed,13.686569622229984,88,6
616,2024-01-13,16,42847.99,57730.20352082355,57729.388345046944,57731.01869660016,0.28240876591134856,-0.02615152537506738,0.28,0.16758797967206862,0.04720100931801957,0.1787039944645286,greed,15.116981334893516,101,13
617,2024-01-13,17,42847.99,57733.224412576186,57729.388345046944,57737.06048010543,1.3288942608952243,-0.01886503120289975,0.28,0.1889068704482381,0.04865458272039409,0.16373098815477882,greed,15.851933704076945,106,5
618,2024-01-13,18,42847.99,57736.265952765534,57735.47142542565,57737.06048010543,0.27522643758809345,-0.016518818688842536,0.28,0.1730054464135826,0.04104710040374945,0.17302702885553756,greed,16.029028204637296,109,3
619,2024-01-13,19,42847.99,57741.488763118774,57741.17094829711,57741.806577940435,0.1100819630629811,-0.012550914547059986,0.28,0.14529065325394117,0.05644359773632847,0.17551044003359687,greed,16.57231279896163,113,4
620,2024-01-13,20,42847.99,57738.918924539015,57735.47142542565,57742.36642365238,1.1941682239913123,-0.01235596993821834,0.28,0.15720573080941508,0.0576031347584297,0.15647222037529362,greed,17.45372124217535,119,6
621,2024-01-13,21,42847.99,57741.712641805316,57741.058859958255,57742.36642365238,0.2264504522462876,-0.013759189464617272,0.28,0.13270849537285817,0.05215504244505445,0.15885904432715497,greed,18.004271774788975,123,4
622,2024-01-13,22,42847.99,57742.73126253758,57740.39354673937,57745.06897833578,0.8097004582543673,-0.01640650993821183,0.28,0.14096583635752266,0.046312546875267,0.1693449781206694,greed,18.470544916164556,128,5
623,2024-01-13,23,42847.99,57741.713785607004,57738.35859287822,57745.06897833578,1.1621382563179667,-0.024467772885700612,0.28,0.12282822163462018,0.05426413766565236,0.15597645824682158,greed,19.12187454845555,133,5
624,2024-01-13,24,42847.99,57740.27020188072,57735.47142542565,57745.06897833578,1.6621939725217363,-0.02747969536676767,0.28,0.11797302995617846,0.041161839041606994,0.15334536636963828,greed,19.87895355949578,140,7
625,2024-01-13,25,42847.99,57740.31863473637,57735.47142542565,57745.1658440471,1.678968674000544,-0.019493097278210452,0.28,0.13223947558220747,0.04535185353455943,0.1750644067722658,greed,20.651009543947506,150,10
626,2024-01-13,26,42847.99,57735.12955784702,57725.09327164695,57745.1658440471,3.4766653428986722,-0.01779072129991578,0.28,0.12844352971718634,0.04808579494509738,0.1659281303523628,greed,21.028632545530442,154,4
627,2024-01-13,27,42847.99,57731.17831140165,57724.72762842184,57737.62899438146,2.234731099724667,-0.025725611140133525,0.28,0.10971218925329745,0.040198476422556716,0.1639228547836051,greed,21.564145324343666,159,5
628,2024-01-13,28,42847.99,57731.11597586463,57724.6029573478,57737.62899438146,2.2563286389799884,-0.024261917875480862,0.28,0.11319028818420863,0.04623727715833766,0.17321974134458287,greed,22.580181488964534,165,6
629,2024-01-13,29,42847.99,57730.97536551934,57724.32173665722,57737.62899438146,2.30504640532886,-0.02473816923251264,0.28,0.12681364166929196,0.05042592095308278,0.1792804146983764,greed,22.929636271482007,169,4
630,2024-01-13,30,42847.99,57734.743790352164,57724.32173665722,57745.1658440471,3.6103230085455986,-0.024154601533313728,0.28,0.14158950222169914,0.045311656659172125,0.15052657090099886,greed,23.208879738236654,173,4
631,2024-01-13,31,42847.99,57734.743790352164,57724.32173665722,57745.1658440471,3.6103230085455986,-0.024051281138696475,0.28,0.15326683467435676,0.05546283747837343,0.16553881583137736,greed,23.53363371551558,175,2
632,2024-01-13,32,42847.99,57728.90039084287,57723.81570001261,57733.98508167314,1.7615755006042104,-0.02411195380613272,0.28,-0.10544345953451212,0.05096764072391308,0.17637765344539152,greed,23.608502043514797,177,2
633,2024-01-13,33,42847.99,57728.8608220607,57723.736562448255,57733.98508167314,1.7752852003221178,-0.027524366760034263,0.28,-0.11024961889610971,0.050939265027427766,0.17489289360862934,greed,24.476308672399064,183,6
634,2024-01-13,34,42847.99,57733.69962469543,57722.23340534376,57745.1658440471,3.972106213947164,-0.021009431802892213,0.28,-0.11627220623819995,0.043046555713253574,0.17698365637638305,greed,25.50063402503641,190,7
635,2024-01-13,35,42847.99,57729.58276183889,57722.23340534376,57736.93211833402,2.546131859449198,-0.01688799707372496,0.28,-0.074865718509692,0.05874756876328642,0.1680987541714483,greed,25.84619714934073,193,3
636,2024-01-13,36,42847.99,57729.447323156026,57721.96252797804,57736.93211833402,2.593059703514538,-0.01638543985239722,0.28,-0.06751628933992672,0.05164417519536463,0.17970626680762863,greed,26.089782651623185,197,4
637,2024-01-13,37,42847.99,57734.56121712837,57721.96252797804,57747.15990627871,4.364349147110283,-0.016447513943720606,0.28,-0.04761873630039972,0.05061474710573672,0.16952872005354216,greed,26.7480579952723,205,8
638,2024-01-13,38,42847.99,57729.31834001391,57721.02560276054,57737.61107726728,2.872972517889182,-0.018763635267307698,0.28,-0.012056666135447595,0.04409962419053633,0.17176881600823246,greed,27.117471830011933,209,4
639,2024-01-13,39,42847.99,57727.629698090124,57717.648318912965,57737.61107726728,3.458094236453982,-0.015176328229628937,0.28,0.042780583774400985,0.05792150223589147,0.17541583317100745,greed,27.829193764846224,214,5
640,2024-01-13,40,42847.99,57725.81528694014,57717.648318912965,57733.982254967304,2.8295721720252525,-0.013824044698377658,0.28,0.029759697786236435,0.05054530361830513,0.1771926289174331,greed,28.20655670486079,217,3
641,2024-01-13,41,42847.99,57727.30277073335,57717.648318912965,57736.95722255374,3.3448477087977952,-0.009799025307244252,0.28,0.02199561233160245,0.05285637829600349,0.1742958056208176,greed,28.731845599569944,225,8
642,2024-01-13,42,42847.99,57727.08058743624,57717.203952318734,57736.95722255374,3.4218377291898485,-0.011553107454554401,0.28,0.03076778649623653,0.050776260180792385,0.15181886778199405,greed,28.93088609693311,227,2
643,2024-01-13,43,42847.99,57727.08058743624,57717.203952318734,57736.95722255374,3.4218377291898485,-0.01440146548621955,0.28,0.050020236741735696,0.05380193116475687,0.1779182041453961,greed,29.434837968833847,232,5
644,2024-01-13,44,42847.99,57722.32993402098,57716.75870190429,57727.90116613766,1.9303559378324122,-0.01443383684501717,0.28,0.02759834595406869,0.048312843733718115,0.15905750100232505,greed,29.951969649391483,237,5
645,2024-01-13,45,42847.99,57722.32993402098,57716.75870190429,57727.90116613766,1.9303559378324122,-0.013313301559789735,0.28,0.038525470126218445,0.04708535529682093,0.17847213588944533,greed,30.356405438214413,244,7
646,2024-01-13,46,42847.99,57722.32993402098,57716.75870190429,57727.90116613766,1.9303559378324122,-0.011826929086380602,0.28,0.05082682322653226,0.05521708689028991,0.16640578922925378,greed,30.545379780353752,248,4
647,2024-01-13,47,42847.99,57724.6229817693,57715.91266890611,57733.333294632495,3.017884713060595,-0.011049882568832922,0.28,0.06797986672479638,0.0491719588702768,0.16682623390087853,greed,31.12891152954259,255,7
648,2024-01-13,48,42847.99,57724.6229817693,57715.91266890611,57733.333294632495,3.017884713060595,-0.008429989862198024,0.28,0.07402972077800664,0.05348697958046938,0.15410997189161013,greed,31.395702511707984,257,2
649,2024-01-13,49,42847.99,57727.20204135467,57716.793005442065,57737.61107726728,3.60628457452309,-0.006057125018666507,0.28,0.10309153519668238,0.050544653215078256,0.16175574889227237,greed,31.648049023993227,261,4
650,2024-01-14,0,41732.35,55340.54961416233,55335.42819528905,55345.671033035615,1.8508738742162538,0.001311731906151532,0.2,0.17476623587532802,0.04996472000998546,0.1622002220999575,greed,0.09189074724184246,3,3
651,2024-01-14,1,41732.35,55352.092325766,55346.12680624605,55358.05784528596,2.1554811279207233,0.010528758951966935,0.2,0.17348715797945813,0.050450794334641065,0.15657352438409813,greed,0.9038726389946099,8,5
652,2024-01-14,2,41732.35,55348.068467198085,55338.0790891102,55358.05784528596,3.609657342893992,-0.03194501147256457,0.2,0.18260301974844875,0.04427914077376474,0.1503908870327125,greed,1.6815044233840104,17,9
653,2024-01-14,3,41732.35,55342.50955452789,55326.961263769816,55358.05784528596,5.61893231197047,-0.038238698057766446,0.2,0.431250703194896,0.05815797587559239,0.1783110477846066,greed,2.133006226321127,21,4
654,2024-01-14,4,41732.35,55342.50955452789,55326.961263769816,55358.05784528596,5.61893231197047,-0.045523496190980416,0.2,0.3986592540176171,0.05514620414268878,0.15485014308710884,greed,2.3988652100166457,23,2
655,2024-01-14,5,41732.35,55336.71812663738,55326.961263769816,55346.47498950494,3.5263612291691255,-0.033647002961689015,0.2,0.3802351841839538,0.05436662350744008,0.1574202094745725,greed,2.5665502715571176,25,2
656,2024-01-14,6,41732.35,55336.71812663738,55326.961263769816,55346.47498950494,3.5263612291691255,-0.02543721369094693,0.2,0.38006110902440987,0.051301706249055126,0.17314880732935822,greed,2.698642688603481,27,2
657,2024-01-14,7,41732.35,55334.88792482279,55323.30086014065,55346.47498950494,4.187978006890658,-0.02330840774762339,0.2,0.37556066027844986,0.04024206233552215,0.15027115407237876,greed,3.0816552636210397,32,5
658,2024-01-14,8,41732.35,55330.49821465586,55312.434566819305,55348.56186249242,6.5293638840834545,-0.030407108935000583,0.2,0.36037436185973437,0.05268727377743374,0.1566622761207996,greed,3.6580042806375523,40,8
659,2024-01-14,9,41732.35,55320.48200549513,55311.9198902615,55329.04412072876,3.095459375345824,-0.04124107914655812,0.2,0.3301873752200835,0.056960841792029676,0.1718658432680984,greed,4.118981621778546,46,6
660,2024-01-14,10,41732.35,55320.35031507659,55311.65650942443,55329.04412072876,3.1430768614621516,-0.037534377259355316,0.2,0.30409211715410783,0.04961780293206018,0.16987302035103202,greed,4.825841812560342,51,5
661,2024-01-14,11,41732.35,55319.97868928315,55310.913257837536,55329.04412072876,3.2774529782556354,-0.04125980839497457,0.2,0.2662243119039057,0.045777698778183315,0.1619350987650647,greed,5.538244346193184,55,4
662,2024-01-14,12,41732.35,55318.99150996274,55308.93889919673,55329.04412072876,3.634415773543102,-0.03431274201039215,0.2,0.22271959130625138,0.058368528642908174,0.17852785783507644,greed,6.247770654489622,59,4
663,2024-01-14,13,41732.35,55314.683321539036,55308.93889919673,55320.42774388134,2.0769972807808283,-0.028813877233800567,0.2,0.17838242283930725,0.04714242318601006,0.17362647257576336,greed,6.619862830218818,63,4
664,2024-01-14,14,41732.35,55311.261754449944,55308.93889919673,55313.58460970316,0.8399212672198797,-0.02586944677641022,0.2,0.1786737301001449,0.053132621474157524,0.1572119673868052,greed,6.671442585439465,64,1
665,2024-01-14,15,41732.35,55310.430628096234,55308.44649476601,55312.41476142646,0.7174535825135431,-0.021664659695852285,0.2,0.13921404694201286,0.058364781733508744,0.1530541104884861,greed,7.0441931877769095,70,6
666,2024-01-14,16,41732.35,55310.430628096234,55308.44649476601,55312.41476142646,0.7174535825135431,-0.01581486665780812,0.2,0.10476722231336735,0.04072037636582853,0.1552566531631748,greed,7.341830129021519,75,5
667,2024-01-14,17,41732.35,55311.01555223459,55308.44649476601,55313.58460970316,0.9289496650625606,-0.013930692141438416,0.2,0.10494201163020185,0.045649574879540536,0.17851377511725885,greed,7.398236157420961,78,3
668,2024-01-14,18,41732.35,55314.042677122285,55308.44649476601,55319.63885947857,2.0234219324540086,-0.010894167466364037,0.2,0.07364285782656013,0.050333967704525355,0.17276328761271975,greed,8.21059582610387,86,8
669,2024-01-14,19,41732.35,55313.5041875344,55307.369515590246,55319.63885947857,2.2181461956783153,-0.011495894171308276,0.2,0.11594629674093834,0.04706100783200605,0.1768228290759975,greed,8.64558253803505,91,5
670,2024-01-14,20,41732.35,55311.90011307063,55304.1613666627,55319.63885947857,2.7982211394340424,-0.006511251897006944,0.2,0.14257268508802898,0.049950797042922046,0.15614040327171852,greed,9.285459497739568,95,4
671,2024-01-14,21,41732.35,55308.213998109204,55304.1613666627,55312.2666295557,1.4654718182139286,-0.011617943025690351,0.2,0.1302072164269505,0.04372271795506696,0.1599469409720158,greed,9.649739760074144,99,4
672,2024-01-14,22,41732.35,55306.856141203985,55304.1613666627,55309.550915745276,0.974481187072777,-0.009919945472151043,0.2,0.11986186399789021,0.041380151852256325,0.17822353561509324,greed,9.729503311759188,102,3
673,2024-01-14,23,41732.35,55306.65860557619,55303.7662954071,55309.550915745276,1.0459175231379014,-0.010325784355043199,0.2,0.12675328220244989,0.048188241436340366,0.17432635743023756,greed,10.229311611318678,108,6
674,2024-01-14,24,41732.35,55308.0164624814,55303.7662954071,55312.2666295557,1.5369081540588385,-0.005276495335189677,0.2,0.11450660914188261,0.05542245631703773,0.16963952060597864,greed,10.867655888250797,115,7
675,2024-01-14,25,41732.35,55308.27180862652,55303.7662954071,55312.777321845955,1.6292366664494702,0.0025991269548578805,0.2,0.13221050130093454,0.05751766167034114,0.16617283658208026,greed,11.439575015772848,120,5
676,2024-01-14,26,41732.35,55310.25248184959,55299.709078157044,55320.79588554214,3.8124590720344402,0.0002257546692422,0.2,0.11753200938008612,0.042557336024448354,0.17296640251547582,greed,12.648974881113858,131,11
677,2024-01-14,27,41732.35,55311.376549395485,55301.957213248825,55320.79588554214,3.4059308353119655,-0.002876553587640205,0.2,-0.02981958850957736,0.04724352509597457,0.17169384821647662,greed,13.004706530755506,135,4
678,2024-01-14,28,41732.35,55311.376549395485,55301.957213248825,55320.79588554214,3.4059308353119655,-0.004052420425459739,0.2,0.1176034708890418,0.040029476441726226,0.1718803438226399,greed,13.108373596741002,136,1
679,2024-01-14,29,41732.35,55311.376549395485,55301.957213248825,55320.79588554214,3.4059308353119655,-0.007303912197966989,0.2,0.10408235223096012,0.0444858696657009,0.16989141575410266,greed,13.460595400316793,141,5
680,2024-01-14,30,41732.35,55311.92283298253,55298.960810950615,55324.88485501443,4.686881731104513,-0.004813898980556188,0.2,0.11700036702604834,0.046058618112808584,0.15975885402069093,greed,13.94782079204478,147,6
681,2024-01-14,31,41732.35,55311.92283298253,55298.960810950615,55324.88485501443,4.686881731104513,-0.004184471798886221,0.2,0.12455215618052252,0.05633558933011272,0.15544841903269807,greed,14.342003138929872,150,3
682,2024-01-14,32,41732.35,55314.21483480165,55298.9196344261,55329.5100351772,5.530296478483451,-0.0026003056258723585,0.2,0.13776475074812217,0.05969716805524952,0.1726274477904624,greed,14.988540364532433,157,7
683,2024-01-14,33,41732.35,55325.3462043851,55321.18237359301,55329.5100351772,1.5052163529940235,-0.0014861515064352956,0.2,0.12895749795242004,0.051812756679892755,0.1698304276274196,greed,15.42360690627997,161,4
684,2024-01-14,34,41732.35,55328.39481536826,55321.18237359301,55335.607257143514,2.6071393537878658,-0.0021703126622483007,0.2,0.1277681110084785,0.043346426080021205,0.1734189515227667,greed,16.17816111243541,167,6
685,2024-01-14,35,41732.35,55328.39481536826,55321.18237359301,55335.607257143514,2.6071393537878658,-0.004087793063820103,0.2,0.10882598547481213,0.05904443571395189,0.15127266894620675,greed,16.37276197280292,170,3
686,2024-01-14,36,41732.35,55322.55623901011,55309.50522087671,55335.607257143514,4.718154409575236,-0.004074446310483611,0.2,0.1209523887780537,0.05428848328142485,0.1727701584756579,greed,16.87744344433851,178,8
687,2024-01-14,37,41732.35,55322.55623901011,55309.50522087671,55335.607257143514,4.718154409575236,-0.004283369425946789,0.2,0.08879554386505195,0.05027708928413536,0.16526671666773168,greed,17.176902175814316,181,3
688,2024-01-14,38,41732.35,55322.65802537234,55309.50522087671,55335.81082986796,4.754943079413385,-0.0012339725286470097,0.2,0.10205045066127041,0.05394418763819274,0.17142979907204992,greed,17.489223686022765,185,4
689,2024-01-14,39,41732.35,55322.65802537234,55309.50522087671,55335.81082986796,4.754943079413385,-0.0005994738800561267,0.2,0.09818147322073562,0.05841989042193152,0.17083786281759855,greed,17.702738608230405,187,2
690,2024-01-14,40,41732.35,55323.81001047998,55311.59911651076,55336.02090444921,4.4143358770516405,-0.0002896953814766896,0.2,0.11168181093975127,0.05614141807733406,0.15585721808869477,greed,18.20711699876925,194,7
691,2024-01-14,41,41732.35,55323.81001047998,55311.59911651076,55336.02090444921,4.4143358770516405,0.0008957260356707381,0.2,0.11894536205806526,0.046712209085396854,0.17935576405167422,greed,18.517311835181193,197,3
692,2024-01-14,42,41732.35,55323.8777110494,55311.59911651076,55336.15630558804,4.438804742779722,0.002674898979313459,0.2,0.12584085046466326,0.05124145588805142,0.17841272001325556,greed,19.288296628225194,205,8
693,2024-01-14,43,41732.35,55324.24002269193,55311.59911651076,55336.8809288731,4.569753213413658,0.003935414099525629,0.2,0.1388354954884392,0.04761035419739789,0.15489106010794773,greed,19.575551000486357,210,5
694,2024-01-14,44,41732.35,55324.24002269193,55311.59911651076,55336.8809288731,4.569753213413658,0.004652989212322767,0.2,0.14886270109091085,0.04050386827918459,0.17516991983154032,greed,19.67451962316228,211,1
695,2024-01-14,45,41732.35,55325.10840117729,55313.33587348149,55336.8809288731,4.255763083350395,0.004384035959132389,0.2,0.3841408563320269,0.05686556181872805,0.1529254297692269,greed,19.888787898018602,213,2
696,2024-01-14,46,41732.35,55325.28358115792,55313.42492422909,55337.14223808675,4.286885185662054,0.0073486894850959645,0.2,0.3568051792049398,0.05068581103787352,0.16622203701399313,greed,20.51811479528574,219,6
697,2024-01-14,47,41732.35,55333.90501909296,55329.93331902786,55337.87671915806,1.4355394088775886,0.008814367816223833,0.2,0.3895917736308276,0.04617668848014682,0.16446793083756575,greed,21.105073559985595,226,7
698,2024-01-14,48,41732.35,55334.03725364499,55329.93331902786,55338.1411882621,1.4833309914865345,0.011082132238802087,0.2,0.3690434984523073,0.05354304824915347,0.16875087558255616,greed,21.91763132964727,233,7
699,2024-01-14,49,41732.35,55337.81166228274,55337.48213630336,55338.1411882621,0.119096136790307,0.009746129877397288,0.2,0.3360800378473902,0.05632821569930062,0.165045463844392,greed,22.167858260370423,237,4
700,2024-01-15,0,42511.1,53438.23098343566,53413.41826456511,53463.04370230621,9.286504591906278,-0.02254590227124832,0.04,0.03389703542004263,0.057013605212096925,0.17945717094229616,neutral,0.28663430059737255,3,3
701,2024-01-15,1,42511.1,53450.97355919259,53438.903416078974,53463.04370230621,4.516341727714966,-0.016509402098159428,0.04,0.02309915402740994,0.04495020146280824,0.1548844514903059,neutral,0.5205569720004438,7,4
702,2024-01-15,2,42511.1,53454.15228160667,53445.26086090713,53463.04370230621,3.3267464995788893,-0.0035741853164377815,0.04,-0.001748272065606845,0.058699888636775305,0.1629162062852157,neutral,0.8203361143483455,10,3
703,2024-01-15,3,42511.1,53459.468849794706,53451.71898173616,53467.218717853255,2.899343456001569,0.0007541020156795588,0.04,-0.008266346654850053,0.05211009533231753,0.15741394663984176,neutral,1.0767956496470978,14,4
704,2024-01-15,4,42511.1,53465.40185032664,53463.584982800036,53467.218717853255,0.6796423345684112,0.0018880956158323556,0.04,-0.018912174810033097,0.053550818910070686,0.15216333278788305,neutral,1.280868582191759,18,4
705,2024-01-15,5,42511.1,53465.594801007755,53463.970884162256,53467.218717853255,0.6074623696017952,-0.0027482660423336475,0.04,-0.019688303104300475,0.04762882082826623,0.17946148611047888,neutral,1.8501129042195474,24,6
706,2024-01-15,6,42511.1,53465.40185032664,53463.584982800036,53467.218717853255,0.6796423345684112,-0.010652584054698709,0.04,-0.0017009584851283652,0.05561991787229983,0.17355806434548043,neutral,2.2483558427312405,29,5
707,2024-01-15,7,42511.1,53465.40185032664,53463.584982800036,53467.218717853255,0.6796423345684112,-0.005068916678882873,0.04,0.01757220467302493,0.05980723563996744,0.15975761717773657,neutral,2.5529318818524374,32,3
708,2024-01-15,8,42511.1,53462.00093301915,53452.69559285669,53471.30627318161,3.4811043358136047,-0.002554663428918546,0.04,0.01726918541292842,0.04206242724816152,0.16643354083149958,neutral,3.0977940553577437,39,7
709,2024-01-15,9,42511.1,53462.00093301915,53452.69559285669,53471.30627318161,3.4811043358136047,-0.004357428155255403,0.04,0.012197144583175045,0.0511099084821172,0.15569445908916468,neutral,3.8715508285314524,45,6
710,2024-01-15,10,42511.1,53467.590845804356,53452.34375164365,53482.837939965066,5.703303223321735,-0.00513078434225838,0.04,-0.01395781805041774,0.04148084435824696,0.16816448007643214,neutral,4.298875141677417,52,7
711,2024-01-15,11,42511.1,53467.43006096473,53452.02218196441,53482.837939965066,5.7634634702887935,-0.012607146656774834,0.04,-0.0030724233172070552,0.05480322737522926,0.16892101413476354,neutral,4.62196694729093,56,4
712,2024-01-15,12,42511.1,53467.05816219843,53452.02218196441,53482.094142432456,5.624390325875458,-0.01090459761844409,0.04,0.03666977538839214,0.05190719322517208,0.1551633180846833,neutral,4.83098846138684,59,3
713,2024-01-15,13,42511.1,53467.05816219843,53452.02218196441,53482.094142432456,5.624390325875458,-0.011761906493103484,0.04,0.044787916189541824,0.041366682096912084,0.16291124249072378,neutral,5.288603330378492,63,4
714,2024-01-15,14,42511.1,53466.17827477773,53451.71898173616,53480.63756781931,5.4087625142251,-0.016134671717265663,0.04,0.034287947568099914,0.05106758032253415,0.16924895726482064,neutral,5.895578158651266,69,6
715,2024-01-15,15,42511.1,53463.020118318156,53451.70391118215,53474.33632545416,4.23328390762885,-0.013453410790615912,0.04,0.07027242033513931,0.04746519628925518,0.16690979913086285,neutral,6.377635020732782,75,6
716,2024-01-15,16,42511.1,53456.552359042624,53451.70391118215,53461.4008069031,1.8139770136721463,-0.008039448909515082,0.04,0.10421859745605509,0.0505151243911827,0.15748573100514746,neutral,6.982151201594009,79,4
717,2024-01-15,17,42511.1,53456.552359042624,53451.70391118215,53461.4008069031,1.8139770136721463,-0.005464222301934995,0.04,0.37397318865325097,0.042118116088075155,0.1546448583779316,neutral,7.105540965296752,80,1
718,2024-01-15,18,42511.1,53463.020118318156,53451.70391118215,53474.33632545416,4.23328390762885,-0.005386133182290738,0.04,0.3342776626849243,0.05402279188834948,0.17040335656340916,neutral,7.462702284874688,83,3
719,2024-01-15,19,42511.1,53462.223567626104,53450.110809798054,53474.33632545416,4.5313333489513585,-0.008620446652883093,0.04,0.30838576540293766,0.04030789783382617,0.1674877817041279,neutral,8.078942257255196,89,6
720,2024-01-15,20,42511.1,53460.46610152167,53450.02543014378,53470.906772899565,3.9059410211893106,-0.014834047598133811,0.04,0.27300482493086764,0.04798070635284869,0.17519404819993278,neutral,8.501922631959404,93,4
721,2024-01-15,21,42511.1,53459.43209633167,53450.02543014378,53468.83876251956,3.5191792426598245,-0.016548590597426305,0.04,0.2152332376773182,0.05344920996050058,0.1793102086331683,neutral,8.720925164624239,95,2
722,2024-01-15,22,42511.1,53459.35763970467,53450.00362768671,53468.71165172263,3.499485377659379,-0.01639385309410418,0.04,0.17842209249130275,0.05829097327697118,0.16302062918126276,neutral,9.41614658429924,101,6
723,2024-01-15,23,42511.1,53456.011329027235,53450.00362768671,53462.01903036776,2.2477177743570675,-0.01702331790356333,0.04,0.1597613249566201,0.0486880663801322,0.17170343453550002,neutral,9.702437830577658,104,3
724,2024-01-15,24,42511.1,53451.10339629776,53449.06342324813,53453.14336934739,0.7633043735331428,-0.018041534348176163,0.04,0.14610134334319488,0.05275376493791871,0.15726066239942632,neutral,9.936822686451139,108,4
725,2024-01-15,25,42511.1,53450.98802233416,53448.83267532094,53453.14336934739,0.8064760233518404,-0.021016802185204242,0.04,0.13175609399789648,0.041827829726635526,0.15597811009400403,neutral,11.113130105964629,116,8
726,2024-01-15,26,42511.1,53450.42342801478,53447.70348668217,53453.14336934739,1.0177436054447702,-0.02206755482836132,0.04,-0.04343006091573043,0.04031626392465924,0.15231435505618746,neutral,12.025805994586399,122,6
727,2024-01-15,27,42511.1,53454.37998505018,53446.74093973261,53462.01903036776,2.858155054725193,-0.01982980912791816,0.04,-0.025728219962654744,0.04709721661492296,0.16274314591275157,neutral,13.000039257553473,130,8
728,2024-01-15,28,42511.1,53454.30796514136,53446.59689991495,53462.01903036776,2.8851052496775464,-0.020259282340207227,0.04,-0.011948800502792995,0.04744400783650438,0.15999104615416193,neutral,13.75820535779077,136,6
729,2024-01-15,29,42511.1,53454.24270704429,53446.46638372081,53462.01903036776,2.90952520498358,-0.021069863912130962,0.04,-0.03574489741600109,0.047665684792844026,0.16480502976463224,neutral,14.363969745956613,141,5
730,2024-01-15,30,42511.1,53455.18947877863,53446.29629419291,53464.08266336435,3.3273418997992237,-0.017890148748039264,0.04,-0.011835509293216574,0.05027222093088649,0.15760071510178983,neutral,15.096701958441521,146,5
731,2024-01-15,31,42511.1,53455.14931376735,53446.21596417036,53464.08266336435,3.342371955434489,-0.013952383296775311,0.04,-0.0225065876536686,0.04582991481847446,0.17312227592716656,neutral,15.953834754708504,156,10
732,2024-01-15,32,42511.1,53455.14931376735,53446.21596417036,53464.08266336435,3.342371955434489,-0.012172524577845083,0.04,-0.045776774164088825,0.04667213578058087,0.17595580042193432,neutral,16.073706195191704,158,2
733,2024-01-15,33,42511.1,53455.14931376735,53446.21596417036,53464.08266336435,3.342371955434489,-0.011779551047551918,0.04,-0.045991129437447285,0.057196476707825517,0.15105023744420418,neutral,16.073706195191704,158,0
734,2024-01-15,34,42511.1,53455.14931376735,53446.21596417036,53464.08266336435,3.342371955434489,-0.015752388950653923,0.04,-0.0477999189409351,0.05275908525369478,0.17500929402431875,neutral,16.483686298221247,161,3
735,2024-01-15,35,42511.1,53454.960720682255,53445.83877800015,53464.08266336435,3.4129452380539904,-0.01763062560732795,0.04,-0.013767586514574229,0.05070051009197866,0.15433162896401,neutral,17.390088444725535,167,6
736,2024-01-15,36,42511.1,53454.06765326204,53445.14185951399,53462.99344701009,3.3396125458399757,-0.021982633837201702,0.04,-0.018319544451745103,0.05570195428191416,0.16796536200238316,neutral,18.253588944635236,178,11
737,2024-01-15,37,42511.1,53453.64859322489,53444.30373943969,53462.99344701009,3.49643252841913,-0.0229693550537013,0.04,0.013444979583575645,0.05180465318301786,0.16222898573938965,neutral,19.226423700211086,185,7
738,2024-01-15,38,42511.1,53453.08390530883,53443.17436360756,53462.99344701009,3.7077530339763163,-0.024851511884382775,0.04,0.00463708021249731,0.04562076162762056,0.17138880023576417,neutral,20.103534102251068,192,7
739,2024-01-15,39,42511.1,53452.752083848776,53442.51072068746,53462.99344701009,3.831931102537479,-0.02283902339525589,0.04,-0.1464853506741482,0.04318984525082717,0.1548138784281368,neutral,20.793438368340446,196,4
740,2024-01-15,40,42511.1,53453.22563781239,53442.13941177271,53464.311863852075,4.148010118154668,-0.02230515748012273,0.04,-0.11402937768569915,0.053702686197489684,0.15331295590233307,neutral,21.809594844865398,205,9
741,2024-01-15,41,42511.1,53448.756939019586,53441.88305644779,53455.63082159138,2.5721393594384447,-0.01770235847547499,0.04,-0.09382541402575142,0.04619613750644938,0.15749870839192864,neutral,22.768790668646325,212,7
742,2024-01-15,42,42511.1,53445.00966482781,53441.88305644779,53448.136273207834,1.1700281839707694,-0.016459209469103245,0.04,-0.023460984117001767,0.04707578317472872,0.17485666793718244,neutral,23.070523957752624,214,2
743,2024-01-15,43,42511.1,53444.73114771044,53441.32602221305,53448.136273207834,1.2742605021182705,-0.01761643597578244,0.04,0.005778705909434145,0.046155916633614916,0.17741365331619777,neutral,23.676533909204515,221,7
744,2024-01-15,44,42511.1,53443.96378638415,53439.73150551628,53448.19606725202,1.5838199744261388,-0.0183711800343613,0.04,0.004691750118432726,0.050112683068439176,0.1782336243760102,neutral,24.023547165521748,227,6
745,2024-01-15,45,42511.1,53440.04714371133,53438.96983454711,53441.12445287555,0.4031842117659431,-0.02054836366375222,0.04,0.012780165589776602,0.0420513592516718,0.16178192229814248,neutral,24.690776468074496,233,6
746,2024-01-15,46,42511.1,53440.01393447726,53438.903416078974,53441.12445287555,0.4156130646406065,-0.020987104761440844,0.04,0.01700637740896918,0.057176335423363096,0.17030822348990513,neutral,25.282298277300594,237,4
747,2024-01-15,47,42511.1,53439.51385879272,53437.90326470989,53441.12445287555,0.6027727299641534,-0.020422856314799873,0.04,0.07701091972014046,0.05717528558698945,0.17245067560997218,neutral,26.064649981468857,242,5
748,2024-01-15,48,42511.1,53439.59544687375,53435.99868844378,53443.19220530372,1.346102417090499,-0.018375432497852204,0.04,0.11244069904471723,0.05347290834949815,0.1553775976721784,neutral,27.425510641166902,252,10
749,2024-01-15,49,42511.1,53435.84309703297,53434.50486685219,53437.18132721375,0.500873609629246,-0.020432368256146326,0.04,0.0805788604337272,0.044591963215079376,0.1535265390045066,neutral,28.26025614303438,259,7
750,2024-01-16,0,43137.95,51871.87204094381,51861.4478316263,51882.29625026133,4.01921461762094,-0.019818101443773016,0.28,0.28551633438689417,0.04322725602110768,0.15250663012532067,greed,0.2766006178531639,4,4
751,2024-01-16,1,43137.95,51850.186168506596,51839.267973345544,51861.10436366764,4.21143913565336,-0.015061864667693851,0.28,0.042851016864519226,0.057633249646654255,0.15364486173263295,greed,1.0936486326492132,9,5
752,2024-01-16,2,43137.95,51842.51599164418,51839.267973345544,51845.7640099428,1.25303266498589,-0.010854065429956074,0.28,0.07494354758403528,0.04423788660880218,0.1593300748419804,greed,1.481798531353864,12,3
753,2024-01-16,3,43137.95,51836.03496810958,51833.4416258735,51838.628310345666,1.0005943694106179,-0.02186940143965296,0.28,0.11812764586950741,0.04487458965048684,0.15802802396585122,greed,2.3810109177590855,19,7
754,2024-01-16,4,43137.95,51823.377817148474,51815.1698037784,51831.585830518554,3.1676875247450447,-0.03130889940616453,0.28,0.1442915872167838,0.05972493343902803,0.16244207480902412,greed,2.6971841370526164,23,4
755,2024-01-16,5,43137.95,51816.85912067353,51802.132410828504,51831.585830518554,5.68413836536425,-0.023027784732613393,0.28,0.12806390798934025,0.05742936842753067,0.17036935479114124,greed,3.7419635070419135,29,6
756,2024-01-16,6,43137.95,51807.745833300665,51802.132410828504,51813.359255772826,2.1670205417633635,-0.017559479366513767,0.28,0.15905250933681786,0.04655104330360265,0.16640055765297865,greed,4.097536071642656,34,5
757,2024-01-16,7,43137.95,51800.40702136624,51795.86258203336,51804.95146069912,1.7545959941995786,-0.021371815823272536,0.28,0.14679219150223075,0.04044282950945259,0.17835342566268025,greed,4.356654754641328,39,5
758,2024-01-16,8,43137.95,51793.36469739104,51792.79340488892,51793.935989893165,0.22060451390230995,-0.02561494248647109,0.28,0.14526894446576682,0.04878191130501657,0.17941306710811114,greed,5.006104613317842,45,6
759,2024-01-16,9,43137.95,51793.36469739104,51792.79340488892,51793.935989893165,0.22060451390230995,-0.025616879553854326,0.28,0.1833708330417313,0.04228571539995959,0.17294402917377832,greed,5.381178069980112,49,4
760,2024-01-16,10,43137.95,51791.72218796195,51789.50838603072,51793.935989893165,0.8548863940797723,-0.03733735567698991,0.28,0.2008837204992652,0.055529786053020364,0.1683400980664994,greed,6.328652239867308,56,7
761,2024-01-16,11,43137.95,51790.656402053115,51787.376814213065,51793.935989893165,1.2664785765952233,-0.03984926317269597,0.28,0.20911439680301672,0.05346492878709063,0.16224357170477768,greed,7.4510039803707295,63,7
762,2024-01-16,12,43137.95,51789.27435777865,51783.513785038136,51795.03493051917,2.224619986262412,-0.040718394832553885,0.28,0.19695183245136652,0.057631269098815135,0.1719394955910989,greed,8.961309349730634,73,10
763,2024-01-16,13,43137.95,51789.03836210107,51783.513785038136,51794.562939163996,2.133492815333968,-0.028990050033779875,0.28,0.19853798977759812,0.05505276588143672,0.16395165744901932,greed,9.421186694417173,77,4
764,2024-01-16,14,43137.95,51787.28329450259,51780.00364984119,51794.562939163996,2.8113637936970166,-0.030960653621120424,0.28,0.18734611971661297,0.04571017560237023,0.1659473219032498,greed,9.586193839146668,80,3
765,2024-01-16,15,43137.95,51786.70570551891,51778.37648051865,51795.03493051917,3.216742554594264,-0.032625421184586306,0.28,0.18934648872256743,0.05641197515353173,0.16213705969212053,greed,10.173556749073096,87,7
766,2024-01-16,16,43137.95,51781.62096230367,51778.081268725546,51785.16065588179,1.3671621368121256,-0.045782233586063495,0.28,0.1778936135963068,0.052955484659006846,0.15046524991879776,greed,11.133994655059182,96,9
767,2024-01-16,17,43137.95,51778.784990675915,51776.2974943741,51781.27248697773,0.9608167909940301,-0.04913632716962534,0.28,0.173894552699556,0.0441591271857878,0.15125956286728764,greed,11.979968625785851,102,6
768,2024-01-16,18,43137.95,51777.2367999758,51773.20111297386,51781.27248697773,1.5588653436743032,-0.05000945607563075,0.28,0.14374191605713796,0.056958557675266974,0.16636755548007442,greed,12.615249607404811,106,4
769,2024-01-16,19,43137.95,51773.43180475735,51769.591508652455,51777.27210086224,1.4835006956365042,-0.04553649234217663,0.28,0.14162375147616119,0.04900957142941191,0.16540104630674746,greed,13.843245221028653,113,7
770,2024-01-16,20,43137.95,51769.08780867833,51768.34046628022,51769.83515107643,0.2887214860220622,-0.046791179411402054,0.28,0.12644527022679022,0.05216817871760036,0.17119902790402788,greed,14.71030407620481,119,6
771,2024-01-16,21,43137.95,51754.53207579357,51753.02294976467,51756.041201822474,0.5831860393176194,-0.04502779009877679,0.28,0.12592849501844225,0.04738963868062761,0.15135957836882682,greed,15.617968742122985,124,5
772,2024-01-16,22,43137.95,51754.29991222598,51752.55862262948,51756.041201822474,0.6729062510548957,-0.04185472733520721,0.28,0.13896429589255027,0.0566273541244394,0.175269765142498,greed,16.75361780363237,129,5
773,2024-01-16,23,43137.95,51751.410362232586,51746.7795226427,51756.041201822474,1.789647685918201,-0.04038654971553522,0.28,0.1350031447171598,0.05263977360792378,0.15286114806819176,greed,17.25361780363237,131,2
774,2024-01-16,24,43137.95,51747.96753375397,51744.99067199271,51750.94439551523,1.150523161830103,-0.04035291884317602,0.28,0.1022931768915673,0.05042146381016776,0.1605060897327219,greed,18.158273482382167,137,6
775,2024-01-16,25,43137.95,51742.43164257302,51740.22327157594,51744.640013570104,0.8536015517546517,-0.039077431459655664,0.28,0.14245664624363438,0.05517003761832782,0.15043884776633026,greed,19.274339822979194,145,8
776,2024-01-16,26,43137.95,51741.852245486574,51739.06447740304,51744.640013570104,1.0775679503343518,-0.04457118530320213,0.28,0.1555839788224828,0.053249678938832166,0.16040887979203675,greed,20.632544107208616,154,9
777,2024-01-16,27,43137.95,51740.06283432535,51735.48565508059,51744.640013570104,1.769297907276308,-0.050849758364606534,0.28,0.13566540569579844,0.043173577473793696,0.1577469305899848,greed,22.043224478997626,160,6
778,2024-01-16,28,43137.95,51741.01714958671,51731.08990365818,51750.94439551523,3.8372828658638816,-0.04866438133712286,0.28,0.1108658830094333,0.05705169909876685,0.16624939254650278,greed,23.32230575613186,169,9
779,2024-01-16,29,43137.95,51732.38905122891,51731.08990365818,51733.68819879964,0.5022569398220335,-0.04986127905346427,0.28,0.15357547679336045,0.0461380902638914,0.16244913646200235,greed,23.535408484186764,171,2
780,2024-01-16,30,43137.95,51731.81466834253,51729.94113788541,51733.68819879964,0.7243242747714034,-0.04973257152147081,0.28,0.13611678126715632,0.043707455581650234,0.16799313944911493,greed,24.78532238118929,177,6
781,2024-01-16,31,43137.95,51730.17554391512,51728.99166765816,51731.35942017206,0.45771205858157754,-0.046602217205646126,0.28,0.16661341515060993,0.057372792796468515,0.17173033218988618,greed,26.065523818065966,184,7
782,2024-01-16,32,43137.95,51729.91559058479,51728.471760997505,51731.35942017206,0.5582184199587326,-0.04240910213103655,0.28,0.17153769107200195,0.04267301162821036,0.16331577565263902,greed,27.50935803345023,192,8
783,2024-01-16,33,43137.95,51730.21480718923,51726.901608760876,51733.528005617576,1.2809528979143354,-0.038778871599936385,0.28,0.20056540541426737,0.0591699567133548,0.16293260587869868,greed,28.252570450253913,198,6
784,2024-01-16,34,43137.95,51730.19795626686,51726.867906916144,51733.528005617576,1.287468241869519,-0.03509631494041723,0.28,0.22712222041759195,0.05496465662663792,0.15675125628512615,greed,29.265068318327994,205,7
785,2024-01-16,35,43137.95,51730.16597241896,51726.80393922034,51733.528005617576,1.299834684624534,-0.0327452292972693,0.28,0.266805833036042,0.05651835414632061,0.16389344141512535,greed,29.867519067240952,209,4
786,2024-01-16,36,43137.95,51731.478679262065,51726.80393922034,51736.15341930379,1.8073096540333524,-0.03127334839653663,0.28,0.2720908868529986,0.04126280585854783,0.17330371450221682,greed,30.221031151258973,215,6
787,2024-01-16,37,43137.95,51731.47311782489,51726.792816345995,51736.15341930379,1.8094599657877941,-0.03421666397968072,0.28,0.23315511523403973,0.04923045855177214,0.179499169704554,greed,30.719765551535147,221,6
788,2024-01-16,38,43137.95,51731.25272834045,51726.792816345995,51735.7126403349,1.7242621275285073,-0.03098104631285528,0.28,0.2371512830495196,0.04301216206436548,0.15651692659359032,greed,30.881125006827936,222,1
789,2024-01-16,39,43137.95,51731.23832025615,51726.76400017738,51735.7126403349,1.72983296903132,-0.0330192020951466,0.28,0.2413824155228156,0.04528008699918932,0.1624572291700212,greed,31.31804602453386,226,4
790,2024-01-16,40,43137.95,51728.44993649379,51726.76400017738,51730.13587281019,0.6518410346622664,-0.030706671413549245,0.28,0.25084604467193616,0.04857969863681781,0.15603195456149835,greed,31.579144745075972,228,2
791,2024-01-16,41,43137.95,51728.44993649379,51726.76400017738,51730.13587281019,0.6518410346622664,-0.027608949810886164,0.28,0.24687922775582893,0.054724577650571,0.16309258796188777,greed,32.20371930947245,234,6
792,2024-01-16,42,43137.95,51727.91416456087,51722.378552300135,51733.4497768216,2.1402804849711488,-0.02766304229511062,0.28,0.22280179247846318,0.05625427239786124,0.17120513567341622,greed,33.01242051674442,241,7
793,2024-01-16,43,43137.95,51727.71737646126,51721.98497610092,51733.4497768216,2.2163747604107944,-0.02882055258335662,0.28,0.22002603900577344,0.05653304114921281,0.17709281183629613,greed,34.011696404109735,248,7
794,2024-01-16,44,43137.95,51726.67500154624,51717.637362757574,51735.7126403349,3.494382265395687,-0.02513286689904379,0.28,0.2610126310843581,0.046362088938069444,0.17883478247130494,greed,35.0211218446419,257,9
795,2024-01-16,45,43137.95,51726.788709892106,51717.637362757574,51735.940057026644,3.5383395578102417,-0.02463395169283569,0.28,0.2253853028374569,0.056983580110034085,0.1621803540511833,greed,35.36529596566341,261,4
796,2024-01-16,46,43137.95,51723.94248103681,51717.637362757574,51730.24759931605,2.4379882803978155,-0.025906273977673484,0.28,0.19621208095778098,0.05023271435790154,0.15016038482563093,greed,35.55875181195857,262,1
797,2024-01-16,47,43137.95,51717.451935138,51716.906848062485,51717.99702221351,0.21079425034155028,-0.026016950121922285,0.28,0.21285808298088166,0.04829630238777895,0.16207004865711996,greed,35.91586580307111,266,4
798,2024-01-16,48,43137.95,51715.467695935455,51712.93836965739,51717.99702221351,0.9781701261716105,-0.025527000413261596,0.28,0.192255206518115,0.054660072392567066,0.1702837619276487,greed,36.818609341323665,272,6
799,2024-01-16,49,43137.95,51714.998543925205,51712.000065636894,51717.99702221351,1.1596165030385543,-0.025035864682402462,0.28,0.18364666235143706,0.051576803360711854,0.1670845345251676,greed,37.318609341323665,274,2
800,2024-01-17,0,42776.1,50356.551199215355,50333.20823580767,50379.89416262304,9.271073118305882,0.007439035752279201,0.2,0.18371187976892808,0.05237054117436371,0.1689921796049854,greed,0.2763969445567331,2,2
801,2024-01-17,1,42776.1,50347.651485955736,50333.20823580767,50362.09473610379,5.737407693023221,-0.015584320230935067,0.2,0.19450646038613534,0.04886118724660842,0.16482443011913647,greed,0.6108772988321371,5,3
802,2024-01-17,2,42776.1,50336.184462380385,50333.20823580767,50339.160688953096,1.18253960028919,-0.0022003756683115438,0.2,0.18263657813978731,0.050080075271926525,0.17847602079542674,greed,0.8106829844961692,7,2
803,2024-01-17,3,42776.1,50330.76143158779,50323.78959857408,50337.7332646015,2.770406334179542,-0.00013479057837784006,0.2,0.1968654303081258,0.04724862645231658,0.17590924263889848,greed,1.1781952716789998,12,5
804,2024-01-17,4,42776.1,50329.86440623604,50323.78959857408,50335.93921389799,2.4139972295257195,0.016836734740886827,0.2,0.17679102754902573,0.05948495308289513,0.15209401963843885,greed,1.9244340293412023,17,5
805,2024-01-17,5,42776.1,50330.44268478019,50323.78959857408,50337.09577098629,2.643762244561528,0.019744643889579878,0.2,0.1721807443132086,0.05495588699518745,0.17430775760098594,greed,2.220554343976689,21,4
806,2024-01-17,6,42776.1,50330.44268478019,50323.78959857408,50337.09577098629,2.643762244561528,0.010729147684553547,0.2,0.13824250254917855,0.051594523141944494,0.1635873321080283,greed,2.4939100050796315,26,5
807,2024-01-17,7,42776.1,50330.44268478019,50323.78959857408,50337.09577098629,2.643762244561528,0.003266058606801535,0.2,0.12663500595254137,0.041212098154298195,0.17056186030338016,greed,2.843059517820917,29,3
808,2024-01-17,8,42776.1,50330.44268478019,50323.78959857408,50337.09577098629,2.643762244561528,0.0012916524395888793,0.2,0.08410712888907494,0.05820426069735513,0.1691709647674476,greed,2.9706566593094026,31,2
809,2024-01-17,9,42776.1,50325.62168614912,50314.147601311946,50337.09577098629,4.55993764318701,-0.0034869397689992173,0.2,0.04468944956891845,0.057632312797559954,0.1675349938659237,greed,3.143128434874349,34,3
810,2024-01-17,10,42776.1,50325.05694502374,50314.147601311946,50335.96628873553,4.335551462449155,0.0016442326329240283,0.2,0.05911289206005486,0.0548112944651902,0.15284725323802037,greed,3.8189600648578033,41,7
811,2024-01-17,11,42776.1,50325.62168614912,50314.147601311946,50337.09577098629,4.55993764318701,0.007755432307671606,0.2,0.08401978986017163,0.05405280411716458,0.15199582824632565,greed,4.079647774403907,46,5
812,2024-01-17,12,42776.1,50324.23519661148,50311.374622236675,50337.09577098629,5.1110858712759715,0.0003749314136034742,0.2,0.08890417751217469,0.044925720376210634,0.1707203931344402,greed,4.388031800102446,51,5
813,2024-01-17,13,42776.1,50321.1307594838,50311.374622236675,50330.88689673093,3.8775508816599924,0.0020349529140911513,0.2,0.08788538216089745,0.050031513998358965,0.1792856092496425,greed,4.834882486270523,56,5
814,2024-01-17,14,42776.1,50312.29893131215,50299.37343460288,50325.22442802142,5.1381061823143375,-0.0018138549734648976,0.2,0.0688362537526047,0.05769166585842375,0.15375661678550492,greed,5.676401318423715,64,8
815,2024-01-17,15,42776.1,50309.68611168975,50296.98186073345,50322.390362646045,5.050419487051523,0.0011166222615757932,0.2,0.10179298576456534,0.04432454018255559,0.1707363542815962,greed,6.812264324138153,73,9
816,2024-01-17,16,42776.1,50308.899557484016,50303.682021844834,50314.1170931232,2.0741998672501536,0.003642993992622933,0.2,0.1341223243712844,0.05551823065614612,0.1538381077353535,greed,7.249369689608319,78,5
817,2024-01-17,17,42776.1,50313.03619224544,50303.682021844834,50322.390362646045,3.7183883575872834,0.006134305654891573,0.2,0.15886062108492338,0.048707872923514715,0.16187884766242813,greed,7.680737911550212,82,4
818,2024-01-17,18,42776.1,50308.995181401726,50295.60000015741,50322.390362646045,5.325163500491136,0.0013073609679073476,0.2,0.16757278883408852,0.051037542728423715,0.17368228265740757,greed,8.496600999714808,91,9
819,2024-01-17,19,42776.1,50306.79934154544,50295.60000015741,50317.998682933474,4.452416585678018,0.0042452377356392125,0.2,0.16712234712869273,0.04336236256798592,0.16424852895791245,greed,8.94580506867706,96,5
820,2024-01-17,20,42776.1,50303.62915270883,50295.60000015741,50311.65830526026,3.1922756614841292,0.007118199515261141,0.2,0.1581780657989654,0.05970607664574571,0.15498065470928582,greed,9.141175351096507,97,1
821,2024-01-17,21,42776.1,50302.45846969067,50293.25863412107,50311.65830526026,3.657807530475843,0.007937373547251778,0.2,0.13693991085176385,0.040174122941250875,0.15466714310607907,greed,9.639994614653496,102,5
822,2024-01-17,22,42776.1,50305.38081398539,50293.25863412107,50317.50299384972,4.819436675829164,0.011601091908552793,0.2,0.1441118530482333,0.040410416294586506,0.17479855036507466,greed,10.317995649600713,109,7
823,2024-01-17,23,42776.1,50305.628658527276,50293.25863412107,50317.998682933474,4.917948442775361,0.01334697234907161,0.2,0.11534219520810772,0.04707393373161468,0.15907437087503778,greed,10.475840385335623,113,4
824,2024-01-17,24,42776.1,50305.628658527276,50293.25863412107,50317.998682933474,4.917948442775361,0.014973772995095527,0.2,0.11779392188713822,0.059734582030016976,0.15814097890617032,greed,10.971662671633162,117,4
825,2024-01-17,25,42776.1,50306.72766338819,50293.244704605146,50320.21062217124,5.360300464487917,0.020792102327065153,0.2,0.12174912648010022,0.05658628468251519,0.171200266010331,greed,11.690417767285961,125,8
826,2024-01-17,26,42776.1,50314.69660733751,50309.18259250377,50320.21062217124,2.1918108248833157,0.012911287048246905,0.2,0.098189780526295,0.05561112053774428,0.1591087181443152,greed,12.260425156745969,130,5
827,2024-01-17,27,42776.1,50314.69660733751,50309.18259250377,50320.21062217124,2.1918108248833157,0.014589865853350587,0.2,0.1056571928862245,0.04006281812096244,0.1552273020493614,greed,12.601415547701235,135,5
828,2024-01-17,28,42776.1,50314.15448838861,50307.8745485797,50320.43442819751,2.4962914999823798,0.012359467187549407,0.2,0.10187672477136477,0.047914159271475854,0.17145559364340723,greed,13.147971791958293,143,8
829,2024-01-17,29,42776.1,50314.15448838861,50307.8745485797,50320.43442819751,2.4962914999823798,0.012225827289141206,0.2,0.12240599839158064,0.04727619282281867,0.15572177962772682,greed,13.492214025949183,145,2
830,2024-01-17,30,42776.1,50314.15448838861,50307.8745485797,50320.43442819751,2.4962914999823798,0.012141758113125808,0.2,0.13276369579334846,0.053284034261435714,0.15597737863224942,greed,13.78738475403963,149,4
831,2024-01-17,31,42776.1,50314.261729292346,50307.8745485797,50320.648910004995,2.538914611135118,0.012072671141692928,0.2,0.08869869624761495,0.04252712962629021,0.1668766560381914,greed,14.182911874916508,153,4
832,2024-01-17,32,42776.1,50310.5752659164,50300.5016218278,50320.648910004995,4.004583145929674,0.009926905284940156,0.2,0.09015981460103571,0.05312110043951408,0.16678736563396024,greed,14.35182592560948,156,3
833,2024-01-17,33,42776.1,50310.5752659164,50300.5016218278,50320.648910004995,4.004583145929674,0.007801784110078983,0.2,0.0841027209866934,0.05316165169498381,0.15351035174573838,greed,14.530956953775846,157,1
834,2024-01-17,34,42776.1,50310.5752659164,50300.5016218278,50320.648910004995,4.004583145929674,0.00796957647758465,0.2,0.07960425396126783,0.04832290735281214,0.16541552203729792,greed,14.75566355463222,159,2
835,2024-01-17,35,42776.1,50308.031694462414,50299.27025293265,50316.79313599218,3.4831183946833906,0.005615914442737433,0.2,0.08648697837996572,0.05779767452946973,0.17453568916965087,greed,15.23423864395065,165,6
836,2024-01-17,36,42776.1,50302.659766230216,50299.27025293265,50306.04927952778,1.347647744003479,0.007455175402305175,0.2,0.12242057590335982,0.057392121649495545,0.162083274996987,greed,15.747797075275438,169,4
837,2024-01-17,37,42776.1,50306.77012121797,50296.74710644375,50316.79313599218,3.9847578169155997,0.00656044013734681,0.2,0.1216641031946808,0.05864645516457755,0.17224807858355357,greed,16.47630379925332,177,8
838,2024-01-17,38,42776.1,50305.63972146272,50294.48630693327,50316.79313599218,4.434260091396878,0.002388368268607977,0.2,0.10610305622544483,0.04330604572275923,0.17562782366992008,greed,16.918792107624395,182,5
839,2024-01-17,39,42776.1,50294.861439877364,50294.48630693327,50295.236572821465,0.14917346756983685,-0.0014108587551002916,0.2,0.09747137726443858,0.04813113567616208,0.17709572336503288,greed,17.34065299758682,185,3
840,2024-01-17,40,42776.1,50294.24063871331,50293.244704605146,50295.236572821465,0.3960430043327111,-0.00046906195875490267,0.2,0.1253599174870335,0.047423390320390627,0.17356929310587382,greed,18.13291881761153,191,6
841,2024-01-17,41,42776.1,50294.18926937763,50293.14196593379,50295.236572821465,0.41647095183383065,-8.992926498814933e-05,0.2,0.16028433820983928,0.058777899200825504,0.17681955615140882,greed,18.764792434430806,195,4
842,2024-01-17,42,42776.1,50294.05193592752,50292.86729903358,50295.236572821465,0.47108429261164136,0.0011363430442661302,0.2,0.17902066320178397,0.04675298603998469,0.1796556494398634,greed,19.40943677133129,198,3
843,2024-01-17,43,42776.1,50294.69705443636,50292.59716350038,50296.79694537234,0.8350347288930675,0.0013379900769576792,0.2,0.1535787449913945,0.04505292061242573,0.1656022218333345,greed,19.770059240448322,203,5
844,2024-01-17,44,42776.1,50294.69705443636,50292.59716350038,50296.79694537234,0.8350347288930675,0.001856411686081225,0.2,0.19881216060151152,0.05246955661038593,0.1680084438158411,greed,19.981754775864832,206,3
845,2024-01-17,45,42776.1,50294.69705443636,50292.59716350038,50296.79694537234,0.8350347288930675,0.0007200418771487872,0.2,0.20141933278649138,0.047530605755785965,0.15696167219103468,greed,20.157728552495463,208,2
846,2024-01-17,46,42776.1,50294.571214698364,50292.34548402439,50296.79694537234,0.8850779001480237,-0.0007530374008213103,0.2,0.19899059951722697,0.04587898202033795,0.1571125412555202,greed,20.771588399659485,214,6
847,2024-01-17,47,42776.1,50294.55343391892,50292.30992246549,50296.79694537234,0.8921488710999506,-0.0019407563727037213,0.2,0.15578584622285524,0.0588933146434219,0.16829824675788155,greed,21.42805941695894,218,4
848,2024-01-17,48,42776.1,50296.70811401894,50292.2703346631,50301.14589337477,1.7646400817222825,-0.0006454754687932051,0.2,0.16505031768809883,0.055208486233649434,0.16538766494324297,greed,22.181778616675416,226,8
849,2024-01-17,49,42776.1,50295.728811183355,50290.31172899194,50301.14589337477,2.154092333268399,-0.0009541854479194167,0.2,0.17852161881485196,0.05870344173452986,0.16127415047538257,greed,22.92566652538546,232,6
850,2024-01-18,0,41327.5,48937.43671721734,48926.9718092843,48947.90162515038,4.276851684532821,-0.0015732651417911692,0.26,0.24267177650014823,0.05525786671108728,0.15136357501307388,greed,0.39648582357813944,4,4
851,2024-01-18,1,41327.5,48920.76763344,48903.759190349156,48937.77607653084,6.953465333285808,0.0022249127464495336,0.26,0.26845589342563436,0.044534823688138894,0.170100976134227,greed,1.2060994918023766,11,7
852,2024-01-18,2,41327.5,48916.66725194548,48903.759190349156,48929.575313541805,5.2775719694237635,0.03298321406764517,0.26,0.2852975747518914,0.0525264470331239,0.15835412186782657,greed,1.7902652088861515,16,5
853,2024-01-18,3,41327.5,48920.76763344,48903.759190349156,48937.77607653084,6.953465333285808,0.040625076076965604,0.26,0.2662150831689948,0.05856767011272615,0.17989194881037165,greed,2.1446832479335023,21,5
854,2024-01-18,4,41327.5,48925.11464892744,48907.97426952666,48942.25502832822,7.006781496077327,0.05096942734576659,0.26,0.2655781506581973,0.04672014117980217,0.16397047625286837,greed,2.950416260323118,29,8
855,2024-01-18,5,41327.5,48935.97173845064,48927.75989626832,48944.18358063296,3.356157808089153,0.05341027605374916,0.26,0.2671682049719253,0.05829931730155938,0.15567417300068953,greed,3.3880030454055703,34,5
856,2024-01-18,6,41327.5,48940.6190812632,48937.05458189343,48944.18358063296,1.4566629669500424,0.05326980027147629,0.26,0.2579483607956455,0.04399682542563879,0.1516657509842745,greed,3.7272992080636502,39,5
857,2024-01-18,7,41327.5,48941.24203458761,48936.35081069107,48946.13325848415,1.9988147800113056,0.038476107617781544,0.26,0.25486281520901577,0.05303031366657785,0.15632344348064064,greed,4.520607409377245,47,8
858,2024-01-18,8,41327.5,48941.24203458761,48936.35081069107,48946.13325848415,1.9988147800113056,0.0315776564630368,0.26,0.26493077385201175,0.058547103611725944,0.16097657428670642,greed,4.692700650297855,50,3
859,2024-01-18,9,41327.5,48941.26499523006,48936.35081069107,48946.17917976906,2.008196780150953,0.03780192998442162,0.26,0.2550095068146666,0.05498852011961618,0.16293337215291015,greed,4.995740419984727,53,3
860,2024-01-18,10,41327.5,48941.26499523006,48936.35081069107,48946.17917976906,2.008196780150953,0.0390882357539608,0.26,0.23757354289122243,0.04585032850952504,0.15996616712841966,greed,5.210280999673544,56,3
861,2024-01-18,11,41327.5,48945.475625298466,48944.77207082787,48946.17917976906,0.28748498675552875,0.033700769342912704,0.26,0.21744481014613615,0.04082998334366159,0.16911284102473328,greed,5.316343935994805,57,1
862,2024-01-18,12,41327.5,48945.47640999763,48944.77207082787,48946.18074916738,0.28780562430541146,0.04107473169932814,0.26,0.24269021818494946,0.0459130908322497,0.16858847780834765,greed,5.722869933167448,61,4
863,2024-01-18,13,41327.5,48946.49137020342,48944.77207082787,48948.21066957896,0.702522010225996,0.0375600619441295,0.26,0.25298126382060404,0.05012660618708536,0.1605123975003059,greed,6.302859024647739,67,6
864,2024-01-18,14,41327.5,48946.49137020342,48944.77207082787,48948.21066957896,0.702522010225996,0.03247280111396716,0.26,0.2356455712806091,0.05356227661908418,0.16629064292600293,greed,6.439817697985192,69,2
865,2024-01-18,15,41327.5,48947.64174966694,48944.77207082787,48950.511428506004,1.1725503973174392,0.040551178630710595,0.26,0.23806341695374691,0.0487128958091302,0.1738344245356052,greed,6.929848215006288,75,6
866,2024-01-18,16,41327.5,48949.74486997299,48948.978311439976,48950.511428506004,0.3132022587861957,0.04167546284125252,0.26,0.213156325655579,0.056990684309758025,0.1526696914456904,greed,7.104453087817863,76,1
867,2024-01-18,17,41327.5,48950.689976597554,48948.978311439976,48952.401641755125,0.6993426071798509,0.045304609483550216,0.26,0.1960955049824671,0.050820057978553254,0.17954537231901282,greed,7.994245758471247,82,6
868,2024-01-18,18,41327.5,48951.38293351439,48948.978311439976,48953.7875555888,0.9824531730509044,0.04593071705369033,0.26,0.18797836223576506,0.04329769553130277,0.1571996809160987,greed,8.887113790787897,87,5
869,2024-01-18,19,41327.5,48951.72138827109,48948.978311439976,48954.4644651022,1.1207274242129228,0.04485734906496905,0.26,0.19620637254723322,0.04545899989462976,0.16024275808812893,greed,9.776993624047828,94,7
870,2024-01-18,20,41327.5,48955.21483108225,48953.44733270103,48956.982329463484,0.7220878867868028,0.036491294507663995,0.26,0.20656595355804094,0.04010053105219606,0.1518028923113451,greed,10.706791773722669,100,6
871,2024-01-18,21,41327.5,48955.220785151745,48953.44733270103,48956.994237602456,0.7245202543349559,0.027974107292752955,0.26,0.19680461884061148,0.052950329296867264,0.1581912185798342,greed,11.673159735172012,105,5
872,2024-01-18,22,41327.5,48951.83486904173,48945.392323317545,48958.27741476592,2.6321978497533665,0.02839161849896334,0.26,0.17901331372504162,0.05883065820568882,0.173526185230958,greed,12.647032731774258,112,7
873,2024-01-18,23,41327.5,48952.43589151826,48945.392323317545,48959.479459718976,2.8777191869775494,0.0334548866790231,0.26,0.15667842077579977,0.057299252102304035,0.15748374612879695,greed,13.519715862420885,119,7
874,2024-01-18,24,41327.5,48956.95566508366,48953.29245980288,48960.618870364444,1.496500438402955,0.03650589509643501,0.26,0.16855217910723888,0.055149288909014355,0.15885217047792927,greed,13.898978214766565,125,6
875,2024-01-18,25,41327.5,48958.838200031605,48956.06535439687,48961.61104566633,1.132725259288033,0.035869131655435614,0.26,0.1735624271566431,0.04214114357108372,0.16320174139528196,greed,14.721664327624655,129,4
876,2024-01-18,26,41327.5,48958.838200031605,48956.06535439687,48961.61104566633,1.132725259288033,0.03554339521940622,0.26,0.17215700267828535,0.057262710754714785,0.1746748394787068,greed,15.041386773083715,131,2
877,2024-01-18,27,41327.5,48963.899759583925,48963.30252748354,48964.49699168431,0.24394793034007248,0.033919032010643904,0.26,0.1694810708049547,0.049716348578252634,0.15350770606576175,greed,15.432861264754909,135,4
878,2024-01-18,28,41327.5,48963.95115852981,48963.30252748354,48964.59978957608,0.264942281382241,0.031384335650458915,0.26,0.17192098839637082,0.05467766261605082,0.1689671445260358,greed,16.37182306671088,141,6
879,2024-01-18,29,41327.5,48962.36272508148,48960.125660586884,48964.59978957608,0.9137894374744456,0.02722261656973576,0.26,0.17031524151973626,0.04780240469376679,0.16065394943261438,greed,16.690861311828005,146,5
880,2024-01-18,30,41327.5,48962.36272508148,48960.125660586884,48964.59978957608,0.9137894374744456,0.02685975421180116,0.26,0.16714537752825037,0.05746038788059432,0.16569429062091495,greed,16.741660677281008,147,1
881,2024-01-18,31,41327.5,48963.563229643434,48962.526669710795,48964.59978957608,0.42340053062793986,0.02295150631199005,0.26,0.15829982016436786,0.04821714183680993,0.16681739427003145,greed,16.996226562875222,150,3
882,2024-01-18,32,41327.5,48964.17648519703,48962.526669710795,48965.826300683264,0.6738867493190682,0.021396973858364886,0.26,0.17175322781457808,0.04151322207808222,0.16084624196262115,greed,17.547276846865422,156,6
883,2024-01-18,33,41327.5,48962.97598063508,48960.125660586884,48965.826300683264,1.1642756556780158,0.02153078076823221,0.26,0.15326756864795382,0.051701568844124066,0.156788257524498,greed,17.928975881892203,163,7
884,2024-01-18,34,41327.5,48968.67349978654,48960.125660586884,48977.2213389862,3.4911459056352605,0.02248871402505148,0.26,0.15475511111749432,0.052338880547690037,0.1759039719102439,greed,18.43020212349301,168,5
885,2024-01-18,35,41327.5,48969.15631263424,48959.88748381653,48978.42514145195,3.7855783173135666,0.02077738872492677,0.26,0.1576034449694903,0.057462176855284555,0.17368476895272156,greed,19.239000796875352,174,6
886,2024-01-18,36,41327.5,48969.15631263424,48959.88748381653,48978.42514145195,3.7855783173135666,0.021251505946194717,0.26,0.16269505376186094,0.04847095831983793,0.17380711963616405,greed,20.055883712415078,180,6
887,2024-01-18,37,41327.5,48975.18119850263,48970.899995963955,48979.4624010413,1.748315139997774,0.023008026328416756,0.26,0.19123561527697164,0.05564101538527517,0.15720212221462698,greed,20.434378924304067,185,5
888,2024-01-18,38,41327.5,48978.473734665895,48977.485068290494,48979.4624010413,0.40371465258803274,0.023100759319473415,0.26,0.185578643922218,0.05978863531559263,0.16723310267616617,greed,20.860067508590095,188,3
889,2024-01-18,39,41327.5,48978.473734665895,48977.485068290494,48979.4624010413,0.40371465258803274,0.020284193056053043,0.26,0.17066879272009627,0.053775250816227305,0.17693230699529175,greed,21.085845407385385,192,4
890,2024-01-18,40,41327.5,48976.31488968746,48973.16737833362,48979.4624010413,1.2853197962849146,0.01611165019086729,0.26,0.1615353068249877,0.05587858771719929,0.15474911700316843,greed,21.57322152987917,198,6
891,2024-01-18,41,41327.5,48976.31488968746,48973.16737833362,48979.4624010413,1.2853197962849146,0.012980237903834027,0.26,0.16131460182843815,0.05114621150628617,0.1546810743401993,greed,21.86824500048704,201,3
892,2024-01-18,42,41327.5,48976.18261451139,48972.6667588391,48979.69847018368,1.4357410008706173,0.014572978213142563,0.26,0.14937121227627043,0.05131376344282011,0.15548017152719004,greed,22.42979986398876,209,8
893,2024-01-18,43,41327.5,48980.55785381864,48979.724886659555,48981.390820977715,0.34012154845846,0.013776022268245968,0.26,0.16824646316883854,0.05152944875115508,0.17285650835587332,greed,22.686070081642082,213,4
894,2024-01-18,44,41327.5,48980.759341845274,48980.12786271284,48981.390820977715,0.25784783287227103,0.015493119020667393,0.26,0.15013152620383993,0.04033512608984765,0.17037597453603506,greed,23.159635836682856,218,5
895,2024-01-18,45,41327.5,48980.759341845274,48980.12786271284,48981.390820977715,0.25784783287227103,0.014499314004621622,0.26,0.16605786235586545,0.04841522403531852,0.16805046492054887,greed,23.232212244357648,219,1
896,2024-01-18,46,41327.5,48981.316958032934,48980.12786271284,48982.50605335303,0.48553015473698297,0.015742626307204913,0.26,0.15893643768494817,0.05308320308572197,0.16857717096160746,greed,23.641036322425844,224,5
897,2024-01-18,47,41327.5,48981.316958032934,48980.12786271284,48982.50605335303,0.48553015473698297,0.016532506606117353,0.26,0.16420822673449395,0.05856203671019573,0.17534586982468897,greed,23.78404851519955,225,1
898,2024-01-18,48,41327.5,48983.22788458623,48982.32809856382,48984.12767060865,0.36738535260902855,0.014858738456305321,0.26,0.1463791069249678,0.055471442034614404,0.15132121138165391,greed,24.370771012828623,232,7
899,2024-01-18,49,41327.5,48983.22788458623,48982.32809856382,48984.12767060865,0.36738535260902855,0.015286617786133811,0.26,0.1294955460725247,0.05296471794764194,0.15694440287738964,greed,24.729464150782615,235,3
900,2024-01-19,0,41659.03,47894.98188752998,47876.777378138424,47913.18639692154,7.601844149062425,0.019765315430155507,0.02,0.02718901043851247,0.04639304110584125,0.16314530149999065,neutral,0.25196885666153124,2,2
901,2024-01-19,1,41659.03,47899.903932139656,47886.62146735776,47913.18639692154,5.545925436805163,0.03335123239896709,0.02,0.02884393590144987,0.05924522893218313,0.16332345739488996,neutral,0.5163972342149857,4,2
902,2024-01-19,2,41659.03,47902.822703130325,47892.4590093391,47913.18639692154,4.3269658055212945,0.01714095962967751,0.02,0.031118760924912607,0.04556199030132713,0.1565086873759164,neutral,1.1345864804874797,9,5
903,2024-01-19,3,41659.03,47914.004717670905,47904.04284812099,47923.96658722082,4.158228730249189,0.009359112787972261,0.02,0.061852405983230115,0.05112656014514159,0.15087465558066265,neutral,1.3104558413883067,12,3
904,2024-01-19,4,41659.03,47916.89107745992,47909.81556769903,47923.96658722082,2.9532424169415927,-0.019412092627592758,0.02,0.0586485469033753,0.041914581094887944,0.15953084092641487,neutral,2.12871905287474,18,6
905,2024-01-19,5,41659.03,47915.375436259055,47900.11421020206,47930.63666231606,6.3700747069384,-0.005590240973714342,0.02,0.023437567899467906,0.045246859335618915,0.1593915043518944,neutral,2.7871650666131824,28,10
906,2024-01-19,6,41659.03,47915.375436259055,47900.11421020206,47930.63666231606,6.3700747069384,0.0002216639498259468,0.02,-0.023028835040337776,0.04571399188089529,0.15274122314581226,neutral,3.103662317334343,31,3
907,2024-01-19,7,41659.03,47918.14079386918,47905.6449254223,47930.63666231606,5.215506378110129,-0.0005860161893379821,0.02,-0.03298982050381117,0.04086104805431337,0.17342891590933304,neutral,3.2691950820824065,33,2
908,2024-01-19,8,41659.03,47919.61699430339,47907.413815388114,47931.820173218664,5.093187166636119,0.005105209459534788,0.02,-0.05201559633061617,0.05316109967722442,0.1502417731002636,neutral,3.499763134790151,37,4
909,2024-01-19,9,41659.03,47922.766573912624,47913.71297460659,47931.820173218664,3.7784126223485077,0.006737263077160745,0.02,-0.08813086800221909,0.044742889319554224,0.15322842554279575,neutral,3.8231614336606743,40,3
910,2024-01-19,10,41659.03,47922.766573912624,47913.71297460659,47931.820173218664,3.7784126223485077,0.0004346516566433554,0.02,-0.0782615708882747,0.04499006159365484,0.16642414469586955,neutral,4.04996461497566,43,3
911,2024-01-19,11,41659.03,47922.766484267035,47913.712795315405,47931.820173218664,3.778450041944907,-0.002876788198514957,0.02,-0.03785974226720219,0.05803166010574135,0.15645613439199577,neutral,4.526595449536386,49,6
912,2024-01-19,12,41659.03,47923.26018819373,47914.03757628728,47932.48280010019,3.848908388217906,-0.0027938182485169947,0.02,-0.03001131678866044,0.0542569199172191,0.17090085334310245,neutral,4.780686275379637,53,4
913,2024-01-19,13,41659.03,47923.26018819373,47914.03757628728,47932.48280010019,3.848908388217906,-0.0005514806064469365,0.02,-0.006196020035724073,0.04467793862944407,0.15632658683042364,neutral,5.086741247504089,58,5
914,2024-01-19,14,41659.03,47923.0977977078,47913.712795315405,47932.48280010019,3.9166927113131496,-0.010269438203825972,0.02,0.0008404335149082278,0.04264809226992909,0.16146756755932373,neutral,5.5685031968593375,64,6
915,2024-01-19,15,41659.03,47923.0977977078,47913.712795315405,47932.48280010019,3.9166927113131496,-0.006190394835225959,0.02,0.007794755424402932,0.04908806308959906,0.17340567805448984,neutral,5.962987119088384,67,3
916,2024-01-19,16,41659.03,47920.59173372874,47913.41393874512,47927.76952871236,2.995703819143669,-0.008103276483762358,0.02,-0.03873981678674043,0.043961910334405795,0.15197076349468977,neutral,6.520672669755717,74,7
917,2024-01-19,17,41659.03,47919.674815856284,47911.580103000204,47927.76952871236,3.378450662356343,-0.003006152593839341,0.02,-0.06120046977772452,0.04839697395372635,0.16490686555500145,neutral,7.345502273022097,79,5
918,2024-01-19,18,41659.03,47917.18997545307,47910.490335118,47923.88961578814,2.7963410786414595,4.5468019803627074e-05,0.02,-0.05034433495039899,0.05594422145157525,0.17172697642835846,neutral,7.843370424339805,84,5
919,2024-01-19,19,41659.03,47917.18997545307,47910.490335118,47923.88961578814,2.7963410786414595,0.004730901475462323,0.02,-0.06541171162185677,0.04681089670959794,0.17414891191197762,neutral,8.366706806457174,89,5
920,2024-01-19,20,41659.03,47920.03043830629,47910.490335118,47929.570541494584,3.981676597879498,0.0023905204001468863,0.02,-0.06945454361409756,0.05660301965995836,0.17844754613370237,neutral,8.731884906394727,95,6
921,2024-01-19,21,41659.03,47918.492178441345,47907.413815388114,47929.570541494584,4.623836247593477,0.003930982970546434,0.02,-0.0660085552384541,0.045290316079776766,0.1583967795673928,neutral,9.11513771469483,99,4
922,2024-01-19,22,41659.03,47921.98397309621,47916.18152957811,47927.78641661431,2.4216207414772923,0.0006654602513926938,0.02,-0.06157297734268849,0.05462314688909835,0.1784026810552111,neutral,9.33006563592971,101,2
923,2024-01-19,23,41659.03,47921.98397309621,47916.18152957811,47927.78641661431,2.4216207414772923,0.0010199887818725492,0.02,-0.054932103309386804,0.04627413024104131,0.1574362007618527,neutral,9.859576767567923,105,4
924,2024-01-19,24,41659.03,47923.243168248606,47916.18152957811,47930.3048069191,2.947062094984395,0.007385687092119618,0.02,-0.06785393872971016,0.04012514942052941,0.15185657105041425,neutral,10.3342692200414,111,6
925,2024-01-19,25,41659.03,47920.35312458817,47910.401442257236,47930.3048069191,4.153426125662294,0.00596029087801006,0.02,-0.0318195968249107,0.0513214329289633,0.1725435883337803,neutral,10.446240880540609,115,4
926,2024-01-19,26,41659.03,47922.19410092027,47910.401442257236,47933.9867595833,4.921585450865061,0.014259010524578794,0.02,-0.026845826546860647,0.041863922391253895,0.16231487382181664,neutral,11.11887436877309,120,5
927,2024-01-19,27,41659.03,47925.389190449474,47915.97834760116,47934.80003329779,3.9272890663103204,0.009159755014539707,0.02,-0.045266372315185904,0.04443563956384637,0.15952663739608505,neutral,11.78363767031513,126,6
928,2024-01-19,28,41659.03,47925.389190449474,47915.97834760116,47934.80003329779,3.9272890663103204,0.007672420281715225,0.02,-0.04715889547509841,0.04386498830468336,0.15151677563878616,neutral,11.939149551757033,128,2
929,2024-01-19,29,41659.03,47928.48436659484,47915.97834760116,47940.99038558853,5.218616511229085,0.013950252281479088,0.02,-0.045771566493106354,0.04574653433017804,0.15839237903307213,neutral,12.503979599806248,132,4
930,2024-01-19,30,41659.03,47932.29030534498,47923.59022510143,47940.99038558853,3.630154197985536,0.01329746347063294,0.02,-0.01593495525927196,0.05518173865111277,0.17182587690675283,neutral,12.739016179212738,134,2
931,2024-01-19,31,41659.03,47936.31875786916,47931.647130149795,47940.99038558853,1.9490974027284822,0.009359078086307464,0.02,-0.038376613460579606,0.05387611113934824,0.1665828710410075,neutral,13.067526848724428,137,3
932,2024-01-19,32,41659.03,47933.009525965375,47925.028666342216,47940.99038558853,3.3300056483341614,0.00690320304165552,0.02,-0.046560232152819084,0.05821605341939627,0.16642244521139177,neutral,13.375009675451338,142,5
933,2024-01-19,33,41659.03,47932.29030534498,47923.59022510143,47940.99038558853,3.630154197985536,0.0012020377803077988,0.02,-0.05358311713540554,0.04693117519633095,0.16223147311995675,neutral,13.934849604793815,148,6
934,2024-01-19,34,41659.03,47932.55421905847,47923.59022510143,47941.51821301551,3.740252988010592,0.0015089561021430305,0.02,-0.048789577268730275,0.05169677263377764,0.16012597397651457,neutral,14.362778243391205,152,4
935,2024-01-19,35,41659.03,47932.11680898526,47922.71540495501,47941.51821301551,3.922799432253578,-0.002151563488824794,0.02,-0.04469308213252191,0.04493039811275966,0.1792809809580061,neutral,15.040606482608286,158,6
936,2024-01-19,36,41659.03,47932.88971866667,47922.71540495501,47943.06403237834,4.245232770809711,0.0014138188352812732,0.02,-0.06510016195535814,0.04244223031848576,0.15333411441996037,neutral,15.409633112899042,163,5
937,2024-01-19,37,41659.03,47932.21928074313,47921.37452910791,47943.06403237834,4.525036310835026,0.0029407803984759207,0.02,-0.08227256846000373,0.05750236089116094,0.1737156153081502,neutral,15.639133104863237,167,4
938,2024-01-19,38,41659.03,47932.21928074313,47921.37452910791,47943.06403237834,4.525036310835026,0.004170256707670861,0.02,-0.07017843396208558,0.04090589287226155,0.169691575781543,neutral,15.81628898132184,169,2
939,2024-01-19,39,41659.03,47932.73724419119,47922.41045600403,47943.06403237834,4.308866457821904,0.001153256604507772,0.02,-0.08473305050613092,0.041640473704229415,0.15104817739217966,neutral,16.147143539274236,174,5
940,2024-01-19,40,41659.03,47932.796294640226,47922.41045600403,47943.182133276416,4.333499999604589,0.002011681651214541,0.02,-0.07034180891725973,0.04338123556879433,0.16055415019231056,neutral,16.480140964881535,179,5
941,2024-01-19,41,41659.03,47932.27833119217,47921.37452910791,47943.182133276416,4.549669852499781,-0.002066865564046237,0.02,-0.12136913003855915,0.050141648481205336,0.16913705623658884,neutral,16.958545237240074,184,5
942,2024-01-19,42,41659.03,47925.87743958153,47921.24947785369,47930.50540130937,1.9312997382978068,0.0008991384237707036,0.02,-0.14192623091441975,0.05330730416837809,0.16502132777510015,neutral,17.56139224497283,191,7
943,2024-01-19,43,41659.03,47925.87743958153,47921.24947785369,47930.50540130937,1.9312997382978068,-0.00048558861106529826,0.02,-0.16802755762215282,0.04047064988828197,0.1628886859169053,neutral,17.992677946850765,193,2
944,2024-01-19,44,41659.03,47925.11733443415,47919.72926755893,47930.50540130937,2.248535705242607,-0.003351365893027437,0.02,-0.16339060668512195,0.05206384331229335,0.16570801641457836,neutral,18.41321312826131,198,5
945,2024-01-19,45,41659.03,47924.27676427095,47918.04812723253,47930.50540130937,2.5993661079365524,-0.007110947717531638,0.02,-0.15390013710576605,0.04941900117545029,0.16476696945547226,neutral,19.030731227885482,204,6
946,2024-01-19,46,41659.03,47916.80679563471,47915.01653895769,47918.597052311736,0.7472353843025866,-0.007681225635979116,0.02,-0.12645877558204924,0.05582927081779038,0.16807409492110365,neutral,19.504145375390923,210,6
947,2024-01-19,47,41659.03,47916.68753752461,47914.77802273748,47918.597052311736,0.797014520518055,-0.007932717809972232,0.02,-0.1349740787861849,0.041220142860107896,0.15863493896554817,neutral,20.119528020210684,215,5
948,2024-01-19,48,41659.03,47916.64369039463,47914.690328477525,47918.597052311736,0.8153166693921775,-0.006975176851768265,0.02,-0.10680322247922805,0.05322281356857393,0.16956706059397322,neutral,20.880125902466684,222,7
949,2024-01-19,49,41659.03,47920.46182079933,47914.23498905945,47926.68865253922,2.5988195869940953,-0.00508710886370003,0.02,-0.09623184747358109,0.053008504976477286,0.15637001922860674,neutral,22.10666410702916,231,9
950,2024-01-20,0,41696.04,46969.65274942914,46959.67051602221,46979.63498283606,4.2505033878694185,-0.00014981661440751918,0.04,0.04540005692420731,0.05993818437178711,0.15550357203450688,neutral,0.16138409997755582,2,2
951,2024-01-20,1,41696.04,46962.68730275794,46959.67051602221,46965.704089493665,1.2847589901652061,0.0045156181620338515,0.04,0.028970285511233314,0.04822749142825179,0.15379159267217002,neutral,0.37605133915154293,5,3
952,2024-01-20,2,41696.04,46962.68730275794,46959.67051602221,46965.704089493665,1.2847589901652061,-0.00044458699502393484,0.04,0.029651813341554395,0.05684031323013488,0.16448140419230803,neutral,0.8185562494473014,9,4
953,2024-01-20,3,41696.04,46955.900937903905,46945.769853154736,46966.03202265308,4.31514870200057,0.0089069907278445,0.04,0.022613861267641797,0.0534569426697709,0.171727635824974,neutral,1.4439265865732962,16,7
954,2024-01-20,4,41696.04,46954.451270929974,46942.87051920686,46966.03202265308,4.932759902267768,-0.010635155696839095,0.04,0.06823202080674058,0.047957683511140464,0.17417936702602752,neutral,2.4471725558059,24,8
955,2024-01-20,5,41696.04,46950.84489249809,46950.159319738195,46951.53046525798,0.29203851877936315,-0.015659027514717698,0.04,0.06086365832802104,0.043318020487415725,0.15074052471673755,neutral,2.8009493667984033,27,3
956,2024-01-20,6,41696.04,46950.84489249809,46950.159319738195,46951.53046525798,0.29203851877936315,-0.01925958348484189,0.04,0.07111326845500894,0.04254971360280493,0.17400619043050736,neutral,3.091992853186148,30,3
957,2024-01-20,7,41696.04,46947.20049223242,46942.87051920686,46951.53046525798,1.8446139408362507,-0.01676116227559073,0.04,0.023866699781518133,0.04301374974001668,0.17554782957912657,neutral,3.5826046053932528,35,5
958,2024-01-20,8,41696.04,46944.294913853344,46939.81174913175,46948.77807857494,1.9099934208496256,-0.028728784954965458,0.04,-0.008362840752520244,0.052289715550232624,0.1674358627116287,neutral,4.057656407329526,40,5
959,2024-01-20,9,41696.04,46942.348469306,46939.81174913175,46944.88518948025,1.0807811100064604,-0.028990667357036728,0.04,0.011956981667498243,0.055126685391657736,0.15245001827580287,neutral,4.226514407706292,42,2
960,2024-01-20,10,41696.04,46942.10917200031,46939.81174913175,46944.406594868866,0.9788323997706172,-0.02477117755958624,0.04,0.008298090817130602,0.048847330662048376,0.151274097277696,neutral,4.410113096071704,45,3
961,2024-01-20,11,41696.04,46942.10917200031,46939.81174913175,46944.406594868866,0.9788323997706172,-0.024953363192797794,0.04,0.02034044028502014,0.05805411020890712,0.17511789021415525,neutral,4.861502800775906,48,3
962,2024-01-20,12,41696.04,46941.07395337628,46937.26271727232,46944.88518948025,1.6238384778965056,-0.016518203846150874,0.04,0.018638523833940452,0.05788530236512828,0.16934708715877067,neutral,5.355937837016683,54,6
963,2024-01-20,13,41696.04,46941.07395337628,46937.26271727232,46944.88518948025,1.6238384778965056,-0.009655004493698518,0.04,-0.044981558070256465,0.04597565742108503,0.17673600219190808,neutral,5.629148573600409,56,2
964,2024-01-20,14,41696.04,46943.02039792363,46937.26271727232,46948.77807857494,2.4530507847613725,-0.010033105933417552,0.04,-0.06152678985363119,0.0563055266218112,0.17683213165945522,neutral,5.867429803956752,59,3
965,2024-01-20,15,41696.04,46943.02039792363,46937.26271727232,46948.77807857494,2.4530507847613725,-0.006858303559232528,0.04,-0.04981349617468062,0.05797575779474695,0.16659335913175113,neutral,6.003776198751978,60,1
966,2024-01-20,16,41696.04,46943.02039792363,46937.26271727232,46948.77807857494,2.4530507847613725,-0.01214390630391174,0.04,-0.05170685685442236,0.059776710627783294,0.1567718317151738,neutral,6.311304703552468,63,3
967,2024-01-20,17,41696.04,46936.06023855833,46931.763933421586,46940.35654369509,1.8307054809947696,-0.023957163259752667,0.04,-0.0206377284716802,0.049600947546201715,0.15414046461060155,neutral,7.423476071546808,75,12
968,2024-01-20,18,41696.04,46940.455876057094,46928.96391820251,46951.94783391167,4.896398060096164,-0.018026629694924707,0.04,-0.017884245805686826,0.04131623521381153,0.17673954619080895,neutral,8.854738531282225,89,14
969,2024-01-20,19,41696.04,46933.24921838208,46928.96391820251,46937.534518561646,1.826125508433006,-0.019708317107626144,0.04,-0.007538598410102622,0.046400546331247836,0.16429383813718199,neutral,9.141544353813613,93,4
970,2024-01-20,20,41696.04,46929.79402165806,46928.91894507892,46930.66909823721,0.372930074545315,-0.025373217047285845,0.04,-0.007206672338408238,0.05184602742124191,0.17083961318430527,neutral,9.549243965954558,98,5
971,2024-01-20,21,41696.04,46929.32719399265,46927.98528974808,46930.66909823721,0.5718830099638401,-0.023713298775939584,0.04,-0.04462157885989704,0.05477011757021037,0.16999851254638115,neutral,10.10769658290872,101,3
972,2024-01-20,22,41696.04,46925.26101976026,46924.35844119368,46926.163598326835,0.38468771274226493,-0.021629621043068627,0.04,-0.03436814384521471,0.05608191339267186,0.16277813125400817,neutral,10.384436639313984,105,4
973,2024-01-20,23,41696.04,46925.26101976026,46924.35844119368,46926.163598326835,0.38468771274226493,-0.024392193334388832,0.04,-0.048786632975729646,0.04185000875877928,0.17341043588220476,neutral,10.869721291756619,109,4
974,2024-01-20,24,41696.04,46924.777228377374,46923.39085842791,46926.163598326835,0.59089037022555,-0.023732223507852635,0.04,-0.01941405254221876,0.049841089787648014,0.17389525559171123,neutral,11.155008864985453,113,4
975,2024-01-20,25,41696.04,46925.56652497266,46923.39085842791,46927.742191517405,0.9272840823727311,-0.0201748827963414,0.04,-0.0008661071695302992,0.044520663935773044,0.16653152859884796,neutral,11.573100630900617,118,5
976,2024-01-20,26,41696.04,46923.42673050896,46923.39085842791,46923.462602590014,0.015289625481502908,-0.01602755358510233,0.04,-0.034911255901955054,0.04555690326413131,0.17314536185995463,neutral,12.209681633441983,125,7
977,2024-01-20,27,41696.04,46922.37513281668,46921.287663043346,46923.462602590014,0.46351863913800406,-0.017462700890045223,0.04,-0.025509947308610413,0.05664834366820505,0.17926419084942063,neutral,12.660746888281816,131,6
978,2024-01-20,28,41696.04,46922.37513281668,46921.287663043346,46923.462602590014,0.46351863913800406,-0.01684470560739756,0.04,-0.035972993118475335,0.04591330078543238,0.17797633768057353,neutral,12.911747630487461,134,3
979,2024-01-20,29,41696.04,46924.23715844477,46921.287663043346,46927.18665384618,1.2571308901451848,-0.01625387005691382,0.04,-0.03127089995887127,0.045435730321602585,0.1619750038353306,neutral,13.291586903946852,137,3
980,2024-01-20,30,41696.04,46924.229618513134,46921.272583180085,46927.18665384618,1.260344754549785,-0.015581295771261425,0.04,0.007656388709091067,0.059540633530903525,0.16634316680948366,neutral,13.659343159926157,140,3
981,2024-01-20,31,41696.04,46924.54447670466,46921.272583180085,46927.81637022923,1.3945339527787577,-0.01101295802786249,0.04,0.030679188327982963,0.05787270506692267,0.15223915293238285,neutral,14.198186721770494,147,7
982,2024-01-20,32,41696.04,46925.397850785164,46921.272583180085,46929.52311839024,1.758223816533913,-0.006897586487532011,0.04,0.04982531278690688,0.05883153705467868,0.16589141898325102,neutral,15.131693257600423,156,9
983,2024-01-20,33,41696.04,46924.393780188795,46919.26444198735,46929.52311839024,2.186213944702612,-0.010805947920744111,0.04,0.06182366039873697,0.05848215431822559,0.17925539927926523,neutral,16.054185656585755,167,11
984,2024-01-20,34,41696.04,46923.985733447014,46918.0626082897,46929.90885860432,2.524561826847992,-0.010714022467100801,0.04,0.047342109172449465,0.05256239062487143,0.1779192742905588,neutral,17.05986307078388,175,8
985,2024-01-20,35,41696.04,46923.449810086546,46916.74184781937,46930.15777235373,2.859108737454884,-0.012707847066372449,0.04,0.06202941283211642,0.04614477923695441,0.16110073572428446,neutral,17.540686270718254,181,6
986,2024-01-20,36,41696.04,46917.11884159265,46916.74184781937,46917.49583536593,0.16070627633908627,-0.010586832744926897,0.04,0.08650912601357645,0.051594623322683844,0.16036874980729204,neutral,17.80949053292674,185,4
987,2024-01-20,37,41696.04,46916.742536523234,46915.98923768053,46917.49583536593,0.32112154509219065,-0.010563939128663118,0.04,0.0848499046480022,0.049334561875359006,0.15230168480558656,neutral,18.666142779051672,190,5
988,2024-01-20,38,41696.04,46915.88259221363,46914.26934906133,46917.49583536593,0.6877172774611171,-0.010332969025769582,0.04,0.05880530997235148,0.058820965200767544,0.17617965216528164,neutral,19.49132396626018,196,6
989,2024-01-20,39,41696.04,46922.04649033447,46913.922176346685,46930.170804322246,3.4628984008419845,-0.007618619033237396,0.04,0.05489014501060419,0.05971610641700412,0.15000559584511988,neutral,20.590452030314786,206,10
990,2024-01-20,40,41696.04,46922.04649033447,46913.922176346685,46930.170804322246,3.4628984008419845,-0.0058528676843300365,0.04,0.08166802055233316,0.047938959458685856,0.1636614940644182,neutral,20.761511167888873,208,2
991,2024-01-20,41,41696.04,46921.60463764953,46913.03847097681,46930.170804322246,3.6512675723131376,-0.010423046372392044,0.04,0.10513153435393151,0.05460984954964599,0.15406066304919852,neutral,21.285839624240023,213,5
992,2024-01-20,42,41696.04,46919.52844643689,46913.016516865326,46926.040376008445,2.7757864527532226,-0.012410343396366404,0.04,0.08621971622868754,0.05050516837563167,0.15333626242014656,neutral,21.54159495226148,216,3
993,2024-01-20,43,41696.04,46917.00317608116,46913.016516865326,46920.989835297,1.6994517748177131,-0.01254777944825269,0.04,0.06975634318684587,0.04594723062616945,0.15487613962406122,neutral,21.594286340352713,217,1
994,2024-01-20,44,41696.04,46914.59705758584,46913.016516865326,46916.17759830635,0.6737948611480487,-0.010828105213951694,0.04,0.0607326690955344,0.05396396861353,0.15644749594160157,neutral,21.837231880280758,220,3
995,2024-01-20,45,41696.04,46914.521401381644,46912.86520445694,46916.17759830635,0.7060487351177475,-0.014440004992235304,0.04,0.058198481990491865,0.047272907178388994,0.1529578269072581,neutral,22.30721612055652,224,4
996,2024-01-20,46,41696.04,46914.40967002985,46912.641741753345,46916.17759830635,0.7536824139690542,-0.01338096717789537,0.04,0.0477898510496002,0.05059940682042841,0.17035175656509038,neutral,23.28070174600595,230,6
997,2024-01-20,47,41696.04,46913.92572616447,46909.708055305775,46918.14339702315,1.7980464407549082,-0.011801201690170663,0.04,0.034727815614225305,0.04296720674579034,0.1551625809735788,neutral,24.026711889438225,239,9
998,2024-01-20,48,41696.04,46913.92572616447,46909.708055305775,46918.14339702315,1.7980464407549082,-0.012108381017481436,0.04,0.03639591899697621,0.04743093022639749,0.16843200022293972,neutral,24.12929176232422,242,3
999,2024-01-20,49,41696.04,46913.92572616447,46909.708055305775,46918.14339702315,1.7980464407549082,-0.013421613416767682,0.04,0.0551440466364828,0.046382469796409254,0.16409746116100785,neutral,24.336464364641238,244,2
1000,2024-01-21,0,41580.33,46091.48595438111,46067.77248087256,46115.19942788966,10.289741377407333,0.013228788886711213,0.12,0.08534121758628971,0.05582819501013951,0.1774736471836238,greed,0.5051122898585286,5,5
1001,2024-01-21,1,41580.33,46079.84195979309,46067.77248087256,46091.91143871363,5.238507081280701,0.03323732630058595,0.12,0.08304566057566388,0.04613944564418036,0.15585591493715648,greed,1.1941773017422006,13,8
1002,2024-01-21,2,41580.33,46076.74779023224,46067.77248087256,46085.72309959193,3.8958085325576217,0.038036224373913574,0.12,0.05738656076589227,0.046513696041279064,0.16182408140347884,greed,1.7419280885055954,19,6
1003,2024-01-21,3,41580.33,46079.84195979309,46067.77248087256,46091.91143871363,5.238507081280701,0.050596239164480375,0.12,0.08121246654695427,0.0560336858638261,0.164085559960369,greed,2.0927292262020116,23,4
1004,2024-01-21,4,41580.33,46079.84195979309,46067.77248087256,46091.91143871363,5.238507081280701,0.04124498372904724,0.12,0.0870651235647036,0.046836945709961844,0.17621624866563054,greed,2.1578376447047583,24,1
1005,2024-01-21,5,41580.33,46078.65480597064,46065.398173227644,46091.91143871363,5.75391482186867,0.02404927514112351,0.12,-0.08149312396203116,0.04264359315507744,0.16319566919141504,greed,2.756731747160683,29,5
1006,2024-01-21,6,41580.33,46081.23861704988,46065.398173227644,46097.07906087212,6.875007832961259,0.028163581171619427,0.12,-0.0926375402009492,0.05198922279317433,0.17707209828332024,greed,3.0348440274812463,33,4
1007,2024-01-21,7,41580.33,46086.18865431941,46072.66208987606,46099.71521876276,5.870116335637389,0.034376911281550224,0.12,-0.04678785516406361,0.04432665555261654,0.16327732037798445,greed,3.818391518307882,40,7
1008,2024-01-21,8,41580.33,46089.898345442576,46080.081472122394,46099.71521876276,4.259880656105902,0.036013387668325646,0.12,-0.029592252604698752,0.05599566728891567,0.166640610743651,greed,4.243971439194951,43,3
1009,2024-01-21,9,41580.33,46095.64789810833,46090.60012351938,46100.69567269727,2.190130660535099,0.03728916059081366,0.12,0.0035339290072423854,0.052629175851660416,0.1735321641963839,greed,4.498727616636658,46,3
1010,2024-01-21,10,41580.33,46100.25642259911,46099.81717250095,46100.69567269727,0.19056297393784713,0.0395318250406779,0.12,-0.021251400746135247,0.050822276497576896,0.16815268555621615,greed,4.68940279544938,49,3
1011,2024-01-21,11,41580.33,46103.190125863766,46099.81717250095,46106.56307922657,1.4632190759910144,0.046810493084932646,0.12,0.021808518078645207,0.05251301578854553,0.16714822948448832,greed,6.184214345885742,61,12
1012,2024-01-21,12,41580.33,46100.610126193314,46091.60677287906,46109.61347950757,3.905958419904055,0.04549148476527166,0.12,0.05363566216668633,0.04453545250639292,0.16999565930079105,greed,7.041813731409499,70,9
1013,2024-01-21,13,41580.33,46111.36975276552,46111.34778257546,46111.39172295558,0.009529185612279946,0.04645953851428169,0.12,0.06535659002893848,0.04883667409603909,0.1549010027519526,greed,7.904716974492656,75,5
1014,2024-01-21,14,41580.33,46108.96536884125,46106.41507201581,46111.51566566669,1.1062043162494608,0.04029989795180782,0.12,0.054477269349923266,0.04102300411240795,0.16193380322787293,greed,9.116603332341267,85,10
1015,2024-01-21,15,41580.33,46111.011252580676,46110.50683949466,46111.51566566669,0.2187820532723145,0.03299008986806144,0.12,0.04406621529554601,0.049665885699326506,0.1614835230120912,greed,9.696394877877863,90,5
1016,2024-01-21,16,41580.33,46111.011252580676,46110.50683949466,46111.51566566669,0.2187820532723145,0.0318758690360267,0.12,0.04170421287187912,0.041240828339131085,0.1521346703663373,greed,10.151056349861024,95,5
1017,2024-01-21,17,41580.33,46108.925244323036,46105.77821267999,46112.072275966086,1.365042289046641,0.030279129133383077,0.12,0.047316015916770024,0.05132036849775642,0.1763410053853337,greed,11.03621223525089,102,7
1018,2024-01-21,18,41580.33,46110.96789628154,46109.86351659698,46112.072275966086,0.479009543688451,0.028742997755860287,0.12,0.05952363623435883,0.04196015369561482,0.15132197584711143,greed,11.348929764150622,105,3
1019,2024-01-21,19,41580.33,46111.63714785999,46109.86351659698,46113.410779123,0.7692770730826303,0.033788026793747275,0.12,0.060948187236600004,0.05082540221883356,0.16936716544282282,greed,11.706899325775252,109,4
1020,2024-01-21,20,41580.33,46111.66057693095,46109.86351659698,46113.45763726492,0.7794385678082837,0.03370692097761855,0.12,0.05109350218879549,0.04339774146438115,0.15380833241264918,greed,12.577664951472206,115,6
1021,2024-01-21,21,41580.33,46111.82885950104,46109.86351659698,46113.7942024051,0.8524246175736423,0.04050076437010798,0.12,0.06840348965728395,0.05037123377331468,0.157375423274802,greed,13.53116106812981,121,6
1022,2024-01-21,22,41580.33,46110.34779502814,46106.45575911174,46114.23983094454,1.6881399089425242,0.032885412907568336,0.12,0.07394634649339535,0.047642789496651385,0.16664195409847063,greed,14.736301024907887,130,9
1023,2024-01-21,23,41580.33,46112.40518873368,46106.45575911174,46118.35461835563,2.5804030813812493,0.03300729048166591,0.12,0.07517212708562979,0.04008374887255916,0.1701130300139075,greed,15.30732928115957,134,4
1024,2024-01-21,24,41580.33,46113.69390095322,46107.851718190344,46119.53608371609,2.5338168637810203,0.033371048182677464,0.12,0.05138452972850696,0.048308860011841794,0.15072015134534666,greed,16.12979937120718,139,5
1025,2024-01-21,25,41580.33,46119.538489470804,46118.48557505152,46120.59140389009,0.45660232247319193,0.03237874021206767,0.12,0.08764942906860171,0.043541645107945795,0.15295272567304105,greed,16.982327063369258,144,5
1026,2024-01-21,26,41580.33,46121.16914582897,46118.48557505152,46123.85271660642,1.1637045752099586,0.03270059297691723,0.12,0.08709227894389548,0.04630727486532235,0.16179441388482044,greed,18.029815755787297,152,8
1027,2024-01-21,27,41580.33,46122.01202651541,46118.48557505152,46125.538477979295,1.5291837059754247,0.028064379518968025,0.12,0.09453146960617172,0.0419393134193085,0.1553709491232475,greed,18.60527852103759,157,5
1028,2024-01-21,28,41580.33,46122.65323383289,46118.48557505152,46126.82089261426,1.8072068665441365,0.024323174182837456,0.12,0.103493273751143,0.049501797457335364,0.17767302850968372,greed,19.319649200722353,163,6
1029,2024-01-21,29,41580.33,46122.685436549255,46118.54998048425,46126.82089261426,1.7932416665964284,0.025705002052523226,0.12,0.11994771767188374,0.04561201626475832,0.16049813560712142,greed,19.999928033019312,169,6
1030,2024-01-21,30,41580.33,46125.22528477441,46122.886806736904,46127.56376281192,1.0139692643543414,0.0272577426655701,0.12,0.1240072437401605,0.044493147952835335,0.16197997740597667,greed,20.230668274444547,173,4
1031,2024-01-21,31,41580.33,46125.92621413635,46122.886806736904,46128.9656215358,1.3178737638075435,0.024158261080361534,0.12,0.1106406502945153,0.05956441337053117,0.15542675704136694,greed,21.05987226244326,178,5
1032,2024-01-21,32,41580.33,46129.55225607427,46128.73961438701,46130.36489776154,0.3523301864082415,0.024972682105818125,0.12,0.0936281179621992,0.048400220085913256,0.1673507928934962,greed,21.642229373427895,184,6
1033,2024-01-21,33,41580.33,46130.803357468,46128.73961438701,46132.86710054899,0.8947353745388535,0.023907503004632465,0.12,0.1118233409550458,0.05608331129967768,0.175992695506191,greed,22.416403837232707,189,5
1034,2024-01-21,34,41580.33,46131.47054373649,46128.73961438701,46134.20147308597,1.1839767158043852,0.025627246100866686,0.12,0.10983536143318322,0.04831637136036822,0.16645765245164065,greed,23.243264625855034,195,6
1035,2024-01-21,35,41580.33,46132.58196764976,46130.66689796821,46134.49703733132,0.8302460429805723,0.026022731352472055,0.12,0.0975269913403013,0.05039223351606015,0.17989578926395858,greed,24.093715920948792,201,6
1036,2024-01-21,36,41580.33,46134.015785195734,46130.66689796821,46137.36467242326,1.4518082462707365,0.029262621106772278,0.12,0.10174327466342874,0.042660195978146576,0.15476210290122927,greed,24.948096511202,209,8
1037,2024-01-21,37,41580.33,46139.98296251356,46138.40757798437,46141.55834704276,0.6828717429196404,0.030468242602127153,0.12,0.08100099810121286,0.05759202993423524,0.17721125881245064,greed,26.11382513210827,219,10
1038,2024-01-21,38,41580.33,46140.039247974244,46138.40757798437,46141.670917964126,0.7072685747442788,0.029929635680271762,0.12,0.10626286792636783,0.04836779066756667,0.1607343374800678,greed,27.014083893135556,225,6
1039,2024-01-21,39,41580.33,46140.353567467246,46134.14089169323,46146.566243241265,2.6929467564372156,0.028812403551337098,0.12,0.07826176056386851,0.05151186857280164,0.1548437350219272,greed,28.867751667526335,237,12
1040,2024-01-21,40,41580.33,46141.03030991256,46134.14089169323,46147.9197281319,2.9862437717851114,0.02791269403662591,0.12,0.12783372521698835,0.044202143858247035,0.1722681417675686,greed,29.39360990849615,240,3
1041,2024-01-21,41,41580.33,46143.50950051179,46136.849410096045,46150.16959092754,2.88668568465601,0.026478882263434523,0.12,0.09388611932476561,0.04709663711086325,0.17340637945606902,greed,30.296865717537035,247,7
1042,2024-01-21,42,41580.33,46148.36658414265,46144.927120477005,46151.80604780829,1.4906112264546643,0.027110329475620677,0.12,0.058069624269845674,0.05134781888312147,0.17388730828369162,greed,31.281533918401188,255,8
1043,2024-01-21,43,41580.33,46148.37241257462,46144.927120477005,46151.817704672234,1.4931369916204462,0.026654764303041336,0.12,0.06693764626058803,0.05220215844072469,0.1646453302593244,greed,31.969352449412444,261,6
1044,2024-01-21,44,41580.33,46145.90058672725,46139.47552183095,46152.32565162354,2.784674181066147,0.0227578996192664,0.12,0.058281041422759826,0.05198598574012778,0.16541123565645913,greed,33.62324399146286,271,10
1045,2024-01-21,45,41580.33,46151.00361555132,46147.76867208413,46154.23855901852,1.4018951761672735,0.024900016199390064,0.12,0.04621449485224843,0.04012928715579421,0.1648871766570244,greed,34.375054439987004,277,6
1046,2024-01-21,46,41580.33,46151.15158978334,46147.76867208413,46154.534507482545,1.4660165922951747,0.024796961761053733,0.12,0.06747164050945662,0.05169655622611582,0.17824422712518195,greed,35.762580577450684,283,6
1047,2024-01-21,47,41580.33,46151.45270877729,46147.76867208413,46155.13674547044,1.5964986915582449,0.02455045107491472,0.12,0.04856035281273954,0.04943298981501191,0.15274265975451415,greed,36.762580577450684,287,4
1048,2024-01-21,48,41580.33,46152.686948840295,46147.76867208413,46157.60522559646,2.131306791137423,0.024797555440462058,0.12,0.06675623359736764,0.050427540429474824,0.1768972397540703,greed,37.519193046459165,294,7
1049,2024-01-21,49,41580.33,46153.422870401286,46147.76867208413,46159.07706871844,2.450175075002567,0.02391966955790917,0.12,0.10849197264624091,0.04045129023410694,0.17584994654097302,greed,38.610201235655396,300,6
1050,2024-01-22,0,39568.02,45190.867168554774,45177.45814142164,45204.27619568791,5.93439691392663,0.0,0.1,0.113724180191599,0.056203221799194056,0.16289020090065442,neutral,0.0,0,0
1051,2024-01-22,1,39568.02,45203.3754367938,45202.47467789969,45204.27619568791,0.39853612054655335,-0.026626742407780016,0.1,0.11104796822223387,0.058260829337797124,0.1671636889116662,neutral,0.4149783567154153,3,3
1052,2024-01-22,2,39568.02,45207.78421910119,45204.79038592146,45210.778052280926,1.3244768490422225,-0.01872673135721107,0.1,0.0934992899941416,0.04493714055191466,0.1591924634805311,neutral,1.3385545544298132,11,8
1053,2024-01-22,3,39568.02,45207.78421910119,45204.79038592146,45210.778052280926,1.3244768490422225,-0.020483146397876774,0.1,0.07334910495310591,0.051759832589276654,0.16279499241725584,neutral,2.138289667021179,14,3
1054,2024-01-22,4,39568.02,45207.78421910119,45204.79038592146,45210.778052280926,1.3244768490422225,-0.013907057058674415,0.1,0.056512260038311765,0.04343658920715317,0.16554232494121035,neutral,2.298897866760503,16,2
1055,2024-01-22,5,39568.02,45214.593251721046,45199.48648332821,45229.70002011388,6.682253363966304,-0.004870168612294796,0.1,0.05986133105791555,0.04566568806985155,0.1620093850851898,neutral,2.8059643489468273,22,6
1056,2024-01-22,6,39568.02,45216.780129528146,45203.86023894241,45229.70002011388,5.714644231067957,-0.007200477273549732,0.1,0.08561360670341826,0.05865505878120626,0.1506041354684787,neutral,2.9719025635024963,25,3
1057,2024-01-22,7,39568.02,45218.53103990774,45207.362059701605,45229.70002011388,4.9400013442631,-0.004691197166680881,0.1,0.10570356057429386,0.057723425881119866,0.16375555686561044,neutral,3.1913392692285742,28,3
1058,2024-01-22,8,39568.02,45224.47208096482,45211.477175141496,45237.466986788146,5.74684688416505,-0.007613363083496621,0.1,0.13819905827140766,0.05863480806633016,0.1799084825223501,neutral,3.7563015037422818,35,7
1059,2024-01-22,9,39568.02,45232.39813457044,45226.09367194927,45238.702597191615,2.7875871637040706,0.0020148011048705585,0.1,0.1444606711074287,0.045744424184103016,0.1763925720688303,neutral,4.568115082053701,43,8
1060,2024-01-22,10,39568.02,45234.99091125358,45231.27922531556,45238.702597191615,1.6410685017319233,0.0012231827561528913,0.1,0.1294818866134569,0.042762505862804945,0.1757733527294075,neutral,4.748753116897921,45,2
1061,2024-01-22,11,39568.02,45234.99091125358,45231.27922531556,45238.702597191615,1.6410685017319233,0.00475063879445748,0.1,0.13055152545636148,0.053497864061083096,0.1571719915222509,neutral,5.1374887799489395,49,4
1062,2024-01-22,12,39568.02,45235.426629367365,45231.27922531556,45239.57403341917,1.8336973300989197,0.0029946086740864205,0.1,0.13833230116679474,0.04821365266020566,0.156290708322906,neutral,5.38678872356269,54,5
1063,2024-01-22,13,39568.02,45235.426629367365,45231.27922531556,45239.57403341917,1.8336973300989197,0.0064752290316168705,0.1,0.14521531123605144,0.05291205154116824,0.17803631642146545,neutral,5.768232963574041,59,5
1064,2024-01-22,14,39568.02,45239.0369930855,45238.49486731046,45239.57911886054,0.2396716690167756,0.011899015155428955,0.1,0.15578131280770893,0.053833113037330835,0.178969169258004,neutral,6.331348616517554,65,6
1065,2024-01-22,15,39568.02,45244.67837630193,45238.49486731046,45250.861885293394,2.733364105293898,0.012853510792483246,0.1,0.13119244496674726,0.04261434647179515,0.17015126577732181,neutral,7.372381674106953,73,8
1066,2024-01-22,16,39568.02,45247.023915437545,45238.49486731046,45255.55296356463,3.7699929803232304,0.010307474373947518,0.1,0.13369513251576468,0.05008911883338711,0.15936569209707388,neutral,8.061339344002226,77,4
1067,2024-01-22,17,39568.02,45247.60309228439,45239.41041531389,45255.795769254895,3.6212645137436574,0.012288561392421609,0.1,0.15777558608220849,0.05290437151689328,0.17235644228072503,neutral,9.312018842996542,84,7
1068,2024-01-22,18,39568.02,45247.8694889123,45239.79531310383,45255.94366472077,3.5688645232006406,0.011162054672998908,0.1,0.13697064204063125,0.04397263227723738,0.17350161659987515,neutral,10.038821585520934,89,5
1069,2024-01-22,19,39568.02,45248.761963624325,45241.58026252788,45255.94366472077,3.1743193779390286,0.008054747820205177,0.1,0.09991237939718939,0.04740464371369153,0.172538367731213,neutral,10.222447401324432,91,2
1070,2024-01-22,20,39568.02,45249.279145098626,45242.614625476475,45255.94366472077,2.9456909582034525,0.004283440760672975,0.1,0.06475738437039186,0.04972347308209766,0.15327040846922785,neutral,10.518911812302411,94,3
1071,2024-01-22,21,39568.02,45249.279145098626,45242.614625476475,45255.94366472077,2.9456909582034525,-0.00017540106556138206,0.1,0.04014207643050683,0.04633885243534563,0.1742647897047505,neutral,11.10005880036079,99,5
1072,2024-01-22,22,39568.02,45247.67704001733,45239.41041531389,45255.94366472077,3.6539443543713386,-0.007409520712167608,0.1,0.03358102724849994,0.05714461874739582,0.1729395285115462,neutral,11.769944491430367,108,9
1073,2024-01-22,23,39568.02,45241.78351123997,45239.41041531389,45244.15660716605,1.0490726677429423,-0.006669290615797543,0.1,0.04956859614682546,0.05380645693801458,0.17835072193741705,neutral,12.124135310641597,113,5
1074,2024-01-22,24,39568.02,45237.53133462892,45237.382040902405,45237.680628355425,0.06600436500651387,-0.0076189636499985995,0.1,0.02692380887801312,0.052914500867021076,0.1653171122618551,neutral,12.772699541002867,122,9
1075,2024-01-22,25,39568.02,45236.06493889513,45234.44924943483,45237.680628355425,0.7143368736780101,-0.010611886209027676,0.1,0.05382691248065055,0.046241280893040415,0.17407188091660897,neutral,13.010697997614393,126,4
1076,2024-01-22,26,39568.02,45236.6532949613,45231.57280196833,45241.733787954276,2.2461842877039775,-0.015958288216204753,0.1,0.050866237550221696,0.055036502919133624,0.1743583870391365,neutral,13.94129430837816,135,9
1077,2024-01-22,27,39568.02,45236.6532949613,45231.57280196833,45241.733787954276,2.2461842877039775,-0.016051087829989357,0.1,0.05759269652344235,0.046258390960576455,0.17575519363654662,neutral,14.235599540306433,138,3
1078,2024-01-22,28,39568.02,45234.96837958107,45231.57280196833,45238.36395719382,1.5013065044063763,-0.013088896361119269,0.1,0.06487180597457656,0.05355446482402641,0.15756944208405457,neutral,14.59579360230453,142,4
1079,2024-01-22,29,39568.02,45236.41604428507,45231.09830061587,45241.733787954276,2.3510897344282378,-0.010182899875892588,0.1,0.04894535883461632,0.0433771692674079,0.15160904374562492,neutral,15.174031494220545,149,7
1080,2024-01-22,30,39568.02,45237.03947690813,45231.09830061587,45242.98065320039,2.626686609451394,-0.007632970972250871,0.1,0.04497628039032272,0.04766794282116518,0.15504835765523137,neutral,15.362496495803342,152,3
1081,2024-01-22,31,39568.02,45237.03947690813,45231.09830061587,45242.98065320039,2.626686609451394,-0.004225635882024383,0.1,0.08160897656453064,0.050978192632801435,0.15567587377171063,neutral,15.641088821067495,155,3
1082,2024-01-22,32,39568.02,45238.79371384982,45234.60677449924,45242.98065320039,1.8510393433832406,-0.0036155191705013177,0.1,0.08027009624020004,0.049217966764131635,0.17486126951454017,neutral,15.99981047784557,159,4
1083,2024-01-22,33,39568.02,45241.63205324499,45239.10749932394,45244.15660716605,1.116031321807459,-0.004949992831346278,0.1,0.11337378004536672,0.05418777643648773,0.15316204132189387,neutral,16.324209294902722,163,4
1084,2024-01-22,34,39568.02,45239.812779460306,45235.468951754556,45244.15660716605,1.9203561813672398,-0.0076527930462291964,0.1,0.1164974206054943,0.047259656808077435,0.1763783866847102,neutral,16.749819509059225,170,7
1085,2024-01-22,35,39568.02,45239.812779460306,45235.468951754556,45244.15660716605,1.9203561813672398,-0.010246895428338024,0.1,0.1285942243813624,0.04225180933058389,0.16223334103218487,neutral,17.22221453802203,173,3
1086,2024-01-22,36,39568.02,45239.38169083264,45234.60677449924,45244.15660716605,2.1109556120977153,-0.009713713421068084,0.1,0.12218929449129189,0.04541118512975983,0.1574637536621753,neutral,17.569609842126297,178,5
1087,2024-01-22,37,39568.02,45237.847104913075,45231.09830061587,45244.595909210286,2.9836982655499917,-0.008762626669708467,0.1,0.11871627603862706,0.045965449084682454,0.17326515890156996,neutral,18.140393117668353,186,8
1088,2024-01-22,38,39568.02,45237.847104913075,45231.09830061587,45244.595909210286,2.9836982655499917,-0.01027166076515673,0.1,-0.05291051299329863,0.04112324019806626,0.15766917281386084,neutral,18.587447551229257,190,4
1089,2024-01-22,39,39568.02,45230.17507997183,45229.51788142358,45230.83227852008,0.2906018148678284,-0.008995486612466868,0.1,-0.04867868923145478,0.0434319273413038,0.15502379233553965,neutral,19.169470736877006,197,7
1090,2024-01-22,40,39568.02,45229.31513981557,45228.049123094155,45230.58115653698,0.5598213094755077,-0.01154663559976058,0.1,-0.049027076823701526,0.04831722678815895,0.15189389727623898,neutral,19.869059092174755,205,8
1091,2024-01-22,41,39568.02,45232.33079404502,45228.03219733606,45236.62939075397,1.9006744218103506,-0.007039132654179055,0.1,-0.03994315571370813,0.04948012531896891,0.16353799842219344,neutral,20.857085400806056,212,7
1092,2024-01-22,42,39568.02,45232.15969030781,45227.68998986165,45236.62939075397,1.9763374009846093,-0.006602640090434626,0.1,-0.02917055362607574,0.04821418490783332,0.1745287013491346,neutral,21.280639016951724,217,5
1093,2024-01-22,43,39568.02,45232.15969030781,45227.68998986165,45236.62939075397,1.9763374009846093,-0.0074037155141666155,0.1,0.0005843280196140242,0.05706484938394235,0.17020639734394172,neutral,21.825273132988034,224,7
1094,2024-01-22,44,39568.02,45230.219240557984,45227.497848317216,45232.94063279876,1.2033513374313007,-0.00867497229597722,0.1,-0.0028763760138677376,0.05861648149980228,0.1698239558907273,neutral,21.998752289188488,226,2
1095,2024-01-22,45,39568.02,45230.21081126558,45227.480989732394,45232.94063279876,1.2070788458509962,-0.01088152012714741,0.1,-0.01124438558090235,0.04623143479164458,0.17536960566832027,neutral,22.975588794004892,232,6
1096,2024-01-22,46,39568.02,45230.1173312285,45227.294029658246,45232.94063279876,1.2484166466257929,-0.010689559944739227,0.1,0.017153937730861456,0.057241522851531945,0.153162158578685,neutral,23.828910207788702,239,7
1097,2024-01-22,47,39568.02,45230.10252551582,45227.26441823287,45232.94063279876,1.2549638954907574,-0.011207046502127381,0.1,-0.01846283069949892,0.05025958699641815,0.15844178946516488,neutral,24.813618361545522,246,7
1098,2024-01-22,48,39568.02,45231.993428034606,45226.92711726494,45237.05973880428,2.240144811539915,-0.011297160092377806,0.1,-0.0005886566377210842,0.057523849565391125,0.17168353801864564,neutral,25.61100595891349,254,8
1099,2024-01-22,49,39568.02,45231.57670537678,45226.09367194927,45237.05973880428,2.4244272815078842,-0.01108613563609756,0.1,0.018524056722426324,0.05411125423299382,0.1592310844016953,neutral,26.60512839779953,262,8
1100,2024-01-23,0,39897.6,44394.25707584013,44388.61832386804,44399.89582781221,2.540306942157793,0.0025247784072594285,0.0,-0.001679637376123459,0.05422001923899623,0.1570349843302228,neutral,0.7119400538058596,4,4
1101,2024-01-23,1,39897.6,44393.47227359145,44387.04871937069,44399.89582781221,2.893918358615042,-0.030329639144253864,0.0,-0.002525858035820788,0.05835681766187106,0.15324086872474738,neutral,1.6476924670503559,10,6
1102,2024-01-23,2,39897.6,44388.11921377752,44371.36515070634,44404.873276848695,7.5488952304954235,-0.024715225589949166,0.0,0.012980118776532336,0.05249327948567434,0.15243492673391143,neutral,2.3737976124059057,16,6
1103,2024-01-23,3,39897.6,44387.77792063018,44371.36515070634,44404.190690554016,7.395175290452971,-0.038424111109721,0.0,-0.004613685300529859,0.054781828439859064,0.17059541829129757,neutral,2.6850537113403634,19,3
1104,2024-01-23,4,39897.6,44381.99950944999,44370.89607480147,44393.10294409851,5.003575670876835,-0.026983922110498347,0.0,-0.0001723864946382202,0.05343175485877852,0.15095167475448093,neutral,3.0779869677227083,24,5
1105,2024-01-23,5,39897.6,44381.99950944999,44370.89607480147,44393.10294409851,5.003575670876835,-0.019355476875781714,0.0,0.0031670350335832923,0.04075395449829706,0.17424203451348066,neutral,3.206352421737328,27,3
1106,2024-01-23,6,39897.6,44382.23837801072,44370.89607480147,44393.58068121996,5.1111902525686155,-0.013729636547041568,0.0,0.015795681259034723,0.05565000288760587,0.17659507579925707,neutral,3.649653255323771,33,6
1107,2024-01-23,7,39897.6,44376.92267390136,44360.26466658276,44393.58068121996,7.50750900012028,-0.018583606311944226,0.0,-0.02295843428874217,0.05725844787021978,0.15801225022368998,neutral,4.181548239944903,38,5
1108,2024-01-23,8,39897.6,44374.90717456282,44360.26466658276,44389.54968254287,6.599454021369697,-0.018176945114572744,0.0,0.0021155842216203473,0.05908084530156171,0.1536563850534415,neutral,4.652021811472189,43,5
1109,2024-01-23,9,39897.6,44371.68728473931,44355.354676830604,44388.01989264801,7.361724968398555,-0.013225208776069326,0.0,0.26960942639117186,0.04001195877669591,0.15923457450078357,neutral,5.327416180395837,49,6
1110,2024-01-23,10,39897.6,44371.68728473931,44355.354676830604,44388.01989264801,7.361724968398555,-0.008301896955733313,0.0,0.22700841390183393,0.04374248540821003,0.1666664870965686,neutral,5.911823360168701,55,6
1111,2024-01-23,11,39897.6,44372.366618010004,44355.354676830604,44389.378559189405,7.667808808059134,0.0013307456364205022,0.0,0.18911351016204478,0.04834789564658296,0.16130600641041565,neutral,6.546559690707891,62,7
1112,2024-01-23,12,39897.6,44370.28162229316,44350.73919237995,44389.82405220636,8.808792371236159,-0.007552657635025417,0.0,0.12869039896426962,0.0590680575876419,0.1518068083470089,neutral,7.294509133180602,70,8
1113,2024-01-23,13,39897.6,44369.620783458464,44350.73919237995,44388.50237453698,8.511044604444919,-0.006649670302348391,0.0,0.11409996521202478,0.045961324023400085,0.15961203858420644,neutral,7.593605824267225,73,3
1114,2024-01-23,14,39897.6,44367.81646788043,44350.73919237995,44384.89374338092,7.698046403904759,-0.0013310083407824219,0.0,0.1119773659617538,0.05269813318306325,0.15371538080117453,neutral,8.109861243904131,76,3
1115,2024-01-23,15,39897.6,44363.15776181982,44349.6831306185,44376.63239302114,6.07469435501549,0.00527734080465741,0.0,0.08976859073140865,0.05818859007371753,0.15570386298956115,neutral,8.90945012310638,84,8
1116,2024-01-23,16,39897.6,44363.15776181982,44349.6831306185,44376.63239302114,6.07469435501549,0.0010483106502083084,0.0,0.08441298651368942,0.05910896382876135,0.15740883500975678,neutral,9.10795411807087,86,2
1117,2024-01-23,17,39897.6,44363.0613609665,44349.490328911874,44376.63239302114,6.118167519688816,-0.007913278310471828,0.0,0.10203724860864175,0.04337620011569129,0.1756182864642556,neutral,9.773543393654824,93,7
1118,2024-01-23,18,39897.6,44353.06595793282,44349.490328911874,44356.64158695376,1.6123480727732404,-0.010044725940238117,0.0,0.09199112744167212,0.05869591034985567,0.17727606408619462,neutral,9.968932526040074,96,3
1119,2024-01-23,19,39897.6,44351.67387858729,44346.70617022081,44356.64158695376,2.2401447034782342,-0.004990134648930626,0.0,0.07627979365453484,0.05776382699322608,0.1559765905751123,neutral,10.74121171497214,100,4
1120,2024-01-23,20,39897.6,44348.37806059627,44346.62473935778,44350.13138183476,0.7907036582468905,-0.002905434323326348,0.0,0.04878464029744235,0.04786641340770378,0.16633665973964026,neutral,10.901331974835045,104,4
1121,2024-01-23,21,39897.6,44348.37806059627,44346.62473935778,44350.13138183476,0.7907036582468905,-0.004910409437497536,0.0,0.023588599727898552,0.053824933275719786,0.15502699617913518,neutral,11.639516853588086,112,8
1122,2024-01-23,22,39897.6,44348.36932811679,44345.33710576794,44351.401550465635,1.3674560732608505,-0.00017556679850916568,0.0,0.02192401473015993,0.054789384664774544,0.16936603069231565,neutral,12.639934944421677,123,11
1123,2024-01-23,23,39897.6,44347.51291375164,44345.33710576794,44349.68872173534,0.9812536671147226,-0.0029859944249075597,0.0,-0.01963847101161714,0.050940906912311554,0.15262339505399655,neutral,12.887898849887078,126,3
1124,2024-01-23,24,39897.6,44347.29772104976,44345.33710576794,44349.258336331586,0.8842095832561386,-0.004967136908685669,0.0,-0.04296459204955473,0.04547976198939944,0.17866948401799468,neutral,13.173801913218242,129,3
1125,2024-01-23,25,39897.6,44347.231012998716,44345.203689665854,44349.258336331586,0.9142953400053249,-0.006730087194309759,0.0,-0.0745302618952908,0.04704654108505078,0.15129300326844972,neutral,13.58562862700793,134,5
1126,2024-01-23,26,39897.6,44345.49617463658,44345.203689665854,44345.78865960731,0.13191191708628702,-0.0028244192433120614,0.0,-0.07503082957805379,0.0428239812707437,0.17290547531004635,neutral,13.85896632365822,136,2
1127,2024-01-23,27,39897.6,44345.29256140179,44344.796463196275,44345.78865960731,0.2237433453976683,-0.00479669009685538,0.0,-0.0912083577846996,0.059625151547825536,0.16144849497327404,neutral,14.406248288635513,143,7
1128,2024-01-23,28,39897.6,44346.45262506166,44344.796463196275,44348.108786927056,0.7469196597946175,-0.0020323554957274092,0.0,-0.09548982601531429,0.04384032169480073,0.15438063057890888,neutral,14.996438893717498,152,9
1129,2024-01-23,29,39897.6,44345.77457635898,44343.4403657909,44348.108786927056,1.0527318962753864,-0.006436389923247878,0.0,-0.06250648511945966,0.05835294555808867,0.17662406820638646,neutral,15.384264841130054,157,5
1130,2024-01-23,30,39897.6,44345.4140914926,44342.71939605815,44348.108786927056,1.215320902807844,-0.010199387915637398,0.0,-0.03261801474831447,0.04669578083781358,0.15941109374271467,neutral,15.720593248713977,161,4
1131,2024-01-23,31,39897.6,44345.363013049086,44342.617239171115,44348.108786927056,1.2383589585961345,-0.010948425596945912,0.0,-0.019738051418505112,0.04711915546941281,0.1544552034493104,neutral,16.630102780005913,166,5
1132,2024-01-23,32,39897.6,44345.363013049086,44342.617239171115,44348.108786927056,1.2383589585961345,-0.009108157116870677,0.0,0.006988828873585363,0.04264537430196964,0.15590064591938468,neutral,17.27220240679576,169,3
1133,2024-01-23,33,39897.6,44346.15298045323,44342.617239171115,44349.68872173534,1.5946101496887475,-0.008735982642938296,0.0,0.013885298707044746,0.04599795185989072,0.16928385211518926,neutral,17.642515117301617,174,5
1134,2024-01-23,34,39897.6,44346.15298045323,44342.617239171115,44349.68872173534,1.5946101496887475,-0.005180029850721334,0.0,0.044672385951027745,0.05647995303759957,0.1561226298346728,neutral,17.99207444145949,177,3
1135,2024-01-23,35,39897.6,44346.48859934982,44342.617239171115,44350.35995952853,1.745960188046347,0.0009491613748580844,0.0,0.05676974115961742,0.0560187744308286,0.15540475943197857,neutral,18.56776283414842,183,6
1136,2024-01-23,36,39897.6,44346.672839610925,44342.617239171115,44350.72844005073,1.8290438403231692,0.0009297857037614618,0.0,0.07701402827928361,0.05380093776818899,0.15948303934640912,neutral,19.06776283414842,185,2
1137,2024-01-23,37,39897.6,44346.457075381055,44341.91011120551,44351.0040395566,2.050654990462498,-0.00020252434218306597,0.0,0.04716948911530622,0.05219625523096234,0.1572241144821952,neutral,20.199476302631464,196,11
1138,2024-01-23,38,39897.6,44349.00736344357,44341.91011120551,44356.10461568163,3.2006363434018237,-0.0009486672844016806,0.0,0.027972733568923408,0.04595954470991687,0.15269278501680472,neutral,20.775425546559553,202,6
1139,2024-01-23,39,39897.6,44347.60961704358,44339.114618405525,44356.10461568163,3.8310965174491454,-0.0020692904746712672,0.0,0.02126765318849059,0.040120940863679566,0.16451580656592935,neutral,21.21490036265761,207,5
1140,2024-01-23,40,39897.6,44347.64409239651,44339.114618405525,44356.17356638751,3.846641311191449,0.0025461711077485187,0.0,0.011703730224068216,0.043233891065479736,0.17897496959154996,neutral,21.700513876518233,212,5
1141,2024-01-23,41,39897.6,44349.61088749134,44342.58018802892,44356.64158695376,3.1705799991141914,0.003363346171884672,0.0,-0.004035875231945462,0.054831322169336595,0.16640031794691934,neutral,22.202304460946344,218,6
1142,2024-01-23,42,39897.6,44352.73350491617,44347.677461298445,44357.789548533896,2.279924242849762,0.005111293471357616,0.0,-0.0008345430519683685,0.043909160007368,0.15498688086154977,neutral,22.95767154218403,225,7
1143,2024-01-23,43,39897.6,44351.408803675215,44344.842600881406,44357.97500646902,2.960989502216063,0.0034336555796211973,0.0,0.01917127555145105,0.04655676397700068,0.16116246764888686,neutral,23.789037238429774,232,7
1144,2024-01-23,44,39897.6,44354.31583582959,44349.8069725176,44358.82469914159,2.033111424232541,0.006217462063744807,0.0,0.0024667198471252146,0.05475855537997601,0.1679228772772026,neutral,24.617243128914176,242,10
1145,2024-01-23,45,39897.6,44354.63822425094,44349.8069725176,44359.46947598429,2.178465173773816,0.005384259169486394,0.0,0.026058034550684152,0.04099211816698966,0.15771188076567624,neutral,25.20269058653619,245,3
1146,2024-01-23,46,39897.6,44353.71326329667,44347.33062890119,44360.09589769214,2.8780608999232995,0.0023796672379659523,0.0,-0.007201780102182882,0.0583841606210745,0.1627131035979277,neutral,26.049812687872873,251,6
1147,2024-01-23,47,39897.6,44353.89604673434,44347.33062890119,44360.46146456749,2.9604695047451592,0.002114316100836132,0.0,-0.01040721511972333,0.05923101464275132,0.16334557298482622,neutral,26.843113864911164,256,5
1148,2024-01-23,48,39897.6,44360.00406547176,44359.54666637602,44360.46146456749,0.20622139486611168,-0.0011676055721373667,0.0,-0.05328905002974993,0.05137910966563702,0.17286523761544934,neutral,27.596896129192093,263,7
1149,2024-01-23,49,39897.6,44357.543774351,44354.6260841345,44360.46146456749,1.3155328127891632,-0.0031602144117082853,0.0,-0.0512026245363721,0.046836980838345164,0.16301082993961138,neutral,28.192869788061607,270,7
1150,2024-01-24,0,40084.88,43723.50353927436,43715.658568457024,43731.348510091695,3.5884456561396147,-0.011634193082200867,-0.04,-0.04586105514122802,0.058819846451488744,0.1686963111920402,neutral,0.45710499904723495,6,6
1151,2024-01-24,1,40084.88,43724.64570001805,43717.9428899444,43731.348510091695,3.0659185300812344,-0.016509223975767522,-0.04,-0.023242313122934014,0.056101946240822695,0.17535118946689926,neutral,1.304633805782322,13,7
1152,2024-01-24,2,40084.88,43729.392044959284,43717.9428899444,43740.84119997417,5.2363659678203955,-0.0258849789488058,-0.04,-0.03404045674585622,0.053475124595681794,0.16351051157342378,neutral,1.8021273527483108,18,5
1153,2024-01-24,3,40084.88,43722.77947646605,43711.05611426121,43734.50283867088,5.362587806726028,0.0018705299026734543,-0.04,-0.035237616942342995,0.04713964858937328,0.16904232423312088,neutral,2.680155429746537,27,9
1154,2024-01-24,4,40084.88,43728.07417392064,43711.05611426121,43745.09223358008,7.783585250860332,-0.0019175672308081107,-0.04,-0.021995771224815705,0.04408128777093201,0.1587573352049342,neutral,3.472413353678395,34,7
1155,2024-01-24,5,40084.88,43728.582290940234,43711.05611426121,43746.10846761926,8.015890642151282,0.023491710006671947,-0.04,-0.03653159682128657,0.049652024713230415,0.15648094321179215,neutral,4.132798781047009,40,6
1156,2024-01-24,6,40084.88,43742.24958751668,43738.39070741409,43746.10846761926,1.764372038007116,0.020869014502186572,-0.04,-0.036627143714701535,0.05795910432370038,0.16575148020736152,neutral,4.587674494461606,45,5
1157,2024-01-24,7,40084.88,43743.64565970603,43738.39070741409,43748.900611997975,2.4026128653396728,0.02306777850317259,-0.04,-0.023998036792141405,0.0450434575499106,0.16340179406107921,neutral,5.1895348303063304,50,5
1158,2024-01-24,8,40084.88,43743.64565970603,43738.39070741409,43748.900611997975,2.4026128653396728,0.010200913066226011,-0.04,0.07556574554098534,0.04715922389065529,0.16000982671901076,neutral,5.5266377949400605,53,3
1159,2024-01-24,9,40084.88,43743.64565970603,43738.39070741409,43748.900611997975,2.4026128653396728,0.02157705746306353,-0.04,0.05928143207866409,0.0427673640177638,0.17214504811610531,neutral,5.9349169455361785,58,5
1160,2024-01-24,10,40084.88,43746.3806884888,43743.428911968236,43749.33246500937,1.349495192110409,0.029455293082754498,-0.04,0.08950946465042328,0.04836582222186972,0.15928238384611332,neutral,6.316793838945715,62,4
1161,2024-01-24,11,40084.88,43746.763643049766,43743.428911968236,43750.09837413129,1.5245612721140884,0.01814973492587316,-0.04,0.07710767172067616,0.050313531021541465,0.16491761659772633,neutral,7.3203286519889,69,7
1162,2024-01-24,12,40084.88,43748.38842425513,43744.47376337642,43752.30308513383,1.7896251815002429,0.01317783569619009,-0.04,0.07463261979384331,0.04383472434780533,0.16666491840508893,neutral,8.0581889424025,77,8
1163,2024-01-24,13,40084.88,43747.86599855103,43743.428911968236,43752.30308513383,2.028481381444122,0.011903339760147891,-0.04,0.08685794936214689,0.04413987202490116,0.17554217243674422,neutral,8.188412080230261,80,3
1164,2024-01-24,14,40084.88,43745.65439702503,43739.00570891622,43752.30308513383,3.039702206058644,0.009093925281342638,-0.04,0.07149143898680067,0.045482407276384015,0.17483025584343814,neutral,8.478223515755952,83,3
1165,2024-01-24,15,40084.88,43745.65439702503,43739.00570891622,43752.30308513383,3.039702206058644,0.008531666893031425,-0.04,0.04882008038299802,0.055780456890962685,0.1535731960763015,neutral,8.478223515755952,83,0
1166,2024-01-24,16,40084.88,43745.65439702503,43739.00570891622,43752.30308513383,3.039702206058644,0.005798743081454683,-0.04,0.033297197045215526,0.05496032153398805,0.1750959267228271,neutral,8.594105575135472,84,1
1167,2024-01-24,17,40084.88,43746.253859498785,43739.00570891622,43753.50201008135,3.313724007473944,0.009133419735970746,-0.04,0.013421316085287844,0.05857193763061277,0.1721623052884779,neutral,8.889113358203025,88,4
1168,2024-01-24,18,40084.88,43745.94635874772,43738.39070741409,43753.50201008135,3.4543320981874905,0.007806735774403382,-0.04,-0.011653319062315086,0.04385741137379229,0.1527814443243081,neutral,9.206360836244635,91,3
1169,2024-01-24,19,40084.88,43745.94635874772,43738.39070741409,43753.50201008135,3.4543320981874905,0.007016903068050175,-0.04,-0.030410287724815285,0.05643283139557911,0.1530413952740959,neutral,9.230335830978948,92,1
1170,2024-01-24,20,40084.88,43745.94635874772,43738.39070741409,43753.50201008135,3.4543320981874905,0.007769335338162743,-0.04,-0.017767282119629618,0.041146206200209735,0.1552376955374156,neutral,9.298090055794827,93,1
1171,2024-01-24,21,40084.88,43745.779227305924,43737.524299558216,43754.03415505363,3.7740453563829033,0.011092119803877122,-0.04,-0.007121424688584533,0.05423555889981899,0.17695065825502995,neutral,9.671075775552511,100,7
1172,2024-01-24,22,40084.88,43750.303941972365,43746.573728891104,43754.03415505363,1.7052284190809743,0.008346121001508156,-0.04,-0.028393276329746604,0.054422647147136474,0.15551353995323702,neutral,10.080309477593367,104,4
1173,2024-01-24,23,40084.88,43750.303941972365,43746.573728891104,43754.03415505363,1.7052284190809743,0.005151529641101051,-0.04,-0.023158013996809904,0.04974424013843828,0.15074294632728452,neutral,10.40221908821788,108,4
1174,2024-01-24,24,40084.88,43751.558614262816,43746.573728891104,43756.543499634536,2.278723560760526,0.007863649094094885,-0.04,-0.03373265577101533,0.04272740654935132,0.17184036773388592,neutral,10.694020903042885,114,6
1175,2024-01-24,25,40084.88,43751.558614262816,43746.573728891104,43756.543499634536,2.278723560760526,0.008600937807624576,-0.04,-0.06205714815879154,0.045149579522874496,0.1732325848381891,neutral,11.163201874434918,117,3
1176,2024-01-24,26,40084.88,43751.22168833875,43744.63679749481,43757.806579182696,3.010151757978897,0.010348261657512865,-0.04,-0.05502041776132552,0.054999073636048154,0.17415350553948533,neutral,11.563835752725916,123,6
1177,2024-01-24,27,40084.88,43751.22168833875,43744.63679749481,43757.806579182696,3.010151757978897,0.0084707548765554,-0.04,-0.09997930596522364,0.04139438851667459,0.1768021418726396,neutral,11.81599266321087,125,2
1178,2024-01-24,28,40084.88,43752.37080995212,43744.3807674977,43760.36085240654,3.6523929133475654,0.01047403229132,-0.04,-0.12227986087610232,0.056728311931597136,0.17587468865694902,neutral,12.633778194297847,133,8
1179,2024-01-24,29,40084.88,43754.10772407614,43747.85459574573,43760.36085240654,2.8583045824354976,0.010849716410716805,-0.04,-0.12807321459648854,0.05704424782403349,0.15122801833123037,neutral,12.736996428393203,137,4
1180,2024-01-24,30,40084.88,43754.46978141732,43748.5787104281,43760.36085240654,2.692785911314806,0.00906626798037187,-0.04,-0.11449993080084148,0.04649218337020323,0.1701826795874077,neutral,12.864801961985629,139,2
1181,2024-01-24,31,40084.88,43754.46978141732,43748.5787104281,43760.36085240654,2.692785911314806,0.009946086048080874,-0.04,-0.11513435699920052,0.04359199562880192,0.15844051865561523,neutral,13.534260305872282,144,5
1182,2024-01-24,32,40084.88,43754.10772407614,43747.85459574573,43760.36085240654,2.8583045824354976,0.00710463192280829,-0.04,-0.13620788770954764,0.05500306458863025,0.16370453413668404,neutral,13.832704453917295,148,4
1183,2024-01-24,33,40084.88,43752.37080995212,43744.3807674977,43760.36085240654,3.6523929133475654,0.0006855637805413563,-0.04,-0.1773064562903754,0.04228474277182792,0.15766060050686703,neutral,14.435527322984075,152,4
1184,2024-01-24,34,40084.88,43752.47963106708,43743.82222006665,43761.1370420675,3.957449302726359,-0.001685329505075798,-0.04,-0.16990696325810192,0.049325065630556705,0.17375806868891291,neutral,15.198457171661259,160,8
1185,2024-01-24,35,40084.88,43752.433435502375,43743.729828937256,43761.1370420675,3.978570279046614,-0.0009507940490461487,-0.04,-0.132520459917488,0.04849907038124861,0.1614864944185255,neutral,15.961124224479414,167,7
1186,2024-01-24,36,40084.88,43745.689253819364,43743.729828937256,43747.64867870147,0.8958253558377776,-0.002436573126783314,-0.04,-0.11367420344104802,0.04501780633068209,0.15301688196250332,neutral,16.447852498752585,171,4
1187,2024-01-24,37,40084.88,43745.08085501935,43742.513031337214,43747.64867870147,1.1739942557837995,-0.001517383412469259,-0.04,-0.06929456807232448,0.05233425415293552,0.17582396810746484,neutral,17.219606992130256,177,6
1188,2024-01-24,38,40084.88,43747.2813038516,43741.890853417724,43752.67175428549,2.4643590519111505,-0.0002121058715970321,-0.04,-0.03856083502520715,0.05234439165988916,0.1765442384109195,neutral,18.09954502507645,185,8
1189,2024-01-24,39,40084.88,43747.2813038516,43741.890853417724,43752.67175428549,2.4643590519111505,0.0005168842212769753,-0.04,-0.06251177321757327,0.04808483284214078,0.17979795589289238,neutral,18.496426188667403,190,5
1190,2024-01-24,40,40084.88,43747.2219906152,43741.77222694491,43752.67175428549,2.491478737305857,-0.0009714422158860706,-0.04,-0.05454032833183406,0.04569200764609362,0.16551628283080588,neutral,18.662156581682073,193,3
1191,2024-01-24,41,40084.88,43748.516669628254,43741.77222694491,43755.26111231159,3.0832783357086333,0.002541489494756739,-0.04,-0.029874448779003315,0.05370349026555561,0.15870132084533958,neutral,19.06339647564041,198,5
1192,2024-01-24,42,40084.88,43748.516669628254,43741.77222694491,43755.26111231159,3.0832783357086333,0.0037731175543002458,-0.04,-0.041853209303976895,0.04191281392047432,0.16257408523326164,neutral,19.247738865863123,200,2
1193,2024-01-24,43,40084.88,43749.164231122435,43741.77222694491,43756.55623529996,3.3792664648293873,0.00453177188255999,-0.04,-0.05615434861483677,0.043438251154542085,0.16641974053018457,neutral,19.607777672513617,206,6
1194,2024-01-24,44,40084.88,43748.403363140795,43741.77222694491,43755.03449933668,3.031487179472177,0.0052779299593168,-0.04,-0.07381183128795198,0.042047341691664186,0.17255312363048933,neutral,19.993572188835568,210,4
1195,2024-01-24,45,40084.88,43747.28074581842,43741.66180937221,43752.89968226462,2.5688163243112667,0.005418490028980673,-0.04,-0.08232030567640113,0.05486870347912389,0.16598481112204183,neutral,20.424380396357748,214,4
1196,2024-01-24,46,40084.88,43742.85600738799,43735.356180123075,43750.35583465291,3.4290523982478724,-0.00832618713647954,-0.04,-0.35412794485741006,0.051513305059948396,0.1537834596712623,neutral,22.3735909041745,227,13
1197,2024-01-24,47,40084.88,43742.24614410223,43734.13645355155,43750.35583465291,3.7079442715228654,-0.01920272006446417,-0.04,-0.3050358654138841,0.055326944262093045,0.16219249609722056,neutral,24.6242441723711,241,14
1198,2024-01-24,48,40084.88,43740.488608599226,43730.62138254554,43750.35583465291,4.511712771193998,-0.02576693553374908,-0.04,-0.26995362099401377,0.052470106224946744,0.15393863916014472,neutral,26.76322203766806,252,11
1199,2024-01-24,49,40084.88,43738.71121543851,43728.47512414373,43748.947306733295,4.680563743344861,-0.0327335498531395,-0.04,-0.22815187634291537,0.04403589896504914,0.17726479493150588,neutral,28.649859062415768,263,11
1200,2024-01-25,0,39961.09,43140.41919546367,43135.8216109409,43145.01677998644,2.131451019027906,-0.006112345125318367,0.04,0.053273954316960935,0.04368089544100427,0.17269353263966736,neutral,0.7052186966160077,3,3
1201,2024-01-25,1,39961.09,43124.734464011315,43104.45214803619,43145.01677998644,9.406349384970227,0.023009039467092495,0.04,0.07249403909417597,0.044515791043012586,0.16849865934495825,neutral,2.0634651908769257,9,6
1202,2024-01-25,2,39961.09,43097.38931783166,43087.83271465874,43106.945921004575,4.434887274697916,0.02307973239872311,0.04,0.06538497935296833,0.04295916668218812,0.17953963432772518,neutral,2.6094426825746075,13,4
1203,2024-01-25,3,39961.09,43096.33490903053,43085.72389705649,43106.945921004575,4.924322217396157,0.0794907561808604,0.04,0.05592890630266281,0.04260706260086531,0.1561060462166069,neutral,4.435088314229306,23,10
1204,2024-01-25,4,39961.09,43089.98495355073,43080.406128448114,43099.56377865335,4.445963540225211,0.0877476704119695,0.04,0.044188388324760304,0.040420183139727214,0.15103293925719943,neutral,5.3685482624610446,30,7
1205,2024-01-25,5,39961.09,43074.93852122642,43060.93189137883,43088.945151074004,6.503377754414934,0.07089087314629429,0.04,0.07119742045926034,0.05633310486403247,0.17655716636122695,neutral,6.150468081990244,37,7
1206,2024-01-25,6,39961.09,43067.194149469695,43060.93189137883,43073.45640756056,2.908133773066683,0.07284030787650524,0.04,0.06767280895131862,0.04775945508795773,0.17488697494285105,neutral,6.4940278925210455,42,5
1207,2024-01-25,7,39961.09,43064.59490204822,43060.93189137883,43068.25791271761,1.7011703826402857,0.07583398604495761,0.04,0.045720865214258326,0.05870788979335598,0.17254269952593906,neutral,6.763946004429456,44,2
1208,2024-01-25,8,39961.09,43064.59490204822,43060.93189137883,43068.25791271761,1.7011703826402857,0.06750575996334655,0.04,0.046489518707359595,0.05876362345049445,0.15826700328927534,neutral,7.156299596291033,47,3
1209,2024-01-25,9,39961.09,43064.61636104418,43059.43316497698,43069.79955711138,2.407171597092199,0.06276262229712463,0.04,0.05218846945130197,0.05401616836003481,0.17295948898576158,neutral,7.700804114933904,53,6
1210,2024-01-25,10,39961.09,43062.492577189434,43055.1855972675,43069.79955711138,3.3936632482865896,0.043022778890015684,0.04,0.061956916192922304,0.04774446282420414,0.15848296371180295,neutral,8.268995555581009,60,7
1211,2024-01-25,11,39961.09,43058.660433664845,43053.53491063147,43063.785956698215,2.380716437414429,0.030819038786141742,0.04,0.07398529513088355,0.059658937591094016,0.16928332240439783,neutral,8.59672205934721,65,5
1212,2024-01-25,12,39961.09,43056.22322508054,43052.8108580229,43059.635592138184,1.5850749564365982,0.03446816235488892,0.04,0.09282993938880181,0.0573906734362996,0.15541972623933908,neutral,10.186002190964896,75,10
1213,2024-01-25,13,39961.09,43052.605560950615,43045.57552976304,43059.635592138184,3.265786632876386,0.02517824043630765,0.04,0.07568404833483865,0.0443754341682176,0.15978661520942794,neutral,11.089853317088119,83,8
1214,2024-01-25,14,39961.09,43046.6101580188,43042.55182902337,43050.66848701423,1.8855510250552023,0.023136332181678487,0.04,0.05835255636159978,0.04889147002138857,0.17227109811269345,neutral,12.095615830588569,91,8
1215,2024-01-25,15,39961.09,43043.411701449004,43042.55182902337,43044.27157387465,0.3995373004374749,0.02014864154713836,0.04,0.0828820763835656,0.04116915974473754,0.15899788192419198,neutral,12.803378989526319,95,4
1216,2024-01-25,16,39961.09,43043.075374207205,43042.55182902337,43043.59891939104,0.2432656957182576,0.023317148147360016,0.04,0.051165453202706324,0.047999660365871374,0.1517217553106482,neutral,13.1364428815795,100,5
1217,2024-01-25,17,39961.09,43039.28140409827,43034.9638888055,43043.59891939104,2.0063138379263554,0.022899386672279653,0.04,0.04608104822741093,0.05768686855942575,0.15455228738859156,neutral,13.638640580844449,107,7
1218,2024-01-25,18,39961.09,43039.28140409827,43034.9638888055,43043.59891939104,2.0063138379263554,0.022117566580272835,0.04,0.07715991372716946,0.0540219517472854,0.16232194630473035,neutral,14.05975918687455,110,3
1219,2024-01-25,19,39961.09,43042.64383882918,43034.9638888055,43050.32378885286,3.5685308051421334,0.030392181456107066,0.04,0.09144435665630896,0.04014706089108854,0.17075160342404067,neutral,14.529361965099634,116,6
1220,2024-01-25,20,39961.09,43041.532210973324,43032.74063309378,43050.32378885286,4.0851602756363565,0.018787067616054996,0.04,0.07866387337694358,0.05958063681583335,0.1626220968770585,neutral,15.275152428718375,123,7
1221,2024-01-25,21,39961.09,43040.13264380263,43032.74063309378,43047.52465451148,3.4349386281053707,0.0195605487447485,0.04,0.07476745299974283,0.058198603163194376,0.17151785627597269,neutral,15.372341836798974,125,2
1222,2024-01-25,22,39961.09,43038.40049603657,43030.188781748075,43046.61221032507,3.815994179083173,0.017021703770863865,0.04,0.09605121575234556,0.04913776143474534,0.16425325094795507,neutral,15.930789327877529,131,6
1223,2024-01-25,23,39961.09,43035.63246677164,43030.188781748075,43041.07615179521,2.5298501318747766,0.011714195320356613,0.04,0.09582085536264962,0.05933412280036921,0.1709149876287105,neutral,16.20449750562762,133,2
1224,2024-01-25,24,39961.09,43034.272924545105,43027.469697295,43041.07615179521,3.1617716707036254,0.013917768786232328,0.04,0.07292257022521043,0.04834328557951404,0.17633248214587874,neutral,16.983252036759666,139,6
1225,2024-01-25,25,39961.09,43030.57645247503,43027.469697295,43033.68320765506,1.4439756267102792,0.016649895361047898,0.04,0.06693987720606318,0.05652929218984366,0.16673066073556359,neutral,17.19909468972265,141,2
1226,2024-01-25,26,39961.09,43033.10192620248,43027.469697295,43038.73415510997,2.6176262715822025,0.020675404108332195,0.04,0.0250068867879759,0.05715715567034978,0.1591470937315519,neutral,17.65727157202309,148,7
1227,2024-01-25,27,39961.09,43034.272924545105,43027.469697295,43041.07615179521,3.1617716707036254,0.02822073426843803,0.04,0.026752621418574554,0.04258142493861763,0.15893578195170632,neutral,18.233919130179594,153,5
1228,2024-01-25,28,39961.09,43041.404504171645,43038.571758342194,43044.2372500011,1.3162887513008743,0.028752893841947468,0.04,0.023021136935369908,0.043323699992194986,0.15998188429531138,neutral,18.35386526834821,155,2
1229,2024-01-25,29,39961.09,43042.39256103097,43038.571758342194,43046.21336371973,1.7753672421215891,0.02782845076346837,0.04,0.05288397130553295,0.046860534251800486,0.17964372227863906,neutral,19.103767895773313,161,6
1230,2024-01-25,30,39961.09,43042.39256103097,43038.571758342194,43046.21336371973,1.7753672421215891,0.02866573657366671,0.04,0.023011871508081993,0.04920710746269654,0.17129014030513573,neutral,19.323776192049287,165,4
1231,2024-01-25,31,39961.09,43042.39256103097,43038.571758342194,43046.21336371973,1.7753672421215891,0.02395323290826447,0.04,0.02148691560169336,0.04100350700639948,0.152900836793627,neutral,19.62285844095738,167,2
1232,2024-01-25,32,39961.09,43035.115276915676,43023.61834350628,43046.61221032507,5.3430475719263955,0.024337995129548096,0.04,0.0018951760774707956,0.04078723759639459,0.15065540135958605,neutral,20.53104752191352,177,10
1233,2024-01-25,33,39961.09,43032.52282949521,43023.7647087414,43041.28095024901,4.0704658606736555,0.022197500743485237,0.04,0.023352048124832582,0.042688668547391,0.16403161847913453,neutral,20.926473127970244,181,4
1234,2024-01-25,34,39961.09,43031.07195832021,43023.7647087414,43038.379207899015,3.396266579594006,0.019872248530282948,0.04,-0.0031587229291892525,0.055670030051758176,0.1503153967362496,neutral,21.066332283128393,183,2
1235,2024-01-25,35,39961.09,43030.806863065925,43023.7647087414,43037.84901739046,3.273075658068956,0.02067806573033665,0.04,0.03784491992190027,0.05786608987576246,0.16298519763171515,neutral,21.196152098265156,184,1
1236,2024-01-25,36,39961.09,43030.806863065925,43023.7647087414,43037.84901739046,3.273075658068956,0.023864743469814584,0.04,0.0018980400375476492,0.0577484907074072,0.1768180053200997,neutral,21.547195325386266,187,3
1237,2024-01-25,37,39961.09,43031.07195832021,43023.7647087414,43038.379207899015,3.396266579594006,0.023841409244219604,0.04,0.056462133793070905,0.05230139508029396,0.17780722686437592,neutral,21.90943871714203,192,5
1238,2024-01-25,38,39961.09,43030.99877570265,43023.61834350628,43038.379207899015,3.4302862616966596,0.023697989637635378,0.04,0.05303349557780842,0.04557388631857052,0.1787661561957123,neutral,22.118358438434303,196,4
1239,2024-01-25,39,39961.09,43032.44964687765,43023.61834350628,43041.28095024901,4.1044855423462145,0.023512470411294003,0.04,0.060951487700545905,0.0515965915209545,0.15847650802555915,neutral,22.661801422465743,202,6
1240,2024-01-25,40,39961.09,43035.81915689103,43030.357363533054,43041.28095024901,2.5382546283447573,0.02321041147212607,0.04,0.04334005950982492,0.04109932613679644,0.16735625454610595,neutral,23.142896034110287,209,7
1241,2024-01-25,41,39961.09,43040.327178092455,43034.63875215418,43046.01560403073,2.6433005096533946,0.03050756647865103,0.04,0.009574491985258879,0.04309041659981038,0.16318688825318695,neutral,23.96372135049601,217,8
1242,2024-01-25,42,39961.09,43041.022280925885,43034.63875215418,43047.40580969759,2.9662533245811415,0.030477901346967307,0.04,-0.02348032924787933,0.04173934040511866,0.1590965935153275,neutral,24.871903016969917,223,6
1243,2024-01-25,43,39961.09,43042.246833071345,43036.96901163121,43047.52465451148,2.4523912334790445,0.029515365555553185,0.04,-0.017653640582481353,0.058894147633449634,0.16004634870410955,neutral,25.456146132105896,229,6
1244,2024-01-25,44,39961.09,43045.64434647128,43042.24938876454,43049.03930417802,1.5773757174658096,0.035316822495527214,0.04,0.2905786095027455,0.05359409557153668,0.16710544895264082,neutral,26.760105143566097,237,8
1245,2024-01-25,45,39961.09,43047.92139648309,43042.24938876454,43053.593404201645,2.635206316380315,0.045115747702305246,0.04,0.26645093257163976,0.05884742878936829,0.17364602789600117,neutral,28.84641862504501,249,12
1246,2024-01-25,46,39961.09,43045.36484195704,43036.96901163121,43053.76067228287,3.900921902581268,0.04993646015386053,0.04,0.24242434767012574,0.0549739695687831,0.1563942635794181,neutral,31.56583722395076,265,16
1247,2024-01-25,47,39961.09,43046.7608420458,43037.92159530022,43055.60008879138,4.106811556862958,0.052554089492890574,0.04,0.2115589752394744,0.059116862943503275,0.1571014591753461,neutral,33.768288433336636,279,14
1248,2024-01-25,48,39961.09,43047.22883481595,43037.92159530022,43056.536074331685,4.324199149472222,0.057321722697471655,0.04,0.19087528499019027,0.0459084407262753,0.1527167840280276,neutral,35.763167385370345,289,10
1249,2024-01-25,49,39961.09,43056.51218608415,43056.25241580458,43056.771956363715,0.1206648037098958,0.0575045444607499,0.04,0.1708373651988101,0.0426665363268515,0.17555537777516664,neutral,37.31756931407084,297,8
1250,2024-01-26,0,41823.51,43056.65195541146,43056.25241580458,43057.051495018335,0.18558786562981655,0.06064409446134189,-0.02,-0.015452416581710643,0.04675963100939672,0.1711647007401935,neutral,39.14228702212957,307,10
1251,2024-01-26,1,41823.51,43050.45590406677,43043.4150329822,43057.49677515134,3.2709856082636284,0.05830191671124926,-0.02,-0.056904639567920516,0.05501196913488253,0.15707989817727713,neutral,40.533282372027045,317,10
1252,2024-01-26,2,41823.51,43051.094939714094,43043.4150329822,43058.774846445995,3.567810176559503,0.05665706111210695,-0.02,-0.058156354555099286,0.05025725758753982,0.17534392743564436,neutral,42.08495458973056,325,8
1253,2024-01-26,3,41823.51,43049.343814427106,43037.92159530022,43060.766033553984,5.306570607031601,0.05280377446378542,-0.02,-0.06007365118689507,0.05413912636986845,0.16963039378958572,neutral,43.478459453538434,334,9
1254,2024-01-26,4,41823.51,43050.6802844514,43040.06502673608,43061.29554216673,4.931516828623227,0.05340570617525332,-0.02,-0.06226691600810471,0.05851654748887035,0.16979980350405952,neutral,44.66616224279966,340,6
1255,2024-01-26,5,41823.51,43062.164908403276,43062.03330677557,43062.29651003098,0.061121696034104285,0.05490111378679941,-0.02,-0.0465561409892633,0.04262824765710537,0.1578745502370177,neutral,45.99478571245612,347,7
1256,2024-01-26,6,41823.51,43063.186610057994,43062.03330677557,43064.339913340424,0.535633042147875,0.053656369730042945,-0.02,-0.010124688263658456,0.05199194520088108,0.16651053836516252,neutral,47.64278964133409,355,8
1257,2024-01-26,7,41823.51,43063.38743115616,43062.03330677557,43064.74155553675,0.6288982178902028,0.0529613916088328,-0.02,0.0020889559138314584,0.05380246235364016,0.17512348785250384,neutral,49.12410410229133,363,8
1258,2024-01-26,8,41823.51,43064.215606873826,43062.03330677557,43066.39790697208,1.0135097400481123,0.056899011061503336,-0.02,0.015301916252170235,0.04346047739502329,0.15800316190871772,neutral,50.59854122575026,371,8
1259,2024-01-26,9,41823.51,43059.59341973669,43052.1291385315,43067.05770094187,3.4669538713130605,0.05503286234932569,-0.02,0.006209417963582362,0.04460638449365755,0.15319235288708533,neutral,52.3517360532271,381,10
1260,2024-01-26,10,41823.51,43065.137382404995,43062.3574560519,43067.91730875809,1.2910333146800186,0.053904840830866316,-0.02,-0.0008650844643778707,0.040958277358266675,0.17845560982541744,neutral,53.799617933275705,389,8
1261,2024-01-26,11,41823.51,43065.78394444699,43062.3574560519,43069.21043284207,1.5912810966151196,0.05584513795520235,-0.02,0.0030816611222539334,0.04013593097172224,0.17291569500600643,neutral,55.06148639846932,395,6
1262,2024-01-26,12,41823.51,43066.21684663746,43062.3574560519,43070.07623722301,1.7923053697981333,0.05411049830411396,-0.02,0.03221944627691819,0.05282049715270709,0.1735899496618512,neutral,56.21417893897449,402,7
1263,2024-01-26,13,41823.51,43067.724673405435,43062.3574560519,43073.09189075897,2.492454567423266,0.055699132157544004,-0.02,0.029532186423556598,0.04005416299640904,0.17549839487835564,neutral,57.7760000805111,412,10
1264,2024-01-26,14,41823.51,43066.39400700803,43058.50203618865,43074.2859778274,3.6650251321673437,0.053734198251219036,-0.02,0.24321695233701635,0.054791623544434856,0.15632909671859851,neutral,59.54985737385278,422,10
1265,2024-01-26,15,41823.51,43071.90492635901,43068.64139164603,43075.168461072004,1.515389077203297,0.05327283425069692,-0.02,0.1700215740686321,0.040607076110660084,0.17531438590974918,neutral,60.54985737385278,426,4
1266,2024-01-26,16,41823.51,43074.63891576699,43073.86266231239,43075.4151692216,0.36042250110084606,0.051835124842572994,-0.02,0.12233828336328217,0.05906614335164745,0.1521799676274347,neutral,61.90162421820644,435,9
1267,2024-01-26,17,41823.51,43074.98129544158,43073.86266231239,43076.099928570766,0.5193887939330905,0.051808998214697435,-0.02,0.1049350908161458,0.04695644694866092,0.1686070454688336,neutral,63.37500859664906,444,9
1268,2024-01-26,18,41823.51,43072.96372010115,43068.64139164603,43077.28604855628,2.00697982298671,0.04970654173088917,-0.02,0.0723397943709973,0.04477503542172048,0.15640628563471023,neutral,64.58297875701672,452,8
1269,2024-01-26,19,41823.51,43073.37594313079,43068.64139164603,43078.110494615554,2.198365640535358,0.048846810663484355,-0.02,0.06663116965857893,0.05408062905183314,0.15652358796651708,neutral,65.7453914406125,459,7
1270,2024-01-26,20,41823.51,43077.352546459464,43076.548919509085,43078.15617340984,0.37310879284533105,0.04988939102752757,-0.02,0.03282065704810176,0.05909332713758138,0.17400412748256228,neutral,66.68107662806824,467,8
1271,2024-01-26,21,41823.51,43075.18693746318,43068.64139164603,43081.732483280335,3.0391259017195242,0.04796181229205065,-0.02,-0.0034188513466051687,0.041360746281833394,0.15950712413161874,neutral,69.06628973298679,483,16
1272,2024-01-26,22,41823.51,43076.069748964714,43068.64139164603,43083.4981062834,3.448948505271898,0.050277522233649743,-0.02,-0.0031897902616325104,0.05716645877757716,0.17534592256231524,neutral,70.37863654918858,490,7
1273,2024-01-26,23,41823.51,43082.74470891233,43081.96289477753,43083.526523047134,0.3629360850083888,0.04605572766924878,-0.02,-0.0387849598926623,0.05374468686921366,0.1593850259257266,neutral,71.31598186846257,496,6
1274,2024-01-26,24,41823.51,43083.57955453946,43081.96289477753,43085.19621430139,0.7504760647307972,0.04628481343822625,-0.02,0.11235133585318736,0.043520495100822676,0.1759869861080301,neutral,72.38697549355476,501,5
1275,2024-01-26,25,41823.51,43085.02268306707,43081.96289477753,43088.082471356625,1.4203489282374528,0.047109370351285554,-0.02,0.09338515047030516,0.04274105605656311,0.17586634269965815,neutral,73.98393625289425,508,7
1276,2024-01-26,26,41823.51,43085.19756419805,43080.61504585231,43089.7800825438,2.1271891994541345,0.04610943992427718,-0.02,0.10585290372332681,0.04793578650829169,0.16293631454592986,neutral,75.06457028534885,514,6
1277,2024-01-26,27,41823.51,43089.49964121458,43087.60711532795,43091.39216710121,0.8784162742141117,0.0469009117827996,-0.02,0.14424496107430984,0.04004153035200163,0.15782126322398557,neutral,76.55514938039504,524,10
1278,2024-01-26,28,41823.51,43090.399146823394,43087.60711532795,43093.19117831884,1.2958949328516993,0.04932896134828766,-0.02,0.16464576625029298,0.050937623475748664,0.17143379051657345,neutral,77.89015479073262,532,8
1279,2024-01-26,29,41823.51,43091.53719819238,43083.510617731416,43099.56377865335,3.7253627894726935,0.05050899303998509,-0.02,0.15012821508812857,0.04054162267340102,0.1634780447539691,neutral,80.326548338344,547,15
1280,2024-01-26,30,41823.51,43096.6169163163,43092.14862111966,43101.08521151293,2.073617613796254,0.0502616992492623,-0.02,0.1422297775069004,0.05304951911014465,0.15158159299003504,neutral,81.71587088938925,556,9
1281,2024-01-26,31,41823.51,43097.654675235826,43092.14862111966,43103.160729351985,2.55515255187461,0.05211934544253527,-0.02,0.12316244775015724,0.05107958974440161,0.15893864793950596,neutral,83.55741511400223,566,10
1282,2024-01-26,32,41823.51,43099.44103246553,43092.14862111966,43106.733443811405,3.383993467747732,0.05380498683451325,-0.02,0.0851707461440304,0.05242212649820406,0.15905400167583464,neutral,85.6065137895581,577,11
1283,2024-01-26,33,41823.51,43102.63231341026,43097.122542397716,43108.142084422805,2.5565821467615746,0.052420280852053885,-0.02,0.07235885292754532,0.0525681391528198,0.16315947055307953,neutral,86.73226644454355,583,6
1284,2024-01-26,34,41823.51,43104.97013292051,43100.06011432506,43109.88015151597,2.2781681928162825,0.052671055851384034,-0.02,0.06411184171969407,0.04531115196024827,0.17420320708946302,neutral,87.88916300026038,589,6
1285,2024-01-26,35,41823.51,43107.4176659877,43100.81166915172,43114.02366282367,3.0649002856811887,0.05674633845456345,-0.02,0.04533879975618984,0.05647492775901601,0.1525580502483503,neutral,89.85577616434027,603,14
1286,2024-01-26,36,41823.51,43109.421664492074,43100.81166915172,43118.03165983243,3.9944842718432607,0.05410801069235724,-0.02,0.03975532315810764,0.04530226500830298,0.16296031676791087,neutral,91.14907610690186,612,9
1287,2024-01-26,37,41823.51,43110.116572377665,43100.81166915172,43119.42147560361,4.3168072674181355,0.05495135911695963,-0.02,0.057103552130973845,0.04440654786875165,0.15309649946637,neutral,92.30218683792377,618,6
1288,2024-01-26,38,41823.51,43110.46285892656,43100.81166915172,43120.114048701405,4.477423407131873,0.057910020997263646,-0.02,0.043302056343936246,0.05333870835114434,0.15801432209611949,neutral,93.79204422325203,628,10
1289,2024-01-26,39,41823.51,43117.47294086991,43112.81616108067,43122.129720659155,2.160043004203105,0.05578709320985136,-0.02,0.09060065881807297,0.04871344132244581,0.15387258585427385,neutral,95.02013456186569,635,7
1290,2024-01-26,40,41823.51,43123.22173350409,43123.03483618562,43123.40863082255,0.08668059154745798,0.052917625735280326,-0.02,0.09596294796550675,0.05243037448068097,0.1565958586910693,neutral,96.7359584091921,647,12
1291,2024-01-26,41,41823.51,43123.92916597327,43123.03483618562,43124.82349576091,0.4147719398207063,0.05252505480346015,-0.02,0.11147918840031626,0.057988250443346503,0.15400602699482246,neutral,98.07540862096542,655,8
1292,2024-01-26,42,41823.51,43113.56655809565,43100.06011432506,43127.073001866236,6.265519115607299,0.05302216704031763,-0.02,0.12270814070833899,0.04907852272843592,0.16520998860430042,neutral,99.62529214757333,667,12
1293,2024-01-26,43,41823.51,43113.74737952026,43099.87124323064,43127.62351580988,6.436989189304308,0.05161968402311606,-0.02,0.10118963874149844,0.05864696283267422,0.17574620372931088,neutral,101.14296935803326,677,10
1294,2024-01-26,44,41823.51,43119.44770462309,43110.356102594546,43128.53930665164,4.2169380697206265,0.05006399076969166,-0.02,0.08530525411122357,0.05578192223297514,0.16808678647816305,neutral,101.89780998984307,681,4
1295,2024-01-26,45,41823.51,43128.531686092116,43126.02823303765,43131.035139146574,1.1609266332936705,0.05004740725070545,-0.02,0.05095388627602841,0.05996399815331235,0.15224880130410037,neutral,103.062813595562,689,8
1296,2024-01-26,46,41823.51,43129.166727739575,43126.02823303765,43132.3052224415,1.455393155048592,0.04874364401370638,-0.02,0.03559937559625613,0.04043291122693967,0.15275332819413526,neutral,104.2795176888058,695,6
1297,2024-01-26,47,41823.51,43131.567536446506,43128.45233599944,43134.68273689357,1.4445106565773467,0.050277387020814975,-0.02,0.0031939144195124274,0.05758648926725121,0.16542681033797932,neutral,105.23155800262363,703,8
1298,2024-01-26,48,41823.51,43132.75432679389,43128.45233599944,43137.05631758834,1.994767485450588,0.04932078684621126,-0.02,-0.031197119334935488,0.05503589174734513,0.1676509706765297,neutral,106.05564614129558,709,6
1299,2024-01-26,49,41823.51,43136.77037045485,43136.33744701671,43137.20329389299,0.20072130315847453,0.04612137299123312,-0.02,-0.02378513052007766,0.04194036436474179,0.15192715727571376,neutral,107.33523041505511,717,8
1300,2024-01-27,0,42120.63,43132.99450119588,43126.78192651765,43139.207075874096,2.880660037665555,0.04955277128826591,0.1,0.11907073163813385,0.049272441486869,0.1735281389792015,neutral,109.28213407114322,733,16
1301,2024-01-27,1,42120.63,43133.42112512764,43126.78192651765,43140.060323737634,3.0784474946847538,0.050753912957100335,0.1,0.11902833444232197,0.04550340224976136,0.16193881039142272,neutral,110.03702782560944,740,7
1302,2024-01-27,2,42120.63,43136.15049993783,43131.22186747757,43141.07913239809,2.285151736136116,0.04922658786020119,0.1,0.10811354469947114,0.059620897245089316,0.16985432185723273,neutral,111.426756051073,750,10
1303,2024-01-27,3,42120.63,43140.481517293265,43136.74196011232,43144.22107447421,1.733665016904153,0.04772734440396393,0.1,0.11300309406360398,0.054990911284421705,0.17098602772846572,neutral,112.42785497947831,758,8
1304,2024-01-27,4,42120.63,43138.69760887069,43131.22186747757,43146.173350263794,3.4659096391328434,0.047717307773144105,0.1,0.09991524453128138,0.053338719704078136,0.15307587594683403,neutral,113.85002078457124,768,10
1305,2024-01-27,5,42120.63,43139.4475676726,43131.22186747757,43147.67326786763,3.813539884637535,0.043915871900832966,0.1,-0.18197424293032533,0.05781664296579267,0.16347113281109885,neutral,114.82833057612297,773,5
1306,2024-01-27,6,42120.63,43141.05975870222,43133.207180572295,43148.91233683214,3.640419671580889,0.04208630754792135,0.1,-0.1748300464419671,0.05642518840745691,0.1573396516381414,neutral,116.40685210611595,786,13
1307,2024-01-27,7,42120.63,43146.91156939738,43144.02545421345,43149.79768458131,1.3378084683016385,0.0401860777959952,0.1,-0.15389139066712937,0.05677678673530541,0.17631361402986864,neutral,117.29450535144562,790,4
1308,2024-01-27,8,42120.63,43149.01086713937,43147.75138626212,43150.270348016624,0.5837820390043238,0.040602437101266355,0.1,-0.1272850877845202,0.04203757528279113,0.1773336150417587,neutral,118.58298373922975,799,9
1309,2024-01-27,9,42120.63,43149.53890359521,43147.75138626212,43151.32642092829,0.8285221017450038,0.040732018688775434,0.1,-0.14113008304412794,0.05520069803606348,0.15146298956439422,neutral,119.80561579043274,806,7
1310,2024-01-27,10,42120.63,43149.653849663795,43144.05536038874,43155.25233893885,2.5949173518573927,0.0405175821068291,0.1,-0.12626710203353844,0.05092952722050753,0.15274059728170666,neutral,121.27239645527283,817,11
1311,2024-01-27,11,42120.63,43158.562439031455,43155.77788503332,43161.34699302959,1.2903831085982154,0.038677958366214724,0.1,-0.08506142384545123,0.05164870153776592,0.155597702906195,neutral,122.77877188635883,825,8
1312,2024-01-27,12,42120.63,43154.88547719021,43147.61993608881,43162.1510182916,3.367192854785826,0.034882540094755325,0.1,-0.08139003843672064,0.0517559689874337,0.17521044532765523,neutral,124.38954442175286,837,12
1313,2024-01-27,13,42120.63,43155.71540655056,43147.61993608881,43163.8108770123,3.751748933127215,0.034652842926624815,0.1,0.043936479145053914,0.04405706477455731,0.1799495626971287,neutral,125.38954442175286,841,4
1314,2024-01-27,14,42120.63,43156.59886931698,43147.61993608881,43165.577802545144,4.16109399879007,0.03807685389509037,0.1,0.00893368819041826,0.05933117837110287,0.1632221712325279,neutral,126.92713276275416,850,9
1315,2024-01-27,15,42120.63,43165.91297808592,43164.65468863325,43167.17126753859,0.5830014313887456,0.040536466446347855,0.1,0.019861089581527384,0.0567679927618438,0.17146862150915357,neutral,128.3623240351467,859,9
1316,2024-01-27,16,42120.63,43166.4186522173,43164.65468863325,43168.18261580134,0.8172851207592075,0.04039128386051929,0.1,0.03632216480104467,0.045675958860830985,0.17081589485627197,neutral,130.29140538602783,869,10
1317,2024-01-27,17,42120.63,43158.33470721221,43147.61993608881,43169.04947833561,4.965331121364471,0.041993869568677664,0.1,0.04408462661041782,0.0551847795931399,0.16859243563474696,neutral,132.68351358821096,884,15
1318,2024-01-27,18,42120.63,43166.04375124282,43162.972063033136,43169.11543945251,1.423196541887107,0.03856324260964975,0.1,0.04517353362970197,0.046571412654645886,0.16806768907131772,neutral,133.675422737622,891,7
1319,2024-01-27,19,42120.63,43166.47213517202,43162.972063033136,43169.972207310915,1.621662353101034,0.03623191246653355,0.1,0.029280898122511355,0.055537874964097456,0.15212374308033522,neutral,135.00811874201926,898,7
1320,2024-01-27,20,42120.63,43167.276228873234,43162.972063033136,43171.58039471333,1.9941799511635958,0.03545680012034912,0.1,0.05270114737090821,0.049944583900399915,0.17850921041208542,neutral,135.55814836645084,901,3
1321,2024-01-27,21,42120.63,43168.45262025814,43159.26341469984,43177.64182581644,4.257370834732613,0.035555365176298884,0.1,0.06350503113895435,0.04038335775049955,0.16295968114390322,neutral,136.3829556179224,910,9
1322,2024-01-27,22,42120.63,43167.60997841739,43156.74861511461,43178.47134172018,5.03218191056475,0.03497117397106151,0.1,0.07477401782168087,0.04435457799365867,0.168636795914405,neutral,137.29321111013732,918,8
1323,2024-01-27,23,42120.63,43171.31091989497,43163.90283483599,43178.71900495394,3.431948162389699,0.03581690180727645,0.1,0.059626682255422316,0.04967149171407735,0.1504394138181746,neutral,138.14059591067814,926,8
1324,2024-01-27,24,42120.63,43171.77542822338,43163.90283483599,43179.64802161076,3.647101982392075,0.03559527918308893,0.1,0.0451982316605476,0.04506758797658669,0.17685229677485534,neutral,139.14059591067814,930,4
1325,2024-01-27,25,42120.63,43176.067579769966,43172.4075871236,43179.727572416334,1.6953802657482568,0.03506669450624825,0.1,0.03286663343951097,0.04701555246020624,0.1749808123904826,neutral,139.6564439494418,933,3
1326,2024-01-27,26,42120.63,43178.596562112594,43176.92396839319,43180.26915583199,0.7747327854884417,0.035935290458661194,0.1,0.052211669783331145,0.04330840304256819,0.1500697021839579,neutral,141.18440868822773,941,8
1327,2024-01-27,27,42120.63,43179.24641579813,43176.92396839319,43181.568863203065,1.0757239172607276,0.036994717684867416,0.1,0.05170808836632937,0.05812275072254959,0.15166335707111522,neutral,142.42580630527158,950,9
1328,2024-01-27,28,42120.63,43179.89869859908,43176.92396839319,43182.87342880496,1.3778310257973692,0.03880498588435609,0.1,0.04836380942011139,0.057574930473538594,0.15590001697170922,neutral,143.7503964840526,957,7
1329,2024-01-27,29,42120.63,43181.25353533267,43176.92396839319,43185.583102272154,2.0052993301550512,0.04001902794600877,0.1,0.07357477041131576,0.044112429753986826,0.1684104956318623,neutral,145.4435917717264,966,9
1330,2024-01-27,30,42120.63,43181.35682371864,43176.92396839319,43185.789679044094,2.053133876060983,0.0395208365908107,0.1,0.07616355299297653,0.043804558616402756,0.16562657348102036,neutral,146.6176761306054,972,6
1331,2024-01-27,31,42120.63,43182.45777417373,43176.92396839319,43187.99157995427,2.562987873215334,0.04029434999111054,0.1,0.0435553666765152,0.041420748428066825,0.17454923453025908,neutral,148.13189428036569,982,10
1332,2024-01-27,32,42120.63,43182.56238003706,43176.578223072414,43188.546537001705,2.77156177624675,0.03823730795873686,0.1,0.060889684422955705,0.05026521009140884,0.15321667182625462,neutral,149.73268624576846,992,10
1333,2024-01-27,33,42120.63,43181.715310483276,43176.578223072414,43186.85239789414,2.3792882584330464,0.03766410569313602,0.1,0.023030053530865374,0.0490473351841314,0.17200928521093345,neutral,151.010150161145,1001,9
1334,2024-01-27,34,42120.63,43183.20893269512,43176.578223072414,43189.83964231782,3.070966603263507,0.040180437506889745,0.1,0.02894783833403592,0.044736989411930925,0.15494802080558193,neutral,152.47507825318863,1011,10
1335,2024-01-27,35,42120.63,43184.23223709331,43177.46584115708,43190.99863302954,3.1337345071151015,0.042310740915953673,0.1,0.055398849179087675,0.047317985972356154,0.15688180506463145,neutral,153.85960193427957,1019,8
1336,2024-01-27,36,42120.63,43185.06274841144,43178.404179008074,43191.72131781481,3.083737283031908,0.0416018231891979,0.1,0.04964356733605754,0.04281183836346731,0.1627435002457256,neutral,154.9798473499664,1025,6
1337,2024-01-27,37,42120.63,43186.60357413271,43181.193886647605,43192.01326161781,2.505261834640897,0.04194419000142586,0.1,0.024907946821758443,0.04366847286995912,0.1502052224444509,neutral,156.57296211749272,1035,10
1338,2024-01-27,38,42120.63,43189.73652420647,43186.5823829965,43192.89066541644,1.4605975696104843,0.040765417045304175,0.1,0.06630903201152305,0.04263613659793359,0.17661128233340884,neutral,157.78941432057886,1042,7
1339,2024-01-27,39,42120.63,43191.205445380445,43186.5823829965,43195.828507764396,2.1407424665624206,0.042180132299230406,0.1,0.0577687558675693,0.0444722523958533,0.17571290818829746,neutral,159.7516179112914,1053,11
1340,2024-01-27,40,42120.63,43192.33298192454,43186.5823829965,43198.08358085259,2.6627869026894326,0.046538908406940686,0.1,0.05271513181805352,0.04435497409668044,0.1523490501143867,neutral,162.2510035356401,1068,15
1341,2024-01-27,41,42120.63,43188.55492158761,43178.404179008074,43198.70566416714,4.700663218744486,0.04576516966070558,0.1,0.07869908099604936,0.04196689843180426,0.1634782364086995,neutral,164.48805793004576,1083,15
1342,2024-01-27,42,42120.63,43195.95709594502,43192.49865082624,43199.41554106381,1.6012818565893765,0.04647235001456959,0.1,0.08857255431047449,0.05751370255172212,0.15814292592828158,neutral,165.64651352566403,1089,6
1343,2024-01-27,43,42120.63,43196.64855796397,43192.49865082624,43200.79846510171,1.9214023662821829,0.05370483373364478,0.1,0.3021620979489138,0.045143047022181915,0.1715816446672446,neutral,168.54938493923538,1104,15
1344,2024-01-27,44,42120.63,43197.37440758064,43192.49865082624,43202.25016433504,2.2574319950084862,0.05525842428259337,0.1,0.2753581196659084,0.0429219313108264,0.17469010723340803,neutral,169.8493849392354,1110,6
1345,2024-01-27,45,42120.63,43191.65521045296,43178.404179008074,43204.90624189785,6.135922034162416,0.05573369541721004,0.1,0.2468129887249035,0.05304562225636893,0.1621559142772599,neutral,171.81523762195278,1123,13
1346,2024-01-27,46,42120.63,43192.44858886067,43178.404179008074,43206.492998713264,6.503178361699565,0.06369680371461606,0.1,0.49172604205719395,0.043547027233194854,0.15021128743872425,neutral,174.1398295753421,1138,15
1347,2024-01-27,47,42120.63,43192.53307263667,43178.404179008074,43206.66196626527,6.54228526251791,0.06430635043213671,0.1,0.4519394845954832,0.04153591368573468,0.1624111809573009,neutral,175.2968180034019,1144,6
1348,2024-01-27,48,42120.63,43196.160686328934,43183.86443809334,43208.45693456452,5.693213489448948,0.06485317481615442,0.1,0.3895087716611977,0.05540042456911658,0.16890525254661123,neutral,176.50367841996214,1150,6
1349,2024-01-27,49,42120.63,43196.925405733695,43183.86443809334,43209.98637337406,6.047174662400696,0.06377226547261909,0.1,0.370671264908014,0.04688616066639919,0.15185287158870597,neutral,178.49618496344578,1161,11
1350,2024-01-28,0,42031.06,43197.19406687419,43183.86443809334,43210.52369565504,6.171525289450907,0.06463741386738127,0.08,0.07920632857573992,0.055634579780095186,0.1561126645754983,neutral,179.8229778400074,1168,7
1351,2024-01-28,1,42031.06,43196.366659637744,43181.32400467391,43211.40931460159,6.9647778862361145,0.0642828666966817,0.08,0.10985932723445206,0.041850571087334386,0.16198296837092563,neutral,181.22447406515764,1177,9
1352,2024-01-28,2,42031.06,43196.83272973845,43181.32400467391,43212.34145480299,7.180491755759784,0.06372487141983874,0.08,0.11236986941079935,0.05812201857360852,0.15413202296663425,neutral,182.3940724339843,1185,8
1353,2024-01-28,3,42031.06,43194.266273767964,43179.11615410563,43209.4163934303,7.014875338459682,0.06303980340901515,0.08,0.05226255735375835,0.040370624671886665,0.15430864134206448,neutral,183.85349144185392,1194,9
1354,2024-01-28,4,42031.06,43196.72899089526,43179.11615410563,43214.34182768489,8.154708562929912,0.06351510047569792,0.08,0.0762911512813353,0.04487416423808686,0.1591768443978456,neutral,185.3092182729871,1201,7
1355,2024-01-28,5,42031.06,43201.99283425241,43188.74556734895,43215.240101155854,6.132711032231598,0.0648032942912676,0.08,0.09019782724428083,0.04126366193720453,0.16833424569633737,neutral,186.68461585410338,1208,7
1356,2024-01-28,6,42031.06,43214.79440663985,43213.11680093682,43216.47201234288,0.7764034174238709,0.0671204234913371,0.08,0.08518247484779275,0.05164474897605173,0.15899622805332195,neutral,188.24772997040859,1217,9
1357,2024-01-28,7,42031.06,43215.781290527026,43213.11680093682,43218.445780117225,1.2331095311178748,0.06683760537468462,0.08,0.11369322396851834,0.052698594602354876,0.17576797047974183,neutral,189.82859857476686,1228,11
1358,2024-01-28,8,42031.06,43215.67019889057,43211.314800750464,43220.02559703067,2.015656876340059,0.06614095426721187,0.08,0.08362066499102834,0.056272176267347124,0.1714485847065533,neutral,191.87784336905028,1239,11
1359,2024-01-28,9,42031.06,43216.34716862684,43211.314800750464,43221.37953650321,2.3289186643833766,0.06777846482095269,0.08,0.04713384314243238,0.058204333099332886,0.1546324727261764,neutral,193.74707992238515,1249,10
1360,2024-01-28,10,42031.06,43212.667322149995,43203.62571965077,43221.70892464922,4.184700024100681,0.06645408905988508,0.08,0.04038841615532822,0.0455428870374672,0.1634903093155116,neutral,195.15385929911804,1257,8
1361,2024-01-28,11,42031.06,43213.105940583715,43203.62571965077,43222.58616151665,4.387660052010166,0.06607456579567342,0.08,0.041972424918903614,0.0434551351249242,0.16865942370281622,neutral,196.15385929911804,1261,4
1362,2024-01-28,12,42031.06,43216.660752687036,43209.717841200225,43223.60366417384,3.2130717023875803,0.06647593181768363,0.08,0.05405776801602211,0.046867555791491454,0.15057297598061176,neutral,197.32605188406305,1267,6
1363,2024-01-28,13,42031.06,43217.54070665014,43210.83197896173,43224.249434338555,3.1046318595263656,0.06739612938453866,0.08,0.035268111643387855,0.058909897211190006,0.16896360365746954,neutral,198.73672693301566,1275,8
1364,2024-01-28,14,42031.06,43218.84485993169,43210.83197896173,43226.85774090166,3.70804957695311,0.06996770900941418,0.08,0.05610549217010301,0.05501088327507475,0.17239259490029546,neutral,200.6848101224932,1287,12
1365,2024-01-28,15,42031.06,43219.10017041316,43210.83197896173,43227.368361864595,3.8261747323895365,0.07139723135595508,0.08,0.002108963963074105,0.05755956764999318,0.15807569218419915,neutral,201.98636982940656,1294,7
1366,2024-01-28,16,42031.06,43229.06553120252,43226.957094340636,43231.173968064395,0.9754718664263493,0.07003144836989643,0.08,0.005081208216445058,0.04703440222691305,0.16320540986091578,neutral,203.32527119746615,1302,8
1367,2024-01-28,17,42031.06,43230.23594239639,43228.25999800047,43232.21188679231,0.914149253571397,0.06864486866912027,0.08,0.011937267688481691,0.05156436762446579,0.167928973196067,neutral,204.5157167284072,1308,6
1368,2024-01-28,18,42031.06,43230.67718096168,43228.25999800047,43233.09436392288,1.118272078453808,0.06898522348981845,0.08,0.001677621362445628,0.04111455971401969,0.17735183545024896,neutral,206.54321572534528,1319,11
1369,2024-01-28,19,42031.06,43222.820686697756,43210.83197896173,43234.80939443379,5.547397206179406,0.06588881592238247,0.08,0.00671501277285057,0.050147795301703144,0.16324511769843525,neutral,208.87589093238478,1333,14
1370,2024-01-28,20,42031.06,43238.83142883581,43236.98436848486,43240.67848918675,0.8543525761027668,0.06866906824947344,0.08,0.002065090911232574,0.05808905623124988,0.15002243125111592,neutral,210.5719847172003,1343,10
1371,2024-01-28,21,42031.06,43241.72155593856,43236.98436848486,43246.45874339226,2.191026297401357,0.06873395625913178,0.08,-0.008240176464522759,0.05438601218050228,0.1685624094737282,neutral,212.35274786363416,1353,10
1372,2024-01-28,22,42031.06,43242.98750303389,43236.98436848486,43248.990637582916,2.77646614892494,0.06878120937593676,0.08,0.01036390406275766,0.049736564238824735,0.17804679139663526,neutral,213.4249237996277,1358,5
1373,2024-01-28,23,42031.06,43243.52268408534,43236.98436848486,43250.06099968583,3.023951424240765,0.06840697861321812,0.08,0.002956481512260002,0.057973354031053276,0.16369526566024598,neutral,214.66361034205084,1364,6
1374,2024-01-28,24,42031.06,43244.73349643538,43236.98436848486,43252.4826243859,3.5838481701629985,0.06863513507930981,0.08,-0.019742971355615847,0.041016051793778846,0.16404901774369154,neutral,215.92173356145048,1371,7
1375,2024-01-28,25,42031.06,43246.10504492991,43233.79792067084,43258.41216918898,5.691668299970182,0.06710753727281325,0.08,-0.017193453349155233,0.05867160912013379,0.1779780662251093,neutral,217.71538542804873,1381,10
1376,2024-01-28,26,42031.06,43254.9804077889,43249.28830324106,43260.67251233673,2.631884002337407,0.06601933536584317,0.08,-0.0173699570296903,0.057103306899429454,0.1607626728606382,neutral,218.99242213616853,1388,7
1377,2024-01-28,27,42031.06,43255.497964786904,43249.28830324106,43261.707626332754,2.8711548071423754,0.06659892517418556,0.08,-0.0303668309229319,0.05429796876154577,0.16289534009229464,neutral,220.1525443287779,1394,6
1378,2024-01-28,28,42031.06,43244.0794152716,43224.81431245486,43263.34451808833,8.90993776592283,0.05962686914311627,0.08,-0.2924591006596104,0.04157253421979516,0.15992744297340586,neutral,222.98471894300752,1411,17
1379,2024-01-28,29,42031.06,43243.858626544126,43223.407019756145,43264.310233332115,9.458733534676407,0.05706805790624632,0.08,-0.25961672362767474,0.05976027924130843,0.1616816933900062,neutral,225.30637054393262,1423,12
1380,2024-01-28,30,42031.06,43224.87990904948,43209.717841200225,43240.041976898734,7.015435499720255,0.05177840246590645,0.08,-0.21170417985883136,0.044779953604231024,0.15843853690659102,neutral,226.69820060397956,1432,9
1381,2024-01-28,31,42031.06,43218.5956922164,43215.58573217748,43221.60565225531,1.3929004358912838,0.04777053885450107,0.08,-0.1639293664361986,0.04468650131301054,0.15058954448240544,neutral,227.8578071523667,1438,6
1382,2024-01-28,32,42031.06,43218.59026760032,43207.992771647354,43229.18776355329,4.904137727468328,0.04591919938084006,0.08,0.1026631315692706,0.04815875636735682,0.17940783623449497,neutral,228.66868657708469,1445,7
1383,2024-01-28,33,42031.06,43223.760902645736,43203.62571965077,43243.8960856407,9.316719588707082,0.043661150160809806,0.08,0.07145096551174046,0.054840449037595204,0.15094539129246634,neutral,229.51084508151226,1451,6
1384,2024-01-28,34,42031.06,43227.65298428613,43203.62571965077,43251.68024892148,11.116617709543172,0.04676726934787379,0.08,0.07453579033433533,0.05247487452175191,0.15402074682956976,neutral,230.99875965418562,1462,11
1385,2024-01-28,35,42031.06,43245.23496488735,43234.51006567328,43255.959864101416,4.96003743430909,0.04802444319585496,0.08,0.053368966067777156,0.056883717916481634,0.1541790701612374,neutral,232.1740970465851,1470,8
1386,2024-01-28,36,42031.06,43250.62290242563,43230.13103253015,43271.11477232111,9.475872725213229,0.044907325424287825,0.08,0.04100292329389788,0.0534469653528573,0.1706754423128255,neutral,233.73927499293956,1480,10
1387,2024-01-28,37,42031.06,43261.7738345261,43252.075881522745,43271.47178752946,4.483382045521735,0.04463836026197604,0.08,0.04138469549405504,0.0443121953048609,0.17441130812271924,neutral,234.34384163099276,1485,5
1388,2024-01-28,38,42031.06,43262.307917703656,43252.766456841666,43271.84937856565,4.4109809768543675,0.04346854506237506,0.08,0.04563937108781063,0.04295704875724768,0.17822628802484125,neutral,235.79854284165665,1494,9
1389,2024-01-28,39,42031.06,43271.55251266758,43269.418313685856,43273.686711649294,0.9864212665327682,0.04450997570959531,0.08,0.015503860625569781,0.051348864160464594,0.16131023135876232,neutral,237.51132555023054,1504,10
1390,2024-01-28,40,42031.06,43264.84882934009,43252.766456841666,43276.93120183851,5.585306698322901,0.04184882970363431,0.08,0.022544497368243623,0.050052602312425074,0.15773335464611973,neutral,239.54108609421453,1516,12
1391,2024-01-28,41,42031.06,43266.41128854273,43252.766456841666,43280.0561202438,6.307355426392236,0.04162996838192834,0.08,0.023335998241726934,0.040287459035555556,0.1514853788910688,neutral,240.54108609421453,1520,4
1392,2024-01-28,42,42031.06,43266.85532751498,43252.766456841666,43280.9441981883,6.512546644154689,0.04219622199766921,0.08,-0.008605129420852262,0.05806381381445572,0.1714111877603012,neutral,241.6854643741774,1526,6
1393,2024-01-28,43,42031.06,43276.6209936796,43270.561094573415,43282.680892785786,2.800541709146013,0.042986851793584975,0.08,0.017346098788421287,0.05334663699335387,0.15376746308130482,neutral,242.8722749194629,1531,5
1394,2024-01-28,44,42031.06,43277.10294224297,43270.561094573415,43283.64478991252,3.0232373355873134,0.041567915729125014,0.08,0.005144585534709851,0.056384684242048407,0.16609576825180344,neutral,244.65782985470062,1539,8
1395,2024-01-28,45,42031.06,43270.40106829783,43252.766456841666,43288.035679754,8.150888838923898,0.0432553790752029,0.08,0.02188576470165809,0.04426070639686529,0.16823335315820662,neutral,246.91829586162578,1554,15
1396,2024-01-28,46,42031.06,43281.74419474673,43274.82697009898,43288.66141939448,3.196370560588308,0.04221454315661417,0.08,0.028341478350590275,0.051698617879574436,0.1579869450449643,neutral,247.87514980925454,1561,7
1397,2024-01-28,47,42031.06,43288.04725316845,43285.30859817282,43290.785908164085,1.265316949787496,0.04069475665184357,0.08,0.01599564276723789,0.04238897767928572,0.16866908937222078,neutral,249.25708129801117,1569,8
1398,2024-01-28,48,42031.06,43289.29857932859,43285.9900857083,43292.607072948886,1.5285503479485316,0.038877561037932544,0.08,0.030925400326065826,0.053385315916873156,0.17445045950028443,neutral,250.36024031431873,1576,7
1399,2024-01-28,49,42031.06,43289.3457925289,43285.30859817282,43293.38298688497,1.8652138451912879,0.03892422721663993,0.08,0.039868635209213577,0.04593791348536086,0.15001882549885368,neutral,251.63779714324298,1584,8
1400,2024-01-29,0,43302.7,43289.76696530405,43285.30859817282,43294.22533243527,2.059778762402719,0.039935078262940425,0.1,0.09244643855388814,0.042037835079431055,0.15047760801788396,neutral,253.32842728302822,1592,8
1401,2024-01-29,1,43302.7,43290.315647413954,43285.30859817282,43295.32269665509,2.3132421957433538,0.04053530377991847,0.1,0.08980681449273481,0.059216588341603774,0.1770860407029645,neutral,254.48040104090865,1599,7
1402,2024-01-29,2,43302.7,43291.66671750052,43285.93481587773,43297.39861912331,2.6480392451487496,0.038618259172455295,0.1,0.0740083857948449,0.04640113453770582,0.17289450173236684,neutral,255.83260561140648,1606,7
1403,2024-01-29,3,43302.7,43292.28861597568,43285.93481587773,43298.642416073635,2.9353033997877764,0.040292355934676886,0.1,0.0773721298222663,0.04770212245979841,0.1625365198985283,neutral,257.2493802705467,1614,8
1404,2024-01-29,4,43302.7,43293.21491279612,43285.93481587773,43300.49500971451,3.3631583762286144,0.040392627965988546,0.1,0.054460075932108304,0.05706351624515601,0.1674396305917516,neutral,259.11010311906296,1626,12
1405,2024-01-29,5,43302.7,43293.79344427236,43285.93481587773,43301.652072667,3.6303718244282583,0.041295112078280335,0.1,0.051448088449433514,0.043833426376605485,0.16423633050475667,neutral,260.8491820571651,1634,8
1406,2024-01-29,6,43302.7,43294.25178622965,43285.30859817282,43303.19497428649,4.131351247732205,0.04209573416870117,0.1,0.023802021906115935,0.051687918431789145,0.17390584710828572,neutral,262.4673201149871,1645,11
1407,2024-01-29,7,43302.7,43302.804463299006,43301.66208222275,43303.946844375256,0.5276245224355994,0.04379129912901794,0.1,-0.0005421303268015251,0.05610932566081174,0.16015833687337896,neutral,263.3725166163164,1651,6
1408,2024-01-29,8,43302.7,43303.335952703696,43301.66208222275,43305.009823184635,0.7730907765495795,0.04388038171390406,0.1,0.006118211847267715,0.05869080491243721,0.17178183978187422,neutral,265.39437458402494,1662,11
1409,2024-01-29,9,43302.7,43306.240003453466,43305.750792640465,43306.72921426647,0.2259308649107702,0.044567668960606585,0.1,-0.0026706343334049996,0.058166944204860196,0.16813722330774725,neutral,266.62254299548704,1671,9
1410,2024-01-29,10,43302.7,43306.692534569665,43305.750792640465,43307.63427649886,0.4349175030833749,0.04459994306443868,0.1,0.05427256607628885,0.05546335383493918,0.15318797714377186,neutral,267.86624154245715,1678,7
1411,2024-01-29,11,43302.7,43305.58923914895,43301.66208222275,43309.51639607514,1.8136951812420423,0.04378181380575344,0.1,0.07882114747965113,0.04341076097796452,0.16342051647016875,neutral,268.992091830263,1684,6
1412,2024-01-29,12,43302.7,43306.44832995365,43301.1429438753,43311.75371603201,2.450159864386229,0.04320599911697284,0.1,0.08922990358275033,0.04580723770733362,0.15246032223624562,neutral,270.68003325228534,1693,9
1413,2024-01-29,13,43302.7,43311.20249401968,43310.0181258499,43312.38686218946,0.5469107766946558,0.043349199820699576,0.1,0.06500845939130845,0.05344723715864389,0.15986280382663348,neutral,271.7492090133112,1698,5
1414,2024-01-29,14,43302.7,43312.09484619843,43310.0181258499,43314.17156654696,0.958956317354155,0.04308574525419448,0.1,0.04684317614312002,0.04551897656314375,0.1719303104741845,neutral,273.75444513100325,1708,10
1415,2024-01-29,15,43302.7,43317.45208479244,43317.34257175598,43317.561597828906,0.05056300922248046,0.04000362758131279,0.1,0.03544134198984903,0.05328066066222635,0.1571268004370331,neutral,274.83348148311563,1716,8
1416,2024-01-29,16,43302.7,43317.50392567223,43317.34257175598,43317.66527958848,0.07449825203539008,0.04084535537910029,0.1,0.00011299673394180032,0.05890614080503273,0.1775123033840944,neutral,275.7469767980798,1721,5
1417,2024-01-29,17,43302.7,43311.894104774256,43305.726547028615,43318.061662519896,2.8479741526524274,0.03993612594325941,0.1,0.0032581470608995054,0.04925220606513957,0.17454901528318145,neutral,276.54995468572474,1728,7
1418,2024-01-29,18,43302.7,43314.8304999922,43311.333930399895,43318.327069584506,1.614490719203546,0.0407391847555741,0.1,-0.011424520347982718,0.0485776877878942,0.15566956979913524,neutral,277.2875138897097,1734,6
1419,2024-01-29,19,43302.7,43315.55765908289,43311.333930399895,43319.78138776589,1.9502132311174099,0.04031002259513035,0.1,0.005932277332670686,0.04535054060496685,0.1655762092381038,neutral,279.0640722480955,1745,11
1420,2024-01-29,20,43302.7,43316.37752664191,43312.967613836496,43319.787439447326,1.5744219623710005,0.039061311250709954,0.1,0.0009904753242379483,0.051665523942781934,0.17204277866548134,neutral,280.2035064190707,1753,8
1421,2024-01-29,21,43302.7,43318.813463823695,43317.742397550996,43319.8845300964,0.4945039750905393,0.037748915072373254,0.1,-0.0007053837403528159,0.040693014196280346,0.15381674660811032,neutral,281.09328421880144,1759,6
1422,2024-01-29,22,43302.7,43321.68534889067,43317.742397550996,43325.628300230346,1.8203129947142338,0.03795691874159611,0.1,0.004095925541969425,0.04076098356620182,0.17185911066950696,neutral,282.527174783965,1768,9
1423,2024-01-29,23,43302.7,43318.203334578444,43310.76603003536,43325.640639121535,3.43380102154456,0.03800952444976229,0.1,0.025979076665831696,0.044041618721730416,0.15330221280543171,neutral,283.492156780524,1777,9
1424,2024-01-29,24,43302.7,43318.70069216979,43310.76603003536,43326.63535430422,3.663388794052408,0.0371037863923059,0.1,0.05034422955398328,0.05205692760791273,0.17182609281690428,neutral,284.61904158316327,1785,8
1425,2024-01-29,25,43302.7,43316.94841746277,43306.79148051543,43327.105354410116,4.68959024973651,0.03662255784524365,0.1,0.0427135778288832,0.0517625213093571,0.17000897110461544,neutral,285.68705558142,1792,7
1426,2024-01-29,26,43302.7,43315.54512339583,43306.79148051543,43324.29876627624,4.0418020160974635,0.03684331706403256,0.1,0.049140881439691114,0.04626954719692901,0.16861670541070375,neutral,286.3041713621782,1797,5
1427,2024-01-29,27,43302.7,43317.03059706134,43306.79148051543,43327.26971360726,4.72752467322189,0.036508613749872895,0.1,0.044740367059069336,0.05398769481974734,0.15336035139204615,neutral,286.8041713621782,1798,1
1428,2024-01-29,28,43302.7,43318.27774554276,43307.30485953641,43329.25063154911,5.0661690987844175,0.0365282817797385,0.1,0.04749286032328862,0.05962195249027019,0.1722113489082306,neutral,287.62241730820193,1804,6
1429,2024-01-29,29,43302.7,43323.215909874736,43316.59295749294,43329.83886225653,3.0574611061072745,0.03602319792633692,0.1,0.07143188351744123,0.055130783344524814,0.15285746801918607,neutral,288.48270436644424,1810,6
1430,2024-01-29,30,43302.7,43323.76005144994,43316.59295749294,43330.927145406946,3.3086204653020292,0.035844978973581645,0.1,0.06776927357653083,0.04349767872389725,0.1701793303058037,neutral,289.60283833023703,1816,6
1431,2024-01-29,31,43302.7,43323.80787883261,43316.59295749294,43331.02280017228,3.3306958427330575,0.03568591991304468,0.1,0.0585425086214748,0.05449573949916772,0.16516061004713478,neutral,290.60283833023703,1820,4
1432,2024-01-29,32,43302.7,43324.433543897256,43317.0074148295,43331.85967296501,3.4281482573702404,0.03574634300109996,0.1,0.037041360991775144,0.05991238119245414,0.16996951501877877,neutral,292.2127659979332,1830,10
1433,2024-01-29,33,43302.7,43328.84829974294,43325.27270596771,43332.42389351817,1.6504448724294487,0.03723754529516498,0.1,0.05084318873725745,0.05846347977238529,0.15047555526695627,neutral,293.57321498127504,1838,8
1434,2024-01-29,34,43302.7,43329.23546303598,43325.27270596771,43333.19822010424,1.829137775414845,0.037121140291709966,0.1,0.06173830820476104,0.049001283408315166,0.15614158361849997,neutral,295.1005833950803,1845,7
1435,2024-01-29,35,43302.7,43331.344683581716,43328.96277994492,43333.7265872185,1.0993905931989263,0.03643030512722966,0.1,0.06705824901698662,0.05299085917207321,0.15907869548786263,neutral,295.8398245233256,1850,5
1436,2024-01-29,36,43302.7,43331.704246129026,43328.96277994492,43334.44571231313,1.2653396545546447,0.036011293197039246,0.1,0.030109941334406663,0.04319079913376847,0.17656678330756895,neutral,297.07627347376683,1857,7
1437,2024-01-29,37,43302.7,43331.97959696046,43328.96277994492,43334.996413976,1.3924205834109376,0.03731324264749861,0.1,0.1598702172963914,0.043953806062289755,0.15956451968619012,neutral,298.80800132899924,1869,12
1438,2024-01-29,38,43302.7,43331.91961778886,43327.37922191604,43336.46001366168,2.0956356943652588,0.03778166626581322,0.1,0.12208175414427352,0.05940233772836864,0.1506594544442887,neutral,300.89707624839207,1883,14
1439,2024-01-29,39,43302.7,43332.39870322294,43327.37922191604,43337.418184529844,2.316733648317306,0.038562381781932165,0.1,0.12351791254503124,0.055760702991500447,0.15891642341535286,neutral,302.03058043004484,1891,8
1440,2024-01-29,40,43302.7,43332.164467907845,43325.27270596771,43339.056229847985,3.180899004129112,0.037629480897638026,0.1,0.13604176558113687,0.0587496234479821,0.17075782089799776,neutral,303.3482401812436,1900,9
1441,2024-01-29,41,43302.7,43339.08201598226,43338.599400553314,43339.5646314112,0.22271603665532072,0.03814612445106866,0.1,0.15491587672725218,0.04486885233530821,0.17526581192619342,neutral,304.44154072315916,1907,7
1442,2024-01-29,42,43302.7,43339.57772382969,43338.599400553314,43340.55604710606,0.45146876262020325,0.03690722201973698,0.1,0.12898884990666945,0.05300510142187323,0.15271256933374983,neutral,305.82152019032804,1915,8
1443,2024-01-29,43,43302.7,43332.31784282511,43323.288339259954,43341.34734639027,4.1675608481917505,0.03840323642250458,0.1,0.15328037823152196,0.04517114527280492,0.16011637471218856,neutral,307.8133467259866,1929,14
1444,2024-01-29,44,43302.7,43338.23440095572,43334.17601764134,43342.2927842701,1.8728881646795057,0.03902224003142262,0.1,0.13156334491852753,0.042466369821505846,0.16202910980065055,neutral,309.1966412314135,1938,9
1445,2024-01-29,45,43302.7,43340.51943658521,43337.57367567391,43343.465197496495,1.359356532678723,0.039197342883659385,0.1,0.12092658267887482,0.055456801668530065,0.17409511534898192,neutral,310.7950797874463,1949,11
1446,2024-01-29,46,43302.7,43340.606333278716,43337.57367567391,43343.63899088351,1.399453243214352,0.03853681495700964,0.1,0.10599638910325,0.043028208878721705,0.1739536051515357,neutral,312.0485139712131,1956,7
1447,2024-01-29,47,43302.7,43340.88201498849,43337.57367567391,43344.19035430307,1.5266598928165789,0.03987938298256357,0.1,0.08004146401138594,0.043807635725940694,0.16100165725781396,neutral,313.5818806533289,1965,9
1448,2024-01-29,48,43302.7,43339.46616144828,43334.17601764134,43344.75630525523,2.4412593303474717,0.03985156505207557,0.1,0.082394190367574,0.05971868337249836,0.17342046224063587,neutral,314.6394612127714,1972,7
1449,2024-01-29,49,43302.7,43339.01861226946,43331.406203121165,43346.63102141775,3.512958711131218,0.039162295390677844,0.1,0.06268407191829961,0.05157127864558709,0.17734025448649227,neutral,316.56179413717456,1984,12
1450,2024-01-30,0,42941.1,43342.13732591308,43336.74139221247,43347.533259613694,2.4899250630109453,0.038645723723078465,0.22,0.18356161997774553,0.056862897300594906,0.16932639047968853,greed,317.9397453349279,1996,12
1451,2024-01-30,1,42941.1,43342.998097934586,43337.55013714161,43348.44605872756,2.5138827640235712,0.03978982170409861,0.22,0.18043338932938416,0.05733642971376979,0.17681919172387514,greed,319.4931205801837,2005,9
1452,2024-01-30,2,42941.1,43344.57306477145,43337.55013714161,43351.595992401286,3.2405106952342875,0.03933661359979843,0.22,0.20666470703931522,0.052134324039400076,0.15500362005551022,greed,321.7297173777016,2017,12
1453,2024-01-30,3,42941.1,43343.726457965415,43334.783153680626,43352.6697622502,4.126689150025803,0.03821605132647945,0.22,0.20310309886601077,0.05440222667029891,0.15258407314647107,greed,324.11170009566194,2032,15
1454,2024-01-30,4,42941.1,43350.71300912433,43346.04879261148,43355.377225637174,2.151852271433319,0.03796452510111117,0.22,0.1679815605404853,0.04036162184411371,0.16200989605232274,greed,325.3268611705618,2036,4
1455,2024-01-30,5,42941.1,43350.98802835,43346.04879261148,43355.927264088525,2.2787188773147093,0.037984397837062346,0.22,0.1593182261791529,0.05239165185654174,0.1699047103538613,greed,326.70589030456244,2045,9
1456,2024-01-30,6,42941.1,43351.319174475415,43346.04879261148,43356.58955633936,2.4314747344719794,0.03825541600120055,0.22,0.14519111124462805,0.05703074343795851,0.1546983844467795,greed,327.9362782021589,2051,6
1457,2024-01-30,7,42941.1,43353.10726024807,43347.89751921145,43358.3170012847,2.4033991406190522,0.039158544791539816,0.22,0.15253981667760144,0.05685076458797274,0.16502629817668796,greed,328.71865859716695,2058,7
1458,2024-01-30,8,42941.1,43354.382500968306,43350.113984766926,43358.651017169694,1.9691278967189578,0.038806630698792914,0.22,0.16793949786524012,0.05856745103961584,0.15196878264533453,greed,329.4323930081191,2063,5
1459,2024-01-30,9,42941.1,43354.984251507616,43350.113984766926,43359.8545182483,2.24669288884245,0.03875600698337586,0.22,0.1341441336150559,0.05181732534790229,0.16958184371331672,greed,331.0975043005788,2073,10
1460,2024-01-30,10,42941.1,43356.96086254252,43353.65098101144,43360.27074407359,1.5268051381970085,0.038956772523645884,0.22,0.11693429697409094,0.0438988553794032,0.17480603541520084,greed,331.87966661829165,2077,4
1461,2024-01-30,11,42941.1,43357.31995022119,43353.65098101144,43360.988919430936,1.6924335793642884,0.03913058793844096,0.22,0.08954865513847719,0.055243750223881644,0.17140822098790415,greed,332.54316734267724,2082,5
1462,2024-01-30,12,42941.1,43357.968563547445,43353.65098101144,43362.28614608345,1.991598167094416,0.03908316479048122,0.22,0.09813089763683822,0.04864232473603859,0.17899772310669948,greed,333.7569074576159,2089,7
1463,2024-01-30,13,42941.1,43358.07851523085,43353.65098101144,43362.50604945026,2.042311085283463,0.038216312833034054,0.22,0.07153183326893459,0.0428557127333577,0.1616830404023302,greed,335.19934049299593,2097,8
1464,2024-01-30,14,42941.1,43361.76925462134,43360.601442315914,43362.93706692677,0.5386368340132869,0.038347732549648544,0.22,0.07291176866111893,0.0576250136336378,0.16050559572995882,greed,336.825740899705,2108,11
1465,2024-01-30,15,42941.1,43361.94427408486,43360.601442315914,43363.28710585381,0.6193595750499222,0.03899198319149139,0.22,0.08280154065566012,0.05449115818317637,0.15934536897041957,greed,338.33873599491284,2118,10
1466,2024-01-30,16,42941.1,43358.70234884728,43353.65098101144,43363.75371668312,2.3300364458321963,0.03908028385712564,0.22,0.07963227143833343,0.05555818813497074,0.16147089993184882,greed,339.56529604273646,2128,10
1467,2024-01-30,17,42941.1,43358.707814111585,43352.02191007179,43365.39371815138,3.0839959845950955,0.03885238913072265,0.22,0.11172415519702375,0.047523809375392446,0.1610202154583184,greed,341.3557286956211,2138,10
1468,2024-01-30,18,42941.1,43358.9649392932,43351.57062943547,43366.359249150926,3.410740947382853,0.038970560598627926,0.22,0.13912113222655148,0.05048509441075474,0.170121819763278,greed,343.01440398245404,2149,11
1469,2024-01-30,19,42941.1,43359.73730055985,43351.57062943547,43367.90397168422,3.7669375475079057,0.0395552457725338,0.22,0.13852551074843525,0.04555045609804785,0.17800239381070365,greed,344.3093593485821,2157,8
1470,2024-01-30,20,42941.1,43359.75776004593,43351.57062943547,43367.94489065641,3.7763728551147673,0.03987957965352768,0.22,0.14696980684559416,0.04058598886206837,0.16854308896685088,greed,345.55393132724635,2163,6
1471,2024-01-30,21,42941.1,43358.28600340268,43347.89751921145,43368.67448759392,4.79192567271588,0.04010526519262084,0.22,0.17598878228375103,0.050914993595588716,0.1607827148049245,greed,347.2689617964303,2175,12
1472,2024-01-30,22,42941.1,43358.5359085413,43347.89751921145,43369.17429787115,4.907171843757904,0.0392872520227063,0.22,0.16709385908019464,0.04105419579706878,0.15112698688631943,greed,348.5675657514934,2182,7
1473,2024-01-30,23,42941.1,43357.836952025405,43346.04879261148,43369.62511143934,5.437614162797059,0.03990773673931441,0.22,0.1727199076958588,0.05076189328242223,0.165261179526488,greed,349.94782396001625,2192,10
1474,2024-01-30,24,42941.1,43358.54935767538,43346.04879261148,43371.04992273927,5.766136205699906,0.040886179800025256,0.22,0.18260864071431432,0.043798694873220405,0.16382136514044826,greed,351.22415916088266,2199,7
1475,2024-01-30,25,42941.1,43359.120231716006,43344.774905394115,43373.465558037904,6.616982192088472,0.037189311221398395,0.22,0.1583864646822727,0.04494925962466293,0.16935712933659994,greed,353.7510594906938,2214,15
1476,2024-01-30,26,42941.1,43365.1514600003,43356.46623024833,43373.83668975228,4.005626388731739,0.03719958867541276,0.22,0.17451747123505723,0.04146170182052301,0.15820999154764373,greed,354.7511097224221,2222,8
1477,2024-01-30,27,42941.1,43367.97269173774,43361.91310801666,43374.03227545883,2.7944971115685124,0.037978822547930044,0.22,0.1778212205332383,0.05192517150465405,0.1712921125440306,greed,355.87932016832326,2230,8
1478,2024-01-30,28,42941.1,43365.48129212523,43356.46623024833,43374.496354002134,4.157713281757571,0.03622417211102976,0.22,0.1712147715778774,0.05138460424182896,0.17762312548908227,greed,357.3642457534676,2241,11
1479,2024-01-30,29,42941.1,43366.03444406118,43356.31510301448,43375.75378510789,4.48246706036336,0.03371466387230307,0.22,0.16033962808086993,0.05081105350777848,0.16374614415756647,greed,358.99230089125507,2250,9
1480,2024-01-30,30,42941.1,43373.06018782953,43370.36659055116,43375.75378510789,1.2420600560348414,0.03275951143745808,0.22,0.158412165256771,0.049314511553349955,0.15720735055392912,greed,359.6770071023485,2252,2
1481,2024-01-30,31,42941.1,43373.80611396605,43370.36659055116,43377.24563738094,1.5859910499222116,0.03282637237812547,0.22,0.16153389403354462,0.049109311440127236,0.16746434408444225,greed,360.46328558648923,2258,6
1482,2024-01-30,32,42941.1,43374.07935675549,43370.36659055116,43377.792122959814,1.7119746444828574,0.032934265265412294,0.22,0.13574117895324656,0.056604057686915246,0.16992036684202805,greed,361.7999715150897,2265,7
1483,2024-01-30,33,42941.1,43374.43227962572,43370.36659055116,43378.497968700285,1.8746938511390738,0.034469810109458696,0.22,0.12436187697019388,0.058710460455177145,0.17736622713747546,greed,363.2672653453785,2275,10
1484,2024-01-30,34,42941.1,43373.88902027039,43369.03000290323,43378.74803763755,2.2405264904380844,0.03411263525578909,0.22,0.13754570180888412,0.057796727881766215,0.16801604304619244,greed,364.65039069622986,2284,9
1485,2024-01-30,35,42941.1,43379.33937316361,43379.13091689692,43379.5478294303,0.09610854831146061,0.03368626936429161,0.22,0.14555983077232473,0.040556821025251724,0.15739969340534332,greed,365.49507773219653,2291,7
1486,2024-01-30,36,42941.1,43379.64621836523,43379.13091689692,43380.16151983355,0.23757753381506705,0.03390864172421202,0.22,0.1857057455958145,0.05485271979363381,0.1583930079266112,greed,367.2342306662036,2302,11
1487,2024-01-30,37,42941.1,43374.75935573441,43369.03000290323,43380.48870856559,2.6417911782239996,0.034701206513600646,0.22,0.16440086417616714,0.04176284486781584,0.1624099657074962,greed,368.8185542537121,2311,9
1488,2024-01-30,38,42941.1,43375.279620382826,43369.03000290323,43381.52923786242,2.881649425337305,0.03647725592669841,0.22,0.1755219540564166,0.04555782251975512,0.16494567897521936,greed,370.304945975303,2320,9
1489,2024-01-30,39,42941.1,43370.1058692068,43358.23056033889,43381.981178074726,5.476264643545743,0.03541069003437874,0.22,0.19039136865883102,0.048812062281183496,0.17570850389608164,greed,371.6922272394833,2328,8
1490,2024-01-30,40,42941.1,43370.25055154154,43357.96731381242,43382.53378927065,5.664360972283794,0.03422735561425693,0.22,0.19693350469299523,0.05746722235682876,0.15179286822535154,greed,373.14420281081016,2340,12
1491,2024-01-30,41,42941.1,43381.18894120222,43379.20188919855,43383.17599320589,0.9160892323003524,0.03444059616892669,0.22,0.19526346357623736,0.046581475589214556,0.15943762900242198,greed,373.76541539548157,2345,5
1492,2024-01-30,42,42941.1,43381.956857549216,43379.20188919855,43384.71182589988,1.270098700117288,0.03497569063480421,0.22,0.20092416750772,0.047044619501414905,0.17569715966050006,greed,375.8361557395033,2356,11
1493,2024-01-30,43,42941.1,43384.23204870531,43382.365371386935,43386.09872602369,0.8605326083818897,0.03607390738957995,0.22,0.19222091586732568,0.043983137951941344,0.16274382543994234,greed,377.1537710749248,2364,8
1494,2024-01-30,44,42941.1,43385.28706850931,43383.82806085614,43386.74607616247,0.6725817675748473,0.035609385533286526,0.22,0.19887185979139654,0.05010231111488013,0.17965111700164713,greed,378.44033873578616,2371,7
1495,2024-01-30,45,42941.1,43385.14687233764,43382.365371386935,43387.92837328834,1.28223650314598,0.03476030741203822,0.22,0.18588714053496252,0.04116475661640551,0.15786822965444955,greed,380.3573641843511,2382,11
1496,2024-01-30,46,42941.1,43385.90472612017,43383.83878116682,43387.97067107352,0.9523576684133892,0.03485509331679937,0.22,0.15471995665549976,0.05533697795635546,0.15804861601283318,greed,381.73038969516557,2389,7
1497,2024-01-30,47,42941.1,43387.87909587274,43387.00351170465,43388.75468004083,0.4036077293179866,0.03485442894345959,0.22,0.14585457194293058,0.05442898314219144,0.17823836786720393,greed,382.7638978963866,2395,6
1498,2024-01-30,48,42941.1,43388.16759928857,43387.00351170465,43389.33168687249,0.5365921855328741,0.035543511729384525,0.22,0.1430948638603863,0.0512428950765517,0.1665811167013662,greed,384.2509739299277,2403,8
1499,2024-01-30,49,42941.1,43388.68269477949,43387.00351170465,43390.36187785433,0.7740189240835064,0.03552804192652564,0.22,0.16052855544751254,0.04252275316032304,0.16588600845067372,greed,385.4674992942385,2409,6
1500,2024-01-31,0,42580.0,43389.54351651535,43387.00351170465,43392.08352132604,1.1707912113571324,0.0352717285382308,0.2,0.20912590004182693,0.049684262786952836,0.1519080430913339,greed,386.613040647015,2416,7
1501,2024-01-31,1,42580.0,43390.56224114708,43387.00351170465,43394.12097058952,1.6403241896976457,0.03730859591397592,0.2,0.2447067761547006,0.056821923412322034,0.17990547852844319,greed,388.1821630598447,2427,11
1502,2024-01-31,2,42580.0,43391.376431092554,43387.00351170465,43395.74935048046,2.015570718227293,0.038351463644203186,0.2,0.19382089298319022,0.04382484258152243,0.1684628674509878,greed,389.9552951715792,2436,9
1503,2024-01-31,3,42580.0,43392.381287177894,43387.00351170465,43397.75906265113,2.47867266728186,0.0388631175578709,0.2,0.1703233340229639,0.040821647299111107,0.16041865422917093,greed,391.2750012646718,2446,10
1504,2024-01-31,4,42580.0,43392.526019302226,43387.00351170465,43398.04852689981,2.545372719312522,0.03901839207282985,0.2,0.1810740771164236,0.045360943747572754,0.17434397817455044,greed,392.35325628598025,2451,5
1505,2024-01-31,5,42580.0,43391.237614951126,43383.83878116682,43398.63644873543,3.410289353790857,0.03907750521179795,0.2,0.15053164734766347,0.050762420200796264,0.15211650191129683,greed,393.61829336594275,2459,8
1506,2024-01-31,6,42580.0,43391.60655614965,43383.83878116682,43399.37433113249,3.580312230560521,0.038558931313846384,0.2,0.16605386244136672,0.05937888794348582,0.17141873843594313,greed,394.7950483324735,2465,6
1507,2024-01-31,7,42580.0,43394.21377504234,43388.7142451567,43399.713304927995,2.53468350142634,0.038216534671727684,0.2,0.16948217710060579,0.05034263784021276,0.15351193238945587,greed,395.8531555113801,2470,5
1508,2024-01-31,8,42580.0,43397.83411557588,43395.727471095975,43399.94076005578,0.9708523583426417,0.03841980579439238,0.2,0.14106018621219013,0.04964986121055326,0.16867726193498345,greed,396.94413756633435,2475,5
1509,2024-01-31,9,42580.0,43401.37747763536,43400.91620256964,43401.83875270108,0.2125624081657877,0.039097376775324495,0.2,0.2610530049072928,0.04537009834505671,0.16477205277613005,greed,398.33275897859096,2482,7
1510,2024-01-31,10,42580.0,43401.49113165599,43400.91620256964,43402.06606074233,0.2649351768114572,0.039338766660471994,0.2,0.23866780249040445,0.04131596435590478,0.17117955798152454,greed,399.4350123222388,2489,7
1511,2024-01-31,11,42580.0,43401.921802450255,43400.91620256964,43402.92740233087,0.46338956380318236,0.03979117362588156,0.2,0.23108849292534672,0.04777349501341901,0.16331104341089003,greed,401.07892107744055,2500,11
1512,2024-01-31,12,42580.0,43402.403215107726,43400.371375044706,43404.435055170754,0.9362799810664582,0.04045913703673802,0.2,0.21383286818214764,0.05048629876680242,0.17888873983945888,greed,403.34905143503124,2513,13
1513,2024-01-31,13,42580.0,43402.55910650561,43400.371375044706,43404.74683796651,1.0081117362377179,0.04109454765076834,0.2,0.220749979862332,0.05966774440921145,0.1752332192681661,greed,404.55806264149436,2519,6
1514,2024-01-31,14,42580.0,43403.588435134036,43400.371375044706,43406.80549522337,1.4823936016908321,0.04092627418665977,0.2,0.21048131570647732,0.051192337112894476,0.1583803557279368,greed,405.9508113059284,2527,8
1515,2024-01-31,15,42580.0,43403.74772869236,43400.371375044706,43407.124082340015,1.5557889925816273,0.04117436527722082,0.2,0.19414149919805784,0.05846337423508359,0.15619929554675116,greed,407.2505057949108,2533,6
1516,2024-01-31,16,42580.0,43403.88867426859,43400.371375044706,43407.40597349248,1.6207299996937181,0.04243427965383671,0.2,0.2116950767180152,0.05074166911180207,0.17211657670713915,greed,408.66110723827245,2542,9
1517,2024-01-31,17,42580.0,43404.29621291344,43400.371375044706,43408.22105078218,1.8085020199310993,0.044421690883795495,0.2,0.21476620346598144,0.04943397533782419,0.17879351359313145,greed,410.2373415222686,2551,9
1518,2024-01-31,18,42580.0,43404.36629189706,43400.29403309114,43408.43855070298,1.8764281816881736,0.04417483123894028,0.2,0.21592394375639562,0.05470927057195366,0.15240054809273038,greed,411.4411124255283,2560,9
1519,2024-01-31,19,42580.0,43402.52915687514,43395.727471095975,43409.33084265431,3.134234760643609,0.04386210979547862,0.2,0.2097898716658098,0.05716738813439317,0.15697811586446267,greed,413.2691920924597,2572,12
1520,2024-01-31,20,42580.0,43402.72652943246,43395.727471095975,43409.725587768946,3.225169889610019,0.04495545178015284,0.2,0.19202209146327268,0.05850576389586311,0.17603899926006392,greed,414.6071273447757,2580,8
1521,2024-01-31,21,42580.0,43403.29700953768,43395.727471095975,43410.866547979385,3.4880015866267318,0.04491982939455971,0.2,0.1678092899538689,0.04122687748967736,0.17143687038279468,greed,415.94574330764164,2587,7
1522,2024-01-31,22,42580.0,43404.60271947138,43396.36921865758,43412.83622028519,3.7938376568130536,0.044464042016244563,0.2,0.1674369968174173,0.04672787446805819,0.16557065080735667,greed,417.2273245578889,2594,7
1523,2024-01-31,23,42580.0,43404.738077709844,43395.727471095975,43413.74868432372,4.151900005819731,0.04362351038797621,0.2,0.16237408131667294,0.05392724865066061,0.17015928413781153,greed,418.84004690715165,2604,10
1524,2024-01-31,24,42580.0,43402.07724382679,43389.017164654135,43415.137322999435,6.018181618027383,0.04351193178511055,0.2,0.1721120464144767,0.0463457796755181,0.1645114149717214,greed,420.2551849969276,2613,9
1525,2024-01-31,25,42580.0,43402.58697442674,43389.017164654135,43416.15678419935,6.252995832070784,0.044307622324443956,0.2,0.1478948254523183,0.045174101406485735,0.15077688210748455,greed,421.8946256018674,2624,11
1526,2024-01-31,26,42580.0,43403.43169409879,43389.017164654135,43417.84622354344,6.642115096449057,0.04513031962020415,0.2,0.4429368911433346,0.04480303192044029,0.15970573841211114,greed,423.6200585901303,2634,10
1527,2024-01-31,27,42580.0,43414.05923854754,43409.57964948058,43418.538827614495,2.063658245980473,0.044299231648025794,0.2,0.37363504732005104,0.051538722466896794,0.15464524183942363,greed,424.82198983471073,2641,7
1528,2024-01-31,28,42580.0,43414.58477311185,43409.57964948058,43419.58989674311,2.305733733224402,0.045218598893506094,0.2,0.3736441350299885,0.04772925128655871,0.16260748805422626,greed,426.57382570264093,2649,8
1529,2024-01-31,29,42580.0,43415.615172907244,43409.57964948058,43421.65069633391,2.780346841857398,0.04606288369918612,0.2,0.32629959687579246,0.040117294557743224,0.15235529605360829,greed,428.53054391394926,2660,11
1530,2024-01-31,30,42580.0,43415.93190348714,43409.57964948058,43422.28415749369,2.9262317900600254,0.04566466365993097,0.2,0.31287072401714205,0.047409828741190284,0.16706764217534148,greed,430.149717957697,2668,8
1531,2024-01-31,31,42580.0,43416.856525129515,43409.57964948058,43424.133400778446,3.3520969647903827,0.04488679969440379,0.2,0.2961137586577336,0.05883811174520841,0.17218689744333804,greed,431.8822201850947,2676,8
1532,2024-01-31,32,42580.0,43407.3784055764,43388.7142451567,43426.0425659961,8.599533584042296,0.04642694265410679,0.2,0.2815909119404947,0.049414019989821235,0.1514744517103553,greed,434.0465113561893,2689,13
1533,2024-01-31,33,42580.0,43407.872541862205,43388.7142451567,43427.03083856771,8.82710696638324,0.04642694265410679,0.2,0.2509964336897812,0.055810272150672954,0.1636187649914358,greed,435.5465113561893,2695,6
1534,2024-01-31,34,42580.0,43408.713183647225,43388.7142451567,43428.71212213775,9.214250791503046,0.047260449762831155,0.2,0.21809170191983,0.05497998034809914,0.15816946191543246,greed,437.2730104695269,2705,10
1535,2024-01-31,35,42580.0,43425.966003917565,43422.623196491266,43429.30881134387,1.53954315075056,0.04618862766160042,0.2,0.17583423784251218,0.045039964432881434,0.177622693531642,greed,438.5441259459892,2712,7
1536,2024-01-31,36,42580.0,43409.11756826239,43388.7142451567,43429.52089136808,9.400478170793443,0.04598194517571568,0.2,0.18825340077334063,0.047320565314930306,0.1742132106095854,greed,440.69838577639666,2724,12
1537,2024-01-31,37,42580.0,43423.597432721894,43416.513745032724,43430.68112041106,3.262598268208876,0.04621607542404451,0.2,0.22817291221449093,0.04233495805537591,0.1538719537448719,greed,441.8769828205694,2730,6
1538,2024-01-31,38,42580.0,43423.97005550278,43416.513745032724,43431.42636597283,3.4341910518653016,0.045077825732368515,0.2,0.22984271121835542,0.05739082337718437,0.17292286759736636,greed,443.7170008971711,2738,8
1539,2024-01-31,39,42580.0,43411.15703750242,43388.7142451567,43433.599829848135,10.33964256070424,0.04621158421082632,0.2,0.21808156929523412,0.04072681496632485,0.15305541795427147,greed,445.9265851987421,2754,16
1540,2024-01-31,40,42580.0,43409.64185950034,43385.22992042753,43434.05379857315,11.24724279081592,0.045254525259207645,0.2,0.18938684338992062,0.0500339833201285,0.17176404505350487,greed,447.71147872288486,2764,10
1541,2024-01-31,41,42580.0,43410.06742801589,43385.22992042753,43434.90493560425,11.443201570486394,0.04650021988683174,0.2,0.1932956108837599,0.04812732810554923,0.16455218727428086,greed,449.7068918837072,2776,12
1542,2024-01-31,42,42580.0,43410.57245740522,43385.22992042753,43435.91499438291,11.675744199206315,0.047244746735969116,0.2,0.2103810523519071,0.05615662903653244,0.17078635283089955,greed,451.6013348470281,2786,10
1543,2024-01-31,43,42580.0,43410.890396365605,43384.84619703026,43436.93459570095,11.998924278008186,0.047409059353086765,0.2,0.2027304481421486,0.05399055740805144,0.16236053216854968,greed,453.83000527129985,2800,14
1544,2024-01-31,44,42580.0,43411.13022217361,43383.83878116682,43438.42166318041,12.57347637212788,0.04798825213483041,0.2,0.20042868464577387,0.052787496010855514,0.16013996343085468,greed,455.9122057815128,2814,14
1545,2024-01-31,45,42580.0,43412.89280155293,43383.83878116682,43441.94682193904,13.38497322393125,0.04798619626502395,0.2,0.1729971612204592,0.05174739737151154,0.15256207452872622,greed,457.77583761955873,2824,10
1546,2024-01-31,46,42580.0,43443.324325571084,43442.75577873912,43443.89287240304,0.26174186289240825,0.04792974193207222,0.2,0.19732671956807982,0.049891941055275175,0.17684242712493903,greed,459.5718692712124,2834,10
1547,2024-01-31,47,42580.0,43413.90750184048,43382.365371386935,43445.44963229402,14.530887574311983,0.0491658839951268,0.2,0.18140085136755804,0.048211973944765334,0.1769579073170691,greed,461.5959647513251,2846,12
1548,2024-01-31,48,42580.0,43414.45757129247,43382.365371386935,43446.549771198006,14.784107277091094,0.049324838763229246,0.2,0.1794575180948007,0.04177546533912466,0.17594984928623328,greed,463.2751152252816,2856,10
1549,2024-01-31,49,42580.0,43445.95027373149,43444.88919969367,43447.0113477693,0.4884570511768978,0.04825442308968152,0.2,0.18473382183894407,0.04356663024856433,0.15718109509026137,greed,464.7452687399523,2865,9
1550,2024-02-01,0,43082.94,43446.7435191118,43444.88919969367,43448.597838529924,0.853605710315192,0.048515280622022844,0.26,0.21645917878359086,0.042699569721432844,0.15888530296676995,greed,466.49602807761295,2874,9
1551,2024-02-01,1,43082.94,43414.72500221071,43379.425477436744,43450.02452698468,16.2615447971488,0.04645186615731023,0.26,0.1977440140272106,0.04883707416182128,0.16040156283707732,greed,468.6034618813488,2886,12
1552,2024-02-01,2,43082.94,43424.47146925075,43401.40158043348,43447.54135806802,10.625294004375437,0.04697803119841802,0.26,0.20019422249622268,0.046640014042353586,0.1723332650351266,greed,470.21579770616137,2895,9
1553,2024-02-01,3,43082.94,43431.26168455952,43411.55109433423,43450.972274784806,9.076683228060725,0.046538083585057295,0.26,0.19895209918699414,0.04260635976182582,0.16036881111108475,greed,471.4814902162388,2904,9
1554,2024-02-01,4,43082.94,43442.013071880596,43431.78074958686,43452.24539417433,4.710795642367285,0.04573273883979898,0.26,0.17995555350599993,0.042634190704127106,0.1757623490558874,greed,473.0823102205382,2914,10
1555,2024-02-01,5,43082.94,43442.17284230156,43431.78074958686,43452.56493501626,4.784333763608673,0.046150225024618685,0.26,0.18964000585167112,0.045064023267399535,0.16665887475984542,greed,474.6822035223673,2923,9
1556,2024-02-01,6,43082.94,43439.27497854859,43425.21707144416,43453.33288565301,6.472440947216018,0.04462180132088299,0.26,0.22596430195267989,0.057288059743887954,0.15928105686240038,greed,476.0866793139807,2931,8
1557,2024-02-01,7,43082.94,43439.52401381482,43425.21707144416,43453.83095618549,6.5870622183225045,0.044485861604762554,0.26,0.22387125203858124,0.040322492927444296,0.16117971389682442,greed,477.3239628622759,2940,9
1558,2024-02-01,8,43082.94,43435.67340926276,43415.4906281047,43455.85619042082,9.293182112265704,0.04493204290606961,0.26,0.22668070838799295,0.055802627474522165,0.15653342405302706,greed,478.67460669421905,2949,9
1559,2024-02-01,9,43082.94,43440.8193947449,43424.77121056033,43456.86757892947,7.388527384229559,0.04679724871314217,0.26,0.17541997190425287,0.05606424246488187,0.16685630868724538,greed,480.30530583158304,2959,10
1560,2024-02-01,10,43082.94,43441.14307616019,43424.77121056033,43457.51494176005,7.5374930034217495,0.046758729969721975,0.26,0.18733232220383633,0.056177170780671304,0.15884104109656583,greed,482.401650636238,2972,13
1561,2024-02-01,11,43082.94,43436.742118056245,43415.4906281047,43457.99360800779,9.785029408414337,0.04687282765928493,0.26,0.20608672338580392,0.054907954782830795,0.16136867729437523,greed,484.3381683150128,2983,11
1562,2024-02-01,12,43082.94,43437.74233587213,43415.4906281047,43459.994043639555,10.245333468471422,0.04702080103875402,0.26,0.19077731499869907,0.05859843526291329,0.16635250238579669,greed,486.2159288161603,2994,11
1563,2024-02-01,13,43082.94,43460.16743058391,43459.54887870412,43460.7859824637,0.28465232251032974,0.04493173112392834,0.26,0.1473395457654143,0.058065472444778284,0.15295640554238826,greed,488.1175097336784,3005,11
1564,2024-02-01,14,43082.94,43460.53848246617,43459.54887870412,43461.528086228216,0.4554033597390775,0.04614886316365902,0.26,0.16089515559498868,0.05714058056661156,0.16245321530564796,greed,490.1091871288183,3017,12
1565,2024-02-01,15,43082.94,43460.851289200764,43459.54887870412,43462.15369969741,0.5993488199205222,0.045865173344650685,0.26,0.13819624933705185,0.0487556295459924,0.1569220377062116,greed,492.117420755884,3028,11
1566,2024-02-01,16,43082.94,43461.277257297836,43459.54887870412,43463.00563589155,0.7953648409758654,0.04711314480284001,0.26,0.15685354954854305,0.05655162434961404,0.16283007257472507,greed,493.9536177484521,3038,10
1567,2024-02-01,17,43082.94,43437.972765830506,43411.55109433423,43464.39443732677,12.165241522069975,0.0465753398615108,0.26,0.13923122941384702,0.04179304462471358,0.1601207723507184,greed,495.6125467958449,3047,9
1568,2024-02-01,18,43082.94,43450.49741085482,43436.34854889134,43464.646272818296,6.512635208609533,0.04660116692449391,0.26,0.13470448984500494,0.05866910210499705,0.16033789787180916,greed,496.8783884804031,3056,9
1569,2024-02-01,19,43082.94,43433.67331895139,43401.40158043348,43465.945057469304,14.860239096485502,0.047079573590868576,0.26,0.1616635365033229,0.0512632877690791,0.17831322361034446,greed,499.3724119325996,3073,17
1570,2024-02-01,20,43082.94,43453.194394277845,43439.537619014045,43466.85116954164,6.2857405326200775,0.04635763494569202,0.26,0.16200068183917066,0.04954219635387852,0.17983692770053572,greed,501.0926694693318,3085,12
1571,2024-02-01,21,43082.94,43464.2315579089,43461.024095715846,43467.43902010195,1.4759088464628929,0.04637454318044889,0.26,0.13949508686326245,0.041481498144208956,0.17978496395045926,greed,503.0950283767083,3098,13
1572,2024-02-01,22,43082.94,43434.44364616326,43401.40158043348,43467.48571189303,15.214683535008332,0.046493308018339674,0.26,0.1063551585153166,0.04608615183641729,0.15259372521360456,greed,504.8862822468946,3109,11
1573,2024-02-01,23,43082.94,43431.91258620053,43395.3989223558,43468.42625004526,16.8142094927363,0.04612145106792286,0.26,-0.040342495877118884,0.043551158394264454,0.17745501413923664,greed,507.10570932341375,3125,16
1574,2024-02-01,24,43082.94,43456.10679570913,43443.35745685518,43468.85613456309,5.867685715101381,0.04643802361331408,0.26,-0.03779197160824403,0.05203652697266096,0.15193502276059684,greed,508.73753034706,3135,10
1575,2024-02-01,25,43082.94,43456.46935730733,43443.35745685518,43469.58125775948,6.034498727607704,0.04617608398712848,0.26,-0.02216648650536675,0.05088059930589151,0.16679387166539292,greed,510.3146895708698,3142,7
1576,2024-02-01,26,43082.94,43457.177108684045,43443.35745685518,43470.99676051291,6.36012403396824,0.04617608398712848,0.26,0.04111052598087973,0.04574482695949682,0.16534017269388399,greed,511.8146895708698,3148,6
1577,2024-02-01,27,43082.94,43434.04876915492,43395.3989223558,43472.69861595405,17.79702693826225,0.04644285199308388,0.26,0.058730066739042984,0.04099729152988358,0.16810212636660737,greed,513.9647570928607,3161,13
1578,2024-02-01,28,43082.94,43425.24667220461,43377.245106769224,43473.24823763999,22.107676577049485,0.044254513353515344,0.26,-0.24058240774912393,0.041094899645191904,0.1606504579840874,greed,516.403805358175,3176,15
1579,2024-02-01,29,43082.94,43466.147921428186,43458.21011306722,43474.085729789156,3.6524093992939624,0.04214409070189599,0.26,-0.19584898117867303,0.0500626710949664,0.1594780746715691,greed,517.7684601318781,3184,8
1580,2024-02-01,30,43082.94,43464.077514940014,43451.940616230764,43476.214413649264,5.584795262284466,0.041165403954588176,0.26,-0.15098866594500754,0.05610186753599053,0.17551740591919798,greed,519.8910530825984,3197,13
1581,2024-02-01,31,43082.94,43427.44345426543,43376.97886487316,43477.90804365769,23.240875068047647,0.04040331595896388,0.26,-0.11538068219796171,0.056517764528536296,0.15910511727443857,greed,521.9169763587254,3210,13
1582,2024-02-01,32,43082.94,43476.976118562365,43474.72164518079,43479.23059194394,1.037088400732348,0.040391143622374684,0.26,-0.12348291167869388,0.04571159232477273,0.1788483432676334,greed,522.1126501623163,3213,3
1583,2024-02-01,33,43082.94,43477.9354031236,43474.72164518079,43481.14916106641,1.4783397201414206,0.03943119583015618,0.26,-0.11623357716958581,0.041960890762218796,0.16580451498151239,greed,523.8945593715055,3222,9
1584,2024-02-01,34,43082.94,43474.44007228206,43466.46978050157,43482.410364062554,3.666656438699039,0.03825669691774181,0.26,-0.09541503634089152,0.05599383724005583,0.1721842396165234,greed,525.7823526719177,3232,10
1585,2024-02-01,35,43082.94,43474.49228586309,43466.46978050157,43482.51479122462,3.690672364279087,0.03740333366216096,0.26,-0.10282246607891733,0.0466740841515126,0.15949406352184495,greed,527.1464430275291,3239,7
1586,2024-02-01,36,43082.94,43475.64525719668,43467.30890250226,43483.98161189111,3.8349538667502494,0.03744551797054416,0.26,-0.10146462596839691,0.05865007906194765,0.17578508926874692,greed,528.6623714573946,3250,11
1587,2024-02-01,37,43082.94,43478.70032606436,43473.00218584108,43484.39846628765,2.6211180097621822,0.037142207037342355,0.26,-0.07967559100554683,0.049644504606746534,0.16560970878574158,greed,529.6620203626293,3257,7
1588,2024-02-01,38,43082.94,43481.96376324337,43478.20273723969,43485.72478924705,1.7299246299714897,0.03865991639816648,0.26,-0.0465333201225038,0.044270749557679026,0.1702827910249373,greed,531.2413074974372,3266,9
1589,2024-02-01,39,43082.94,43479.7942689835,43473.00218584108,43486.58635212592,3.1242480589512214,0.03746335540267536,0.26,-0.04002259956169805,0.058630888142130404,0.15267029204688026,greed,533.0516379934438,3278,12
1590,2024-02-01,40,43082.94,43479.83937075931,43473.00218584108,43486.67655567755,3.1449908818360672,0.036727796819080165,0.26,-0.006174393065250184,0.04313058426831483,0.16099913100289368,greed,533.7536880137476,3284,6
1591,2024-02-01,41,43082.94,43479.07369393128,43471.39741961835,43486.7499682442,3.5310201716634593,0.036436284292722984,0.26,0.007906965812422333,0.043187897695428044,0.17904066516137215,greed,535.0112298812229,3291,7
1592,2024-02-01,42,43082.94,43480.5505273708,43473.73945808542,43487.36159665618,3.1329268846720244,0.03627145967902239,0.26,-0.0064978333954384265,0.0414347068749485,0.15680275852201547,greed,536.3300685816997,3299,8
1593,2024-02-01,43,43082.94,43481.23654721563,43473.73945808542,43488.73363634584,3.448424987668571,0.037080574045585235,0.26,-0.03640740469978834,0.05816820214537139,0.17343871942217076,greed,537.7878562931988,3309,10
1594,2024-02-01,44,43082.94,43481.49700430978,43473.73945808542,43489.25455053413,3.568205677732749,0.039542574577300336,0.26,-0.04798780085113115,0.05267778923664884,0.15215720151949336,greed,539.7207530081388,3320,11
1595,2024-02-01,45,43082.94,43481.52240623557,43473.73945808542,43489.30535438572,3.5798876025695745,0.04054963814015547,0.26,-0.014125925913737594,0.05915533316352445,0.15233137255175175,greed,541.0389222015997,3327,7
1596,2024-02-01,46,43082.94,43481.67821827537,43473.73945808542,43489.6169784653,3.6515426796949715,0.03987137360147502,0.26,-0.03756857687416487,0.043593024359106836,0.16734216306037236,greed,542.4130633841072,3334,7
1597,2024-02-01,47,43082.94,43480.19345908573,43470.418541484076,43489.96837668738,4.496262239886057,0.03875485850127109,0.26,-0.014581902010792586,0.05006145200543218,0.15248743744183443,greed,543.9216011605357,3344,10
1598,2024-02-01,48,43082.94,43479.62775886707,43469.13014509383,43490.12537264031,4.828750527238149,0.037347629796013165,0.26,-0.030754418114586186,0.04869356296632941,0.15578518826826737,greed,545.5459788521937,3357,13
1599,2024-02-01,49,43082.94,43478.80347673153,43466.82870444036,43490.778249022704,5.5083265102174135,0.035604499547733155,0.26,0.008326371614838355,0.05537528361442321,0.15796762794922078,greed,547.2733013985188,3369,12
1600,2024-02-02,0,43200.0,43490.59484714999,43489.55155783191,43491.638136468064,0.47977698246876355,0.037825704550978195,0.26,0.23281137685343048,0.049309739448793986,0.1782958754908035,greed,548.6551904671016,3376,7
1601,2024-02-02,1,43200.0,43490.9638648815,43489.55155783191,43492.376171931086,0.64947148744542,0.03968624065787855,0.26,0.23542214781639095,0.04413743750844576,0.1607465712372922,greed,550.2159885291524,3385,9
1602,2024-02-02,2,43200.0,43491.43174540983,43489.55155783191,43493.311932987745,0.8646243650581493,0.040830478876716404,0.26,0.22555798750839862,0.05801520324901465,0.17790016133373218,greed,552.5814350241163,3398,13
1603,2024-02-02,3,43200.0,43491.6911102529,43489.55155783191,43493.830662673885,0.9838901943654567,0.04018523616163661,0.26,0.19219403404406893,0.04983475886037979,0.17688708747438397,greed,553.8432822177372,3405,7
1604,2024-02-02,4,43200.0,43490.663360701394,43486.746979231306,43494.57974217149,1.8010217216554665,0.04011579195646734,0.26,0.1705506246486762,0.04399143231791878,0.15113353519787037,greed,555.5706828707312,3416,11
1605,2024-02-02,5,43200.0,43491.82993423734,43486.746979231306,43496.91288924338,2.3374298178406665,0.04085539295403421,0.26,0.13101616986156597,0.04525020580966331,0.15157041535293939,greed,557.1127029702922,3427,11
1606,2024-02-02,6,43200.0,43496.893584192476,43496.333124030134,43497.45404435482,0.25770123618457674,0.04144745567277118,0.26,0.14467321231643793,0.04966132490386606,0.16248212011226057,greed,558.9180641535721,3440,13
1607,2024-02-02,7,43200.0,43497.20271672594,43496.333124030134,43498.07230942173,0.3998384454568822,0.04112980311957895,0.26,0.13094622565938036,0.0440112931917614,0.15646077848563825,greed,559.9721637293632,3446,6
1608,2024-02-02,8,43200.0,43497.56441940287,43496.333124030134,43498.79571477562,0.5661445136878519,0.0402598818428538,0.26,0.11383933803440337,0.058216684539795074,0.16846043521885723,greed,561.4694931389054,3454,8
1609,2024-02-02,9,43200.0,43497.124236502495,43494.562646789454,43499.68582621553,1.1778202619141076,0.04044395306572137,0.26,0.10463526691530503,0.0586882158914243,0.15145392697427468,greed,562.4970566435879,3465,11
1610,2024-02-02,10,43200.0,43497.611207485425,43494.562646789454,43500.659768181395,1.401714076402182,0.04075060455244032,0.26,0.11357104404667778,0.040791150131252264,0.16209116273721397,greed,563.9917796745575,3472,7
1611,2024-02-02,11,43200.0,43497.18816975948,43491.899830876304,43502.47650864265,2.431577352785764,0.04006109046655148,0.26,0.08707507163174662,0.05396141092806803,0.16914419707548808,greed,564.7464083675526,3477,5
1612,2024-02-02,12,43200.0,43497.36006004531,43491.899830876304,43502.82028921431,2.510602556782786,0.04008304897585191,0.26,0.07879447836708055,0.04257508874736111,0.17842870975562,greed,565.6417297703148,3483,6
1613,2024-02-02,13,43200.0,43503.99547849588,43503.56531494327,43504.425642048496,0.19775818192430267,0.03945550963205871,0.26,0.07836475815316782,0.04634518348713735,0.17298912213356699,greed,566.5086458405664,3488,5
1614,2024-02-02,14,43200.0,43504.71587020225,43504.133091075804,43505.298649328695,0.2679153810287007,0.03948906943578253,0.26,0.04418178105333114,0.05734304302002244,0.1701902449886603,greed,567.8710866254042,3496,8
1615,2024-02-02,15,43200.0,43504.96526842487,43504.133091075804,43505.79744577394,0.38256660771174683,0.040215676014147904,0.26,0.05233870736247318,0.05132645760333064,0.17289884735991845,greed,569.7666081142975,3505,9
1616,2024-02-02,16,43200.0,43505.72871190774,43504.133091075804,43507.32433273967,0.7335221724472887,0.04090056544005246,0.26,0.05263746812616417,0.04040243443706148,0.17258181413477927,greed,571.6313224102406,3516,11
1617,2024-02-02,17,43200.0,43506.0891567088,43504.133091075804,43508.045222341796,0.8992146482990668,0.04112053944501296,0.26,0.05036976497162784,0.04893544317679214,0.1502128959748466,greed,572.8756673648662,3523,7
1618,2024-02-02,18,43200.0,43506.821620476956,43504.133091075804,43509.510149878115,1.2359116575364848,0.04071957720441933,0.26,0.048686517055738995,0.05354601372671319,0.17107888729313747,greed,574.2659900544895,3531,8
1619,2024-02-02,19,43200.0,43501.60766585903,43493.048408480114,43510.16692323796,3.935145314475005,0.04022593461422185,0.26,0.0787975324990044,0.050626799064732185,0.16199158652923282,greed,575.3796318654557,3539,8
1620,2024-02-02,20,43200.0,43501.7093472859,43491.899830876304,43511.518863695484,4.509945267335712,0.03954829032820266,0.26,0.08660110756902083,0.042529284908071424,0.17527663504395544,greed,577.6445665797885,3553,14
1621,2024-02-02,21,43200.0,43502.12194120737,43491.899830876304,43512.344051538435,4.699591594580534,0.03954439835800372,0.26,0.09950783782533325,0.05320939442728863,0.16412449258097694,greed,578.9291294477747,3561,8
1622,2024-02-02,22,43200.0,43501.98836377182,43489.657891312156,43514.31883623149,5.668923616344903,0.038524126640774904,0.26,0.11117430242310067,0.04826684919742384,0.16639844818991012,greed,580.9466718544874,3575,14
1623,2024-02-02,23,43200.0,43501.584591976454,43488.60665551668,43514.56252843622,5.966649988267675,0.03781159427085175,0.26,0.08754321898087596,0.054973443505019814,0.17483774863635937,greed,582.2203995945633,3583,8
1624,2024-02-02,24,43200.0,43501.585628827364,43488.60665551668,43514.56460213804,5.967126541739858,0.037632790512936054,0.26,0.09509697028878245,0.05669913550104234,0.17527603525055405,greed,583.6335613109383,3590,7
1625,2024-02-02,25,43200.0,43514.175747937006,43513.71102281896,43514.64047305505,0.21359711406927728,0.03675380464517915,0.26,0.07094692188605545,0.04858895794157405,0.16412117841947813,greed,584.3351771674216,3594,4
1626,2024-02-02,26,43200.0,43514.46601653345,43513.71102281896,43515.22101024793,0.34700814859880047,0.03786124017304774,0.26,0.07231010954183138,0.05159474229879544,0.1700111057137606,greed,585.6985641043459,3602,8
1627,2024-02-02,27,43200.0,43514.49771020879,43513.71102281896,43515.28439759862,0.3615748457291091,0.03822166963419379,0.26,0.07524394750709748,0.04691240337801579,0.1686452193341425,greed,586.9351282715625,3609,7
1628,2024-02-02,28,43200.0,43515.00596319146,43513.71102281896,43516.30090356396,0.5951695714324671,0.03836027907846988,0.26,0.09081118904593553,0.04753621255548425,0.16600663300660737,greed,588.4015911084512,3620,11
1629,2024-02-02,29,43200.0,43516.26344733426,43515.385538352195,43517.14135631633,0.4034854615354573,0.039705057136873625,0.26,0.34243936197412295,0.044974507875812496,0.1504649472547857,greed,589.867936194867,3630,10
1630,2024-02-02,30,43200.0,43516.889204083884,43515.385538352195,43518.39286981558,0.6910722522653092,0.039611065387895154,0.26,0.32848102099234383,0.040421155671126405,0.1510927632990516,greed,592.0177787136387,3642,12
1631,2024-02-02,31,43200.0,43504.111354209315,43489.126206067245,43519.096502351385,6.889072170701948,0.038897444614129965,0.26,0.2858710041382695,0.041466116362274395,0.17682546475849714,greed,593.7466078376441,3652,10
1632,2024-02-02,32,43200.0,43518.77914933126,43518.063606457945,43519.49469220458,0.32884326596635743,0.03877440145061849,0.26,0.2852889326439212,0.05717504051218368,0.17101364596273072,greed,595.0478503225476,3658,6
1633,2024-02-02,33,43200.0,43519.61484154409,43518.063606457945,43521.16607663024,0.7128900803899193,0.03941283569657189,0.26,0.25276597342784124,0.04152604908348159,0.17198100551612422,greed,597.0161452870549,3670,12
1634,2024-02-02,34,43200.0,43520.22434173101,43518.063606457945,43522.38507700408,0.9929798413268208,0.039782257452609555,0.26,0.2556529422520824,0.057268600290435345,0.17750883339307466,greed,598.6525911546012,3679,9
1635,2024-02-02,35,43200.0,43521.45422074915,43520.028556175894,43522.87988532239,0.6551548420317641,0.04084147717839754,0.26,0.21628782663537646,0.04307368271614494,0.17588892139426426,greed,600.1074657273119,3688,9
1636,2024-02-02,36,43200.0,43521.69988483413,43520.028556175894,43523.37121349237,0.7680438322311284,0.04122304743174715,0.26,0.21967479828520753,0.040359762631447756,0.17798313839718283,greed,601.4476344863865,3696,8
1637,2024-02-02,37,43200.0,43522.104232295154,43520.028556175894,43524.17990841441,0.9538491559039709,0.04115242611291915,0.26,0.17974984923622506,0.05376437838815472,0.17355020508624786,greed,602.9085969536125,3704,8
1638,2024-02-02,38,43200.0,43521.787239569676,43519.00198524574,43524.57249389361,1.2799356371113115,0.041457686645748844,0.26,0.1669253235602542,0.0565885774086796,0.15908037631136263,greed,604.2817053755022,3715,11
1639,2024-02-02,39,43200.0,43522.628381160095,43519.00198524574,43526.25477707445,1.6664415956661944,0.042326264189665466,0.26,0.1695917463506964,0.045455877853996914,0.16390654253655973,greed,606.1199135181786,3727,12
1640,2024-02-02,40,43200.0,43522.84276112113,43519.00198524574,43526.68353699652,1.7649471549777462,0.042645414208937985,0.26,0.16334587813496262,0.048079525666061676,0.16380351549609976,greed,607.9042804071248,3735,8
1641,2024-02-02,41,43200.0,43526.541492255354,43524.919237142014,43528.16374736869,0.7454096088145575,0.04334315519053985,0.26,-0.055644763770407585,0.05557031760123327,0.15393043855951397,greed,609.2669707102604,3744,9
1642,2024-02-02,42,43200.0,43526.70882405329,43524.919237142014,43528.49841096457,0.8222936948944463,0.04225053434539817,0.26,-0.045653783330992945,0.04309685363240455,0.15548768777886254,greed,611.1216945146292,3753,9
1643,2024-02-02,43,43200.0,43527.92845499198,43524.919237142014,43530.93767284196,1.3826607223379215,0.04341466122823568,0.26,-0.0262298003156139,0.04864874333433006,0.16869517273596563,greed,612.5098164746063,3762,9
1644,2024-02-02,44,43200.0,43527.19558603463,43522.5758935799,43531.815278489354,2.122669467916711,0.043178458342029526,0.26,-0.01046753581521376,0.051479503500634835,0.1691221383678355,greed,614.5735386642813,3773,11
1645,2024-02-02,45,43200.0,43527.814758904846,43522.5758935799,43533.05362422978,2.407134543260397,0.04421964774632693,0.26,-0.012476942932667526,0.05476591020956616,0.16006827732722703,greed,616.0275871364578,3784,11
1646,2024-02-02,46,43200.0,43528.58330479523,43522.5758935799,43534.59071601057,2.760214442665996,0.04589776725277793,0.26,-0.0058668355273145695,0.05296204254522143,0.1505507515199767,greed,618.0899769617605,3797,13
1647,2024-02-02,47,43200.0,43529.320176705056,43522.5758935799,43536.06445983021,3.0987311990059436,0.04655315592670313,0.26,0.037835670446938606,0.05237170298144231,0.1592954135025984,greed,619.7844946162937,3806,9
1648,2024-02-02,48,43200.0,43529.40102174232,43522.5758935799,43536.22614990474,3.135870470172063,0.04785569678503087,0.26,0.05154044756112707,0.047134463386178126,0.1677744898170479,greed,621.6703630077666,3815,9
1649,2024-02-02,49,43200.0,43527.80421997872,43518.91301468231,43536.69542527514,4.085299249868517,0.046701153289188044,0.26,0.06942222616056719,0.04087321857426017,0.15709899394410026,greed,623.2049882656936,3826,11
1650,2024-02-03,0,43011.09,43528.1895378108,43518.91301468231,43537.46606093929,4.262305980096951,0.04609601941395166,0.2,0.16112885931632548,0.04056382680894444,0.15734235238910782,greed,624.5170127196803,3833,7
1651,2024-02-03,1,43011.09,43528.4631194658,43518.8055439873,43538.1206949443,4.4373611133456095,0.04558662698308439,0.2,0.16875347784875078,0.048318273085950186,0.17161000107497978,greed,625.8026605948335,3842,9
1652,2024-02-03,2,43011.09,43528.800912725535,43518.8055439873,43538.796281463765,4.592531164951508,0.04531267976256328,0.2,0.15849840010077887,0.05034235861713839,0.17724251061179563,greed,627.0518810654863,3849,7
1653,2024-02-03,3,43011.09,43527.19304762264,43514.272296642834,43540.11379860245,5.936863866075901,0.04438768514854033,0.2,0.16802152185006494,0.04131659686726308,0.17077718400232744,greed,628.7874101463286,3860,11
1654,2024-02-03,4,43011.09,43527.632612692105,43514.272296642834,43540.99292874138,6.138774496722408,0.04426048735373304,0.2,0.1783592945633837,0.050680722264093134,0.17638388080535677,greed,630.0730848170938,3869,9
1655,2024-02-03,5,43011.09,43524.13113794155,43507.140394890645,43541.121880992454,7.807504759626676,0.0440372505032092,0.2,0.17354773198694812,0.04963989835465734,0.15211382033000875,greed,631.6508829305302,3878,9
1656,2024-02-03,6,43011.09,43523.64236934473,43519.32308067952,43527.96165800993,1.9848011012281783,0.045062335144752226,0.2,0.14746403775527311,0.04565334721082318,0.16382606205808956,greed,632.5451713112396,3883,5
1657,2024-02-03,7,43011.09,43529.36720496439,43519.32308067952,43539.411329249255,4.614872638774681,0.04473365408584242,0.2,0.11904078115871242,0.04324366744815755,0.16459327161425624,greed,634.0229015022494,3889,6
1658,2024-02-03,8,43011.09,43535.03250435764,43528.04708008675,43542.01792862853,3.209104883608654,0.044419428251604234,0.2,0.12938150334097945,0.05338107030633896,0.15378850417753706,greed,634.7567954205664,3894,5
1659,2024-02-03,9,43011.09,43541.78462548082,43541.05416926047,43542.51508170117,0.33551965158654207,0.04452335179638421,0.2,0.13440524859394712,0.042651481549689646,0.17324018811545394,greed,636.1615974586299,3902,8
1660,2024-02-03,10,43011.09,43542.32405296764,43541.05416926047,43543.59393667481,0.5832870591051719,0.045156123337670676,0.2,0.1350580924923536,0.05507627425956738,0.1565717751917965,greed,637.4502635761299,3910,8
1661,2024-02-03,11,43011.09,43542.61567656204,43541.05416926047,43544.177183863605,0.7172317405861788,0.045285316067942526,0.2,0.129332014000483,0.05235626389178573,0.17309920854619804,greed,639.5216026726235,3922,12
1662,2024-02-03,12,43011.09,43543.12172905591,43541.05416926047,43545.18928885135,0.9496608021376335,0.04548565505877795,0.2,0.12000901118898132,0.05036647846079647,0.16385419444686056,greed,641.3399725110736,3931,9
1663,2024-02-03,13,43011.09,43543.082041365065,43540.43630223462,43545.7277804955,1.2152282320879007,0.044361908838538966,0.2,0.1288655770321566,0.05161937173263185,0.17189667353110794,greed,642.6927657685374,3939,8
1664,2024-02-03,14,43011.09,43543.40164067564,43540.43630223462,43546.36697911667,1.3620150605105725,0.04489168369622841,0.2,0.1614311526952251,0.05422243634030572,0.1515589829439354,greed,644.2022541497636,3949,10
1665,2024-02-03,15,43011.09,43546.205660825624,43544.62902750245,43547.7822941488,0.7241197248978697,0.045496105617163385,0.2,0.13085189556243332,0.04916506629530096,0.15787248245088642,greed,645.6831939823231,3960,11
1666,2024-02-03,16,43011.09,43547.220393205935,43544.62902750245,43549.811758909425,1.190140578474852,0.04552856077707906,0.2,0.1256361239023083,0.04756695163365294,0.1724917724035063,greed,647.5767151732222,3970,10
1667,2024-02-03,17,43011.09,43547.36572614467,43544.62902750245,43550.10242478689,1.256883669809331,0.04555451738757144,0.2,0.09068139093672935,0.049521134043021234,0.17975058421178206,greed,648.7554679179872,3977,7
1668,2024-02-03,18,43011.09,43547.566765990094,43544.62902750245,43550.50450447774,1.3492090170881617,0.04562614529338317,0.2,0.07750961136254783,0.04467249527297133,0.16228682781787526,greed,650.3343051030628,3985,8
1669,2024-02-03,19,43011.09,43548.286221305105,43544.62902750245,43551.94341510776,1.6796040074084155,0.04662499675550366,0.2,0.09293492972397101,0.05542449630580808,0.15684301133707154,greed,651.6845995911463,3992,7
1670,2024-02-03,20,43011.09,43548.93329607419,43544.62902750245,43553.23756464593,1.9767504028067635,0.04642072150696347,0.2,0.09691007196331654,0.05003871161561722,0.1681521376031323,greed,653.4241100599214,4001,9
1671,2024-02-03,21,43011.09,43548.74354536482,43541.781282134674,43555.70580859496,3.1974576822823053,0.046218803572521366,0.2,0.11212801040812352,0.04972810071072357,0.165147984122682,greed,655.5612236384019,4012,11
1672,2024-02-03,22,43011.09,43549.77971921974,43541.781282134674,43557.778156304805,3.6732388253781685,0.0468269614937146,0.2,0.11993697361742248,0.04262159723409406,0.17298471304748333,greed,657.2472118810603,4021,9
1673,2024-02-03,23,43011.09,43550.09125539588,43541.781282134674,43558.40122865708,3.816282823597104,0.04715624926484844,0.2,0.1086083600441793,0.058946137984739244,0.16107053197233517,greed,659.049288331975,4030,9
1674,2024-02-03,24,43011.09,43550.50069222981,43541.781282134674,43559.22010232495,4.004275476306521,0.047823895021172076,0.2,0.10887912782587043,0.058679748370252346,0.15550738882065437,greed,660.819084644615,4039,9
1675,2024-02-03,25,43011.09,43549.276423086456,43538.631477540956,43559.92136863195,4.888689971369358,0.04771454843941551,0.2,0.08557497290550385,0.04813273053769941,0.16149493405677376,greed,662.5762779964956,4050,11
1676,2024-02-03,26,43011.09,43553.69664799531,43546.40440044921,43560.98889554142,3.348623931990006,0.04767559137011646,0.2,0.08279610221724958,0.04534419790972148,0.16527340155562564,greed,663.6875069362916,4056,6
1677,2024-02-03,27,43011.09,43553.950070115316,43546.40440044921,43561.49573978143,3.464976037288038,0.04684587527912359,0.2,0.1129915735016702,0.05223311351292028,0.16697241919653438,greed,665.6433095734598,4066,10
1678,2024-02-03,28,43011.09,43550.42956501299,43538.631477540956,43562.22765248503,5.418126796855331,0.04627641195305066,0.2,0.1174004036859369,0.05892151236137663,0.15734146791071102,greed,667.2055478919822,4078,12
1679,2024-02-03,29,43011.09,43550.7085803628,43538.631477540956,43562.785683184644,5.546225636976103,0.04598109815559621,0.2,0.1184602381700719,0.04604553400992897,0.17685255518298942,greed,668.2972818127208,4084,6
1680,2024-02-03,30,43011.09,43555.5334463342,43546.121971911554,43564.94492075684,4.321597591836978,0.0469207970778513,0.2,0.11336856540971643,0.040921383393509356,0.16631633763483353,greed,669.63014052948,4092,8
1681,2024-02-03,31,43011.09,43556.98074665964,43546.121971911554,43567.839521407725,4.986008929885655,0.04688625282102645,0.2,0.11152476337373629,0.04946869867188097,0.1683951108222935,greed,671.8323981832116,4105,13
1682,2024-02-03,32,43011.09,43553.66903347868,43539.089296364975,43568.248770592385,6.695067229581944,0.0464360072214111,0.2,0.11784902993639604,0.0563885570734073,0.17716746412719397,greed,673.5599241014373,4116,11
1683,2024-02-03,33,43011.09,43553.75137121786,43539.089296364975,43568.41344607074,6.732864284371735,0.04633075478283419,0.2,0.13309565334768012,0.05063865955105583,0.15853535879227332,greed,674.5718988360994,4121,5
1684,2024-02-03,34,43011.09,43563.1778736962,43557.61972963467,43568.736017757736,2.5517624437989155,0.045927150333452196,0.2,0.13235866182600065,0.04325805308954788,0.174372409728717,greed,676.3776802427477,4134,13
1685,2024-02-03,35,43011.09,43563.562608070904,43557.61972963467,43569.505486507136,2.7283711801525956,0.0453186297377499,0.2,0.12220946814988051,0.058286808853329666,0.15795855267258158,greed,678.5513720550872,4146,12
1686,2024-02-03,36,43011.09,43553.56862869456,43536.04480662478,43571.09245076433,8.047020081945869,0.04567682017026403,0.2,0.11428790436939522,0.041010149416645644,0.15131643265106232,greed,679.8424986353373,4155,9
1687,2024-02-03,37,43011.09,43553.87502496019,43536.04480662478,43571.70524329559,8.187661063539336,0.046865272837385806,0.2,0.1256996239631621,0.048889599559555824,0.15768877126107653,greed,681.3564993515522,4165,10
1688,2024-02-03,38,43011.09,43570.06655601476,43567.49943987972,43572.6336721498,1.1783852254344276,0.046720558924033644,0.2,0.38345250768270134,0.04159307855240846,0.15145688169886984,greed,682.3564993515522,4169,4
1689,2024-02-03,39,43011.09,43570.552317781345,43567.49943987972,43573.60519568297,1.4013491861924923,0.04657535376883887,0.2,0.3344325595802698,0.04891277601644324,0.17686932459191504,greed,684.3953291171011,4180,11
1690,2024-02-03,40,43011.09,43571.14823594768,43567.49943987972,43574.79703201563,1.6748679875022146,0.04679171408918855,0.2,0.3151773308622013,0.05527206134176027,0.1797779315574498,greed,686.0122819851285,4188,8
1691,2024-02-03,41,43011.09,43571.45439463474,43567.49943987972,43575.40934938976,1.8153879919631843,0.04758978548078318,0.2,0.28244047822821244,0.041009111412402474,0.15313688594263025,greed,687.8568194102802,4199,11
1692,2024-02-03,42,43011.09,43571.66454438719,43567.49943987972,43575.82964889466,1.9118408952339099,0.047430367538642285,0.2,0.26569028773725634,0.05713224672449852,0.17783023624498556,greed,689.477028627668,4207,8
1693,2024-02-03,43,43011.09,43556.255855721174,43536.04480662478,43576.466904817564,9.280434554954294,0.04699208658932095,0.2,0.2698212478060683,0.05109651593006612,0.160230605167681,greed,691.1254483662931,4216,9
1694,2024-02-03,44,43011.09,43555.18747953157,43532.93892337526,43577.436035687875,10.216260080048366,0.04654329595454236,0.2,0.25395086182973126,0.0528555310011973,0.1676305425118503,greed,693.4786717316005,4232,16
1695,2024-02-03,45,43011.09,43577.1078968289,43575.13158834571,43579.084205312094,0.9070397640306355,0.046424414027374565,0.2,0.24938707771020913,0.05306374378315625,0.16047157273384655,greed,694.8199123180295,4239,7
1696,2024-02-03,46,43011.09,43577.71229438693,43575.13158834571,43580.29300042816,1.1844155672020589,0.046820025332415256,0.2,0.2058387786514388,0.05339939848193313,0.15215942455389964,greed,696.5654507851998,4249,10
1697,2024-02-03,47,43011.09,43578.54386622869,43575.13158834571,43581.95614411168,1.5660357507411764,0.0468798477810285,0.2,0.21327348547130578,0.05427801866793196,0.16440055529533862,greed,698.3264754378346,4258,9
1698,2024-02-03,48,43011.09,43582.030263939305,43581.94134527241,43582.119182606206,0.04080519716904694,0.046643754804697776,0.2,0.18005175946583282,0.05541383941520468,0.15792038538215677,greed,700.0126229603246,4268,10
1699,2024-02-03,49,43011.09,43582.15540122741,43581.94134527241,43582.3694571824,0.09823100901028203,0.04642859513709618,0.2,0.46378514543007743,0.04078583890301385,0.16964721369443575,greed,701.0909498708969,4274,6
1700,2024-02-04,0,42582.88,43578.130968260855,43572.487281093854,43583.77465542786,2.5901464985323215,0.046119776501396016,0.2,0.2025286934490789,0.050641736478760226,0.1644706862574826,greed,702.6817949200833,4285,11
1701,2024-02-04,1,42582.88,43578.68685846041,43572.487281093854,43584.886435826964,2.8452336742915345,0.047641221553956344,0.2,0.19067765505092002,0.04136020463904841,0.15581367390070064,greed,704.1971076272866,4294,9
1702,2024-02-04,2,42582.88,43578.88165176995,43572.487281093854,43585.27602244605,2.934618986872797,0.04803289116249443,0.2,0.19556162895261198,0.05146983527781954,0.1564573146150286,greed,705.4087721085631,4301,7
1703,2024-02-04,3,42582.88,43579.37603943395,43572.487281093854,43586.264797774034,3.1614763524180156,0.04812318596948295,0.2,0.1692836326529582,0.05884370908979277,0.16555478924826722,greed,706.6034214805444,4309,8
1704,2024-02-04,4,42582.88,43579.772275025076,43572.487281093854,43587.0572689563,3.3432914175170008,0.047744858754040775,0.2,0.13770446316325677,0.04537000152394991,0.16962707339835953,greed,707.6826426748128,4315,6
1705,2024-02-04,5,42582.88,43579.79772811142,43572.487281093854,43587.10817512899,3.3549706050388526,0.04833179059960469,0.2,0.12024418223467516,0.05888082556561855,0.161888317874751,greed,708.9115565666355,4322,7
1706,2024-02-04,6,42582.88,43578.29396485156,43567.927845586826,43588.66008411629,4.757469061588962,0.047478650733503144,0.2,0.11608033461403804,0.04535548629208235,0.16364852330525997,greed,710.1548558684534,4330,8
1707,2024-02-04,7,42582.88,43578.41460505924,43567.927845586826,43588.90136453166,4.812822847024357,0.048070282391189004,0.2,0.15331721304776022,0.05413285043497868,0.17821919997558341,greed,711.385903998656,4336,6
1708,2024-02-04,8,42582.88,43582.52867554533,43574.749698036394,43590.30765305425,3.569768779063251,0.04876096383930267,0.2,0.14228875298814014,0.05088922664298337,0.15505321653395746,greed,712.7532270927575,4346,10
1709,2024-02-04,9,42582.88,43582.72978386696,43574.749698036394,43590.70986969752,3.6620403862441586,0.05021771214736665,0.2,0.13593599588853109,0.05969858216882983,0.17837324151025383,greed,714.7102058597324,4356,10
1710,2024-02-04,10,42582.88,43583.29188778468,43574.749698036394,43591.83407753298,3.919937837777769,0.05052764121579279,0.2,0.13824704780049002,0.049076931276138235,0.16621832982974186,greed,716.6524476741773,4369,13
1711,2024-02-04,11,42582.88,43583.696058487054,43574.749698036394,43592.64241893772,4.10537024609298,0.04954687718079381,0.2,0.1296576695193287,0.04960269879276746,0.1611962210731538,greed,717.9882909573166,4376,7
1712,2024-02-04,12,42582.88,43585.465653879866,43577.925783289524,43593.00552447021,3.4598095843316687,0.05032794266688673,0.2,0.18075245385549749,0.058018154605339815,0.1702256084648884,greed,719.4140864143689,4383,7
1713,2024-02-04,13,42582.88,43585.6016512418,43577.925783289524,43593.27751919408,3.5222035082589636,0.05018542168809377,0.2,0.16806397513715354,0.04198992452361276,0.16812521814517775,greed,720.9880614556158,4393,10
1714,2024-02-04,14,42582.88,43585.88124468087,43577.925783289524,43593.83670607222,3.6504763304839867,0.050287784265184744,0.2,0.1125513309877804,0.04178444336114477,0.16292949188541775,greed,722.2332135543598,4400,7
1715,2024-02-04,15,42582.88,43586.33369179373,43577.925783289524,43594.74160029792,3.8580480586658976,0.05130450752882747,0.2,0.12497946206118145,0.05974200171848233,0.16683450637305522,greed,723.602098534505,4408,8
1716,2024-02-04,16,42582.88,43585.948556455354,43577.01292183901,43594.8841910717,4.100236389153562,0.05133847907514565,0.2,0.10018507210801501,0.05951741725567074,0.1585877710614955,greed,725.4056426977133,4420,12
1717,2024-02-04,17,42582.88,43586.0972192249,43577.01292183901,43595.18151661079,4.168438087127322,0.052689055037274994,0.2,0.12410478387244056,0.0529972784340515,0.15074091893058333,greed,726.8813845634616,4429,9
1718,2024-02-04,18,42582.88,43591.766687733,43587.328445748484,43596.20492971751,2.036275343601638,0.05392115721297726,0.2,0.12490609414863169,0.04123215970584938,0.15487495246423325,greed,728.4524765633714,4438,9
1719,2024-02-04,19,42582.88,43592.08382583461,43587.328445748484,43596.83920592074,2.181763140815761,0.053857324129910455,0.2,0.1496581328074701,0.05372048447871782,0.15749705164910668,greed,730.2170535287386,4446,8
1720,2024-02-04,20,42582.88,43592.56491664351,43587.328445748484,43597.80138753854,2.402460559519414,0.05407346851189107,0.2,0.14837850080828513,0.048090390489164705,0.1609083434757019,greed,731.3365316373845,4452,6
1721,2024-02-04,21,42582.88,43592.61710776908,43587.328445748484,43597.905769789686,2.4264026211256535,0.05322414483127706,0.2,0.13514009618157333,0.053392225130750356,0.1791200408338161,greed,732.7255064763042,4461,9
1722,2024-02-04,22,42582.88,43591.229872765914,43583.62345871612,43598.836286815706,3.4898827456773565,0.053654403164094665,0.2,0.13879297678493605,0.0489337744348933,0.15762441840383443,greed,734.0818302070709,4470,9
1723,2024-02-04,23,42582.88,43591.631850892816,43583.62345871612,43599.64024306951,3.674279597554777,0.05288576044029268,0.2,0.11098252053410872,0.04970511208294483,0.16630217556594792,greed,735.5154670830161,4478,8
1724,2024-02-04,24,42582.88,43591.79490888615,43583.62345871612,43599.96635905617,3.749077177070696,0.053436235080783115,0.2,0.0914552480121194,0.05428238281849832,0.15588702845063565,greed,736.9125762727116,4485,7
1725,2024-02-04,25,42582.88,43591.960253909994,43583.37402785007,43600.54647996992,3.939362217212558,0.05321767358640321,0.2,0.08100186380519944,0.04780752892093908,0.16247324402968955,greed,738.2121480022082,4494,9
1726,2024-02-04,26,42582.88,43593.21211432185,43583.37402785007,43603.05020079362,4.51358640238595,0.054155856965607624,0.2,0.038430194065935556,0.04619263620005692,0.16991203082081816,greed,740.0388758267187,4507,13
1727,2024-02-04,27,42582.88,43594.31972322753,43585.28461004304,43603.354836412014,4.145087360853238,0.05473145791169229,0.2,0.03422579426984087,0.04572448614479989,0.16380307879673064,greed,741.2744963290131,4516,9
1728,2024-02-04,28,42582.88,43595.106538900975,43585.28461004304,43604.92846775891,4.505977683146841,0.05444299296003223,0.2,0.02946911268175572,0.057934930998154895,0.1563211999522472,greed,742.8774374017297,4524,8
1729,2024-02-04,29,42582.88,43598.75978444415,43592.30830514403,43605.21126374426,2.95947835764645,0.05412330433970776,0.2,0.024525773535238916,0.045592028652902634,0.15382224215086288,greed,744.3549958788261,4532,8
1730,2024-02-04,30,42582.88,43599.0458546834,43592.30830514403,43605.78340422276,3.090686691548624,0.05398094762590193,0.2,0.01936237420540389,0.052895134531801856,0.16018981861444329,greed,745.754444049874,4540,8
1731,2024-02-04,31,42582.88,43599.40966593505,43592.30830514403,43606.51102672606,3.2575490564781613,0.0554232524249296,0.2,0.031592586957375345,0.05114849489340284,0.1576806351918454,greed,747.2694706098049,4549,9
1732,2024-02-04,32,42582.88,43600.24969817299,43592.30830514403,43608.19109120196,3.6428199764625173,0.055484268597477585,0.2,0.022085165573351016,0.04874296210090069,0.1580362074845232,greed,748.9251015847326,4558,9
1733,2024-02-04,33,42582.88,43600.539127976466,43592.30830514403,43608.7699508089,3.7755601178570783,0.05551947659937061,0.2,0.03630247843116367,0.05742667184680565,0.1799671409928923,greed,750.5176825139652,4566,8
1734,2024-02-04,34,42582.88,43600.98120963324,43592.98087847769,43608.98154078879,3.669794088845293,0.055046312934313606,0.2,0.01309668811112159,0.04514192178790224,0.16438364934449295,greed,751.8795078093957,4574,8
1735,2024-02-04,35,42582.88,43601.32657229148,43592.98087847769,43609.67226610526,3.8281834383863544,0.05497113839698303,0.2,0.055232337381959984,0.05827629045249889,0.16104886402967128,greed,753.078502418433,4580,6
1736,2024-02-04,36,42582.88,43601.63466093459,43592.98087847769,43610.2884433915,3.969476155745767,0.05434726927228761,0.2,0.031727535080074476,0.05301576641693804,0.16842506550956676,greed,754.8028912821288,4588,8
1737,2024-02-04,37,42582.88,43601.795781852095,43592.98087847769,43610.61068522651,4.0433671211667805,0.054440378981955174,0.2,0.008149045727254837,0.05635808353664879,0.15115091584067103,greed,756.6507922121658,4596,8
1738,2024-02-04,38,42582.88,43608.125362011415,43604.484885858656,43611.765838164174,1.6696320341853392,0.05496942825862695,0.2,0.018084977984265786,0.049943345614353714,0.17002246591601491,greed,758.3500134571582,4608,12
1739,2024-02-04,39,42582.88,43608.64247162503,43604.484885858656,43612.80005739141,1.9067714703949705,0.05512209246985512,0.2,-0.053489041167424464,0.04190187295421459,0.1516263523261798,greed,760.0895703941582,4618,10
1740,2024-02-04,40,42582.88,43608.710010863164,43604.484885858656,43612.93513586767,1.9377436312405474,0.05596148932663171,0.2,-0.04599137091727855,0.04499249408821167,0.17633138882090818,greed,761.4125300597439,4625,7
1741,2024-02-04,41,42582.88,43608.87832121258,43604.484885858656,43613.2717565665,2.014927016265608,0.05581586917512249,0.2,-0.027166619336719645,0.05915660434950553,0.17651286046374096,greed,762.4780840042774,4631,6
1742,2024-02-04,42,42582.88,43605.51426893978,43596.87217934217,43614.156358537395,3.9637599704986815,0.05550553334160864,0.2,-0.032328805056618115,0.044254539322605466,0.16810757362974615,greed,764.2173643632943,4642,11
1743,2024-02-04,43,42582.88,43605.71886569723,43596.87217934217,43614.56555205229,4.0575807876519345,0.05537188414621769,0.2,-0.008610582615503591,0.057341599943168474,0.17858018599497227,greed,765.3931143426821,4649,7
1744,2024-02-04,44,42582.88,43614.83101769842,43614.74270909367,43614.91932630318,0.040494759554812916,0.05507610979497749,0.2,0.005679798313142957,0.04552477883246287,0.1737717232607644,greed,766.6568015641103,4657,8
1745,2024-02-04,45,42582.88,43615.18786772119,43614.74270909367,43615.633026348725,0.20413009746891314,0.055046857120417646,0.2,-0.03626419911152272,0.053629202308505444,0.1576084688291569,greed,768.7269917996023,4671,14
1746,2024-02-04,46,42582.88,43609.790687638524,43603.844126313794,43615.73724896325,2.727168019365081,0.05447662063779505,0.2,-0.019461367705069853,0.04448738351396972,0.164815475871243,greed,770.2866638910483,4682,11
1747,2024-02-04,47,42582.88,43609.949938499776,43603.844126313794,43616.055750685766,2.8001922472264327,0.05444526147368603,0.2,0.012311312917252648,0.05539284327767309,0.16464928928477535,greed,771.590540830882,4691,9
1748,2024-02-04,48,42582.88,43608.64894552092,43598.73850912407,43618.55938191778,4.54517011487117,0.05423469779411177,0.2,0.03316300016676309,0.055678571769056,0.15973826394290833,greed,773.0977755974684,4700,9
1749,2024-02-04,49,42582.88,43612.7901233726,43606.4665192092,43619.113727535994,2.8998851692400005,0.054189164487268356,0.2,4.824081617222503e-05,0.05315577560072372,0.1787733687598888,greed,774.4021319429057,4709,9
1750,2024-02-05,0,42708.7,43613.49123551936,43606.60046711002,43620.382003928695,3.159925158077532,0.05380808265457383,0.2,0.17084736305040493,0.04855011407426733,0.15816721627518132,greed,775.6067862433466,4716,7
1751,2024-02-05,1,42708.7,43613.919243663,43606.60046711002,43621.23802021597,3.356165499405904,0.05412221604629899,0.2,0.18269795810349607,0.056718709800330155,0.15445899646733655,greed,777.4006600561268,4725,9
1752,2024-02-05,2,42708.7,43614.71911898794,43606.60046711002,43622.83777086586,3.7228954086663935,0.055232373279809,0.2,0.16374424374876823,0.04391492059096331,0.17480227285727568,greed,779.3602029136753,4738,13
1753,2024-02-05,3,42708.7,43615.132946389116,43606.60046711002,43623.665425668216,3.912623304202287,0.05594353329986178,0.2,0.09608068199872682,0.04584830167768496,0.17624691703793777,greed,781.0924495059166,4746,8
1754,2024-02-05,4,42708.7,43615.665227701305,43606.60046711002,43624.72998829259,4.156653598636195,0.05520050110789056,0.2,0.08777157915121599,0.05922669262389613,0.16376909154196045,greed,782.8634674827673,4754,8
1755,2024-02-05,5,42708.7,43623.47338860757,43620.017740999196,43626.92903621594,1.5843064937021898,0.054516315463531216,0.2,0.1178008566921242,0.05883633000100312,0.16811232865689768,greed,784.0549850053803,4760,6
1756,2024-02-05,6,42708.7,43627.25319477939,43626.85153957483,43627.65484998394,0.18413041167679162,0.05238661338107111,0.2,0.11941611467099815,0.05711177788151127,0.16592085569290563,greed,785.9003288702769,4771,11
1757,2024-02-05,7,42708.7,43617.32582100741,43606.60046711002,43628.051174904795,4.917932814771441,0.05228932330667236,0.2,0.09903465043466715,0.05351288127729777,0.1662772635760674,greed,787.0223903003002,4779,8
1758,2024-02-05,8,42708.7,43617.754534083084,43606.60046711002,43628.908601056144,5.1144618021748105,0.05252175738520327,0.2,0.10730621236860627,0.04057141835448021,0.16892553115935335,greed,788.1487403866689,4786,7
1759,2024-02-05,9,42708.7,43619.7073498111,43610.051263916466,43629.36343570572,4.427396001165721,0.052891530099651515,0.2,0.0769350796914432,0.04585342891518848,0.16177763251083332,greed,790.1228952586582,4800,14
1760,2024-02-05,10,42708.7,43619.86378291447,43610.051263916466,43629.67630191248,4.49910575000421,0.05411350369609338,0.2,0.09925178907746751,0.05466306046213171,0.15282179460685766,greed,792.2236524465322,4812,12
1761,2024-02-05,11,42708.7,43618.11177506743,43606.07735421767,43630.146195917194,5.518084281970998,0.053440123547823605,0.2,0.08981189392542734,0.052446332744971035,0.1712015573113368,greed,794.232969641859,4824,12
1762,2024-02-05,12,42708.7,43620.37014151602,43610.08267722164,43630.65760581039,4.716816597841781,0.05397377109306834,0.2,0.07637699720085765,0.05865072171604448,0.16464313341304132,greed,795.4593514484521,4832,8
1763,2024-02-05,13,42708.7,43620.85385222061,43610.08267722164,43631.625027219576,4.938543860447685,0.05320295054892536,0.2,0.04553148814287906,0.05468544061061431,0.16113318273298616,greed,797.4653974727551,4844,12
1764,2024-02-05,14,42708.7,43619.4704911223,43606.07735421767,43632.863628026935,6.140898435417271,0.05305613951668265,0.2,0.06989353639683996,0.04978459800409226,0.1614881214687485,greed,799.392246635603,4857,13
1765,2024-02-05,15,42708.7,43619.58430709326,43606.07735421767,43633.091259968845,6.193068132193096,0.053713203590703446,0.2,0.09656011362340756,0.05649252705601786,0.16825050139595035,greed,801.1412051190139,4867,10
1766,2024-02-05,16,42708.7,43620.48857178644,43606.07735421767,43634.89978935521,6.60754523418647,0.05337253381635714,0.2,0.11012728267156341,0.05700343890410095,0.17992747778837917,greed,802.8956023710397,4878,11
1767,2024-02-05,17,42708.7,43628.357461068415,43621.607171842115,43635.10775029472,3.094450315865003,0.05320869763533,0.2,0.10745723968747124,0.056208731712312505,0.16122917980218973,greed,804.1259707282974,4885,7
1768,2024-02-05,18,42708.7,43629.611872937276,43621.607171842115,43637.616574032436,3.6693890921938066,0.052528901507959816,0.2,0.12199943598426473,0.043520793643099416,0.17359577661310774,greed,806.1450280794786,4896,11
1769,2024-02-05,19,42708.7,43627.93424809941,43618.12948417789,43637.739012020924,4.494718391093865,0.052384711015819735,0.2,0.10230901653201696,0.05828883458974677,0.17521897934457376,greed,807.4236339812729,4904,8
1770,2024-02-05,20,42708.7,43628.31539638923,43618.12948417789,43638.50130860058,4.669404316348448,0.052264730604811,0.2,0.11079276132317561,0.056114937843562404,0.16807534090724185,greed,809.1977882759319,4913,9
1771,2024-02-05,21,42708.7,43628.47665369646,43618.12948417789,43638.82382321504,4.743310017770053,0.05124137250964926,0.2,0.12086922999892001,0.05776418386428298,0.17521810868319576,greed,810.516991827495,4921,8
1772,2024-02-05,22,42708.7,43626.23043674369,43612.355818121185,43640.10505536619,6.360677273101157,0.051546631805943384,0.2,0.10751267738719915,0.04101193707353164,0.17778839885545222,greed,811.8658837661136,4930,9
1773,2024-02-05,23,42708.7,43627.919751351365,43613.955103518805,43641.884399183924,6.401702355807084,0.05066452809849825,0.2,0.10609830298747937,0.04378980291799209,0.1702916813416473,greed,813.3679553134394,4939,9
1774,2024-02-05,24,42708.7,43628.302236799296,43613.955103518805,43642.649370079795,6.576984455009724,0.04976638353982352,0.2,0.11054345717361147,0.0536210022346089,0.16118629527606532,greed,814.7486285334212,4947,8
1775,2024-02-05,25,42708.7,43634.6261051521,43625.911156088456,43643.341054215736,3.9945107092879284,0.04921947360526643,0.2,0.10050905988117319,0.04812219961005116,0.15338020579904368,greed,815.5405265379027,4953,6
1776,2024-02-05,26,42708.7,43637.33998634349,43630.73178547415,43643.94818721284,3.0286909657705054,0.04921430580089453,0.2,0.08990044377074159,0.05772737294191082,0.1751361981035809,greed,816.8448758925117,4961,8
1777,2024-02-05,27,42708.7,43637.622027473524,43630.73178547415,43644.5122694729,3.1579365140646725,0.04925986037109922,0.2,0.09267864694770367,0.05844097604254214,0.1531358366362708,greed,818.7127580741949,4970,9
1778,2024-02-05,28,42708.7,43641.14746486518,43637.39527974992,43644.899649980434,1.7195629964939967,0.049560566569487964,0.2,0.09665787346926284,0.059486989130480616,0.15138785752019998,greed,820.2552352254809,4981,11
1779,2024-02-05,29,42708.7,43641.85805682014,43637.39527974992,43646.32083389037,2.0451819738812085,0.0496006493822997,0.2,0.07584563406609456,0.04425788509319987,0.17267897546793742,greed,821.7932153198724,4994,13
1780,2024-02-05,30,42708.7,43642.03648016669,43636.390908689245,43647.68205164414,2.5872172486777893,0.05072420929720952,0.2,0.06104795880926042,0.05370881044742583,0.17337016181772114,greed,823.9744812432481,5007,13
1781,2024-02-05,31,42708.7,43644.971133578525,43640.8543007719,43649.087966385145,1.886509579315986,0.050897659798217726,0.2,0.07129174687128136,0.0578093914796778,0.16707844148851572,greed,825.0808016921351,5012,5
1782,2024-02-05,32,42708.7,43645.41705304687,43640.8543007719,43649.97980532185,2.0908276667073817,0.051685605423718826,0.2,0.08436065015645866,0.042203442405072664,0.1716386180692148,greed,827.4986092803304,5026,14
1783,2024-02-05,33,42708.7,43645.90005063782,43640.8543007719,43650.94580050374,2.3121300557741855,0.05276177799207759,0.2,0.09625417474845674,0.056998749828094476,0.17178568451586315,greed,829.4318474772422,5037,11
1784,2024-02-05,34,42708.7,43651.463305310535,43650.64718797672,43652.279422644344,0.3739243874158315,0.053012418032311916,0.2,0.08686666786254416,0.05342443112692635,0.15094337865176843,greed,830.7623188274807,5044,7
1785,2024-02-05,35,42708.7,43653.23016816279,43650.64718797672,43655.813148348854,1.1834085020132648,0.05478833555050283,0.2,0.10478268906386184,0.05671566141709203,0.16245490759812312,greed,832.8531898789357,5058,14
1786,2024-02-05,36,42708.7,43654.01313174395,43650.64718797672,43657.379075511184,1.542100496957344,0.05408682771111612,0.2,0.09131330616041794,0.059486099262209546,0.17958984520680377,greed,834.6130171129205,5067,9
1787,2024-02-05,37,42708.7,43650.75351710252,43642.415033288766,43659.09200091627,3.820545187375291,0.05300499846939992,0.2,0.10275722608804294,0.05868539582927754,0.16568192034170565,greed,836.2430315208371,5078,11
1788,2024-02-05,38,42708.7,43650.93552682815,43642.415033288766,43659.456020367536,3.903922532953808,0.052227765014370015,0.2,0.08205116076196109,0.04344892777947718,0.16738897374605455,greed,837.6023435724182,5086,8
1789,2024-02-05,39,42708.7,43651.23930147722,43642.415033288766,43660.06356966567,4.043077965098057,0.05261320273955136,0.2,0.06557957980331924,0.0547924336930599,0.16497728722574323,greed,838.8101066737099,5093,7
1790,2024-02-05,40,42708.7,43648.81161637844,43636.390908689245,43661.232324067634,5.69120085025808,0.05193473019326944,0.2,0.05358612888271687,0.05437981513706466,0.16708563836046098,greed,840.3358924528758,5101,8
1791,2024-02-05,41,42708.7,43646.159539302724,43630.73178547415,43661.58729313129,7.069466817431658,0.0515578612060104,0.2,0.04759579832472603,0.042830424048999206,0.17647410584829407,greed,841.4215474813055,5108,7
1792,2024-02-05,42,42708.7,43652.698302253906,43642.271249739264,43663.12535476855,4.777277428508355,0.05115615020622579,0.2,0.03258529696196793,0.05689583475731823,0.1769268658035948,greed,842.6922944107603,5117,9
1793,2024-02-05,43,42708.7,43653.709419256134,43642.271249739264,43665.147588773,5.240411258989717,0.05155317618872326,0.2,0.043798314415824664,0.054225316494209065,0.1529995574245133,greed,844.3259556851846,5125,8
1794,2024-02-05,44,42708.7,43658.892573787074,43651.86566290542,43665.91948466874,3.219005553008462,0.051141255765434664,0.2,0.050688512267671335,0.05591573462353004,0.16020648715366004,greed,845.8949201197702,5133,8
1795,2024-02-05,45,42708.7,43662.5275050873,43658.26651692936,43666.788493245236,1.9517826389875965,0.05007653756451838,0.2,0.2532872099147068,0.05681570143878229,0.15100279599279665,greed,847.2393300110263,5140,7
1796,2024-02-05,46,42708.7,43663.11873715258,43658.26651692936,43667.9709573758,2.2225715265231663,0.05075142216575678,0.2,0.21202181197987666,0.04144752786388245,0.17862394924713218,greed,848.5156196861227,5148,8
1797,2024-02-05,47,42708.7,43664.09846213872,43658.26651692936,43669.93040734807,2.671277051287227,0.05052937808891637,0.2,0.1876753966176672,0.05844615550967169,0.16277679465110045,greed,850.1571899413685,5156,8
1798,2024-02-05,48,42708.7,43670.29263388128,43669.222020471134,43671.36324729144,0.49031657247116567,0.04980879054875282,0.2,0.17958231901432795,0.04010697977388446,0.172447164185427,greed,851.3744030416618,5162,6
1799,2024-02-05,49,42708.7,43672.24351753514,43671.061366997936,43673.425668072356,0.5413738530448111,0.04989169567708798,0.2,0.1776817526472812,0.042794411339579085,0.15288377555196453,greed,852.232523692985,5169,7
1800,2024-02-06,0,43098.95,43674.183515859564,43671.061366997936,43677.305664721185,1.4297457263241016,0.04941114778247276,0.28,0.28006626122915185,0.05054912927443465,0.15423378354897965,greed,853.2054469905855,5175,6
1801,2024-02-06,1,43098.95,43676.07192985731,43672.6619966536,43679.48186306101,1.5614651469483127,0.049894275323784994,0.28,0.43192709405243684,0.05749211589006332,0.16691601095675299,greed,854.6454980057125,5183,8
1802,2024-02-06,2,43098.95,43678.11741304636,43673.86934578548,43682.36548030725,1.9451695780343663,0.0498233845059505,0.28,0.43812992729970046,0.04325031289514231,0.17022592868594788,greed,855.8422887491766,5192,9
1803,2024-02-06,3,43098.95,43678.42474709092,43673.86934578548,43682.98014839636,2.085881682691528,0.05016764598026922,0.28,0.41088130914159626,0.056117154106681236,0.17969209793136812,greed,857.3276670461273,5199,7
1804,2024-02-06,4,43098.95,43678.86611502412,43673.86934578548,43683.86288426275,2.28795739590672,0.04981550550309468,0.28,0.36496368717932565,0.040274663761651563,0.17764258004628983,greed,858.7678539683117,5207,8
1805,2024-02-06,5,43098.95,43678.32531033483,43672.6619966536,43683.98862401606,2.5931917677670837,0.04977489856012234,0.28,0.3006759137179968,0.04891557495118941,0.17446063871566683,greed,860.2013134523423,5216,9
1806,2024-02-06,6,43098.95,43677.652604155825,43670.69856300854,43684.606645303116,3.1842558986910485,0.048852474167033755,0.28,0.2856015290225287,0.05339367944926545,0.17884147410431145,greed,861.8283753731437,5225,9
1807,2024-02-06,7,43098.95,43678.610545094176,43670.69856300854,43686.52252717981,3.6228176615038743,0.05022839313858808,0.28,0.2909754036050663,0.051189505189126926,0.1504360240579797,greed,863.6503145777792,5238,13
1808,2024-02-06,8,43098.95,43677.1143852222,43669.50380434652,43684.724966097885,3.4849284266172984,0.049909770917103705,0.28,0.27877513600174336,0.0573338269679879,0.17947736768976613,greed,864.9350968995635,5246,8
1809,2024-02-06,9,43098.95,43679.34025202117,43669.50380434652,43689.17669969582,4.503936010890163,0.050389374954133745,0.28,0.2491651172655064,0.05575861876875533,0.1752120099446802,greed,866.2568285756548,5254,8
1810,2024-02-06,10,43098.95,43679.59278031232,43669.50380434652,43689.68175627812,4.61953755683798,0.05009278944370615,0.28,0.21146810117746823,0.057158341444871356,0.15895643777946492,greed,867.7599279249056,5263,9
1811,2024-02-06,11,43098.95,43680.662679986315,43669.222020471134,43692.1033395015,5.238317742108444,0.05036017806083632,0.28,0.22890646991171454,0.044596126828453306,0.1724854924547034,greed,869.2580296341428,5272,9
1812,2024-02-06,12,43098.95,43683.191587126836,43671.60864659954,43694.77452765413,5.303156709231649,0.04982572397684004,0.28,0.24686503482636155,0.05865282125107969,0.1689741660723443,greed,870.7744112970892,5283,11
1813,2024-02-06,13,43098.95,43683.329596595366,43671.60864659954,43695.05054659119,5.366326286968634,0.050015957884446086,0.28,0.25022268358008454,0.052769101413042876,0.15860447241621092,greed,872.1603503207227,5290,7
1814,2024-02-06,14,43098.95,43683.600311591676,43671.60864659954,43695.59197658381,5.490236567773931,0.049259212265990865,0.28,0.22375787088543161,0.05000595748787984,0.17036702526690622,greed,873.5213348701666,5297,7
1815,2024-02-06,15,43098.95,43683.831963646655,43668.445745525736,43699.218181767574,7.044353679284855,0.04972437850797741,0.28,0.18364111071627634,0.04527210879613763,0.17863920482148693,greed,874.9925634695791,5308,11
1816,2024-02-06,16,43098.95,43684.835674571594,43668.445745525736,43701.22560361745,7.50371555381537,0.04989708449718319,0.28,0.1924118105212622,0.042937883278258655,0.1756746872137171,greed,876.2952903355141,5316,8
1817,2024-02-06,17,43098.95,43684.6584396338,43666.569540084376,43702.747339183225,8.281579939291785,0.049713724840252695,0.28,0.19030581991645348,0.04373156998507283,0.15808079101990613,greed,877.8918816309633,5328,12
1818,2024-02-06,18,43098.95,43685.32864389449,43666.569540084376,43704.087747704616,8.588285537708453,0.04950242766237657,0.28,0.1809987015563708,0.04636704044272022,0.1614368985832463,greed,879.1882321051486,5334,6
1819,2024-02-06,19,43098.95,43684.92394861278,43665.50662291458,43704.34127431098,8.889714777134698,0.049633343904049006,0.28,0.20477140491788062,0.04495234174349437,0.1651936913110954,greed,880.5826198010883,5344,10
1820,2024-02-06,20,43098.95,43686.35672148004,43667.71669023611,43704.99675272398,8.533570955697334,0.048702076018496,0.28,0.18906161639477892,0.05230182574739976,0.16443564454425308,greed,882.095350083632,5352,8
1821,2024-02-06,21,43098.95,43687.06969877159,43667.71669023611,43706.42270730707,8.859833661960522,0.048602555614575944,0.28,0.1963488162141065,0.04725019462644248,0.16759938983324774,greed,883.7928090330817,5362,10
1822,2024-02-06,22,43098.95,43685.083620653604,43663.78416262254,43706.383078684674,9.751364202950036,0.048013002571363414,0.28,0.22065901241028354,0.05262068351424098,0.17859711536343698,greed,885.2092931424587,5371,9
1823,2024-02-06,23,43098.95,43683.12630588733,43658.70566002653,43707.546951748125,11.180814161420232,0.04602395720937299,0.28,0.2368892901244936,0.054305341650184885,0.16670196923277653,greed,886.9356178072691,5380,9
1824,2024-02-06,24,43098.95,43683.08179417177,43658.70566002653,43707.45792831701,11.160446170028791,0.04624700252121579,0.28,0.2219983121155143,0.04810430246598557,0.15376572543683628,greed,888.2282279097307,5387,7
1825,2024-02-06,25,43098.95,43688.25592467934,43665.38074272256,43711.13110663612,10.472005106460873,0.04572824007754987,0.28,0.1877816214315029,0.040715324860298704,0.1658467982318147,greed,889.7468286362456,5397,10
1826,2024-02-06,26,43098.95,43698.316717951006,43684.8338339087,43711.79960199331,6.170894009181956,0.04474937664403528,0.28,0.16080012211389905,0.05677098414049586,0.16413251188451775,greed,891.2744958789241,5407,10
1827,2024-02-06,27,43098.95,43699.82404154648,43684.8338339087,43714.81424918427,6.860534552053273,0.045293072450261554,0.28,0.17100682759505817,0.044731358504222,0.1718997967393489,greed,892.6348300072672,5415,8
1828,2024-02-06,28,43098.95,43700.466221798284,43684.8338339087,43716.09860968787,7.154334606063267,0.045804443978845456,0.28,0.1757396532315223,0.044569431518340474,0.17599282208696268,greed,894.699506042338,5425,10
1829,2024-02-06,29,43098.95,43701.37536455908,43684.8338339087,43717.91689520945,7.570256319113228,0.047247180368059534,0.28,0.15616050599764075,0.05825574770773051,0.15355086683553892,greed,896.7342683719223,5438,13
1830,2024-02-06,30,43098.95,43701.3397616588,43682.611712097525,43720.06781122007,8.570926961696118,0.046922380125853785,0.28,0.12898748905661403,0.05024600721830933,0.15405723573739505,greed,898.6480992308458,5448,10
1831,2024-02-06,31,43098.95,43702.024862593506,43682.611712097525,43721.43801308948,8.884325409184164,0.04749534063350667,0.28,0.14499430675247954,0.048157652203939666,0.16984343449839304,greed,900.8763241924697,5462,14
1832,2024-02-06,32,43098.95,43690.466182398486,43657.07365516688,43723.85870963009,15.285956021708653,0.04637575593617556,0.28,0.13995175439455276,0.040290301890552174,0.16724517113579623,greed,902.8128617900693,5472,10
1833,2024-02-06,33,43098.95,43691.815243892415,43657.07365516688,43726.55683261795,15.903019149743498,0.04706505315179204,0.28,0.15910475749433295,0.047492984380296574,0.15548805963852638,greed,904.6265960837901,5484,12
1834,2024-02-06,34,43098.95,43692.72346343701,43657.07365516688,43728.37327170715,16.31841892390402,0.04792648321628664,0.28,0.16297143982885315,0.05199408826816201,0.17329460643947,greed,906.4990596413262,5495,11
1835,2024-02-06,35,43098.95,43725.53613483253,43721.73311689175,43729.33915277331,1.7394951677905814,0.04827596775094011,0.28,0.1598401787242598,0.04657548574985182,0.1683258025055055,greed,907.9475690528682,5504,9
1836,2024-02-06,36,43098.95,43726.68179265187,43721.73311689175,43731.63046841199,2.2634581711848716,0.04875341920569135,0.28,0.12847745617525339,0.04831979215950483,0.1724001289435991,greed,909.6165859360988,5512,8
1837,2024-02-06,37,43098.95,43727.61787169878,43721.73311689175,43733.502626505804,2.6915506004889838,0.049592495921549296,0.28,0.12278219756455781,0.05025167806265021,0.16692584375396236,greed,911.4778674896252,5523,11
1838,2024-02-06,38,43098.95,43727.9382501888,43721.73311689175,43734.14338348586,2.83806351058786,0.04942348645719694,0.28,0.1595493778060984,0.058899341272801525,0.16445410327616825,greed,913.0437814518676,5530,7
1839,2024-02-06,39,43098.95,43728.07414603683,43721.73311689175,43734.4151751819,2.900209656568776,0.05063277014996515,0.28,0.15671141829801702,0.05651061646693499,0.15825708317793366,greed,915.2108873984878,5542,12
1840,2024-02-06,40,43098.95,43694.523474855785,43651.86566290542,43737.18128680616,19.525473014905227,0.04974342657809955,0.28,0.15918973454100183,0.0579300850191799,0.17948040146167302,greed,917.3410522079506,5556,14
1841,2024-02-06,41,43098.95,43694.85475969966,43651.384807646944,43738.32471175237,19.897057578873884,0.049132483208214194,0.28,0.14878752101735931,0.048308780325193215,0.1622388780661718,greed,919.3803647980251,5568,12
1842,2024-02-06,42,43098.95,43694.879237376095,43651.10837542144,43738.65009933074,20.034778774355363,0.04918661487226785,0.28,0.16964668116735954,0.049572897411010494,0.15133983649136695,greed,921.3989919817288,5580,12
1843,2024-02-06,43,43098.95,43696.380073440654,43651.10837542144,43741.651771459874,20.721029038619662,0.04835438551023851,0.28,0.1531427796322735,0.04584606093109675,0.17433261738600775,greed,923.2210808254438,5588,8
1844,2024-02-06,44,43098.95,43741.7659269088,43741.5694978542,43741.962355963406,0.08981304272455594,0.048155636964246934,0.28,0.1758870862546869,0.05359451592003517,0.16827086834120747,greed,924.7892232714829,5601,13
1845,2024-02-06,45,43098.95,43742.14101490633,43741.5694978542,43742.71253195847,0.26131187860136473,0.04808855455836325,0.28,0.18980953601794784,0.04893539668936504,0.16418476874688906,greed,926.4280152694172,5609,8
1846,2024-02-06,46,43098.95,43695.329560064885,43647.595641399756,43743.06347873001,21.84852209411061,0.04794793361924014,0.28,0.16886804477424647,0.05943901690519611,0.15112656960180137,greed,928.2309740866386,5619,10
1847,2024-02-06,47,43098.95,43696.259796757506,43647.595641399756,43744.923952115256,22.273831025401066,0.04777405519383793,0.28,0.17182819644373684,0.04628219638178742,0.16900392357707317,greed,930.0212284830243,5627,8
1848,2024-02-06,48,43098.95,43740.46761978429,43734.34858534937,43746.58665421922,2.7978824955036874,0.04827498558434994,0.28,0.17401117395004873,0.041899072948366624,0.17184550071565446,greed,931.2429819157758,5634,7
1849,2024-02-06,49,43098.95,43742.18226935271,43734.34858534937,43750.01595335604,3.5817527141647263,0.048121961778661286,0.28,0.15415503103778302,0.059548458954274956,0.15112058809306664,greed,932.8528362340668,5642,8
1850,2024-02-07,0,44349.6,43744.35760864925,43734.34858534937,43754.366631949124,4.5761436889397995,0.04717782684625523,0.24,0.20833473846160114,0.05996444901218101,0.17666527535215595,greed,934.7801002598135,5652,10
1851,2024-02-07,1,44349.6,43751.80694583913,43748.98255141575,43754.63134026252,1.291098411949014,0.04718336961687341,0.24,0.19671089993744378,0.05126511687651367,0.16943466914473307,greed,936.100431610453,5658,6
1852,2024-02-07,2,44349.6,43752.76706277949,43748.98255141575,43756.551574143225,1.7299529231179436,0.047197251033656344,0.24,0.17994040368449182,0.059376328829667535,0.17975678571958925,greed,937.9754690244292,5670,12
1853,2024-02-07,3,44349.6,43753.886891895694,43748.98255141575,43758.79123237564,2.241785051948541,0.04681949018247649,0.24,0.166498902147925,0.05327004138810514,0.16037190756578992,greed,939.6214040386261,5678,8
1854,2024-02-07,4,44349.6,43704.23671453364,43647.595641399756,43760.87778766752,25.920174972440623,0.04659107347104599,0.24,0.18207604809155387,0.05827530006607597,0.1763978869091512,greed,941.4745810295777,5690,12
1855,2024-02-07,5,44349.6,43747.93474420064,43733.94009438939,43761.92939401189,6.397856215648136,0.04607787435710493,0.24,0.1896004887597941,0.044881280219345024,0.17289922845636632,greed,942.6241117441575,5697,7
1856,2024-02-07,6,44349.6,43748.76570129249,43733.94009438939,43763.59130819559,6.777611512207601,0.04598468065288619,0.24,0.1516821910290977,0.057957962095485045,0.15385547005332348,greed,944.500359362882,5707,10
1857,2024-02-07,7,44349.6,43751.93826575279,43740.16922509781,43763.70730640778,5.379894524214432,0.04619582163133622,0.24,0.1597247804322641,0.053766615246653535,0.16812391886569605,greed,945.6188254714012,5712,5
1858,2024-02-07,8,44349.6,43755.45248924916,43745.94988238146,43764.95509611687,4.343507529737872,0.04585719092433252,0.24,0.3549840629035812,0.04307498624205836,0.17765180008354983,greed,947.3014168856755,5722,10
1859,2024-02-07,9,44349.6,43753.25490419581,43740.16922509781,43766.34058329381,5.981579714081931,0.04629925932067264,0.24,0.32455063104161663,0.05463410545446303,0.17127542111383215,greed,949.101125476635,5734,12
1860,2024-02-07,10,44349.6,43762.0076132843,43757.29942615803,43766.71580041057,2.1517235533963848,0.04640819514361335,0.24,0.2922113504898216,0.04439445500220794,0.16316015090409147,greed,950.1634819895347,5742,8
1861,2024-02-07,11,44349.6,43762.51417458352,43757.29942615803,43767.72892300901,2.383203307143567,0.046300881278342976,0.24,0.2626673462798606,0.05567905036195682,0.16359785317577577,greed,951.3229014774333,5748,6
1862,2024-02-07,12,44349.6,43762.921955754995,43757.29942615803,43768.544485351966,2.569540307501193,0.046743711453282835,0.24,0.2585117687161747,0.044568517046168404,0.15822035341156643,greed,952.5248840488554,5754,6
1863,2024-02-07,13,44349.6,43765.01780368826,43757.29942615803,43772.73618121848,3.5271903988921003,0.04670750299138136,0.24,0.25338530594057834,0.042336082154679044,0.15819478861109834,greed,953.8852968190154,5761,7
1864,2024-02-07,14,44349.6,43767.76813098417,43762.47946311693,43773.05679885141,2.416695249989833,0.046470018366295114,0.24,0.23561478145881967,0.04208960633507916,0.17160803771842187,greed,954.4561089780314,5765,4
1865,2024-02-07,15,44349.6,43768.97630029318,43763.19341752666,43774.7591830597,2.6424574003495334,0.046614512339362896,0.24,0.19523367062243932,0.04191508397326715,0.177677172147174,greed,955.1548330422697,5770,5
1866,2024-02-07,16,44349.6,43774.73710691492,43774.28922822851,43775.18498560134,0.20462884120702862,0.04590220827813601,0.24,0.1487634540773791,0.04514730916803268,0.17080529511138962,greed,955.887547140452,5775,5
1867,2024-02-07,17,44349.6,43776.69771409099,43774.28922822851,43779.106199953465,1.100350637778756,0.0461096794333243,0.24,0.1654562647829722,0.05678816075218544,0.16344512541063955,greed,957.1310162278257,5783,8
1868,2024-02-07,18,44349.6,43777.75338789889,43774.67128460714,43780.835491190635,1.4080682781681133,0.04650816349670813,0.24,0.13611887805417444,0.055444805517865535,0.16419639560653196,greed,958.3199894705444,5789,6
1869,2024-02-07,19,44349.6,43779.37165262428,43777.17572728426,43781.56757796429,1.0031780983246572,0.047010834114000324,0.24,0.14666379702345717,0.04912651847644797,0.17682274107773535,greed,959.5475122513548,5795,6
1870,2024-02-07,20,44349.6,43780.23221952608,43777.17572728426,43783.288711767906,1.3962887298072542,0.047279385475312255,0.24,0.16866553884816482,0.04821009642696713,0.15690253475572424,greed,961.2057349032048,5805,10
1871,2024-02-07,21,44349.6,43781.46652669975,43778.987279654095,43783.94577374541,1.1325555045736038,0.046923426177567236,0.24,0.16364520504892094,0.056524347515504406,0.15682897607458177,greed,962.5939156268953,5814,9
1872,2024-02-07,22,44349.6,43782.20288595655,43778.987279654095,43785.418492259,1.4689102377183694,0.048214505601936575,0.24,0.18712145957577064,0.05284419274005395,0.15736894722146444,greed,964.1099395240451,5824,10
1873,2024-02-07,23,44349.6,43782.95503663129,43778.987279654095,43786.922793608486,1.8124665061442415,0.04841672113828071,0.24,0.1826319011241238,0.05588768450185713,0.1529690587022612,greed,965.6836367485273,5831,7
1874,2024-02-07,24,44349.6,43783.39581072926,43778.987279654095,43787.80434180442,2.0137912985183606,0.04887773272704224,0.24,0.1901869301595553,0.059460906990283224,0.1793920300432158,greed,967.2021857035863,5840,9
1875,2024-02-07,25,44349.6,43783.84712955999,43778.987279654095,43788.70697946589,2.2199282267345954,0.04900881934095202,0.24,0.17427210038018995,0.04081956444499781,0.17115189852616136,greed,968.425380499187,5848,8
1876,2024-02-07,26,44349.6,43784.0669430571,43778.987279654095,43789.1466064601,2.3203250669278757,0.04908174901631375,0.24,0.15032709226434796,0.04062349818223843,0.17610590071476726,greed,969.7612331973149,5854,6
1877,2024-02-07,27,44349.6,43783.33847644557,43777.17572728426,43789.50122560688,2.8151115816013905,0.049359836487425784,0.24,0.14502104925628448,0.0425462375749345,0.15527016893905754,greed,971.329945765185,5865,11
1878,2024-02-07,28,44349.6,43782.906585713485,43774.67128460714,43791.14188681983,3.7618795774665275,0.04883550507484437,0.24,0.14315413346228503,0.04795269971465506,0.16008938182514865,greed,973.3313876145475,5879,14
1879,2024-02-07,29,44349.6,43783.43841436908,43774.28922822851,43792.58760050964,4.179290833204169,0.04973354149234812,0.24,0.14235219092832424,0.04961296056624818,0.16655486200602504,greed,975.0597421634237,5890,11
1880,2024-02-07,30,44349.6,43783.661870406235,43774.28922822851,43793.03451258396,4.281342298625634,0.04998878566632,0.24,0.11304187834129664,0.04339516996414272,0.17896959524299236,greed,976.4299739685122,5898,8
1881,2024-02-07,31,44349.6,43783.808575077186,43774.28922822851,43793.327921925855,4.34834116011138,0.04954597958028656,0.24,-0.01918981715423218,0.05640553719537309,0.1562796544814105,greed,977.5573402633786,5903,5
1882,2024-02-07,32,44349.6,43782.147995395644,43770.215542363774,43794.08044842752,5.450830339858369,0.04848212392614954,0.24,-0.015703903712921987,0.04138348381010835,0.15993624906985565,greed,978.9381238935508,5911,8
1883,2024-02-07,33,44349.6,43784.137155526216,43769.815705388704,43798.45860566372,6.541844178240337,0.048474524296587336,0.24,-0.009438101615919632,0.0511031945958031,0.17191248795059205,greed,980.3301611403493,5921,10
1884,2024-02-07,34,44349.6,43784.58191472439,43769.815705388704,43799.34812406008,6.744935632569199,0.048158583411554524,0.24,0.018721351982729242,0.047229306569970306,0.17333041128824678,greed,981.7891328418858,5929,8
1885,2024-02-07,35,44349.6,43784.6284773309,43769.815705388704,43799.441249273106,6.7661973881405,0.04831360068415561,0.24,0.030009787413560654,0.05785929183409655,0.1634383092062311,greed,983.0733307296778,5935,6
1886,2024-02-07,36,44349.6,43783.036922839296,43765.4676478861,43800.606197792484,8.02560817521857,0.048000873445288916,0.24,-0.010315527104387837,0.04459404630724269,0.15719127234727334,greed,984.3216270072396,5945,10
1887,2024-02-07,37,44349.6,43783.367629048145,43765.4676478861,43801.26761021019,8.176612321693309,0.048207710758085685,0.24,0.020561765800553376,0.04460685664204703,0.16683020509244761,greed,985.7670723691192,5954,9
1888,2024-02-07,38,44349.6,43786.73078825179,43771.07808620746,43802.383490296124,7.149518478566808,0.04934700388016587,0.24,0.022512040656043897,0.04818450960383592,0.17244701149480526,greed,987.4780872415207,5965,11
1889,2024-02-07,39,44349.6,43797.56568429669,43791.96479839567,43803.16657019772,2.557624294189245,0.04977966726588712,0.24,0.01601224276835645,0.044951290162835694,0.17422036863601104,greed,988.3766856609241,5972,7
1890,2024-02-07,40,44349.6,43802.04397225709,43800.888486938275,43803.1994575759,0.527594246307519,0.0493749397591283,0.24,0.014555947917138753,0.058212860316690915,0.1788690224733672,greed,988.9793568843904,5976,4
1891,2024-02-07,41,44349.6,43802.26519995725,43800.888486938275,43803.64191297622,0.6286035722987569,0.049672385689567264,0.24,0.05248693116942909,0.04394947167371366,0.16879975917274023,greed,990.5909268024429,5983,7
1892,2024-02-07,42,44349.6,43803.16235474424,43801.16679914027,43805.15791034821,0.9111468198603813,0.050290618269736846,0.24,0.04402072052904628,0.04036120439519921,0.16448185162430348,greed,991.870501981843,5990,7
1893,2024-02-07,43,44349.6,43804.28510950154,43801.95063362372,43806.61958537937,1.0658664429701579,0.04964886805974169,0.24,0.05912559574694205,0.05480606119798168,0.15938282182265448,greed,993.2637682492416,5998,8
1894,2024-02-07,44,44349.6,43804.34964396176,43801.95063362372,43806.74865429981,1.0953297366789332,0.04896975447112046,0.24,0.07213534523534683,0.05978681275679248,0.1703747503723067,greed,994.4942968604311,6004,6
1895,2024-02-07,45,44349.6,43805.118366366456,43802.16425955011,43808.0724731828,1.3487496103256569,0.05082328312786701,0.24,0.10074673665962569,0.04057672653843411,0.16014419965451424,greed,996.2406478423151,6016,12
1896,2024-02-07,46,44349.6,43808.00456335573,43806.26821914094,43809.74090757053,0.7927063704913776,0.05002447340926822,0.24,0.09657347261207182,0.04064646530652181,0.1656054880719718,greed,997.5209446278764,6023,7
1897,2024-02-07,47,44349.6,43808.20467482954,43806.26821914094,43810.14113051814,0.8840607383812701,0.04960550008899889,0.24,0.08885473735976279,0.051223022933439125,0.16425891221469766,greed,999.1958190767035,6030,7
1898,2024-02-07,48,44349.6,43808.59675564733,43806.26821914094,43810.92529215372,1.0630500307404551,0.04982914308431853,0.24,0.08386966492374104,0.052314521068903455,0.17072854098803866,greed,1000.780286468277,6039,9
1899,2024-02-07,49,44349.6,43808.73588344347,43806.26821914094,43811.203547745994,1.126562660512387,0.05052079308274847,0.24,0.09390573843490405,0.05750742526654466,0.16246480190087742,greed,1002.5412871297228,6047,8
1900,2024-02-08,0,45288.65,43809.13350292493,43806.26821914094,43811.998786708915,1.308075990042556,0.05066350410003819,0.32,0.2949306311870731,0.0541736167702381,0.15343314490550544,greed,1004.3996692577277,6058,11
1901,2024-02-08,1,45288.65,43807.48237945517,43802.16425955011,43812.80049936023,2.4279504852594163,0.04992042578474442,0.32,0.2795363759586289,0.05562513907565704,0.16097758306240725,greed,1006.2092367889576,6067,9
1902,2024-02-08,2,45288.65,43807.828121319966,43802.16425955011,43813.491983089814,2.5857761102269112,0.05080787432915231,0.32,0.28289270453554444,0.05791305839166354,0.15316795188078422,greed,1008.0432478552085,6075,8
1903,2024-02-08,3,45288.65,43811.76750653592,43809.559684294065,43813.97532877777,1.007867231799662,0.05073641739758281,0.32,0.24762990144051816,0.049990974025727504,0.1760978868719098,greed,1009.5774785468548,6086,11
1904,2024-02-08,4,45288.65,43812.60883613867,43809.559684294065,43815.65798798328,1.3919060862186712,0.05111330418604944,0.32,0.24633564164817454,0.04960180284480093,0.16474221790298005,greed,1011.0403725788402,6096,10
1905,2024-02-08,5,45288.65,43809.00451926666,43801.99293824818,43816.016100285146,3.2009771029605596,0.0512305081763599,0.32,0.22200827300107073,0.058754833098696446,0.15273754977357143,greed,1012.6955798942403,6108,12
1906,2024-02-08,6,45288.65,43809.44701101152,43801.99293824818,43816.90108377486,3.4029522269321366,0.05101824945587701,0.32,0.24646752471550246,0.044806246205933487,0.16978050909297748,greed,1013.8689496226068,6115,7
1907,2024-02-08,7,45288.65,43818.551619472564,43818.24959174404,43818.8536472011,0.13785381641615466,0.05051425260927326,0.32,0.26207552252920074,0.05964781109035133,0.1559409283989328,greed,1015.4460289742086,6127,12
1908,2024-02-08,8,45288.65,43819.63799309834,43818.24959174404,43821.026394452645,0.6336891028271797,0.050920138455565526,0.32,-0.05533259560647749,0.04577619939908179,0.15447804038007742,greed,1017.5929114986791,6141,14
1909,2024-02-08,9,45288.65,43812.28879878836,43801.95063362372,43822.626963953,4.71929928706546,0.05159651564013593,0.32,-0.019374805170854992,0.05872251143080269,0.16560480669073185,greed,1019.8950503931169,6157,16
1910,2024-02-08,10,45288.65,43812.94121246566,43801.36382935001,43824.51859558131,5.2849148198037605,0.050039348469802715,0.32,0.01661588113388022,0.04670017139915392,0.15621847567649205,greed,1022.0677692302856,6170,13
1911,2024-02-08,11,45288.65,43813.36188058193,43801.36382935001,43825.35993181384,5.476891394280371,0.04934122777820018,0.32,0.024418346162506377,0.04633368712033852,0.17031911877894423,greed,1023.525198751154,6177,7
1912,2024-02-08,12,45288.65,43813.36520026342,43801.16679914027,43825.56360138657,5.568347040860193,0.04880767439996612,0.32,0.0503177724409598,0.04382578313393029,0.16222215814834046,greed,1024.6961158025497,6184,7
1913,2024-02-08,13,45288.65,43813.835841989785,43800.888486938275,43826.783197041295,5.910167326231707,0.04875938843976464,0.32,0.027648388096413054,0.04754503971431391,0.16992222363599502,greed,1026.0463004343892,6193,9
1914,2024-02-08,14,45288.65,43814.26431573812,43800.888486938275,43827.64014453796,6.1056959457096065,0.04866225158714467,0.32,0.029601253274539857,0.04610826997085503,0.15472983080390723,greed,1027.3809827976606,6203,10
1915,2024-02-08,15,45288.65,43814.34487029757,43800.888486938275,43827.801253656864,6.142455581216277,0.048839828666209915,0.32,0.03523247591887708,0.055215186167739,0.15047514212834623,greed,1028.7742226271735,6210,7
1916,2024-02-08,16,45288.65,43820.80067676872,43812.762641722045,43828.8387118154,3.6685934179828776,0.048146231588180446,0.32,0.006285630675380044,0.051256604744292056,0.15940103083371834,greed,1030.0143335196128,6216,6
1917,2024-02-08,17,45288.65,43819.12621646006,43808.4754364995,43829.77699642063,4.8612470764254665,0.04814822864150603,0.32,0.0415237576399974,0.054668036986698115,0.1761383096436347,greed,1031.6812850613967,6226,10
1918,2024-02-08,18,45288.65,43827.03978325806,43823.363867944114,43830.715698572,1.6774645662228935,0.04846480745062615,0.32,0.047685579664930894,0.04719086289040007,0.15377407009038152,greed,1033.117623683007,6233,7
1919,2024-02-08,19,45288.65,43827.37024580687,43823.363867944114,43831.376623669625,1.828253824167685,0.04838500966949031,0.32,0.0739851091160215,0.0505028170353926,0.15608980677573592,greed,1034.6512149177868,6240,7
1920,2024-02-08,20,45288.65,43828.567285223886,43823.363867944114,43833.77070250366,2.3744409649121074,0.04862254052859171,0.32,0.11073136093977462,0.0419383465413399,0.16644064491687405,greed,1036.2419469960853,6248,8
1921,2024-02-08,21,45288.65,43828.706605616724,43823.363867944114,43834.04934328934,2.438008367752901,0.049206744475904146,0.32,0.11109636020585648,0.055854068115615024,0.168873527359028,greed,1038.0535677218913,6260,12
1922,2024-02-08,22,45288.65,43829.376006736624,43823.363867944114,43835.38814552914,2.743428878197879,0.049690435148680885,0.32,0.12543787217294727,0.04048853765881266,0.1623524300277073,greed,1039.2855231791723,6267,7
1923,2024-02-08,23,45288.65,43828.324167512306,43819.87282718291,43836.7755078417,3.856565583979739,0.04966820495804315,0.32,0.11327469081244947,0.05338824128507287,0.15648407436932762,greed,1041.1250262269743,6277,10
1924,2024-02-08,24,45288.65,43824.257965111414,43808.4754364995,43840.040493723325,7.202644993773041,0.04921780928167008,0.32,0.13391418275818667,0.058429154724330606,0.1793551790079807,greed,1043.152360799403,6288,11
1925,2024-02-08,25,45288.65,43824.833391783046,43808.4754364995,43841.19134706658,7.465153438144942,0.04916456596856941,0.32,0.2894752295028044,0.05992177454529025,0.15310134021605878,greed,1045.3431726373974,6299,11
1926,2024-02-08,26,45288.65,43824.94119818912,43808.25728298749,43841.62511339075,7.613890513248892,0.04803224199747146,0.32,0.27195564463954464,0.04420351670467847,0.16493063878643316,greed,1047.4561212615267,6311,12
1927,2024-02-08,27,45288.65,43825.6957786698,43808.25728298749,43843.1342743521,7.95811469616986,0.04881004281888263,0.32,0.2568137733523654,0.05803011238902606,0.15104219842334343,greed,1049.2522049148315,6320,9
1928,2024-02-08,28,45288.65,43836.276732574144,43829.12998578396,43843.42347936433,3.2606541079138074,0.04856169351119414,0.32,0.26502027962315516,0.049602524580284184,0.174469966224439,greed,1050.4161307636937,6326,6
1929,2024-02-08,29,45288.65,43839.52009502084,43834.52956853669,43844.51062150498,2.276724961099233,0.04883821676478918,0.32,0.22118446896534866,0.05630975531160272,0.1648426272130711,greed,1052.030274030676,6337,11
1930,2024-02-08,30,45288.65,43839.927360160444,43834.52956853669,43845.3251517842,2.4625002589131086,0.04932941420964805,0.32,0.19482771563498985,0.04282219296665299,0.1682639388054118,greed,1053.7175978809219,6345,8
1931,2024-02-08,31,45288.65,43841.02169580986,43834.52956853669,43847.51382308303,2.961667872713098,0.05032434296965113,0.32,0.20032131218693536,0.04451526149750056,0.15075419177268942,greed,1055.7766298245726,6358,13
1932,2024-02-08,32,45288.65,43841.144123680075,43834.52956853669,43847.758678823455,3.0175102751531635,0.05031962676510109,0.32,0.21313414566343747,0.04255136302728568,0.17709903382166278,greed,1057.605894427545,6367,9
1933,2024-02-08,33,45288.65,43841.4204346371,43834.52956853669,43848.31130073751,3.1435414419034693,0.05078920979854642,0.32,0.21992024800768722,0.05795057244753729,0.1634148151359199,greed,1059.6231651854769,6378,11
1934,2024-02-08,34,45288.65,43841.82166946726,43834.52956853669,43849.113770397824,3.326550153661476,0.05143234616435524,0.32,0.24262033119283966,0.050417480732697716,0.17509152706893677,greed,1061.4484891816182,6388,10
1935,2024-02-08,35,45288.65,43824.54920649575,43799.031784152474,43850.06662883903,11.645264038218382,0.05054274851432421,0.32,0.22800094913945568,0.05912265712684738,0.1709481778059164,greed,1063.4636924913302,6402,14
1936,2024-02-08,36,45288.65,43825.13498375626,43799.031784152474,43851.238183360045,11.912433179480495,0.05111686852488671,0.32,0.2596373820069939,0.04249394894247206,0.16758624498571525,greed,1065.5057376195937,6413,11
1937,2024-02-08,37,45288.65,43843.221684301956,43834.28918529263,43852.15418331127,4.0747457263239495,0.05113689127264165,0.32,0.19193918772502494,0.059863082071803214,0.17274907851631555,greed,1066.5619528443099,6418,5
1938,2024-02-08,38,45288.65,43843.718484727666,43834.28918529263,43853.14778416269,4.301322862618742,0.05126550479862355,0.32,0.19873898567528553,0.05279912770229141,0.17580759859199113,greed,1068.264996034356,6427,9
1939,2024-02-08,39,45288.65,43844.1862072105,43834.28918529263,43854.08322912837,4.5146336488473215,0.05102009289174791,0.32,0.22006221092581946,0.05859717001001122,0.16144246031350068,greed,1069.900665652184,6436,9
1940,2024-02-08,40,45288.65,43852.64278920801,43849.61655868237,43855.66901973366,1.38018159598286,0.05079558241512375,0.32,0.20344067207017036,0.05423364118710172,0.15632782008319535,greed,1071.3031659915482,6443,7
1941,2024-02-08,41,45288.65,43853.05392991175,43849.61655868237,43856.49130114113,1.5676770128144832,0.05068438631998868,0.32,0.17803047834624408,0.054085181490048394,0.16675867010598566,greed,1073.1363762817366,6454,11
1942,2024-02-08,42,45288.65,43828.63909871543,43799.031784152474,43858.246413278386,13.510487741255886,0.05083941485741778,0.32,0.17067842914393175,0.05132592287448175,0.16195201399828274,greed,1075.55762156605,6470,16
1943,2024-02-08,43,45288.65,43829.00164209392,43799.031784152474,43858.97150003536,13.675811366262131,0.05079579265681176,0.32,0.14449459740596649,0.043399796260352744,0.1600601471504463,greed,1077.0758730750629,6477,7
1944,2024-02-08,44,45288.65,43859.025882899674,43857.5400746676,43860.51169113174,0.6775381815523837,0.05043754452919381,0.32,0.17257447330814105,0.04249839621481267,0.15080030287826618,greed,1078.2871296153548,6484,7
1945,2024-02-08,45,45288.65,43859.487870910016,43857.5400746676,43861.43566715243,0.8881983520401951,0.049953764172569595,0.32,-0.04148801253772058,0.05622325207758265,0.1509847649645772,greed,1080.0418243889358,6493,9
1946,2024-02-08,46,45288.65,43860.71172822401,43857.5400746676,43863.883381780404,1.446238983103443,0.04961612691574498,0.32,0.021520929807749677,0.04098547307165543,0.1755731665692562,greed,1081.6830995604955,6501,8
1947,2024-02-08,47,45288.65,43861.6427036455,43857.5400746676,43865.745332623395,1.8707137831641427,0.05020694213699052,0.32,0.025973547540231977,0.0439462794115212,0.159517656493491,greed,1083.4940098165366,6510,9
1948,2024-02-08,48,45288.65,43862.78405240907,43857.5400746676,43868.02803015054,2.391082944121175,0.05082200396838717,0.32,0.04445093872170545,0.04317072316999847,0.17438079130127346,greed,1085.2265028993559,6519,9
1949,2024-02-08,49,45288.65,43834.58881153719,43798.78766992274,43870.38995315164,16.33465379058288,0.05078500254995397,0.32,0.02014431689128711,0.04466792538916254,0.16360111816812473,greed,1087.3851745744898,6532,13
1950,2024-02-09,0,47132.77,44388.6092590014,44359.24389621658,44417.97462178623,13.231035292625995,0.014504141120640898,0.44,0.44988355912408023,0.05579729242071078,0.16855038921136373,greed,1.1572645648846858,4,4
1951,2024-02-09,1,47132.77,44460.870526900275,44459.43711602452,44462.30393777603,0.6447965857468521,0.008877082003010036,0.44,0.42896596629065575,0.04312662876785677,0.16311101176349313,greed,2.7264542469085637,11,7
1952,2024-02-09,2,47132.77,44418.15619417908,44359.24389621658,44477.068492141574,26.526223963441197,0.01908936304355029,0.44,0.43746505483734005,0.047762661620044985,0.15512280850351157,greed,4.87426149486298,24,13
1953,2024-02-09,3,47132.77,44486.15742203772,44466.38131819567,44505.93352587978,8.890902243787519,0.030976674857375673,0.44,0.4032731448957261,0.05151002036938118,0.16270316414699376,greed,5.552917926266827,29,5
1954,2024-02-09,4,47132.77,44489.85755348657,44466.38131819567,44513.33378877746,10.553522345029362,0.027361687461078567,0.44,0.35915621866195974,0.05705077481711934,0.15773818520360702,greed,7.332274423413264,37,8
1955,2024-02-09,5,47132.77,44529.14203433874,44507.321498921854,44550.96256975564,9.800564044133685,0.0016664637881302917,0.44,0.34640958640987674,0.05951054658041804,0.15999725221652183,greed,8.405409974372454,45,8
1956,2024-02-09,6,47132.77,44536.89083072387,44507.321498921854,44566.46016252588,13.278579285833116,0.016333163790685935,0.44,0.3175741310535434,0.04179263546609236,0.17877706305971466,greed,10.273082543196802,54,9
1957,2024-02-09,7,47132.77,44573.371860199884,44559.62103783339,44587.12268256637,6.169971798236973,-0.007818834193553599,0.44,0.3115727247090394,0.05576319576271413,0.1711231308231491,greed,11.403433361616173,61,7
1958,2024-02-09,8,47132.77,44606.163692835806,44593.01223967028,44619.31514600133,5.896697710248897,0.00804395062234669,0.44,0.2778918650818818,0.059136713350861264,0.16497108518712245,greed,13.168053033743703,71,10
1959,2024-02-09,9,47132.77,44637.06780548618,44633.47758552471,44640.65802544764,1.608627151366557,-0.012763028756020742,0.44,0.3160355996732727,0.05166665819977035,0.166151525606893,greed,14.967186684870695,81,10
1960,2024-02-09,10,47132.77,44708.19511413111,44686.46575170967,44729.92447655254,9.720527686687198,0.028433308953980663,0.44,0.16436301164297368,0.0400316928893268,0.16569877388666984,greed,16.548569781420067,90,9
1961,2024-02-09,11,47132.77,44736.66897777814,44686.46575170967,44786.87220384661,22.443882039320115,0.04204270918818825,0.44,0.16542145762884922,0.059942637883167324,0.1731723299888185,greed,18.52110805113572,100,10
1962,2024-02-09,12,47132.77,44821.98250650968,44820.38387661752,44823.581136401845,0.7133240444825343,0.0633746566113883,0.44,0.16419473629332557,0.054917845301309644,0.1613482168104862,greed,19.856933305191596,109,9
1963,2024-02-09,13,47132.77,44836.6140247751,44820.38387661752,44852.84417293269,7.2396850255538325,0.05913662344801085,0.44,0.18403045824306788,0.05260795462549654,0.1772361803080572,greed,21.421949141796027,117,8
1964,2024-02-09,14,47132.77,44844.08355814772,44820.38387661752,44867.78323967793,10.569814187182134,0.09575314859726697,0.44,0.21559765952779533,0.053959435818472276,0.15004738263233736,greed,24.0702881814464,133,16
1965,2024-02-09,15,47132.77,44851.75642001946,44820.38387661752,44883.128963421404,13.989438053730423,0.09575314859726697,0.44,0.20804989285180486,0.04060759159908925,0.17138261264287752,greed,25.5702881814464,139,6
1966,2024-02-09,16,47132.77,44913.046165940825,44893.78392697087,44932.30840491078,8.577569599169545,0.0981727607938533,0.44,0.15514910760944506,0.046676298234184746,0.171831191101829,greed,26.987921217869854,148,9
1967,2024-02-09,17,47132.77,44917.60489635146,44893.78392697087,44941.42586573205,10.606518061485525,0.11065126259442264,0.44,0.1597439180411452,0.04143629167527831,0.17241947476718658,greed,28.985721594112672,157,9
1968,2024-02-09,18,47132.77,44929.510595755346,44893.78392697087,44965.23726453982,15.903431090500293,0.1113136718201367,0.44,0.1670236937150811,0.05175380255119638,0.15783985187822705,greed,30.64049517683845,167,10
1969,2024-02-09,19,47132.77,44970.960383419595,44947.503942631825,44994.416824207365,10.431816704727465,0.1420612791626977,0.44,0.15926279946554642,0.04619456367455064,0.15725881907023487,greed,32.388125504346576,178,11
1970,2024-02-09,20,47132.77,45030.1675394796,45027.03021796515,45033.304860994045,1.3934309756666812,0.14605154959350758,0.44,0.17616362813862235,0.05461368194841553,0.17754031530283051,greed,33.78879070517424,184,6
1971,2024-02-09,21,47132.77,45057.34583931679,45027.03021796515,45087.66146066843,13.456461221552054,0.15981930960644503,0.44,0.17449746818389525,0.05477891693157455,0.15593473286523968,greed,35.685307849081084,193,9
1972,2024-02-09,22,47132.77,45152.22273974231,45135.77684121467,45168.66863826995,7.2846462609089775,0.16017389697305373,0.44,0.17088358080246532,0.05371206133089749,0.17276666550421338,greed,37.766917187718626,203,10
1973,2024-02-09,23,47132.77,45035.56508458836,44872.75598145929,45198.374187717425,72.30245821198001,0.16429346706735565,0.44,0.18525883262269804,0.052774523644984396,0.17859960241302766,greed,40.04368018979127,219,16
1974,2024-02-09,24,47132.77,45143.86384962428,45120.11709201388,45167.610607234674,10.520480785382784,0.1484509643104048,0.44,0.1826826616072295,0.05928108260262979,0.15286723342987804,greed,41.242026814462285,227,8
1975,2024-02-09,25,47132.77,45233.06293953986,45224.0534713833,45242.072407696425,3.9835764244427283,0.15357353821533792,0.44,0.17378821504273922,0.04111499196940656,0.15157217059383596,greed,42.63696803530529,237,10
1976,2024-02-09,26,47132.77,45249.208859614184,45224.0534713833,45274.364247845064,11.118598032919522,0.16269011230638028,0.44,0.1836259055511531,0.05045145640523619,0.17345857850916455,greed,44.4730093729937,248,11
1977,2024-02-09,27,47132.77,45267.30890887454,45224.0534713833,45310.56434636578,19.11111507791144,0.17987218719902628,0.44,0.19687823154716363,0.047838823795768745,0.1647001275229303,greed,46.40053364269866,260,12
1978,2024-02-09,28,47132.77,45288.82337428279,45224.0534713833,45353.593277182285,28.603040694704127,0.17991488066519382,0.44,0.19532095193507834,0.040711642915869255,0.15410206208187704,greed,48.27697624367347,272,12
1979,2024-02-09,29,47132.77,45358.03902375706,45346.48461507999,45369.59343243413,5.094756707191869,0.16744839627743147,0.44,0.1790589156231997,0.04036075819009289,0.17802759897289083,greed,49.322672961781024,278,6
1980,2024-02-09,30,47132.77,45370.4736550463,45346.48461507999,45394.462695012604,10.574736401781982,0.16662651617899632,0.44,0.1750511657461409,0.04853091397220152,0.15417890068221302,greed,51.16789757612879,288,10
1981,2024-02-09,31,47132.77,45382.00485549101,45346.48461507999,45417.52509590203,15.653887713477284,0.20147608630077293,0.44,0.19355992222772578,0.05738243228562069,0.1666238614863137,greed,53.07968960506165,297,9
1982,2024-02-09,32,47132.77,45479.52263785574,45475.80006373603,45483.245211975445,1.637033066221578,0.18914615572536073,0.44,0.2099875395178909,0.05381707008679627,0.17360905945310226,greed,54.36308518777304,305,8
1983,2024-02-09,33,47132.77,45430.94187947968,45346.48461507999,45515.399143879375,37.18050337751793,0.16600399305347585,0.44,0.21449846947670786,0.047203243064275834,0.179046237831101,greed,56.26548830102974,315,10
1984,2024-02-09,34,47132.77,45529.89114815274,45523.11864714139,45536.66364916409,2.9749691205333515,0.15955465248573825,0.44,0.23773357394651462,0.04297034848514235,0.16241903095452162,greed,57.23726705103299,318,3
1985,2024-02-09,35,47132.77,45552.832392801116,45523.11864714139,45582.54613846084,13.045838907888559,0.17662678728061104,0.44,0.23291740788392773,0.045270143070417136,0.16069430012543362,greed,59.04413815816877,329,11
1986,2024-02-09,36,47132.77,45581.12873696015,45523.11864714139,45639.1388267789,25.45355563857167,0.1788299537624182,0.44,0.23081774407020625,0.053227207873226115,0.15323376742096623,greed,60.63302814740956,337,8
1987,2024-02-09,37,47132.77,45663.99390396348,45651.51082271094,45676.476985216024,5.467362876228772,0.16224509758581027,0.44,0.20466218465393055,0.0539529276555945,0.16589685889661823,greed,62.069892700647166,346,9
1988,2024-02-09,38,47132.77,45669.89163481913,45651.51082271094,45688.27244692731,8.049422256203448,0.16224509758581027,0.44,0.23784557877502868,0.04189815819532156,0.1617004818224268,greed,63.569892700647166,352,6
1989,2024-02-09,39,47132.77,45681.81713814714,45651.51082271094,45712.12345358334,13.26843691202245,0.1568956886473164,0.44,0.20793944703277736,0.05153934620936742,0.15456523805645753,greed,65.31965692064956,361,9
1990,2024-02-09,40,47132.77,45642.99565593987,45499.35235806093,45786.6389538188,62.94209913903449,0.13806334995423264,0.44,0.1980116168261011,0.05468217162461805,0.1698507990507451,greed,67.24979025999366,374,13
1991,2024-02-09,41,47132.77,45742.608145014645,45712.9067694639,45772.30952056538,12.986306096311512,0.12067191974943633,0.44,0.1834370544257988,0.04255152937833386,0.17577998459171254,greed,68.11967523112303,379,5
1992,2024-02-09,42,47132.77,45761.46775239539,45712.9067694639,45810.02873532688,21.223525081949347,0.1620242938738995,0.44,0.15299929644014268,0.05605129068697248,0.1753712574515018,greed,70.20207597386205,391,12
1993,2024-02-09,43,47132.77,45765.90606127778,45712.9067694639,45818.90535309166,23.16103683948262,0.15066382039072404,0.44,0.1793338602803211,0.05938722489991552,0.17878878461369194,greed,72.1301324333941,401,10
1994,2024-02-09,44,47132.77,45875.06013363287,45866.061445503125,45884.05882176262,3.923128647040567,0.1491774094840732,0.44,0.17199099377367763,0.05985661650889394,0.16689038829514988,greed,73.87695868434902,411,10
1995,2024-02-09,45,47132.77,45886.94307953304,45866.061445503125,45907.82471356295,9.101340219469321,0.16319457958299882,0.44,0.17304581080041204,0.04576405387700078,0.1577097520593284,greed,75.70026816149463,421,10
1996,2024-02-09,46,47132.77,45831.29221956938,45711.7185683939,45950.86587074487,52.17991698886794,0.16441226615960247,0.44,0.1600584038331765,0.05367686061290723,0.17376133773146882,greed,77.66315723133951,433,12
1997,2024-02-09,47,47132.77,45949.5938410126,45926.26994511568,45972.91773690952,10.151948666889707,0.1509524347901847,0.44,0.2020605857879352,0.04158372818217252,0.16463468512145643,greed,78.59657034427764,441,8
1998,2024-02-09,48,47132.77,45958.136473250655,45926.26994511568,45990.00300138563,13.867632841693851,0.14943080160013386,0.44,0.18364652614354773,0.048879764286840606,0.15524125776146355,greed,80.34780259473605,448,7
1999,2024-02-09,49,47132.77,45983.04473277024,45926.26994511568,46039.8195204248,24.693792237771103,0.172054494490159,0.44,0.1747047517795131,0.045614194849291884,0.17997948804569136,greed,82.49808814597219,460,12
2000,2024-02-10,0,47751.09,45993.11096124359,45924.911195500456,46061.310726986725,29.656513472464944,0.1645138700599804,0.48,0.4383768971019585,0.04587922752820597,0.1564741275317908,greed,84.36302219081021,470,10
2001,2024-02-10,1,47751.09,46083.64456852515,46074.094284520535,46093.19485252978,4.144760725432661,0.16405450679034175,0.48,0.3946583645625582,0.04625365330055584,0.1531774706888632,greed,85.24708941400442,477,7
2002,2024-02-10,2,47751.09,46096.72667883843,46074.094284520535,46119.35907315633,9.819523401555337,0.1925687204661038,0.48,0.38661401159277103,0.05075839052658486,0.15929045874938855,greed,87.13943195603548,487,10
2003,2024-02-10,3,47751.09,46108.52290524042,46074.094284520535,46142.9515259603,14.933733960915529,0.20826546211681063,0.48,0.36221499401010143,0.054736102134419984,0.16804160957945358,greed,89.07084648807275,497,10
2004,2024-02-10,4,47751.09,46217.17301702313,46215.6454013953,46218.70063265096,0.6610597438609509,0.20810702883649818,0.48,0.08231665977313246,0.05722464454520772,0.15464054544554584,greed,90.24106135400282,504,7
2005,2024-02-10,5,47751.09,46230.97167600207,46215.6454013953,46246.29795060884,6.630306070216557,0.22197994547023261,0.48,0.06406891329886256,0.048160401825701624,0.17062394412149184,greed,92.39917609552597,515,11
2006,2024-02-10,6,47751.09,46249.328489750675,46215.6454013953,46283.01157810605,14.565871313284935,0.24638673438608333,0.48,0.09624825829974187,0.04836263199587246,0.1773304709993766,greed,94.29514312477163,525,10
2007,2024-02-10,7,47751.09,46293.98556021706,46215.6454013953,46372.325719038825,33.84463786115917,0.25169870087617136,0.48,0.0846093970746848,0.04212184099895904,0.15699159563954576,greed,95.97176175486698,533,8
2008,2024-02-10,8,47751.09,46235.32115022582,46074.094284520535,46396.54801593111,69.7418604194126,0.26346233942336955,0.48,0.10036118273418994,0.04040803221376413,0.16813466946775377,greed,97.7945525959201,544,11
2009,2024-02-10,9,47751.09,46374.57416096284,46352.600305994565,46396.54801593111,9.476682154321757,0.2235051083283928,0.48,0.08760500661207239,0.05724669832879463,0.15850383447792238,greed,98.83021245837848,551,7
2010,2024-02-10,10,47751.09,46381.25496352039,46352.600305994565,46409.90962104622,12.356137214642555,0.22630555192147242,0.48,0.1252081662938793,0.040695983997367007,0.16227748721356192,greed,100.8396647150253,562,11
2011,2024-02-10,11,47751.09,46382.67196905053,46326.16007281215,46439.18386528891,24.367676047680266,0.2195219737991974,0.48,0.16066020184440064,0.05617955499227417,0.17401092565366036,greed,102.71535205248937,572,10
2012,2024-02-10,12,47751.09,46513.95426626265,46501.03420278665,46526.87432973865,5.555349434297808,0.22045975595184997,0.48,0.21358293334388637,0.05654316296855247,0.1627500724236959,greed,103.87496131046665,579,7
2013,2024-02-10,13,47751.09,46521.26670987068,46501.03420278665,46541.49921695471,8.698175486153653,0.22045975595184997,0.48,0.1980723693448361,0.04530069836281095,0.16608576837846611,greed,105.37496131046665,585,6
2014,2024-02-10,14,47751.09,46513.1002272957,46475.54518620419,46550.6552683872,16.148156501280447,0.22229681442350344,0.48,0.16078701231091957,0.05437207481380391,0.15641210063945732,greed,107.30310873284235,596,11
2015,2024-02-10,15,47751.09,46656.96875885722,46632.63993712794,46681.2975805865,10.428805118061076,0.24665877898288316,0.48,0.13348345950709475,0.04825516640554787,0.15683335024853404,greed,109.13026737665162,608,12
2016,2024-02-10,16,47751.09,46583.9237334684,46475.54518620419,46692.302280732605,46.53045024043068,0.26669761110570644,0.48,0.10772715259494857,0.05074338643208058,0.15610606567445415,greed,111.50387946385547,621,13
2017,2024-02-10,17,47751.09,46688.76400438903,46681.94401719344,46695.58399158461,2.921468298001139,0.25788059921462214,0.48,0.14470726012263185,0.057608438057472094,0.1630117110849426,greed,112.79798262880897,629,8
2018,2024-02-10,18,47751.09,46712.94399321146,46681.94401719344,46743.94396922948,13.27254219837943,0.250978839950359,0.48,0.14491231846649005,0.05108339443222,0.16676522612863998,greed,114.55169491053442,638,9
2019,2024-02-10,19,47751.09,46642.861708795885,46475.54518620419,46810.17823138759,71.74367800856764,0.24923217317047025,0.48,0.15265605736521531,0.04354963669982024,0.15756669402691856,greed,116.48264720092365,649,11
2020,2024-02-10,20,47751.09,46768.43187305922,46739.787809039364,46797.07593707908,12.249315562943416,0.2549744977441358,0.48,0.16124499972869966,0.04120146336709965,0.15976510014378406,greed,117.4579748304117,654,5
2021,2024-02-10,21,47751.09,46798.92428074006,46739.787809039364,46858.06075244075,25.272577354959395,0.2822506753455073,0.48,0.14659103726089853,0.054198661468684926,0.16601176241014332,greed,119.3111201359244,664,10
2022,2024-02-10,22,47751.09,46814.63471675727,46739.787809039364,46889.48162447518,31.975858904273633,0.28439448599566886,0.48,0.1462328449988434,0.04673843826153491,0.16756457814945105,greed,120.9217146736849,672,8
2023,2024-02-10,23,47751.09,46838.94364418365,46739.787809039364,46938.09947932794,42.339056959752845,0.277161087460252,0.48,0.16483992142652132,0.041738791213845085,0.1566885002567326,greed,122.76756926813152,682,10
2024,2024-02-10,24,47751.09,46975.53184935108,46958.00814417834,46993.05555452382,7.460779892364409,0.267636357034389,0.48,0.16635063492549254,0.04527612149892715,0.15036209805901854,greed,124.19706140026497,688,6
2025,2024-02-10,25,47751.09,46981.46740494495,46958.00814417834,47004.92666571157,9.986601978356765,0.2854339614337097,0.48,0.14769051894510132,0.05211518978717944,0.1788861148200543,greed,125.92073433310512,698,10
2026,2024-02-10,26,47751.09,47003.91537059397,46958.00814417834,47049.822597009595,19.53336272252224,0.3067751653391552,0.48,0.14106283605179357,0.05855801259724054,0.1748513443680494,greed,127.73336234621144,708,10
2027,2024-02-10,27,47751.09,46936.6303845104,46736.37259192539,47136.888177095396,85.3311330380841,0.30606616828015,0.48,0.20017647696346585,0.04474508727314275,0.1578790083709822,greed,129.67215860622818,720,12
2028,2024-02-10,28,47751.09,47069.28501334466,47054.47310876179,47084.096917927534,6.293660325909904,0.303202306426334,0.48,0.2380253419819269,0.04135592791656225,0.1717074210131994,greed,130.76904094796438,728,8
2029,2024-02-10,29,47751.09,47107.93423849461,47054.47310876179,47161.39536822742,22.697293182993974,0.3243309017602081,0.48,0.23883631130514837,0.04578995730239439,0.16992377217850052,greed,132.53360606177705,739,11
2030,2024-02-10,30,47751.09,47130.658141162494,47054.47310876179,47206.84317356319,32.32928858006395,0.33674139980545137,0.48,0.2579356634081304,0.05050863996619285,0.17074516637440784,greed,134.40576162636452,749,10
2031,2024-02-10,31,47751.09,47153.51706534343,47034.54704283128,47272.48708785559,50.46072060639386,0.3302319362706451,0.48,0.2525609215462944,0.04991434020156551,0.15939752221466466,greed,136.2949606098176,762,13
2032,2024-02-10,32,47751.09,47296.44059338557,47294.88735154417,47297.99383522697,0.6568113041545335,0.31879024767076536,0.48,0.23561132164025492,0.057314544742135876,0.17173267020807945,greed,137.60078984970212,768,6
2033,2024-02-10,33,47751.09,47309.53717305706,47294.88735154417,47324.186994569965,6.193178960644167,0.3367369504899,0.48,0.25027109556417665,0.04429489004816715,0.1606790517249671,greed,139.3891380820108,778,10
2034,2024-02-10,34,47751.09,47326.564396396025,47294.88735154417,47358.24144124788,13.386581196361032,0.32973848561414865,0.48,0.23259056294738012,0.04504139773700343,0.1636250241050329,greed,141.18951563156165,787,9
2035,2024-02-10,35,47751.09,47466.11598301541,47459.922592771145,47472.30937325967,2.609604816403217,0.31482208363241915,0.48,0.2222315188903579,0.05964154757271262,0.1617327673244466,greed,142.54870490261044,794,7
2036,2024-02-10,36,47751.09,47481.061369014074,47459.922592771145,47502.200145257004,8.904087496546369,0.33951400136670157,0.48,0.25784506375181376,0.048636873846240596,0.15161797748522612,greed,144.34464028434496,802,8
2037,2024-02-10,37,47751.09,47489.741051925215,47459.922592771145,47519.559511079286,12.557852914576577,0.34052699977446976,0.48,0.2869653116319061,0.050094789507607033,0.15448647955670833,greed,145.85654837843998,809,7
2038,2024-02-10,38,47751.09,47636.65918983186,47621.9324276223,47651.38595204142,6.182953406062533,0.3627474605210387,0.48,0.2868827268354042,0.04502860304374927,0.15520716432454318,greed,147.37949141787834,818,9
2039,2024-02-10,39,47751.09,47642.48877972139,47621.9324276223,47663.04513182048,8.62941992561921,0.36851776807271425,0.48,0.26541508535898023,0.057092349263036704,0.15691484512054563,greed,149.34925939323716,829,11
2040,2024-02-10,40,47751.09,47652.8091567045,47621.9324276223,47683.6858857867,12.959038356233213,0.36505393996359103,0.48,0.2413154596000504,0.040392210649485075,0.17014104026690385,greed,150.93520055890573,836,7
2041,2024-02-10,41,47751.09,47799.88208549407,47794.558125750395,47805.20604523775,2.2276037142328002,0.32619106573339846,0.48,0.22837021377009334,0.057972778566022065,0.15493178052985243,greed,151.52820551346275,841,5
2042,2024-02-10,42,47751.09,47819.706549606984,47794.558125750395,47844.854973463574,10.518016805687248,0.33987687802091987,0.48,0.2409757067452518,0.04797118448288255,0.1551045792343355,greed,153.41519991733466,851,10
2043,2024-02-10,43,47751.09,47832.787201997795,47794.558125750395,47871.016278245195,15.984465252237566,0.32873788242430396,0.48,0.2527967630115099,0.04526492349661089,0.16668709182077318,greed,155.20041494220638,859,8
2044,2024-02-10,44,47751.09,47893.20519920398,47792.18359396563,47994.22680444232,42.18619523089382,0.31878380546674423,0.48,0.26336776110210375,0.05947384269700398,0.1569191592064279,greed,157.35873534396472,872,13
2045,2024-02-10,45,47751.09,47740.901363139186,47459.922592771145,48021.88013350723,117.70987239255828,0.3174473779682224,0.48,0.2586861932031729,0.04677939852345643,0.15429244186251942,greed,159.38182556718183,884,12
2046,2024-02-10,46,47751.09,47894.9003283224,47863.314414607856,47926.486242036946,13.189677188185794,0.2880968344939899,0.48,0.24820458882777907,0.05132887370173253,0.16415268928172622,greed,160.3151968456973,890,6
2047,2024-02-10,47,47751.09,48025.00147881445,48022.29449029114,48027.708467337754,1.1273247016976942,0.28366807000279554,0.48,0.26351109816649976,0.05464475828184575,0.15263318742370321,greed,161.7334048588129,899,9
2048,2024-02-10,48,47751.09,48052.900022956164,48022.29449029114,48083.50555562119,12.73826663964208,0.2914090690393927,0.48,0.2754506021708931,0.04281306678467334,0.17149895810106094,greed,163.34051884349603,906,7
2049,2024-02-10,49,47751.09,48069.88872695723,48022.29449029114,48117.48296362331,19.802099787010803,0.31220180006523013,0.48,0.2779776273794782,0.04807097241627377,0.15410899903632708,greed,165.31266398836163,917,11
2050,2024-02-11,0,48299.99,48108.75430930189,48022.29449029114,48195.21412831264,35.94348689840543,0.3406882353527508,0.42,0.3774018031827838,0.05527230597923313,0.1577479307366149,greed,167.47160175877832,932,15
2051,2024-02-11,1,48299.99,48053.886512558136,47859.15748738252,48248.615537733756,81.04610857010589,0.3306067316911403,0.42,0.3610531581063089,0.05984031938793671,0.17059951270062113,greed,169.63161518184305,946,14
2052,2024-02-11,2,48299.99,48212.20654115315,48187.377169527004,48237.0359127793,10.300035367579765,0.298716464548143,0.42,0.340207998579858,0.040810183458826435,0.15368733547626734,greed,170.57670502008722,952,6
2053,2024-02-11,3,48299.99,48226.31095118266,48178.96364722937,48273.658255135946,19.635465794269397,0.2816381105474243,0.42,0.35019693972253924,0.04803903849230439,0.1753723463497729,greed,172.49337392528278,962,10
2054,2024-02-11,4,48299.99,48244.64760135714,48178.96364722937,48310.3315554849,27.229530069535915,0.2763058962968925,0.42,0.36201831839482773,0.05172364708176683,0.1607172590451041,greed,174.3596987982717,971,9
2055,2024-02-11,5,48299.99,48372.33421481611,48369.838447360824,48374.829982271396,1.0318987064807295,0.2663239918987701,0.42,0.32112369464759005,0.04684531185579492,0.15251621215656036,greed,175.66821341053455,979,8
2056,2024-02-11,6,48299.99,48390.34276906238,48369.838447360824,48410.84709076393,8.474551130752038,0.25686246691620895,0.42,0.3302104351169726,0.04782908541588943,0.15786338916050388,greed,177.44639108766947,990,11
2057,2024-02-11,7,48299.99,48145.833886025786,47859.15748738252,48432.51028466905,119.0866895448956,0.24578325968807543,0.42,0.2915570292810466,0.04821400801173086,0.17161248207277027,greed,179.1984152495112,1000,10
2058,2024-02-11,8,48299.99,48307.75525609813,48275.82536840114,48339.68514379511,13.219363030930134,0.2436071831179002,0.42,0.29721983219554216,0.05006136645264057,0.16752674366495154,greed,180.20994867122832,1010,10
2059,2024-02-11,9,48299.99,48373.800132185366,48275.82536840114,48471.77489596958,40.507367011272706,0.22414560459383637,0.42,0.28885723912036537,0.040983170472428554,0.16720498754805646,greed,182.15382987034317,1018,8
2060,2024-02-11,10,48299.99,48505.124788676694,48498.96460529379,48511.28497205959,2.540013414969684,0.21144099039859465,0.42,0.2723759966852684,0.040380868185485835,0.17197363887401187,greed,183.4725542002963,1024,6
2061,2024-02-11,11,48299.99,48530.855801221136,48498.96460529379,48562.74699714848,13.142647250223833,0.21864474151235727,0.42,0.27791661936825,0.053143953232801244,0.16317087731941343,greed,185.12139042993317,1032,8
2062,2024-02-11,12,48299.99,48537.93085617226,48498.96460529379,48576.89710705073,16.0559999946995,0.21693052331582133,0.42,0.26153082264026856,0.049636745071525164,0.15373035952327233,greed,186.91880580251689,1041,9
2063,2024-02-11,13,48299.99,48427.34470861344,48273.8727252733,48580.81669195359,63.38236558852511,0.20826079823418425,0.42,0.25577268714173323,0.041289813609116925,0.1672288061912572,greed,188.92630246689234,1052,11
2064,2024-02-11,14,48299.99,48578.65810932246,48565.49790036807,48591.81831827685,5.418103120416579,0.20184161189594318,0.42,0.25342741276559017,0.05722017642616027,0.1684687319004938,greed,189.81978246047592,1058,6
2065,2024-02-11,15,48299.99,48621.00352729751,48565.49790036807,48676.50915422694,22.831954465222008,0.20264877577643642,0.42,0.5630533878163968,0.04401657500349842,0.16356131329739404,greed,191.42353323216486,1065,7
2066,2024-02-11,16,48299.99,48645.456511939265,48565.49790036807,48725.41512351045,32.874030713049386,0.22169304739045573,0.42,0.5479297478550225,0.044485167663024634,0.15295304127134968,greed,193.57635043138956,1077,12
2067,2024-02-11,17,48299.99,48633.51670478948,48526.99670172757,48740.03670785139,43.80518221970106,0.22575579677920976,0.42,0.5423173215628233,0.05120343791134717,0.1546147777352223,greed,195.39612847305355,1088,11
2068,2024-02-11,18,48299.99,48649.016050856706,48526.99670172757,48771.03539998584,50.16313135771506,0.21343948343559782,0.42,0.5172739991307075,0.05876723200592035,0.17742469384960502,greed,197.47275214593938,1099,11
2069,2024-02-11,19,48299.99,48784.07766418047,48755.16040016278,48812.99492819815,11.8552057975752,0.19778367317580894,0.42,0.47802220374154325,0.04712422634507739,0.15021818423082028,greed,198.62448566456115,1105,6
2070,2024-02-11,20,48299.99,48794.22263615279,48755.16040016278,48833.284872142794,16.01100863161038,0.2306886860232099,0.42,0.44903165326236866,0.043694278191397665,0.1618644008409497,greed,200.62187005334275,1117,12
2071,2024-02-11,21,48299.99,48798.20726782426,48755.16040016278,48841.254135485746,17.642807009374387,0.23453238412165606,0.42,0.4116257378449278,0.05697582505551681,0.15894584633626796,greed,202.43549501926807,1130,13
2072,2024-02-11,22,48299.99,48827.3885161894,48755.16040016278,48899.61663221601,29.585082561877854,0.22964320300678123,0.42,0.3929326643846412,0.058844674389823326,0.1658167793475145,greed,204.04841319204365,1137,7
2073,2024-02-11,23,48299.99,48971.01245580976,48969.019525364114,48973.00538625541,0.8139225005598894,0.24219486339271024,0.42,0.4255845917405208,0.043162531392661366,0.16015579904180507,greed,205.77753919421158,1147,10
2074,2024-02-11,24,48299.99,48978.84476236507,48969.019525364114,48988.66999936602,4.012032969999204,0.2767817841255891,0.42,0.40343074267494533,0.057437324917018896,0.17062123253093392,greed,207.75922590860117,1157,10
2075,2024-02-11,25,48299.99,48994.50698263814,48969.019525364114,49019.99443991216,10.404210122189644,0.31464558412822996,0.42,0.38199532976023154,0.042954926488759225,0.16284370103455123,greed,209.79103512852706,1169,12
2076,2024-02-11,26,48299.99,49035.38854508943,48969.019525364114,49101.75756481474,27.06984555217075,0.31498462858290494,0.42,0.35982488939395285,0.052077478236523804,0.17204948914889687,greed,211.40814322114664,1178,9
2077,2024-02-11,27,48299.99,49058.89252324763,48969.019525364114,49148.76552113116,36.6388205118709,0.3266851903150363,0.42,0.34946124200269135,0.05724208146902961,0.17517577028614614,greed,213.05499444270419,1185,7
2078,2024-02-11,28,48299.99,48526.15340904264,47859.15748738252,49193.14933070276,274.9016251248252,0.33244291844504326,0.42,0.3361622488589559,0.04011856430673756,0.16777322266195377,greed,215.30871005942575,1202,17
2079,2024-02-11,29,48299.99,48684.73007570919,48664.356545074595,48705.10360634377,8.36957732040632,0.29993188630958845,0.42,0.3670678881777795,0.0471379977434951,0.1532486806944875,greed,216.16759060796048,1205,3
2080,2024-02-11,30,48299.99,48855.70190760589,48847.03076052396,48864.37305468782,3.5496970643592034,0.2789795624295212,0.42,0.38367686238296833,0.0441209712042578,0.154426555404861,greed,217.1309687806502,1210,5
2081,2024-02-11,31,48299.99,49023.53834325455,49007.98652491568,49039.09016159342,6.344633155599317,0.2837963845531784,0.42,0.35505042688800137,0.04125785244904974,0.17059759506343297,greed,218.77981452910043,1220,10
2082,2024-02-11,32,48299.99,49191.6487154075,49190.14810011223,49193.14933070276,0.6101097785716043,0.27944890685424817,0.42,0.36683559818983585,0.042290905991729646,0.15943155123202374,greed,220.09614077804756,1226,6
2083,2024-02-11,33,48299.99,49211.2634964482,49190.14810011223,49232.378892784174,8.581529851391046,0.28446025402670944,0.42,0.3374264858821724,0.04532316772102353,0.1564536179113812,greed,221.77206559811594,1236,10
2084,2024-02-11,34,48299.99,49221.45522408935,49190.14810011223,49252.76234806648,12.720925797334601,0.2940001312533952,0.42,0.29045512275326,0.04340260654767218,0.17285661836672256,greed,223.41580392580894,1244,8
2085,2024-02-11,35,48299.99,49271.02363735385,49190.14810011223,49351.89917459547,32.82884392128022,0.29982106981553114,0.42,0.2911815794056201,0.057502419847649894,0.1507980769078969,greed,225.00247215344055,1251,7
2086,2024-02-11,36,48299.99,49299.0001686015,49190.14810011223,49407.852237090774,44.15994974218553,0.32025552168894583,0.42,0.25443024314511276,0.05569911230573015,0.15576100957084488,greed,226.80067117940473,1261,10
2087,2024-02-11,37,48299.99,49315.90708236258,49190.14810011223,49441.666064612924,51.001386648051145,0.3176918375602897,0.42,0.25619809042922026,0.053091323824471966,0.178622817447069,greed,228.37194183408806,1269,8
2088,2024-02-11,38,48299.99,49236.36735221403,49007.98652491568,49464.74817951239,92.76916213766344,0.32557567972928547,0.42,0.2648012205028073,0.04373561614324741,0.16276690097155055,greed,230.4215733141507,1280,11
2089,2024-02-11,39,48299.99,49440.61563003165,49414.36871741534,49466.86254264796,10.617550886793246,0.31045304717556527,0.42,0.2713040201903007,0.053568385034274246,0.1682312733549578,greed,231.27564923957323,1286,6
2090,2024-02-11,40,48299.99,49465.874995670936,49414.36871741534,49517.38127392654,20.824974089757486,0.32557393415411817,0.42,0.23548090776157457,0.05387690772544533,0.16936196022937455,greed,233.2508181799471,1297,11
2091,2024-02-11,41,48299.99,49472.15080440167,49414.36871741534,49529.932891387994,23.35944002708976,0.3368268786723046,0.42,0.21951883556246754,0.0474505490560559,0.15787223467712236,greed,234.9151146234376,1305,8
2092,2024-02-11,42,48299.99,49296.44766096918,49007.98652491568,49584.90879702267,117.03120599575607,0.31160437531195573,0.42,0.2339636884429212,0.05223808169534648,0.16120558992695222,greed,237.35824208481668,1321,16
2093,2024-02-11,43,48299.99,49500.697471234955,49474.254025662616,49527.14091680729,10.684069891219176,0.27500134909307206,0.42,0.24618050765357566,0.05671443193295743,0.17064699832006947,greed,238.19974712620586,1326,5
2094,2024-02-11,44,48299.99,49556.0754139446,49474.254025662616,49637.89680222658,33.02173854508258,0.26070140153312055,0.42,0.1826844550308894,0.0535962178320266,0.16676188330573616,greed,240.08793648142878,1334,8
2095,2024-02-11,45,48299.99,49562.53042385041,49451.00243098789,49674.05841671293,45.00496318842006,0.26902516624954986,0.42,0.2036401354894561,0.04193177364989065,0.1785529654842698,greed,241.90708609315374,1346,12
2096,2024-02-11,46,48299.99,49694.79549743519,49679.49786479381,49710.093130076566,6.156633703087402,0.25581292711163905,0.42,0.1935320199134602,0.040946490602728425,0.1512368344199718,greed,242.90708609315374,1350,4
2097,2024-02-11,47,48299.99,49705.81731663434,49679.49786479381,49732.13676847487,10.590089153094347,0.25728761252573473,0.42,0.21995904061041974,0.053794032847292464,0.17556443243400036,greed,244.77273858674198,1361,11
2098,2024-02-11,48,48299.99,49721.37889178323,49679.49786479381,49763.25991877264,16.846285409970413,0.2679528569332954,0.42,0.24598577638638103,0.043231959119160425,0.1535506230397976,greed,246.72818095426047,1371,10
2099,2024-02-11,49,48299.99,49612.661448578765,49451.00243098789,49774.320466169636,65.16845211314596,0.2607142213203188,0.42,0.2921606926645183,0.058550071025931516,0.16374849649158818,greed,248.47588840200837,1381,10
2100,2024-02-12,0,49917.27,49799.55692026556,49793.16638990216,49805.947450628955,2.566500892218864,0.24923661167966044,0.4,0.39285816662733536,0.055409629062380596,0.16850450653126725,greed,249.51500691208648,1387,6
2101,2024-02-12,1,49917.27,49819.67684020325,49793.16638990216,49846.187290504335,10.642562129064116,0.25288159847963565,0.4,0.37851900457071946,0.0458508085696314,0.1705168006433303,greed,251.28725886401352,1396,9
2102,2024-02-12,2,49917.27,49849.507040064556,49793.16638990216,49905.847690226954,22.604295812641077,0.26522197410399717,0.4,0.3554228955129581,0.0420253036197482,0.17617722057892932,greed,253.1739344949193,1407,11
2103,2024-02-12,3,49917.27,49865.33939563806,49793.16638990216,49937.512401373955,28.947163144030046,0.25850442338660834,0.4,0.34387392515712,0.056159313785215145,0.16104256912998643,greed,254.94584633295494,1416,9
2104,2024-02-12,4,49917.27,50013.892160347415,50013.66842788058,50014.115892814254,0.0894681286236457,0.25165486228125433,0.4,0.3103391719180203,0.04043477676127415,0.1656171163289752,greed,256.29255768242274,1422,6
2105,2024-02-12,5,49917.27,50023.885913655904,50013.66842788058,50034.10339943123,4.0850428105337695,0.2572449597890147,0.4,0.2829484707729912,0.051542445398288846,0.17107252584451094,greed,258.06091998045997,1429,7
2106,2024-02-12,6,49917.27,50042.28204719204,50013.66842788058,50070.8956665035,11.43577716319083,0.2827779426441102,0.4,0.2704402251595888,0.048341064074058415,0.16991395176128005,greed,259.9545475943388,1441,12
2107,2024-02-12,7,49917.27,49929.35314977192,49774.50803527166,50084.19826427219,62.025684184523755,0.29909866239963384,0.4,0.24170438099823804,0.05034865119625927,0.16297067976440294,greed,261.9751613188213,1453,12
2108,2024-02-12,8,49917.27,50130.50792577459,50103.98380555751,50157.03204599167,10.582027318116474,0.2806405702362059,0.4,0.2239796346506954,0.05994340502851449,0.15877826682118937,greed,262.64158705798667,1458,5
2109,2024-02-12,9,49917.27,50145.82293877592,50103.98380555751,50187.662071994324,16.6869863794995,0.3012002053839655,0.4,0.214871772005059,0.05883266362970406,0.17133388554009268,greed,264.54109029479474,1467,9
2110,2024-02-12,10,49917.27,50170.03216551956,50103.98380555751,50236.080525481615,26.32980570717915,0.29865387300128343,0.4,0.22675139597893892,0.05623626213891557,0.1722549814118598,greed,266.4538683139666,1478,11
2111,2024-02-12,11,49917.27,50181.038504688564,50103.98380555751,50258.09320381962,30.710683328666207,0.31059718309053624,0.4,0.19037138225888123,0.04356040648584541,0.1747404371768381,greed,268.13505887479414,1485,7
2112,2024-02-12,12,49917.27,50228.49276462033,50094.81629950278,50362.16922973788,53.22734478375952,0.3201545177160532,0.4,0.19750286137677198,0.057153207940845135,0.15798700483553405,greed,270.04844584785985,1496,11
2113,2024-02-12,13,49917.27,50236.80064984951,50094.81629950278,50378.78500019623,56.52603211592018,0.3215793276794469,0.4,0.19454359410288835,0.04213770590978121,0.16980356708988523,greed,272.14105475234373,1509,13
2114,2024-02-12,14,49917.27,50401.485478589544,50391.01519694325,50411.95576023583,4.154751212934005,0.32637681846668426,0.4,0.20533855903981088,0.04090231757202919,0.17800323021512574,greed,273.77234796523015,1516,7
2115,2024-02-12,15,49917.27,50116.12785220637,49774.50803527166,50457.747669141085,136.33128957694277,0.3467756088842249,0.4,0.22057320104078648,0.05491728476730666,0.1738404172653242,greed,275.8193754904297,1530,14
2116,2024-02-12,16,49917.27,50348.478461333376,50321.57248469665,50375.384437970104,10.687900591630154,0.3067113093245339,0.4,0.21091807479174515,0.05250053575620658,0.17562049001006358,greed,276.76704439569613,1537,7
2117,2024-02-12,17,49917.27,50390.80484462268,50321.57248469665,50460.03720454872,27.478171916288552,0.31783882292074306,0.4,0.24179270589565272,0.0408274876493452,0.16136661270997815,greed,278.43362250109385,1545,8
2118,2024-02-12,18,49917.27,50401.70512542216,50284.264391214,50519.14585963032,46.60188932732169,0.3333117701461612,0.4,0.2571201989281748,0.04902178574933663,0.1773263671441933,greed,280.65972032570266,1559,14
2119,2024-02-12,19,49917.27,50591.56063391281,50584.341066970206,50598.78020085542,2.8540597886865284,0.33052089817371555,0.4,0.2566999915269856,0.0503933579293186,0.17314714317986493,greed,281.91420961169314,1567,8
2120,2024-02-12,20,49917.27,50599.23001875868,50584.341066970206,50614.11897054715,5.885050734151918,0.3351628002903237,0.4,0.226495540829916,0.0437673646413414,0.16052766284897038,greed,283.483252871177,1574,7
2121,2024-02-12,21,49917.27,50613.271415075185,50584.341066970206,50642.20176318017,11.43192182450626,0.3384938027838529,0.4,0.22547443606341486,0.05599356827307203,0.16298404683678952,greed,285.032502799298,1581,7
2122,2024-02-12,22,49917.27,50623.481577660415,50584.341066970206,50662.622088350625,15.463381604903924,0.3422457107713081,0.4,0.1881356529518337,0.05605531342924076,0.15716714087002728,greed,286.98709095462925,1592,11
2123,2024-02-12,23,49917.27,50675.48252214279,50583.71960980571,50767.24543447986,36.21590077488821,0.34309616832580964,0.4,0.1882944414987648,0.05247777886325941,0.1668753635740595,greed,289.0176716503783,1603,11
2124,2024-02-12,24,49917.27,50832.472433635674,50830.91814941928,50834.026717852066,0.6115320156506087,0.3432407432869705,0.4,0.22344403222672815,0.04501163153188385,0.16193186926868167,greed,290.6336913281066,1614,11
2125,2024-02-12,25,49917.27,50578.954484229725,50284.264391214,50873.64457724545,116.52676336265947,0.33539690781681814,0.4,0.19798893472639784,0.057604959889511274,0.17882712462386877,greed,293.0716509899329,1629,15
2126,2024-02-12,26,49917.27,50783.70068109054,50758.375721959834,50809.02564022124,9.973656425607002,0.29102862768463733,0.4,0.20451489841098977,0.0537852327093191,0.17817327662198065,greed,293.8897441858968,1632,3
2127,2024-02-12,27,49917.27,50824.91965700619,50758.375721959834,50891.46359205254,26.18555444668763,0.3044181985284651,0.4,0.21540431507959545,0.0507024101534681,0.17068824057001222,greed,295.8457175983171,1642,10
2128,2024-02-12,28,49917.27,50858.025857613495,50758.375721959834,50957.67599326716,39.1875752050045,0.3139251879741982,0.4,0.19113847879804874,0.05591826284840313,0.1642523694015073,greed,297.4862871682571,1651,9
2129,2024-02-12,29,49917.27,50877.643639650036,50740.84835740847,51014.438921891604,53.7742208387028,0.3281171468174256,0.4,0.20846837204167631,0.0471976519550911,0.17816280381491276,greed,299.425184389849,1663,12
2130,2024-02-12,30,49917.27,51055.14100547126,51036.263091952314,51074.01891899021,7.395107778440567,0.32403353128213286,0.4,0.25520240666545074,0.043405382742571885,0.16898801641413133,greed,300.7570499841573,1668,5
2131,2024-02-12,31,49917.27,50912.8394521406,50740.84835740847,51084.83054687274,67.56295527135664,0.3282516563886388,0.4,0.26650737972544986,0.05016327580916349,0.151889142262011,greed,302.6773290939463,1676,8
2132,2024-02-12,32,49917.27,51103.63604102816,51096.71440638083,51110.5576756755,2.7088619063347186,0.32409061644061465,0.4,0.26922265766941805,0.05268658714514759,0.17454945634962815,greed,304.07607546365483,1683,7
2133,2024-02-12,33,49917.27,51118.099793762914,51094.11366153807,51142.08592598776,9.384594623673285,0.34387369164363846,0.4,0.27330023139934934,0.046207961905916896,0.169683334514345,greed,306.0155933755916,1690,7
2134,2024-02-12,34,49917.27,51144.76759777817,51094.11366153807,51195.42153401827,19.808061946224296,0.34888299048731497,0.4,0.25285715062979386,0.05113850204780413,0.15324679940296645,greed,307.58538735260703,1697,7
2135,2024-02-12,35,49917.27,51183.09538034788,51094.11366153807,51272.07709915768,34.76996385176465,0.34485295362772656,0.4,0.22668100264279686,0.046670247073257336,0.15656910381317404,greed,309.3033833012627,1706,9
2136,2024-02-12,36,49917.27,51048.76488953843,50740.84835740847,51356.68142166841,120.63623196222399,0.36722301092398085,0.4,0.1880771001339027,0.04697018299564171,0.15396200432307122,greed,311.3912591557217,1719,13
2137,2024-02-12,37,49917.27,51251.05595574474,51224.52047306842,51277.59143842106,10.355096956142633,0.3346212272018904,0.4,0.18871340804333048,0.048768796899230506,0.15090879679438876,greed,312.7282404622566,1729,10
2138,2024-02-12,38,49917.27,51300.63015916517,51218.08954721166,51383.17077111869,32.17918052757807,0.33879254264580233,0.4,0.20169939089385974,0.05092099863765532,0.16770939516975206,greed,314.5425037700922,1740,11
2139,2024-02-12,39,49917.27,51310.94593389152,51218.08954721166,51403.802320571376,36.19359767777147,0.33866803695869047,0.4,0.22787139727641612,0.040171384216214814,0.15143399128973248,greed,316.3510314291161,1749,9
2140,2024-02-12,40,49917.27,50866.710310523005,50284.264391214,51449.156229832006,229.008683971651,0.3275488391730697,0.4,0.21594362116214194,0.053438877716973004,0.16378449903150497,greed,318.2364310590055,1761,12
2141,2024-02-12,41,49917.27,51077.05612567039,51050.48754900487,51103.6247023359,10.403331233556454,0.3060373794084555,0.4,0.2058732799070771,0.0445377182960589,0.15932490303082483,greed,319.2171995952765,1768,7
2142,2024-02-12,42,49917.27,51299.4953890564,51274.184386339766,51324.80639177303,9.867934382072935,0.2698566721499005,0.4,0.2557803019510062,0.04961960492092656,0.15618071170746253,greed,320.34763984979014,1774,6
2143,2024-02-12,43,49917.27,51361.670308085886,51274.184386339766,51449.156229832006,34.066618636562104,0.26577190317633875,0.4,0.22227084843153977,0.05075544982551287,0.15459127791491464,greed,321.9641127634634,1779,5
2144,2024-02-12,44,49917.27,51378.529331044585,51257.9618241627,51499.096837926474,46.93303154126471,0.2512743589635812,0.4,0.16725345860568816,0.04252110862721407,0.17625629413344077,greed,324.00471517848695,1793,14
2145,2024-02-12,45,49917.27,51541.20446354835,51540.97012388162,51541.438803215075,0.09093294158199094,0.24649200172542943,0.4,0.1739254539530367,0.048087288599622954,0.1548590155320882,greed,325.42958051113766,1800,7
2146,2024-02-12,46,49917.27,51559.508504664074,51540.97012388162,51578.046885446536,7.191061870103467,0.27432792043112986,0.4,0.1852709414944834,0.04483170001341667,0.16664600750997471,greed,327.5668245629235,1811,11
2147,2024-02-12,47,49917.27,51569.82345597101,51540.97012388162,51598.67678806041,11.190006153125212,0.2829961983295088,0.4,0.1908552025191063,0.04007535389101066,0.16894132309186288,greed,329.4106840020057,1820,9
2148,2024-02-12,48,49917.27,51325.766686669274,51029.30951236744,51622.223860971106,115.51982305948859,0.2706877316105313,0.4,0.15848735930765107,0.044939264483236416,0.17369657213855527,greed,331.24452628912906,1832,12
2149,2024-02-12,49,49917.27,51562.21904797847,51559.61758131625,51564.82051464069,1.009059233777623,0.26550899043416726,0.4,0.1803032663104327,0.050654232440779705,0.1617757859525348,greed,331.7943560816545,1838,6
2150,2024-02-13,0,49699.59,51600.225861533414,51559.61758131625,51640.83414175058,15.739574600365566,0.2732960981385777,0.58,0.5682344928010092,0.09504342259525018,0.27604143652703705,extreme_greed,333.4282744980975,1846,8
2151,2024-02-13,1,49699.59,51641.69769813807,51559.61758131625,51723.77781495989,31.788310795514295,0.27651410369250456,0.58,0.5292707341577457,0.08768265278715272,0.2560170220121526,extreme_greed,335.41355753108843,1856,10
2152,2024-02-13,2,49699.59,51656.39548999441,51510.67614101779,51802.11483897102,56.41870579407317,0.2780127712343764,0.58,0.5100371888158518,0.08167018444861927,0.2898758703347943,extreme_greed,337.3714358933257,1868,12
2153,2024-02-13,3,49699.59,51817.82843754563,51812.36842426109,51823.28845083017,2.107387920017352,0.2616948801188418,0.58,0.4807148257187291,0.09875438275200062,0.26693216357239313,extreme_greed,338.50452802369506,1873,5
2154,2024-02-13,4,49699.59,51830.295957759095,51812.36842426109,51848.22349125711,6.917781643623677,0.27902076508657137,0.58,0.6967654605357603,0.10111807721983493,0.27462609270102545,extreme_greed,340.29809144048966,1883,10
2155,2024-02-13,5,49699.59,51838.8226671641,51812.36842426109,51865.27691006712,10.20634402631678,0.2814950932400396,0.58,0.6359757444673668,0.09467589553941846,0.2725132596748319,extreme_greed,342.2269092343979,1893,10
2156,2024-02-13,6,49699.59,51850.242837668775,51812.36842426109,51888.117251076466,14.609155650924889,0.2928300286101217,0.58,0.588859849666938,0.0990060588084851,0.26242678719635465,extreme_greed,343.91057928222574,1902,9
2157,2024-02-13,7,49699.59,51888.06316138206,51812.36842426109,51963.75789850302,29.17616596539321,0.29786392031457865,0.58,0.5394087659390346,0.10312443564992964,0.2663610591580727,extreme_greed,345.7143648688867,1910,8
2158,2024-02-13,8,49699.59,51936.20725814333,51812.36842426109,52060.04609202557,47.6888245869449,0.29786392031457865,0.58,0.5012473882525812,0.0838911877397008,0.2726876880125177,extreme_greed,347.2143648688867,1916,6
2159,2024-02-13,9,49699.59,52085.99249114409,52084.583177984976,52087.401804303205,0.5411486243077765,0.2858769710577831,0.58,0.46982387529865766,0.10062169738057145,0.2816641741166498,extreme_greed,348.53574570853885,1924,8
2160,2024-02-13,10,49699.59,52101.562083672834,52084.583177984976,52118.54098936069,6.517618669701564,0.2972796768512408,0.58,0.43083775702155847,0.08867534761569329,0.2654882657071452,extreme_greed,350.3630060745802,1935,11
2161,2024-02-13,11,49699.59,51826.98554825457,51510.67614101779,52143.29495549134,122.06359443470566,0.297735817386418,0.58,0.39730801642470587,0.09991113436778769,0.2690550256805907,extreme_greed,352.3756413428811,1949,14
2162,2024-02-13,12,49699.59,52077.701623175235,52064.48782649089,52090.915419859586,5.074646642419091,0.27211057354161444,0.58,0.36801281543527486,0.09623564167571073,0.25118581801528955,extreme_greed,352.6084321039888,1952,3
2163,2024-02-13,13,49699.59,52115.39446455747,52064.48782649089,52166.301102624035,19.536123093606147,0.2700937049014478,0.58,0.3850800994538059,0.09253908630759582,0.29714563556958784,extreme_greed,354.5834561362157,1966,14
2164,2024-02-13,14,49699.59,52100.797144882075,52027.84686305632,52173.74742670783,28.003518496230658,0.26248838651083256,0.58,0.3664627483834305,0.10196902311824543,0.2805473262851327,extreme_greed,356.4344109399037,1976,10
2165,2024-02-13,15,49699.59,52166.69315323031,52027.84686305632,52305.539443404305,53.23177751219737,0.2714864201159193,0.58,0.36371561540852754,0.09212329543228871,0.26107505254269264,extreme_greed,358.31725100519543,1987,11
2166,2024-02-13,16,49699.59,52336.90527262693,52329.40392515792,52344.406620095935,2.8665613413444144,0.2689604017915484,0.58,0.4152050205730472,0.09695221374440316,0.297435245911959,extreme_greed,359.81898631178734,1997,10
2167,2024-02-13,17,49699.59,52347.27261538338,52329.40392515792,52365.141305608835,6.826980407076525,0.2851576118390686,0.58,0.41717433972337703,0.10627151109676819,0.29007084054543136,extreme_greed,361.8445936426802,2009,12
2168,2024-02-13,18,49699.59,52361.995879439295,52329.40392515792,52394.58783372067,12.448705873020181,0.29212554996002077,0.58,0.4037253049535024,0.09515497134568197,0.28740173696707944,extreme_greed,363.46232089501973,2016,7
2169,2024-02-13,19,49699.59,52376.528274282886,52329.40392515792,52423.652623407856,17.99445311769714,0.3115499640977099,0.58,0.35759668214122214,0.0875724143892968,0.28658880475188364,extreme_greed,365.4194005074168,2027,11
2170,2024-02-13,20,49699.59,52241.61128578925,52020.276959683,52462.945611895506,84.73487729750092,0.30609421688541316,0.58,0.34181095664022665,0.09049585082667436,0.28541620245389854,extreme_greed,367.30029300197776,2039,12
2171,2024-02-13,21,49699.59,52456.68854703198,52440.236047123944,52473.141046940014,6.2727939424860395,0.27283592619972225,0.58,0.3162716311666608,0.09665789967823821,0.2549965938527205,extreme_greed,368.004664112899,2044,5
2172,2024-02-13,22,49699.59,52498.16072599964,52440.236047123944,52556.08540487534,22.06731743537452,0.27169260046465676,0.58,0.30358709297657555,0.10176168804985498,0.26048304610558504,extreme_greed,369.7377071870881,2052,8
2173,2024-02-13,23,49699.59,52531.78235580184,52440.236047123944,52623.32866447975,34.853684597203106,0.28430379238222586,0.58,0.32580570241965673,0.09848672754820859,0.2714362570875741,extreme_greed,371.63400812111234,2065,13
2174,2024-02-13,24,49699.59,52537.58145191554,52417.28543078124,52657.87747304985,45.794274425976326,0.30663738498618653,0.58,0.30703167182263996,0.1042902277426422,0.28478388316076697,extreme_greed,373.67527592232705,2078,13
2175,2024-02-13,25,49699.59,52557.955628324395,52417.28543078124,52698.62582586755,53.529554512332425,0.316536176410578,0.58,0.31860143158103277,0.09323603306638797,0.28582381313210836,extreme_greed,375.3369342640889,2087,9
2176,2024-02-13,26,49699.59,52565.185785341964,52417.28543078124,52713.0861399027,56.273121592189966,0.3315166060637849,0.58,0.2900240080773352,0.10928041776796382,0.2655300485697665,extreme_greed,377.1070532173328,2097,10
2177,2024-02-13,27,49699.59,52745.307733480346,52737.26951972556,52753.34594723513,3.0479351055842008,0.31772673748041763,0.58,0.2799118121607115,0.10022004113209561,0.2770753141061244,extreme_greed,378.41550561262983,2104,7
2178,2024-02-13,28,49699.59,52775.75151072779,52737.26951972556,52814.23350173001,14.58320910670541,0.33803134997698875,0.58,0.2902056557071004,0.10995263701771323,0.28762012268597337,extreme_greed,380.3425270268911,2115,11
2179,2024-02-13,29,49699.59,52784.75190115285,52737.26951972556,52832.23428258014,17.990946141494497,0.3479037205565019,0.58,0.3023678005174606,0.09953593136286039,0.2928142564023381,extreme_greed,382.1845013769112,2125,10
2180,2024-02-13,30,49699.59,52819.24777077731,52737.26951972556,52901.22602182906,31.04105208295142,0.3706772180550529,0.58,0.294877477072649,0.08604965633800676,0.2539121049290011,extreme_greed,384.3150774641911,2137,12
2181,2024-02-13,31,49699.59,52857.97611850752,52737.26951972556,52978.68271728947,45.67204711407454,0.38209873333467315,0.58,0.278469951165209,0.10506458466929888,0.258132610909495,extreme_greed,386.0283136669045,2148,11
2182,2024-02-13,32,49699.59,53055.15847318376,53046.2212213854,53064.095724982115,3.3690415995551937,0.3995731898952582,0.58,0.2884059587226964,0.10490750578344155,0.2709624624659483,extreme_greed,387.7756936822103,2156,8
2183,2024-02-13,33,49699.59,52764.81715201396,52417.28543078124,53112.34887324667,131.7285797585494,0.4304550362102893,0.58,0.3052289514758304,0.08854558029831841,0.27525820091466574,extreme_greed,389.96688834108033,2171,15
2184,2024-02-13,34,49699.59,53063.41076456308,53056.94881085357,53069.872718272585,2.4355591230940403,0.37284772742670486,0.58,0.33147934673029694,0.09744099671613725,0.2890392741682738,extreme_greed,390.3554818988061,2177,6
2185,2024-02-13,35,49699.59,53093.68990720471,53056.94881085357,53130.43100355584,13.840099045798777,0.3886598453576668,0.58,0.33017897030747656,0.08150193581279883,0.29368169113173503,extreme_greed,392.297245491757,2189,12
2186,2024-02-13,36,49699.59,53099.18382788016,53056.94881085357,53141.418844906744,15.907972206687505,0.3875128249656158,0.58,0.3239637908146902,0.09228343812881927,0.29381569849577543,extreme_greed,393.8374421064854,2196,7
2187,2024-02-13,37,49699.59,53174.1298429891,53056.94881085357,53291.31087512463,44.07445217497236,0.4002566256450144,0.58,0.3168856743929027,0.08035614040008078,0.2650327820280372,extreme_greed,395.8112581627989,2206,10
2188,2024-02-13,38,49699.59,53209.926531254576,53056.94881085357,53362.904251655586,57.49969239711302,0.4127589587882311,0.58,0.27669695920417375,0.10629794356505057,0.29562425271151843,extreme_greed,397.53524892795,2214,8
2189,2024-02-13,39,49699.59,53203.732023664146,53003.18979155968,53404.274255768614,75.38652815380323,0.40802318428772777,0.58,0.30162703387755213,0.09386421419809703,0.2774572007620726,extreme_greed,399.44130061451335,2226,12
2190,2024-02-13,40,49699.59,53230.20780114454,53003.18979155968,53457.225810729404,85.29668357972538,0.4318597925896734,0.58,0.3161048782412794,0.0802432459065864,0.2504626261217951,extreme_greed,401.3040123917247,2236,10
2191,2024-02-13,41,49699.59,53474.45106397956,53471.077265090054,53477.82486286907,1.2618358196782962,0.41364585862548775,0.58,0.2952620443740734,0.09465004739013004,0.2511284848286721,extreme_greed,402.57703041432137,2243,7
2192,2024-02-13,42,49699.59,53484.689930728426,53471.077265090054,53498.3025963668,5.090303657365097,0.4123548900847373,0.58,0.2720524170311102,0.08902757219496256,0.25835671574346536,extreme_greed,404.3082935270291,2253,10
2193,2024-02-13,43,49699.59,53504.775471504065,53471.077265090054,53538.47367791808,12.596335978257141,0.43073051605926294,0.58,0.2944307840505585,0.08696820094371502,0.2767400488459584,extreme_greed,406.17135398747007,2264,11
2194,2024-02-13,44,49699.59,53302.45877749649,52990.635998464975,53614.281556528,117.00127393116097,0.43770183373626564,0.58,0.2947819820798953,0.10012924128457355,0.2876968842220712,extreme_greed,408.17329765602994,2277,13
2195,2024-02-13,45,49699.59,53584.73743420834,53555.15472029383,53614.32014812285,11.041470139079468,0.4094785562036765,0.58,0.26584624571567467,0.09403407236112017,0.25354358503274366,extreme_greed,409.1332993830567,2285,8
2196,2024-02-13,46,49699.59,53638.558569982895,53555.15472029383,53721.96241967196,31.098467935243384,0.4132301414741665,0.58,0.2379850111192101,0.09552383028152873,0.29621771730969004,extreme_greed,411.10624592659224,2294,9
2197,2024-02-13,47,49699.59,53652.10638681913,53507.94431353225,53796.268460105995,53.7395763169101,0.4057351556317568,0.58,0.2558040220792122,0.09748995439154948,0.27008265628821904,extreme_greed,412.86675378663875,2304,10
2198,2024-02-13,48,49699.59,53862.38667350251,53844.26778302121,53880.50556398381,6.7278453853633,0.40827350513126665,0.58,0.2747481899657731,0.10486001430600782,0.2911444034146751,extreme_greed,415.1478462380291,2320,16
2199,2024-02-13,49,49699.59,53873.087274124984,53844.26778302121,53901.906765228756,10.699030837838619,0.42330949866762724,0.58,0.26659470207017116,0.1010342339415073,0.2645321484653266,extreme_greed,416.93601903475025,2330,10
2200,2024-02-14,0,51795.17,53896.66897575474,53844.26778302121,53949.070168488266,19.445058007981668,0.4352177942648139,0.48,0.4348802037614631,0.04459652083585072,0.1500271750573827,greed,418.81283627299734,2341,11
2201,2024-02-14,1,51795.17,53960.7487532588,53844.26778302121,54077.229723496384,43.17248108257634,0.4565400733027109,0.48,0.3943910875888531,0.04342369487670251,0.15313447185923504,greed,420.5944923278022,2349,8
2202,2024-02-14,2,51795.17,54004.45689760531,53844.26778302121,54164.64601218941,59.3244053496641,0.4839906085515514,0.48,0.3666164715995736,0.04089140081425262,0.1791171999788208,greed,422.4451819740798,2358,9
2203,2024-02-14,3,51795.17,53592.162831266694,52990.635998464975,54193.68966406841,224.48313373565767,0.494499963082897,0.48,0.3269949087522729,0.04646388130648672,0.1595609177185619,greed,424.1879741332126,2367,9
2204,2024-02-14,4,51795.17,53895.89114797654,53860.269979439916,53931.51231651316,13.218509900437526,0.45880393528693614,0.48,0.36052134455903734,0.04377859627529905,0.1757830374850065,greed,424.8676081092393,2370,3
2205,2024-02-14,5,51795.17,54212.03707036549,54209.461878252165,54214.61226247881,0.9500444006487953,0.4324238555197924,0.48,0.33125790202685584,0.04760389995950355,0.1761381555285035,greed,425.9483073539253,2375,5
2206,2024-02-14,6,51795.17,54238.03399857342,54209.461878252165,54266.60611889467,10.535824481397668,0.4409692242238195,0.48,0.2974025460923233,0.04039366430762827,0.17206927980034095,greed,427.74491757405286,2385,10
2207,2024-02-14,7,51795.17,54255.55614054714,54209.461878252165,54301.65040284211,16.99153619421676,0.43893733000260204,0.48,0.317151096040069,0.056263642945689224,0.17863912956019404,greed,429.454561960412,2394,9
2208,2024-02-14,8,51795.17,54069.54291000943,53823.09569997327,54315.990120045586,91.15934656460122,0.42055596658736166,0.48,0.26452426848475885,0.05379792006626721,0.1765199333061356,greed,431.60919467067004,2408,14
2209,2024-02-14,9,51795.17,54347.664006860265,54311.1879117679,54384.14010195263,13.423243025776452,0.41143704128316516,0.48,0.2659799060619493,0.05836386316923406,0.17445540695909667,greed,432.7810466561256,2417,9
2210,2024-02-14,10,51795.17,54412.51390752924,54311.1879117679,54513.83990329059,37.24363698157446,0.42548193244648824,0.48,0.25220599907805524,0.04582446637156552,0.16842551171953618,greed,435.09248666222857,2430,13
2211,2024-02-14,11,51795.17,54438.175601008414,54307.084290312014,54569.26691170481,48.16153710117043,0.4228220424804434,0.48,0.24474396052919503,0.0579850061396313,0.16871260153107698,greed,437.33418643011123,2442,12
2212,2024-02-14,12,51795.17,54227.014769417234,53823.09569997327,54630.933838861194,148.97337467736145,0.45471082187289596,0.48,0.23898244781220618,0.04086794357157122,0.16045433927386965,greed,439.35020115612946,2454,12
2213,2024-02-14,13,51795.17,54505.37133249301,54469.43768289758,54541.30498208843,13.185360898185492,0.4091164318493738,0.48,0.22360012666392753,0.05294140332517748,0.1639281710797302,greed,439.9501067197105,2456,2
2214,2024-02-14,14,51795.17,54565.16897486213,54469.43768289758,54660.90026682668,35.088791536099215,0.4078015569484644,0.48,0.16976381519885644,0.04429470250243127,0.16549992779531622,greed,441.49704609699813,2462,6
2215,2024-02-14,15,51795.17,54587.339498414796,54469.43768289758,54705.24131393201,43.197494730674684,0.41708168126057343,0.48,0.17319503925085813,0.05113688826269125,0.17787062657150401,greed,443.32006095095215,2472,10
2216,2024-02-14,16,51795.17,54605.652457628734,54469.43768289758,54741.86723235988,49.89035698707052,0.41708168126057343,0.48,0.1665288677014427,0.05217998222103857,0.15864635905344318,greed,444.82006095095215,2478,6
2217,2024-02-14,17,51795.17,54653.22092946249,54454.58443697687,54851.85742194812,72.68976616840048,0.41629694665275907,0.48,0.12903766224112018,0.05089062585809016,0.1659693079013973,greed,446.8041422143952,2490,12
2218,2024-02-14,18,51795.17,54663.900014338666,54454.58443697687,54873.21559170046,76.58274558049823,0.4151619683671972,0.48,0.14447805476757616,0.04378034565492994,0.1640830458646213,greed,448.7366000125295,2499,9
2219,2024-02-14,19,51795.17,54901.27285661924,54890.66534880577,54911.880364432705,3.864211979627474,0.4041937711320178,0.48,0.144734904812584,0.05058871481082553,0.1618646722855071,greed,450.2063978175033,2505,6
2220,2024-02-14,20,51795.17,54921.92694638079,54890.66534880577,54953.188543955795,11.384013385230409,0.41394620169656204,0.48,0.17396940856032658,0.05343489680954967,0.15224237710908947,greed,451.9696428482841,2512,7
2221,2024-02-14,21,51795.17,54395.81341306863,53823.09569997327,54968.53112616399,210.57418840169825,0.4154641655426939,0.48,0.14885555489657698,0.05781648263021255,0.1528338727740326,greed,453.9103513067125,2524,12
2222,2024-02-14,22,51795.17,54685.524273308474,54675.53305161857,54695.51549499837,3.654064516220018,0.358242192862425,0.48,0.1782887438781904,0.04881710225405032,0.16902729272932626,greed,453.9687639467843,2526,2
2223,2024-02-14,23,51795.17,54822.03208889128,54675.53305161857,54968.53112616399,53.44531448056023,0.3528530332698372,0.48,0.1763922745709977,0.040675783018964976,0.16779467986581403,greed,455.6551216526466,2530,4
2224,2024-02-14,24,51795.17,54842.26831682033,54675.53305161857,55009.00358202209,60.80538618079722,0.35032907614523606,0.48,0.17217307882983537,0.049381206804423074,0.1600240923562852,greed,457.37876165180694,2539,9
2225,2024-02-14,25,51795.17,54854.503728021125,54655.70032111594,55053.307134926305,72.48389590429518,0.35396977630960774,0.48,0.15744103797801962,0.04291257477050903,0.15100313956683292,greed,459.47720690981726,2553,14
2226,2024-02-14,26,51795.17,55095.39259044527,55068.84693736834,55121.9382435222,9.636251537132463,0.33274656317542833,0.48,0.177894535124026,0.05892528986006164,0.1720008454419628,greed,460.6177047554779,2559,6
2227,2024-02-14,27,51795.17,55111.85240842246,55068.84693736834,55154.85787947659,15.606614248935657,0.3486792290655022,0.48,0.18330655234415613,0.052905555106471255,0.17480182945188846,greed,462.38146132570836,2567,8
2228,2024-02-14,28,51795.17,55132.39602307345,55068.84693736834,55195.945108778564,23.05326460998208,0.3834244545319519,0.48,0.18921315069335617,0.05173640890147128,0.17498337213069884,greed,464.64457540139034,2580,13
2229,2024-02-14,29,51795.17,55154.025270040394,55068.84693736834,55239.203602712456,30.887440129714943,0.39514848099049293,0.48,0.17467607545574937,0.05381402078998332,0.16602083191154152,greed,466.3235664876123,2588,8
2230,2024-02-14,30,51795.17,55193.63082779528,55068.84693736834,55318.414718222215,45.21677177436089,0.39955328029458514,0.48,0.15069703374895274,0.0578199074928853,0.16488527778303344,greed,468.1836275737175,2598,10
2231,2024-02-14,31,51795.17,55224.09272198185,55068.84693736834,55379.338506595355,56.22393305583896,0.4142001864580936,0.48,0.13654406267846664,0.04804312763687935,0.15307183388379528,greed,469.8986469058704,2606,8
2232,2024-02-14,32,51795.17,55452.26543754187,55443.365823127424,55461.16505195632,3.209828974245088,0.3931745142756034,0.48,0.11623597699214527,0.054856430031697316,0.1515256190650122,greed,471.12808851489905,2615,9
2233,2024-02-14,33,51795.17,55457.01131184751,55443.365823127424,55470.6568005676,4.921104977459816,0.3880950748098095,0.48,0.10604056583099004,0.045485237003178,0.16642835952428428,greed,472.8050353975505,2622,7
2234,2024-02-14,34,51795.17,55477.27070307987,55443.365823127424,55511.175583032316,12.222980518961958,0.398059481030977,0.48,0.11226843773763327,0.05582008148130815,0.16530638749434365,greed,474.66855995921856,2632,10
2235,2024-02-14,35,51795.17,55498.09163220906,55443.365823127424,55552.81744129071,19.72169041210139,0.40217638661990707,0.48,0.10054159619066892,0.05477984126312488,0.16190663934674757,greed,476.4277269715359,2641,9
2236,2024-02-14,36,51795.17,55748.76445079056,55744.68494084518,55752.84396073593,1.463533760995297,0.40777739036199634,0.48,0.0997912186209182,0.04686231032834019,0.15725717317775273,greed,478.2450686137222,2651,10
2237,2024-02-14,37,51795.17,55210.89864279897,54637.7790565928,55784.018229005145,207.6110334353063,0.41767284706514374,0.48,0.08582753157433376,0.04038345821499797,0.17317493538288942,greed,480.0736924242465,2660,9
2238,2024-02-14,38,51795.17,55480.812775442144,55450.7438391701,55510.881711714195,10.83940006205437,0.39352532810850416,0.48,0.12502930764201609,0.049870183653212,0.15616104554069954,greed,480.7930593440924,2665,5
2239,2024-02-14,39,51795.17,55794.35108593873,55793.70189222338,55795.00027965409,0.23270947783051735,0.3740845811616111,0.48,0.1498712798263993,0.053994261543086744,0.15738812202309518,greed,482.19080359493506,2673,8
2240,2024-02-14,40,51795.17,55798.87579577093,55793.70189222338,55804.049699318486,1.8544830782941824,0.3841970787162446,0.48,0.16681149097310638,0.04380913994060092,0.16326468414338435,greed,483.85421143398827,2680,7
2241,2024-02-14,41,51795.17,55811.62473968173,55793.70189222338,55829.54758714008,6.42262164627777,0.38025297796176605,0.48,0.17752529723520896,0.04779314844576231,0.17224809059211627,greed,485.6637131798515,2689,9
2242,2024-02-14,42,51795.17,55801.65831718328,55721.92796720866,55881.3886671579,28.576337112213633,0.38880378332716703,0.48,0.15231298237023083,0.0574440905799779,0.15142749577638337,greed,487.4514283323809,2698,9
2243,2024-02-14,43,51795.17,56068.63159645104,56059.06755819809,56078.19563470399,3.411546877685695,0.3942205730763714,0.48,0.14003074029580553,0.04316481483630526,0.17086062752195608,greed,489.2795835072122,2708,10
2244,2024-02-14,44,51795.17,55922.644654721254,55721.92796720866,56123.361342233846,71.78368932723421,0.4112820791757302,0.48,0.1561409776390769,0.0439783362747445,0.17809057673474957,greed,491.2014113579456,2717,9
2245,2024-02-14,45,51795.17,55803.585385015125,55438.60805910298,56168.56271092727,130.80784089194023,0.3997984032624574,0.48,-0.11070945507932567,0.055833901984034935,0.15579473253362938,greed,493.3501005169421,2733,16
2246,2024-02-14,46,51795.17,56107.990241285996,56086.679773474156,56129.30070909783,7.596232807553043,0.35031312133150905,0.48,-0.0888745064770132,0.04324471096281155,0.16249048496389296,greed,493.7707231854412,2737,4
2247,2024-02-14,47,51795.17,56130.494610120506,56086.679773474156,56174.309446766856,15.611776433001609,0.35543190776474043,0.48,-0.050519718773604116,0.05974335679260409,0.15953879494978854,greed,495.3587056043374,2746,9
2248,2024-02-14,48,51795.17,56146.37079191195,56086.679773474156,56206.06181034974,21.26264533072572,0.3710002939530909,0.48,0.0004060618807425302,0.04957167464865547,0.17097318616199092,greed,497.2259306556729,2755,9
2249,2024-02-14,49,51795.17,56156.67754539954,56086.679773474156,56226.67531732493,24.929456294417772,0.3689407607098443,0.48,0.08623404630608639,0.0474675711907368,0.17706366714736163,greed,499.0281968552913,2765,10
2250,2024-02-15,0,51880.0,55542.9335015464,55459.66073767602,55626.20626541679,29.985007496251594,0.0005347264062123397,0.44,0.40474911799450913,0.047183236485608376,0.16800759098800513,greed,1.8102496146709743,8,8
2251,2024-02-15,1,51880.0,55726.751511160066,55716.26640507617,55737.23661724397,3.763042273082436,-0.005316084126869928,0.44,0.35574775076644805,0.041125499762224814,0.16235981968476518,greed,3.2105952182208695,13,5
2252,2024-02-15,2,51880.0,55745.6740598078,55716.26640507617,55775.08171453945,10.550649975131474,0.013672683280428343,0.44,0.3051121690947379,0.0503016875234357,0.17057121687858226,greed,4.896931060479787,20,7
2253,2024-02-15,3,51880.0,55658.58822388276,55459.66073767602,55857.51571008951,71.48132662171429,-0.014472618870631507,0.44,0.3238580461676798,0.0484849140641316,0.16274985721259588,greed,6.704759621526392,30,10
2254,2024-02-15,4,51880.0,55843.406853621345,55828.287754767836,55858.52595247485,5.414819655661812,-0.039587834754604145,0.44,0.3143184827719636,0.04952978794707653,0.15977122005260996,greed,7.776164260880868,36,6
2255,2024-02-15,5,51880.0,55890.04346582088,55828.287754767836,55951.79917687394,22.099002692963314,-0.029175754554346154,0.44,0.281924326025141,0.041493232892904484,0.17743321109262142,greed,9.958000169105075,49,13
2256,2024-02-15,6,51880.0,55916.913097396144,55828.287754767836,56005.53844002445,31.69893962992545,-0.014024129001701302,0.44,0.2284094831512294,0.040201422696645665,0.158243707932654,greed,11.874266033204254,60,11
2257,2024-02-15,7,51880.0,56091.056427694195,56081.970884792856,56100.141970595534,3.239569186239539,0.004690261331027357,0.44,0.20716978807402545,0.053196416853867896,0.1595722491696218,greed,13.509438049033507,68,8
2258,2024-02-15,8,51880.0,56102.31769633861,56081.970884792856,56122.664507884365,7.253465589740636,0.009131272031109354,0.44,0.19422359338945783,0.050459630302116656,0.15343518589406943,greed,15.367620929103579,76,8
2259,2024-02-15,9,51880.0,55982.56080489176,55803.79736241814,56161.32424736537,63.86397474622014,0.030302469099786174,0.44,0.20977278750256623,0.04413521048139524,0.15599056278504536,greed,17.360653556977756,89,13
2260,2024-02-15,10,51880.0,56193.09412036191,56174.69764066276,56211.49060006106,6.547594499689035,0.052274077581535405,0.44,0.2520865197838343,0.050043240215273066,0.1789751632517499,greed,18.422646579102633,97,8
2261,2024-02-15,11,51880.0,56242.46599426214,56174.69764066276,56310.23434786152,24.0986423341735,0.05372824856561884,0.44,0.2504079732422366,0.05730125059968721,0.16499931794887254,greed,20.460323970677724,109,12
2262,2024-02-15,12,51880.0,56269.32994550182,56174.69764066276,56363.96225034088,33.635483106237764,0.07939713492628338,0.44,0.23992562070399065,0.04843509960568392,0.1544040489526199,greed,22.24754706197005,120,11
2263,2024-02-15,13,51880.0,56289.92024068047,56151.3193073801,56428.52117398084,49.24538272846986,0.05188774992546682,0.44,0.22846026362533778,0.04034861091004092,0.1720168611269878,greed,24.287965930771232,132,12
2264,2024-02-15,14,51880.0,56468.311446233885,56463.00135777648,56473.6215346913,1.8807321562885164,-0.0004650154440318248,0.44,0.23155078170238835,0.04265287748907931,0.16555916071998036,greed,26.034981537116447,144,12
2265,2024-02-15,15,51880.0,56492.93922375553,56463.00135777648,56522.87708973458,10.59879920939349,0.039377991290913336,0.44,0.2173946259908807,0.04521266909514003,0.15488749779004857,greed,27.887762703048875,154,10
2266,2024-02-15,16,51880.0,56527.0794742731,56463.00135777648,56591.157590769726,22.671652982103303,0.011089625505353896,0.44,0.23078410713000197,0.04261752666915374,0.16372706543021914,greed,29.909429795734024,165,11
2267,2024-02-15,17,51880.0,56052.981874955854,55404.14556176244,56701.81818814927,231.50822364485586,-0.06873207079242577,0.44,0.19053887810126297,0.056840484361299015,0.1594072539619209,greed,32.031470357254925,177,12
2268,2024-02-15,18,51880.0,56275.47496315939,56238.24765201036,56312.702274308416,13.230385411548925,-0.06072292916165715,0.44,0.18847934362875268,0.050201204570882875,0.1686588787239293,greed,32.99109633144313,183,6
2269,2024-02-15,19,51880.0,56458.422471865175,56428.54740410419,56488.29753962616,10.583033125260831,-0.06422634993507938,0.44,0.21536523691793835,0.05536413535614981,0.16275568150720973,greed,34.46157072055103,191,8
2270,2024-02-15,20,51880.0,56565.182796126726,56428.54740410419,56701.81818814927,48.310775381034254,-0.07222618342284273,0.44,0.23953340722384778,0.0531875785720293,0.1604748115969725,greed,36.32726362522515,202,11
2271,2024-02-15,21,51880.0,56731.083694091285,56723.07773701373,56739.08965116884,2.8224234603822644,-0.05235639149528157,0.44,0.1805419096858095,0.052848531460171544,0.17793057827639114,greed,37.80309894235824,213,11
2272,2024-02-15,22,51880.0,56753.536247648844,56723.07773701373,56783.99475828396,10.733608035350189,-0.03475045398290399,0.44,0.19311589805655505,0.05559152897722539,0.16725624879188403,greed,39.586831014238456,222,9
2273,2024-02-15,23,51880.0,56772.58198402547,56723.07773701373,56822.08623103722,17.43949113523621,-0.030278459336346132,0.44,0.2157830379827599,0.04495012257139608,0.1523896752279266,greed,41.61618438105522,233,11
2274,2024-02-15,24,51880.0,56809.10989844585,56723.07773701373,56895.14205987798,30.288156806512188,-0.030278459336346132,0.44,0.22012447902561663,0.040038638285830104,0.17177313140873332,greed,43.11618438105522,239,6
2275,2024-02-15,25,51880.0,56984.336193054114,56954.27366720769,57014.398718900535,10.551154178430167,0.01384814444968888,0.44,0.20807239907370964,0.05464608384438932,0.16066216220287005,greed,44.532774370455904,247,8
2276,2024-02-15,26,51880.0,56990.50317740712,56954.27366720769,57026.73268760654,12.714227171023351,-0.002170124659742093,0.44,0.19289129068181585,0.05645272543114441,0.1581407710557341,greed,46.49846855197867,258,11
2277,2024-02-15,27,51880.0,56905.63087530894,56723.07773701373,57088.18401360415,64.1599558733367,0.010348413011062409,0.44,0.21355789984742996,0.05362626370695769,0.16600184674520413,greed,48.537772351071865,273,15
2278,2024-02-15,28,51880.0,57107.87409082634,57078.23528804637,57137.51289360631,10.37993560496783,-0.018816019194079804,0.44,0.18034745304195277,0.04820538276663434,0.15319678441403303,greed,49.932836413119155,280,7
2279,2024-02-15,29,51880.0,56983.20536909382,56723.07773701373,57243.33300117391,91.29975416271552,-0.040747303218350704,0.44,0.18631754703399703,0.04082500646943461,0.16294952562553144,greed,51.63178412655173,289,9
2280,2024-02-15,30,51880.0,57240.14982651756,57236.96665186122,57243.33300117391,1.1122174438716244,-0.028281423426265467,0.44,0.21454890056784548,0.0400226295024174,0.15236454231728352,greed,52.60098176690426,296,7
2281,2024-02-15,31,51880.0,57250.68847030829,57236.96665186122,57264.41028875535,4.793590719588373,-0.0030283218224218893,0.44,0.24194388664439542,0.051691529455030145,0.15114354735565474,greed,54.37385731668745,305,9
2282,2024-02-15,32,51880.0,57281.02312903264,57236.96665186122,57325.07960620406,15.382573412551352,-0.0026894239321892314,0.44,0.27670611855730837,0.05868072981318021,0.159823216888622,greed,56.69991851950662,320,15
2283,2024-02-15,33,51880.0,57338.33832903602,57236.96665186122,57439.71000621083,35.359126242230026,-0.000885921313638481,0.44,0.2689608219775504,0.04473851841462895,0.1732851447612067,greed,58.21738101198676,327,7
2284,2024-02-15,34,51880.0,57500.60533943592,57499.82150876412,57501.38917010771,0.27263388521425996,0.028250992342923487,0.44,0.26339061788654483,0.04858381163920069,0.15914439433935396,greed,59.76050362988535,337,10
2285,2024-02-15,35,51880.0,57529.90331818866,57499.82150876412,57559.9851276132,10.457799401526156,0.006857560286192877,0.44,0.2685092188011451,0.05187501504814359,0.15047207941120633,greed,61.55710622937147,346,9
2286,2024-02-15,36,51880.0,57363.27241998263,57126.48379892694,57600.06104103833,82.55757074737865,-0.03073526432037326,0.44,0.2801323228685728,0.0416640363301787,0.15880188434357353,greed,63.41514230120909,355,9
2287,2024-02-15,37,51880.0,57595.53172809412,57586.195859479034,57604.86759670922,3.2418725324622106,-0.01895570616807481,0.44,0.2495739704084214,0.05529772320330593,0.1506646988824873,greed,64.10849305275043,362,7
2288,2024-02-15,38,51880.0,57620.09757419045,57586.195859479034,57653.99928890186,11.767322909428438,-0.013413651434734015,0.44,0.21090562738994229,0.05443107765186923,0.17588587731387847,greed,66.04517639977001,372,10
2289,2024-02-15,39,51880.0,57678.58976951579,57578.9139986923,57778.26554033928,34.56248539424984,-0.011283696301491612,0.44,0.21208653783863213,0.05988900177091169,0.17939958321861327,greed,68.06467345510987,386,14
2290,2024-02-15,40,51880.0,57705.38232738574,57578.9139986923,57831.85065607918,43.832420336784516,-0.015125691622514972,0.44,0.216722337665715,0.0472877262027957,0.15036374250263235,greed,69.74687001321189,394,8
2291,2024-02-15,41,51880.0,57700.65329755044,57544.79936454156,57856.50723055932,54.021548839376926,-0.03692207353122256,0.44,0.23667388045559226,0.05437616469898329,0.16810896299679198,greed,71.62926452075436,404,10
2292,2024-02-15,42,51880.0,57887.924385080725,57887.91779001867,57887.93098014278,0.0022785622824184515,-0.03287620332424182,0.44,0.24335240702828315,0.04236690667435756,0.17989351515300267,greed,72.63827354891734,411,7
2293,2024-02-15,43,51880.0,57910.20739193015,57884.78918335352,57935.625600506784,8.778489914431006,-0.051720377721945855,0.44,0.2310704288579388,0.04817482073516245,0.1747004243083842,greed,75.03046636291191,425,14
2294,2024-02-15,44,51880.0,57924.82224199109,57884.78918335352,57964.85530062866,13.82241915920816,-0.051720377721945855,0.44,0.2509186107998933,0.04169457366580636,0.16868918663064286,greed,76.53046636291191,431,6
2295,2024-02-15,45,51880.0,57779.38717841456,57544.79936454156,58013.974992287556,81.20121217230042,-0.04663670546558209,0.44,0.49006851845140387,0.0594578877877539,0.15167206579504205,greed,78.72755492538909,444,13
2296,2024-02-15,46,51880.0,58000.21324820252,57986.45150411749,58013.974992287556,4.745411547417047,-0.07072757771466241,0.44,0.4845220865023359,0.041570543718831454,0.1668161805725031,greed,79.65260101710372,452,8
2297,2024-02-15,47,51880.0,58033.51465830538,57946.49540788359,58120.53390872717,29.989309086017407,-0.12581393694266133,0.44,0.46244210758279647,0.043098835706758716,0.17547103539850417,greed,81.71889693015078,464,12
2298,2024-02-15,48,51880.0,58060.526480381406,57946.49540788359,58174.557552879225,39.28006837359628,-0.13016770869582406,0.44,0.4532518882460296,0.05385943587547335,0.15015076510095934,greed,83.57488688982173,474,10
2299,2024-02-15,49,51880.0,57217.68447173948,56238.24765201036,58197.1212914686,342.3545810256878,-0.18204740316145404,0.44,0.4306771646532904,0.04394972563304065,0.17732393733146604,greed,85.5423668555954,486,12
2300,2024-02-16,0,52124.11,56481.87512512905,56397.19465267758,56566.55559758052,29.985007496252475,-0.024874257915711524,0.44,0.40701543721009203,0.04526727237996159,0.15629594031837363,greed,1.742705460924527,6,6
2301,2024-02-16,1,52124.11,56591.531312480576,56560.05337907966,56623.00924588149,11.124609167086597,-0.01106031196954711,0.44,0.37160568784124637,0.041778590455100476,0.15174503276162774,greed,3.755183380098908,18,12
2302,2024-02-16,2,52124.11,56647.55458951062,56560.05337907966,56735.05579994158,30.89319956175595,0.0230515650867009,0.44,0.3848527160176887,0.048457529369335575,0.16697254692673746,greed,5.862806055308214,28,10
2303,2024-02-16,3,52124.11,56647.984960781556,56560.05337907966,56735.91654248344,31.04491069285772,0.04414707873155442,0.44,0.35192073498886534,0.05872292670864226,0.1516471467273232,greed,7.816606913509444,36,8
2304,2024-02-16,4,52124.11,56751.87403321614,56748.60242761347,56755.1456388188,1.1529506852058595,0.01786389885722709,0.44,0.35315105190749585,0.04368082069642894,0.15887779046940864,greed,8.512607635276298,39,3
2305,2024-02-16,5,52124.11,56742.1447294995,56704.12287118273,56780.16658781628,13.401628894372758,-0.001831830870526046,0.44,0.34622702874114375,0.04168541118361531,0.17435585099497752,greed,10.48977931443041,49,10
2306,2024-02-16,6,52124.11,56836.9042610531,56836.5743456536,56837.234176452606,0.11609196658135033,0.022379261221243354,0.44,0.35313179932661903,0.05435521089632462,0.1703945437565991,greed,11.72800657919676,60,11
2307,2024-02-16,7,52124.11,56851.03891611345,56836.5743456536,56865.5034865733,5.088586149215224,0.0370254328782003,0.44,0.358436109632702,0.040831919125129394,0.15069332005403377,greed,13.464657372131022,68,8
2308,2024-02-16,8,52124.11,56860.164374328815,56836.5743456536,56883.75440300404,8.2975590854496,0.052389977068414056,0.44,0.3242733054055404,0.05834697803013498,0.16174439191002046,greed,15.15489417014743,76,8
2309,2024-02-16,9,52124.11,56893.676927088134,56836.5743456536,56950.779508522675,20.073436810110604,0.06249317390001164,0.44,0.3064988586896214,0.04000481749035733,0.15505543930377552,greed,16.920334893743366,86,10
2310,2024-02-16,10,52124.11,57002.27121738259,56997.634724486896,57006.90771027829,1.6267747921887796,0.1056681440441966,0.44,0.2778510669756972,0.042450382850741875,0.15636083551506685,greed,18.683578149678972,95,9
2311,2024-02-16,11,52124.11,57005.19097746164,56975.6468459545,57034.73510896879,10.365417955998035,0.11757050949734016,0.44,0.31593801259032894,0.048678704992627476,0.15833498698693962,greed,20.640125350275675,109,14
2312,2024-02-16,12,52124.11,56938.38076191048,56823.057347492715,57053.70417632823,40.50814683332386,0.11600705155995886,0.44,0.31193917134529575,0.05063821393762605,0.15275551011687602,greed,22.585035264636872,121,12
2313,2024-02-16,13,52124.11,57073.49851429473,57060.72990958113,57086.267119008335,4.474442620826262,0.12085547786495122,0.44,0.3224669320403204,0.05999010379417033,0.17505687872538045,greed,23.08019014571841,128,7
2314,2024-02-16,14,52124.11,57099.23649590282,57060.72990958113,57137.74308222451,13.487601125612546,0.10111818097928058,0.44,0.1305990386462451,0.05573856211793324,0.16859693855281044,greed,24.846128808406803,136,8
2315,2024-02-16,15,52124.11,57117.54675661508,57050.029957127736,57185.06355610241,23.641351325901542,0.1415210070097228,0.44,0.1331396041946001,0.05647960778314131,0.17031303829072092,greed,27.06601291456389,152,16
2316,2024-02-16,16,52124.11,57140.79907515098,57050.029957127736,57231.568193174215,31.770335554412174,0.14997556560812922,0.44,0.138806584740208,0.05827339194885439,0.1641085180878971,greed,29.057688312180826,163,11
2317,2024-02-16,17,52124.11,57263.724857298104,57261.286039924584,57266.16367467162,0.8517843991443108,0.16440751341357743,0.44,0.12993050393437422,0.05856212178956175,0.16590789676915046,greed,30.399842890810728,170,7
2318,2024-02-16,18,52124.11,57280.67650381093,57261.286039924584,57300.06696769728,6.770333407308674,0.1833723572843806,0.44,0.16195990584169348,0.04636938851204611,0.17169688375816602,greed,32.084323466677446,177,7
2319,2024-02-16,19,52124.11,57288.65276630187,57261.286039924584,57316.01949267916,9.553977988948368,0.18364610165231732,0.44,0.15642071168256977,0.05583432335168543,0.17933023242386123,greed,33.85149773020931,186,9
2320,2024-02-16,20,52124.11,57445.25924851296,57430.80229466923,57459.71620235669,5.03329744973028,0.1894904393854257,0.44,0.1761810876920743,0.040003703905908856,0.16087294233563312,greed,35.92555945878271,199,13
2321,2024-02-16,21,52124.11,57451.45913158933,57430.80229466923,57472.115968509424,7.191057366457616,0.20074217050199078,0.44,0.19479626064435435,0.05199438022220555,0.15532716007894853,greed,37.744057953842464,208,9
2322,2024-02-16,22,52124.11,57366.35475051531,57241.199061584244,57491.510439446385,43.63383013453412,0.2052762012703372,0.44,0.17634614078855512,0.056631965928821526,0.17797475339333038,greed,39.68288278489559,220,12
2323,2024-02-16,23,52124.11,57504.74601580622,57501.987124253086,57507.50490735934,0.959535253792289,0.17829844644770357,0.44,0.15549321971999952,0.0568590078035362,0.16410287875354548,greed,40.50268041370537,225,5
2324,2024-02-16,24,52124.11,57539.62680582708,57459.15169063487,57620.10192101928,27.972067133413056,0.14999977731767986,0.44,0.1316515796440839,0.04248473411111618,0.16738482548370784,greed,42.53892942217118,236,11
2325,2024-02-16,25,52124.11,57552.604866422684,57459.15169063487,57646.0580422105,32.47574145591328,0.1521805842228867,0.44,0.10936595005566711,0.048778174804124774,0.178595015303135,greed,44.470493942795414,245,9
2326,2024-02-16,26,52124.11,57691.80656514905,57690.02749221347,57693.58563808462,0.6167506415551453,0.13703894912856962,0.44,0.0937787567701818,0.05350808874270588,0.15970887373741435,greed,45.843678290404256,256,11
2327,2024-02-16,27,52124.11,57684.07585156073,57657.00528193074,57711.14642119073,9.385803353999005,0.12512346473750469,0.44,0.11670067757490689,0.0516687126942177,0.1784361050585904,greed,47.50109450897847,265,9
2328,2024-02-16,28,52124.11,57702.77150622649,57657.00528193074,57748.53773052224,15.862747352027526,0.14202330618052045,0.44,0.14523089203971062,0.04294825567267967,0.17124509765506712,greed,49.35633917613824,276,11
2329,2024-02-16,29,52124.11,57707.69359929001,57657.00528193074,57758.38191664928,17.56726502058504,0.14320746059914663,0.44,0.15203878535074306,0.04500492650525874,0.1706081506700011,greed,51.139699752388594,285,9
2330,2024-02-16,30,52124.11,57849.32069073872,57844.14673774769,57854.494643729755,1.7887687977162519,0.10884651358519219,0.44,0.143919723384986,0.05502294487902882,0.17800126497425905,greed,51.32562117822935,287,2
2331,2024-02-16,31,52124.11,57858.40300318171,57844.14673774769,57872.65926861573,4.92798442198199,0.1325443691390226,0.44,0.16283449114980947,0.05878670031485973,0.16105552973515141,greed,53.10738326712864,295,8
2332,2024-02-16,32,52124.11,57867.38602346514,57844.14673774769,57890.62530918258,8.031911345717935,0.12866187260859577,0.44,0.18401160665984648,0.040643305406452626,0.16873791754560463,greed,54.69275877351403,303,8
2333,2024-02-16,33,52124.11,57880.25726366363,57844.14673774769,57916.36778957957,12.477666003261152,0.12133033876083746,0.44,0.219745252726625,0.0512041880548189,0.16287964025902907,greed,56.46137946742833,312,9
2334,2024-02-16,34,52124.11,57987.590592927845,57955.43288183862,58019.74830401707,11.091238922124436,0.1282097338338811,0.44,0.22164011909978534,0.058726938949421666,0.16774797968750219,greed,57.72402308405009,319,7
2335,2024-02-16,35,52124.11,58002.16854241269,57955.43288183862,58048.90420298677,16.115142501922435,0.16204576084364522,0.44,0.0994150884156364,0.058244592439992,0.17678387818769656,greed,59.68577734873455,330,11
2336,2024-02-16,36,52124.11,58014.80270595563,57955.43288183862,58074.17253007264,20.46712954206593,0.15289040249782654,0.44,-0.15742819484087436,0.05232540978418383,0.17808444313539068,greed,61.69384744333351,339,9
2337,2024-02-16,37,52124.11,57959.51440824431,57822.8358509458,58096.19296554282,47.16345838779784,0.1373674046525395,0.44,-0.09626333592339573,0.04416219992841015,0.15933580807406833,greed,63.811331777627956,352,13
2338,2024-02-16,38,52124.11,58102.162131543846,58094.29777806306,58110.02648502463,2.7070777376512227,0.10227857389272929,0.44,-0.05479345426248821,0.05986452134561099,0.1503471659626581,greed,64.60145801716739,359,7
2339,2024-02-16,39,52124.11,58126.76340846441,58088.00161090082,58165.52520602799,13.336988089703093,0.10856061580894368,0.44,-0.020067808813023197,0.0524632350748916,0.16407869732812447,greed,66.46623401382539,370,11
2340,2024-02-16,40,52124.11,58135.072112125425,58088.00161090082,58182.14261335003,16.193495428652216,0.10141539649358439,0.44,-0.0020276447366826362,0.05285492092150559,0.17678227628989066,greed,68.13974570576652,378,8
2341,2024-02-16,41,52124.11,58185.52673310401,58183.661246312884,58187.39221989514,0.6412202126089399,0.08042646821726905,0.44,0.0028728524676099633,0.05399088947531093,0.16397310586493782,greed,69.36178669385994,385,7
2342,2024-02-16,42,52124.11,58267.87939855126,58263.21306208537,58272.54573501714,1.6016839857745957,0.0866756691903148,0.44,0.0019906108607568203,0.04375456150996548,0.17463600610049862,greed,70.95575673270586,395,10
2343,2024-02-16,43,52124.11,58280.352275443045,58263.21306208537,58297.49148880071,5.881643706155788,0.11538789143485924,0.44,0.024540291150555255,0.05073846522840234,0.17183292121538832,greed,72.83529479895137,406,11
2344,2024-02-16,44,52124.11,58294.84260190286,58263.21306208537,58326.472141720355,10.85157396632516,0.12445030593100702,0.44,0.04947367393926742,0.04905536259022802,0.15729819253412095,greed,74.6444996809556,415,9
2345,2024-02-16,45,52124.11,58309.56083131419,58263.21306208537,58355.908600543014,15.897142275827688,0.10693021426148573,0.44,0.04773668198278358,0.05485817439907445,0.17699571845547585,greed,76.46888140569322,426,11
2346,2024-02-16,46,52124.11,58238.22212441743,58088.00161090082,58388.44263793404,51.5882896272773,0.0932423308599907,0.44,0.0481742207074677,0.05266057810815485,0.1673486584552021,greed,78.44770953695351,440,14
2347,2024-02-16,47,52124.11,58386.87109674169,58361.798412047574,58411.94378143581,8.588466627223365,0.03053344592918662,0.44,0.05798063366627945,0.05817648061937594,0.15063517091206136,greed,79.23198210847931,448,8
2348,2024-02-16,48,52124.11,58400.07598750634,58361.798412047574,58438.35356296511,13.108741662239,0.04534570609242825,0.44,0.10024433576021043,0.048322370888637195,0.150507294397691,greed,81.1675833928201,457,9
2349,2024-02-16,49,52124.11,58402.97758561779,58350.760220523414,58455.19495071217,17.88174755912987,0.0253603335833376,0.44,0.09413233858113482,0.041261893623664316,0.15323567328460544,greed,82.97582346199216,468,11
2350,2024-02-17,0,51642.64,57484.10954873655,57464.51429580243,57503.704801670676,6.817624240142263,-0.0016450630826213557,0.52,0.4672788394024304,0.09460421230949731,0.2989289197429687,extreme_greed,1.3180659742415581,6,6
2351,2024-02-17,1,51642.64,57512.804012210436,57464.51429580243,57561.09372861844,16.79268372926266,0.038294440562416696,0.52,0.4679622816318047,0.09248782998080225,0.2632749608609141,extreme_greed,3.5761555634493707,18,12
2352,2024-02-17,2,51642.64,57563.238243846645,57552.44348005313,57574.033007640166,3.75057558360055,0.023391572352805614,0.52,0.4257092076053715,0.09820579423402785,0.2744389694114833,extreme_greed,4.666520320703571,25,7
2353,2024-02-17,3,51642.64,57609.52781595338,57600.57297634054,57618.48265556622,3.1088050717754268,0.0009394296938576449,0.52,0.3908190517708348,0.08633855112709814,0.27412527956910565,extreme_greed,5.742502792307734,32,7
2354,2024-02-17,4,51642.64,57636.30847987157,57632.402334617094,57640.21462512606,1.3554460226560967,-0.011571988556892059,0.52,0.3884248727044702,0.09899936523309832,0.27312451052027964,extreme_greed,7.402899499512088,39,7
2355,2024-02-17,5,51642.64,57646.43719828302,57643.770212801406,57649.10418376463,0.9252906549767138,0.00033787220917473615,0.52,0.3347545989312248,0.0885456839288228,0.2512120129511195,extreme_greed,8.393633297393574,44,5
2356,2024-02-17,6,51642.64,57670.11940094091,57669.05692288733,57671.18187899449,0.368467436730379,0.02856420642683152,0.52,0.29986119186809956,0.10241025498790879,0.2957963873051891,extreme_greed,9.241604827558364,52,8
2357,2024-02-17,7,51642.64,57691.94150518228,57688.32454039431,57695.55846997025,1.253889085236451,0.020395385410527767,0.52,0.3097285133663442,0.08031578138929105,0.2995187104677319,extreme_greed,10.884274524759032,60,8
2358,2024-02-17,8,51642.64,57698.73250270808,57690.467105526615,57706.99789988954,2.8650186314140123,0.035998179497714645,0.52,0.06212478127655913,0.09479105364620614,0.29233915135844146,extreme_greed,11.900162935386913,68,8
2359,2024-02-17,9,51642.64,57706.91590930452,57697.142584221576,57716.68923438745,3.387228351727287,0.02538044358544441,0.52,0.1094488503882039,0.10045499096098576,0.29967507801978543,extreme_greed,12.73349266362188,73,5
2360,2024-02-17,10,51642.64,57729.77614959802,57728.772208776114,57730.78009041994,0.347806933916089,0.009844674978647718,0.52,0.13671418539656377,0.08118355858768074,0.25072353207514325,extreme_greed,13.399966202105924,79,6
2361,2024-02-17,11,51642.64,57731.59433548545,57726.15359108555,57737.03507988536,1.8848412078445367,-0.003736471064685664,0.52,0.12267440405437961,0.09947275221615645,0.27835815439566963,extreme_greed,14.73608793686031,85,6
2362,2024-02-17,12,51642.64,57734.049797496016,57727.977641607664,57740.121953384376,2.1034921020279507,0.0019334372080946737,0.52,0.12672402103119743,0.10773868453527585,0.2698795934655323,extreme_greed,15.363724078424145,89,4
2363,2024-02-17,13,51642.64,57736.11351037218,57729.992945336446,57742.23407540792,2.120186020015842,0.001783238371876111,0.52,0.14115674089381122,0.10339456026869431,0.2891962639570944,extreme_greed,15.863724078424145,91,2
2364,2024-02-17,14,51642.64,57748.470056430495,57742.2819913031,57754.658121557884,2.1431096343665432,0.014995325759293129,0.52,0.17608184077070468,0.10666079644354395,0.2620113583197773,extreme_greed,16.728392077341653,98,7
2365,2024-02-17,15,51642.64,57751.51811147192,57742.2819913031,57760.75423164075,3.1985722525935634,0.017846516853768313,0.52,0.1857146836700941,0.08159361872597004,0.28977909182711414,extreme_greed,17.843007003237545,104,6
2366,2024-02-17,16,51642.64,57758.90674865064,57742.2819913031,57775.53150599817,5.756603884447973,0.012653977158575924,0.52,0.16431517155557623,0.10704199823687699,0.2916958300230518,extreme_greed,19.300009915369664,113,9
2367,2024-02-17,17,51642.64,57767.757862435974,57756.66341432971,57778.85231054223,3.8410520043645953,0.006556079404270584,0.52,0.16505647856972155,0.09848332401247163,0.27371627852751457,extreme_greed,20.36379523902303,121,8
2368,2024-02-17,18,51642.64,57780.943463405434,57780.54205132725,57781.34487548361,0.13894272198489954,0.014708498784550264,0.52,0.18965569069256086,0.09255340369148685,0.26722809539939374,extreme_greed,20.98631991948898,126,5
2369,2024-02-17,19,51642.64,57784.10849869765,57780.54205132725,57787.67494606806,1.2344042204911385,0.0023380959107867872,0.52,0.19275160717180007,0.09372895623635526,0.27594447658255405,extreme_greed,22.22946241594782,136,10
2370,2024-02-17,20,51642.64,57785.006932388074,57780.54205132725,57789.4718134489,1.5453423986090586,0.008345530920925132,0.52,0.20031146592197702,0.08552994046964574,0.2532417109393096,extreme_greed,22.998655879159365,143,7
2371,2024-02-17,21,51642.64,57785.91584554374,57780.54205132725,57791.28963976024,1.8598975677253051,0.017467789050545447,0.52,0.18340053930331188,0.0928232576256968,0.2813321841655879,extreme_greed,23.85162003892679,149,6
2372,2024-02-17,22,51642.64,57796.95105120145,57794.74419802077,57799.15790438214,0.7636573004442812,0.020787765137744676,0.52,0.20934567626886313,0.09163695586855189,0.2687979954820332,extreme_greed,24.844032986621507,155,6
2373,2024-02-17,23,51642.64,57810.46708435706,57805.562242221014,57815.3719264931,1.6968699211113403,0.018365231691950153,0.52,0.23761914522732366,0.0948438306482562,0.29245661239942555,extreme_greed,25.79087654131531,161,6
2374,2024-02-17,24,51642.64,57809.8067175373,57801.20344127264,57818.409993801964,2.976407206028958,0.020507477977853544,0.52,0.23863528411323764,0.09891202778107999,0.26506128740311397,extreme_greed,27.364049379033652,172,11
2375,2024-02-17,25,51642.64,57817.577851650094,57812.65206831532,57822.50363498487,1.7039051159879328,0.022543697786839,0.52,0.3593117981385274,0.09382762318758979,0.2871814339300373,extreme_greed,28.73750286182496,181,9
2376,2024-02-17,26,51642.64,57826.6957636844,57826.07258154335,57827.318945825464,0.2155344111671391,0.028253917694294008,0.52,0.36578042842475905,0.08635397865744643,0.2925555412923777,extreme_greed,30.402826789629376,191,10
2377,2024-02-17,27,51642.64,57827.1587202546,57826.07258154335,57828.24485896585,0.3756500354814366,0.02843253191288994,0.52,0.3358788456221763,0.10885932964202377,0.2861450503723889,extreme_greed,31.36202892184283,198,7
2378,2024-02-17,28,51642.64,57828.722567066696,57824.70807645527,57832.73705767813,1.3884071558997535,0.02490835604398297,0.52,0.3547994313738339,0.09515679433405022,0.2925603692722372,extreme_greed,33.13357405993218,209,11
2379,2024-02-17,29,51642.64,57838.91269128392,57834.4423437566,57843.38303881124,1.5457923807041536,0.02637668967545436,0.52,0.3621011850850002,0.10691729975574925,0.29454133767871343,extreme_greed,34.21943656211396,215,6
2380,2024-02-17,30,51642.64,57849.27128904413,57846.84579584363,57851.69678224464,0.8385561810751386,0.03201842531501854,0.52,0.3264554145332653,0.08874733150279793,0.2641473784018666,extreme_greed,35.1129367504236,220,5
2381,2024-02-17,31,51642.64,57851.137404715446,57846.84579584363,57855.429013587265,1.4836731184025178,0.03741268041576844,0.52,0.3199853233117345,0.10625366172054351,0.2933982223341079,extreme_greed,36.38078034569616,227,7
2382,2024-02-17,32,51642.64,57855.65265881969,57846.84579584363,57864.45952179575,3.044426109232571,0.03256495523692694,0.52,0.3047057876594408,0.09821688350895172,0.27078671241616936,extreme_greed,37.57415162324725,233,6
2383,2024-02-17,33,51642.64,57863.584339417896,57862.106551918725,57865.062126917066,0.5107832554934961,0.03332751402172942,0.52,0.3452234133315022,0.0914838292443605,0.2794566701578019,extreme_greed,38.64043493851999,239,6
2384,2024-02-17,34,51642.64,57865.102225470444,57862.106551918725,57868.09789902216,1.0353990355175882,0.038221965081398794,0.52,0.3232673885813587,0.08251537154013443,0.26735235129768886,extreme_greed,39.89904644536019,246,7
2385,2024-02-17,35,51642.64,57871.31947236812,57862.106551918725,57880.53239281752,3.183933089272846,0.033494894869429866,0.52,0.35804747653577995,0.08050764030394829,0.2682478593834113,extreme_greed,42.02211871280785,257,11
2386,2024-02-17,36,51642.64,57876.86962247892,57870.11322408824,57883.62602086958,2.334749074972505,0.031427921219398684,0.52,0.3491922189697285,0.10178546404839384,0.27549662477038245,extreme_greed,43.42596287839258,267,10
2387,2024-02-17,37,51642.64,57883.52479724193,57870.11322408824,57896.93637039562,4.633986337448021,0.037800024790733605,0.52,0.3046781375895308,0.10250183972433041,0.25496144480413385,extreme_greed,44.29207149485167,274,7
2388,2024-02-17,38,51642.64,57888.0435201151,57871.827631567314,57904.25940866288,5.60250012324189,0.03681278014776241,0.52,0.3106404128186317,0.1076730683301131,0.2833135068460424,extreme_greed,45.85473775690525,284,10
2389,2024-02-17,39,51642.64,57892.514938308144,57871.827631567314,57913.202245048975,7.146798429080339,0.03890761909679414,0.52,0.3012306166672306,0.10683569710732918,0.2592132538085372,extreme_greed,47.526153423785566,291,7
2390,2024-02-17,40,51642.64,57911.07249241817,57907.66720475188,57914.47778008446,1.1760402699279235,0.03193499039707859,0.52,0.283239358638461,0.09543438926393091,0.2856728680217022,extreme_greed,49.32335748329785,303,12
2391,2024-02-17,41,51642.64,57916.83828528295,57907.66720475188,57926.009365814025,3.166982453668453,0.03008892372531507,0.52,0.26353364328450085,0.08265312762006508,0.2977184681114118,extreme_greed,51.26033466695413,314,11
2392,2024-02-17,42,51642.64,57927.5228938364,57921.87034960412,57933.17543806869,1.9515919030906388,0.03175565598492458,0.52,0.2856166717615111,0.10337281830145312,0.28595166693949436,extreme_greed,52.97670306171599,324,10
2393,2024-02-17,43,51642.64,57931.116886138494,57927.01842431016,57935.215347966834,1.414943142350187,0.03522338368984442,0.52,0.2730471617936721,0.08123654137855099,0.27921341010322503,extreme_greed,54.29367708567838,333,9
2394,2024-02-17,44,51642.64,57936.248415049704,57936.21953697746,57936.277293121944,0.009968913428239932,0.034693995989087845,0.52,0.27421924547573473,0.09754975246105756,0.29985109022808487,extreme_greed,55.75322047088952,341,8
2395,2024-02-17,45,51642.64,57933.493472690345,57927.01842431016,57939.968521070536,2.235338486272896,0.027204320596075925,0.52,0.26201793758588154,0.10246482390811962,0.28336066458709536,extreme_greed,57.689325619419414,350,9
2396,2024-02-17,46,51642.64,57933.581409176375,57921.87034960412,57945.29246874862,4.042926153499142,0.029825280236855763,0.52,0.25276343852297695,0.10649358220024326,0.27885209309950126,extreme_greed,60.00417677990338,364,14
2397,2024-02-17,47,51642.64,57934.79741058609,57922.254933318334,57947.33988785386,4.3298597141447,0.024344656632694164,0.52,0.25693381479475186,0.10462728902211849,0.28912560041029145,extreme_greed,61.287192229386456,374,10
2398,2024-02-17,48,51642.64,57945.45686751495,57938.7600234166,57952.1537116133,2.311430251955336,0.026344673117054095,0.52,0.23339741876220946,0.10215451916558317,0.2903041082697464,extreme_greed,61.93640569137278,380,6
2399,2024-02-17,49,51642.64,57952.96832722647,57951.99855915887,57953.93809529407,0.3346741661701369,0.026539622069840944,0.52,0.23910547558003195,0.0910395523156036,0.25388159426248974,extreme_greed,62.994354663157594,386,6
2400,2024-02-18,0,52137.67,57122.351924068964,57106.9495964173,57137.75425172063,5.392749819594665,0.001047249824135477,0.44,0.3973076268178551,0.05825402020714221,0.15578408384029818,greed,0.7720846338634557,6,6
2401,2024-02-18,1,52137.67,57169.31006643067,57143.78520756256,57194.83492529878,8.929566873712444,0.015305291811870384,0.44,0.41597563548245287,0.05880623601855503,0.16281319688511126,greed,2.1652066118786593,12,6
2402,2024-02-18,2,52137.67,57192.84743309963,57188.25707101745,57197.43779518182,1.6052224318973038,0.012329036936165255,0.44,0.3801817899886729,0.04845517554176476,0.1740154537379545,greed,3.12428393863631,18,6
2403,2024-02-18,3,52137.67,57199.75540955355,57194.83642211784,57204.67439698926,1.719933031353193,0.0015436137178898401,0.44,0.3662744334157333,0.0484495750112282,0.1735964680909503,greed,3.923715408529655,25,7
2404,2024-02-18,4,52137.67,57225.07629237455,57217.661788357625,57232.49079639147,2.591347883588075,0.0034692222913738596,0.44,0.3398754411211551,0.04580184529901496,0.1684033641770397,greed,4.512900351349032,29,4
2405,2024-02-18,5,52137.67,57230.25552947354,57227.82140551433,57232.68965343275,0.8506423522630745,0.02565077407705082,0.44,0.34634194337953206,0.04667229781955363,0.15113814938807807,greed,5.1740001621577205,36,7
2406,2024-02-18,6,52137.67,57239.47273443168,57234.47328727673,57244.47218158662,1.7468529726479352,0.029886686417766102,0.44,0.31922276485442524,0.059370271137663966,0.16366413512188102,greed,5.814956276809214,40,4
2407,2024-02-18,7,52137.67,57242.42900763725,57234.47328727673,57250.38472799777,2.7796585499404163,0.015546765840180218,0.44,0.2776463431035385,0.05950137845197434,0.17620419513168012,greed,7.194980297219718,48,8
2408,2024-02-18,8,52137.67,57248.83254438343,57245.74948988996,57251.91559887691,1.0770715686074042,0.014284796303178167,0.44,0.33605708092734515,0.045693487838936356,0.1729545948254564,greed,7.694980297219718,50,2
2409,2024-02-18,9,52137.67,57252.02491459637,57245.74948988996,57258.300339302776,2.192210569239703,0.008533391946861282,0.44,0.30824773677341927,0.04634708167200513,0.16867878082085758,greed,8.834804835680062,58,8
2410,2024-02-18,10,52137.67,57256.07869445537,57253.85704960797,57258.300339302776,0.7760380724843204,0.011689617471865288,0.44,0.32350536461202106,0.05483034504653981,0.16798285176331254,greed,9.42632328773407,65,7
2411,2024-02-18,11,52137.67,57256.430889721174,57253.85704960797,57259.004729834385,0.8990571271076608,0.0064877943406390585,0.44,0.32681065387324154,0.05554891256506822,0.16149240843999554,greed,10.087261859702075,69,4
2412,2024-02-18,12,52137.67,57258.33371979909,57253.85704960797,57262.810389990205,1.5636746304999876,0.009875514841580328,0.44,0.3042104749634042,0.046765711844198185,0.17424233003101874,greed,10.34666984792148,72,3
2413,2024-02-18,13,52137.67,57259.679856166025,57253.85704960797,57265.50266272409,2.0338243499388935,0.022970439720341688,0.44,0.25685414001049806,0.05941200135714918,0.16664794933123028,greed,11.028713025588537,80,8
2414,2024-02-18,14,52137.67,57262.46774367915,57253.85704960797,57271.07843775034,3.0074477787883565,0.024961374372943896,0.44,0.24812312552843463,0.05265998887693856,0.1515907731308943,greed,11.730985874887285,85,5
2415,2024-02-18,15,52137.67,57270.69873206477,57265.08696003743,57276.31050409211,1.9597358340584339,0.027874252742516054,0.44,0.2409726730807784,0.055909238424429346,0.15148873883230576,greed,11.917486270529949,88,3
2416,2024-02-18,16,52137.67,57275.50486701564,57273.7277450792,57277.28198895207,0.6205521681770563,0.03355119737929507,0.44,0.24704141541079183,0.046928656979418316,0.1505774689154668,greed,12.504766446064929,94,6
2417,2024-02-18,17,52137.67,57275.92656235359,57273.7277450792,57278.125379627985,0.7677980632919427,0.025977933572695813,0.44,0.2626706833832572,0.04285443707937076,0.15928625975586264,greed,13.280544203805091,98,4
2418,2024-02-18,18,52137.67,57276.669965226436,57273.7277450792,57279.61218537368,1.0273712312616508,0.0327210531473357,0.44,0.22748886886876094,0.05618685657477405,0.16411613804370823,greed,14.231024146193082,105,7
2419,2024-02-18,19,52137.67,57286.59515221148,57277.61563344815,57295.57467097481,3.1349458767702942,0.022164532488092564,0.44,0.23515085803320063,0.05695001240752683,0.15999117706090182,greed,15.431964365116139,114,9
2420,2024-02-18,20,52137.67,57292.60750536062,57289.640339746424,57295.57467097481,1.0357935319724811,0.009071024529309498,0.44,0.20507195341372908,0.0457359145837708,0.17907747416467526,greed,16.02423429711606,120,6
2421,2024-02-18,21,52137.67,57293.99048436603,57292.40629775725,57295.57467097481,0.5530027129862208,0.0055713724910682865,0.44,0.16929670315344486,0.04798803317482267,0.169350294464747,greed,16.24526804314172,122,2
2422,2024-02-18,22,52137.67,57293.99048436603,57292.40629775725,57295.57467097481,0.5530027129862208,0.0036401504763425145,0.44,0.19845044022137773,0.04083941006812134,0.15530270602270382,greed,16.45478723000371,125,3
2423,2024-02-18,23,52137.67,57297.21199775515,57292.40629775725,57302.01769775306,1.6774638172948466,0.012930951038803666,0.44,0.19267890791626738,0.0512579965271358,0.17851030429541714,greed,17.17513466092978,132,7
2424,2024-02-18,24,52137.67,57299.77008788074,57297.52247800841,57302.01769775306,0.7845092114249332,0.0116717927640637,0.44,0.19142438478959142,0.051076805844574726,0.16148378493239726,greed,17.212527623566395,133,1
2425,2024-02-18,25,52137.67,57299.840953881634,57297.65584905722,57302.02605870605,0.7626914099716727,0.00933134399272163,0.44,0.18595626359503667,0.05285503827919094,0.1660889509739156,greed,17.96041442753543,141,8
2426,2024-02-18,26,52137.67,57301.63782421796,57301.24958972987,57302.02605870605,0.13550554672750925,0.011874873095910758,0.44,0.18617412451786094,0.044105433491013174,0.15878717240105186,greed,18.310954504496188,146,5
2427,2024-02-18,27,52137.67,57302.93049661168,57301.24958972987,57304.611403493494,0.5866739684144039,0.00939104817923918,0.44,0.15407208623935958,0.05493452874402063,0.1754076779865272,greed,19.274723187389466,153,7
2428,2024-02-18,28,52137.67,57304.105315668094,57303.59922784269,57304.611403493494,0.17663231023777287,0.006189183132084053,0.44,0.1312140627602877,0.059987298643853576,0.17011060918985396,greed,19.47048063116304,155,2
2429,2024-02-18,29,52137.67,57304.105315668094,57303.59922784269,57304.611403493494,0.17663231023777287,0.008443361524143787,0.44,0.1221927895751453,0.0531993255560382,0.17200380816023475,greed,19.925472488100347,159,4
2430,2024-02-18,30,52137.67,57303.906079822715,57301.24958972987,57306.562569915564,0.9271584694926922,0.013452607060283693,0.44,0.10802608030160721,0.05645500029530247,0.177931770926616,greed,20.701046330203138,166,7
2431,2024-02-18,31,52137.67,57305.61459459565,57302.87322028116,57308.35596891015,0.9567559248393827,0.015322911284417132,0.44,0.07944568517321078,0.04687294616890797,0.154620489761231,greed,21.187147404287092,171,5
2432,2024-02-18,32,52137.67,57307.13486744955,57305.27346244404,57308.996272455064,0.6496241732610036,0.01775819012039922,0.44,0.07551994618177371,0.058900749307272085,0.15144815660873945,greed,21.881665500872966,179,8
2433,2024-02-18,33,52137.67,57307.741767073945,57306.487261692826,57308.996272455064,0.43781358065651854,0.019135091665883314,0.44,0.3632015109908514,0.05669939098962372,0.17708703033490114,greed,22.525885438633946,182,3
2434,2024-02-18,34,52137.67,57309.04057589768,57308.120205620224,57309.96094617513,0.3211954931386481,0.01811380201412732,0.44,0.34540388348547457,0.047406403509010445,0.1506070869791985,greed,22.9879225342856,187,5
2435,2024-02-18,35,52137.67,57309.361353987595,57306.487261692826,57312.23544628236,1.0030097097096522,0.015742165956514485,0.44,0.3596353379028393,0.050101156005408175,0.16575751394491464,greed,24.07470505215232,198,11
2436,2024-02-18,36,52137.67,57308.90195615487,57305.27346244404,57312.5304498657,1.2662932239059541,0.016673645998792046,0.44,0.3374849926081829,0.047210658357032954,0.1739548789081174,greed,24.98453570091842,204,6
2437,2024-02-18,37,52137.67,57309.16584078905,57305.27346244404,57313.05821913406,1.3583789915287279,0.01814235572377978,0.44,0.3046142619636228,0.0514419963394325,0.17559040676963777,greed,25.64545737993052,208,4
2438,2024-02-18,38,52137.67,57310.189035011026,57305.27346244404,57315.10460757801,1.71542709935275,0.01827564358544272,0.44,0.28968948245321086,0.04870872257804071,0.15883946709187502,greed,26.45038531040959,213,5
2439,2024-02-18,39,52137.67,57312.69526623879,57305.27346244404,57320.11707003355,2.5899336125362455,0.022029985267973867,0.44,0.2880967813361328,0.04974499120690902,0.16066310042173593,greed,27.325511745355982,218,5
2440,2024-02-18,40,52137.67,57313.31483957245,57305.27346244404,57321.35621670086,2.8061113376241993,0.021216823928088564,0.44,0.2980167859618183,0.044895790380588496,0.1514834231003804,greed,28.433269369343193,224,6
2441,2024-02-18,41,52137.67,57317.63750157104,57312.11788119133,57323.15712195074,1.9259762335998567,0.0191595628389446,0.44,0.2688606558248655,0.040199194824086064,0.17811337481764417,greed,29.495573901599343,232,8
2442,2024-02-18,42,52137.67,57320.3144260171,57312.11788119133,57328.51097084288,2.8599092338738967,0.01872177206967544,0.44,0.23444144577201784,0.040180113285289504,0.1570641425103263,greed,30.163143015087254,238,6
2443,2024-02-18,43,52137.67,57320.62070662713,57312.11788119133,57329.12353206293,2.966759721364035,0.017957983134978726,0.44,0.2541533213456544,0.052243324414462916,0.15499636765781402,greed,30.70175650284744,241,3
2444,2024-02-18,44,52137.67,57323.640993938534,57318.15845581413,57329.12353206293,1.9128366688979095,0.01849487447461232,0.44,0.2999354289116765,0.040701298980374376,0.1511176164184259,greed,30.808226702311018,242,1
2445,2024-02-18,45,52137.67,57325.13167787634,57321.139823689766,57329.12353206293,1.3927065040206381,0.01361563269344574,0.44,0.3075718308097215,0.05478249334273093,0.15954029114442894,greed,31.269021997695994,247,5
2446,2024-02-18,46,52137.67,57325.20172093666,57321.2799098104,57329.12353206293,1.3682677107200285,0.015302992055670366,0.44,0.2924810568100643,0.050257652050191476,0.1713909436912531,greed,31.654313344281203,250,3
2447,2024-02-18,47,52137.67,57325.38393065364,57321.2799098104,57329.48795149687,1.4318337050126595,0.01409152686772576,0.44,0.3127226507576091,0.04243174699067054,0.16668172005574383,greed,32.075687315368384,255,5
2448,2024-02-18,48,52137.67,57325.734696949636,57321.2799098104,57330.18948408887,1.5542014987806747,0.018176954629434104,0.44,0.29077859537197187,0.049882514822825415,0.16860836451302527,greed,32.5676423586572,261,6
2449,2024-02-18,49,52137.67,57330.13640770642,57330.083331323964,57330.18948408887,0.018516049596019404,0.01908538651623346,0.44,0.24557600343298708,0.054795927438721984,0.1711780985313486,greed,32.99805478603799,267,6
2450,2024-02-19,0,51774.73,56530.73935685792,56512.89449984545,56548.58421387039,6.313328718317067,0.01736203397033478,0.5,0.5144815737549004,0.048645425755763375,0.1623828921824638,greed,0.5262502784297225,5,5
2451,2024-02-19,1,51774.73,56547.725201988025,56546.866190105655,56548.58421387039,0.3038183691026914,0.022213361761794215,0.5,0.49557868156625484,0.05165107674083988,0.15213020340667766,greed,0.6506414659545993,7,2
2452,2024-02-19,2,51774.73,56550.43679387571,56547.55131575443,56553.322271997,1.0204972003325763,0.042364655615680924,0.5,0.48765079074826256,0.041082688168046416,0.16790570582353473,greed,1.5286653594132968,11,4
2453,2024-02-19,3,51774.73,56561.290292445934,56550.562549835005,56572.018035056855,3.793316084360139,0.02810988083413978,0.5,0.4798475326466675,0.04661265909719084,0.1527095568089722,greed,2.4110715054366985,20,9
2454,2024-02-19,4,51774.73,56572.20470738969,56570.39924766881,56574.01016711057,0.6382850837160673,0.028089559048195937,0.5,0.43880969218224436,0.05224979014194167,0.17213859360758815,greed,2.8308369626010412,26,6
2455,2024-02-19,5,51774.73,56591.21593115208,56584.30180032482,56598.13006197935,2.44353499513934,0.03224864358456064,0.5,0.4738952996827617,0.05810746376524855,0.1622841222566633,greed,3.727070754616247,33,7
2456,2024-02-19,6,51774.73,56589.79992336216,56577.448782265914,56602.151064458405,4.3651474693221495,0.032836106756306424,0.5,0.4349999304978682,0.04803797415911933,0.16727157915993612,greed,4.579275747766268,40,7
2457,2024-02-19,7,51774.73,56602.68748550887,56600.73333028992,56604.64164072782,0.690481426151892,0.033563483487474274,0.5,0.4066415719490963,0.054999739687599504,0.1652966984461683,greed,4.9444231222639985,45,5
2458,2024-02-19,8,51774.73,56605.27621386674,56600.73333028992,56609.81909744356,1.605109587189013,0.03453743292384075,0.5,0.3877759250220205,0.0541022629327799,0.17550896209715375,greed,6.385108327351168,54,9
2459,2024-02-19,9,51774.73,56607.07497055163,56604.3308436597,56609.81909744356,0.9695349541928738,0.0302794679176071,0.5,0.3691301264684602,0.0585704415008486,0.16770897215266797,greed,6.883301704010183,58,4
2460,2024-02-19,10,51774.73,56607.07497055163,56604.3308436597,56609.81909744356,0.9695349541928738,0.03325690607053519,0.5,0.37784472432716076,0.04708531442655252,0.17717855757583933,greed,7.149644959633883,61,3
2461,2024-02-19,11,51774.73,56607.07497055163,56604.3308436597,56609.81909744356,0.9695349541928738,0.0328048223358705,0.5,0.37282396780753935,0.059529655524017414,0.17705514949325013,greed,7.263839778033108,63,2
2462,2024-02-19,12,51774.73,56610.95720619752,56604.3308436597,56617.58356873534,2.3410176633064363,0.029278768640470996,0.5,0.3635171837229315,0.05981602711891876,0.16416842892986402,greed,7.571485389761893,68,5
2463,2024-02-19,13,51774.73,56609.545470277306,56601.50737181927,56617.58356873534,2.8398385435734435,0.021675723849029927,0.5,0.3487403392541396,0.050595498305135975,0.15965211089574832,greed,7.807619865097509,73,5
2464,2024-02-19,14,51774.73,56609.545470277306,56601.50737181927,56617.58356873534,2.8398385435734435,0.021091094979024557,0.5,0.3313378542369617,0.052516933321012205,0.16227431363752867,greed,8.184061706575061,76,3
2465,2024-02-19,15,51774.73,56611.588026818215,56601.50737181927,56621.66868181716,3.5613397716974413,0.017569194508905945,0.5,0.3295254262078646,0.05719457567004465,0.17100564777882157,greed,8.70590079662503,81,5
2466,2024-02-19,16,51774.73,56611.059175380185,56600.44966894321,56621.66868181716,3.7482098344441117,0.020773312731785225,0.5,0.36544187459284583,0.049478395218223836,0.15581100878357104,greed,9.255866158892205,87,6
2467,2024-02-19,17,51774.73,56618.292318187014,56614.75886800686,56621.825768367176,1.2481655788208783,0.013473241587063457,0.5,0.37301176655583856,0.053226079245737336,0.17733768455502863,greed,9.903304664663708,93,6
2468,2024-02-19,18,51774.73,56611.15103831984,56600.476308272504,56621.825768367176,3.7712464246171287,0.01256243521967458,0.5,0.33423759848341117,0.057423740927006355,0.17244956403367473,greed,10.332684384037425,98,5
2469,2024-02-19,19,51774.73,56611.15103831984,56600.476308272504,56621.825768367176,3.7712464246171287,0.011101254328987682,0.5,0.3170958092532614,0.05073109342021599,0.17255628733107573,greed,10.75364648629451,101,3
2470,2024-02-19,20,51774.73,56614.83159127642,56605.64255836565,56624.0206241872,3.2461574652779084,0.00943159249082168,0.5,0.30266577237052134,0.05022591492492069,0.1778722908077047,greed,11.203435640399563,106,5
2471,2024-02-19,21,51774.73,56615.14487092597,56606.269117664735,56624.0206241872,3.135469592621546,0.007960763327423181,0.5,0.27908409431079795,0.042690509845783695,0.15518368955647388,greed,11.467589840335124,108,2
2472,2024-02-19,22,51774.73,56615.14487092597,56606.269117664735,56624.0206241872,3.135469592621546,0.010459135557860254,0.5,0.2488862678073725,0.0580555209552909,0.1788687462501776,greed,11.749245559499418,113,5
2473,2024-02-19,23,51774.73,56618.965402606096,56611.52702324275,56626.40378196944,2.627522177578911,0.010632658452094941,0.5,0.2304323242535153,0.05676318402802173,0.1657560660069239,greed,12.14660137619979,117,4
2474,2024-02-19,24,51774.73,56618.965402606096,56611.52702324275,56626.40378196944,2.627522177578911,0.012216460923932068,0.5,0.23485767546223676,0.05484915128427113,0.15659648969122048,greed,12.288209458153933,118,1
2475,2024-02-19,25,51774.73,56619.71772750019,56611.52702324275,56627.90843175763,2.8932338719379587,0.010528237068013181,0.5,0.20720764563963806,0.047280549384291326,0.17878318787223493,greed,12.759265869175884,122,4
2476,2024-02-19,26,51774.73,56622.84088044525,56617.77332913288,56627.90843175763,1.7899318485537974,0.010604464736792404,0.5,0.24296981679632243,0.04531088369606483,0.16715609068115195,greed,13.266780394833496,126,4
2477,2024-02-19,27,51774.73,56617.98653689373,56608.064642029836,56627.90843175763,3.5048561316923803,0.006036585825519605,0.5,0.2367546895033536,0.04950395438913899,0.17835352522027637,greed,13.996783780916486,133,7
2478,2024-02-19,28,51774.73,56619.180512728155,56608.064642029836,56630.296383426474,3.926538885817988,0.0049839699143745236,0.5,0.24275652257320315,0.05869116145086564,0.16296351526847683,greed,14.435007621679333,137,4
2479,2024-02-19,29,51774.73,56621.48358841784,56612.670793409205,56630.296383426474,3.1128802885826397,0.004059713210058515,0.5,0.2667806879671613,0.048922286142503754,0.1669445494188059,greed,15.037622568777701,143,6
2480,2024-02-19,30,51774.73,56621.48358841784,56612.670793409205,56630.296383426474,3.1128802885826397,0.001111767649942758,0.5,0.2525607626749992,0.0488878763783154,0.16766830945522046,greed,15.887728114293862,147,4
2481,2024-02-19,31,51774.73,56618.97427500483,56607.05251689366,56630.89603311601,4.211223627355628,-0.0008727127661823598,0.5,0.2514863357035979,0.040067756959652784,0.15735870280930928,greed,16.39728698464193,153,6
2482,2024-02-19,32,51774.73,56618.71969065812,56606.543348200226,56630.89603311601,4.301171953170144,-0.002821299916095035,0.5,0.23977346016884307,0.04430045138712369,0.15613780842875327,greed,16.905024593900894,158,5
2483,2024-02-19,33,51774.73,56616.286016107995,56606.543348200226,56626.028684015764,3.4416485408445956,-0.0037980146589110943,0.5,0.24669893373870708,0.040279634259427294,0.17315416405434703,greed,17.053774362257865,160,2
2484,2024-02-19,34,51774.73,56615.038762075405,56606.543348200226,56623.53417595059,3.0011156261444243,-0.004021597848062897,0.5,0.2527744906453849,0.04570555993881759,0.1642778009209489,greed,17.39947474096657,164,4
2485,2024-02-19,35,51774.73,56615.038762075405,56606.543348200226,56623.53417595059,3.0011156261444243,-0.0018697860382267172,0.5,0.27137135169596727,0.044947027436354856,0.17194937711759664,greed,17.737012952323067,169,5
2486,2024-02-19,36,51774.73,56616.14890084025,56606.269117664735,56626.028684015764,3.490093680804198,-0.0010195622841026647,0.5,0.2336454380179019,0.04142413435082465,0.17396062112791086,greed,18.148924321561474,175,6
2487,2024-02-19,37,51774.73,56615.73812037271,56605.44755672966,56626.028684015764,3.635230762574286,-0.0029741588555561305,0.5,0.22462081257958502,0.05450824246385941,0.15205045114344584,greed,18.382310869381342,180,5
2488,2024-02-19,38,51774.73,56618.17179492283,56605.44755672966,56630.89603311601,4.494754171598519,-0.0007368303812606125,0.5,0.2303114224904454,0.04955781321891499,0.17182191881537853,greed,18.99479899617504,190,10
2489,2024-02-19,39,51774.73,56616.1928669989,56600.79142106385,56631.59431293395,5.440650511853257,-0.002523342464812546,0.5,0.2361793820896446,0.04368736476039388,0.16329227798800347,greed,19.43130007571023,195,5
2490,2024-02-19,40,51774.73,56611.80237590696,56604.30086513857,56619.30388667535,2.650157901202173,-0.0030411778920875292,0.5,0.2413229110205156,0.05076159085748109,0.169865576571355,greed,20.082219987457673,201,6
2491,2024-02-19,41,51774.73,56614.90829917959,56604.30086513857,56625.515733220614,3.7472228993001617,-0.0012838267263287533,0.5,0.22516701026951433,0.051100370484105824,0.15861637713382085,greed,20.49541752776686,206,5
2492,2024-02-19,42,51774.73,56613.153577142235,56600.79142106385,56625.515733220614,4.367238105377118,-0.0010961593150957173,0.5,0.4998564626532954,0.04658154833780064,0.15284612138025538,greed,21.358978562678256,214,8
2493,2024-02-19,43,51774.73,56616.072618218095,56600.55092350225,56631.59431293395,5.483140740093251,-0.0026174295989386653,0.5,0.46237412401927624,0.04535689841117828,0.17553773546098822,greed,21.812517958813963,221,7
2494,2024-02-19,44,51774.73,56616.072618218095,56600.55092350225,56631.59431293395,5.483140740093251,-0.002552100796000121,0.5,0.4514794207494378,0.0596181311658026,0.16658491068277198,greed,21.812517958813963,221,0
2495,2024-02-19,45,51774.73,56616.14809830449,56600.55092350225,56631.74527310674,5.509797231406075,-0.0015094540426751867,0.5,0.4163794367920092,0.052077559792481756,0.15435949369009877,greed,22.422855794478856,228,7
2496,2024-02-19,46,51774.73,56616.09747102497,56600.44966894321,56631.74527310674,5.527686569979967,-0.0015243613924358242,0.5,0.4079979346932647,0.055664429141045975,0.15435332206444816,greed,22.79459390807669,234,6
2497,2024-02-19,47,51774.73,56615.45269873164,56600.44966894321,56630.45572852007,5.299976975637844,-0.0008806624772478717,0.5,0.39911094402202046,0.04787888529381169,0.16833952161159244,greed,22.968823027749647,236,2
2498,2024-02-19,48,51774.73,56615.13884746772,56599.82196641538,56630.45572852007,5.4108782082518205,0.0006282737525404369,0.5,0.662320599770162,0.0490215214364972,0.1504609875220417,greed,23.425751005632797,240,4
2499,2024-02-19,49,51774.73,56615.78361976106,56599.82196641538,56631.74527310674,5.638587801903355,5.846025152691368e-05,0.5,0.608792918318974,0.052123870748482806,0.16673294277294184,greed,23.939514316109243,247,7
2500,2024-02-20,0,52258.82,55959.031401485176,55932.434587586395,55985.62821538395,9.505816391979735,0.026298190112346475,0.44,0.3985798635317872,0.043653032374875445,0.17251571942090246,greed,0.5956259296553164,6,6
2501,2024-02-20,1,52258.82,55964.87751945028,55944.82233295203,55984.93270594854,7.167061695536328,0.03322771125592772,0.44,0.3892178634481442,0.05419790866762907,0.1514359679671832,greed,0.7752954295523684,10,4
2502,2024-02-20,2,52258.82,55967.506823329386,55950.080940710235,55984.93270594854,6.227142714846475,0.024569445482363353,0.44,0.4049183790524414,0.05590574089594445,0.16892339199314796,greed,1.3815826034374936,15,5
2503,2024-02-20,3,52258.82,55972.520341501295,55959.41246761865,55985.62821538395,4.683681850549777,0.023584720645338224,0.44,0.37176648276494995,0.047070977084086744,0.16447354411143353,greed,1.5776577768591993,21,6
2504,2024-02-20,4,52258.82,55978.40527817072,55971.18234095749,55985.62821538395,2.5806155703561995,0.01497243115984921,0.44,0.34282709324542315,0.04867393866213919,0.15606819545226092,greed,1.7106142887993436,22,1
2505,2024-02-20,5,52258.82,55978.40527817072,55971.18234095749,55985.62821538395,2.5806155703561995,0.016412669150465284,0.44,0.37919711040131593,0.04011607537685882,0.15902873146676016,greed,1.9674001286540703,24,2
2506,2024-02-20,6,52258.82,55987.71377257361,55973.77054214682,56001.65700300041,4.980817928530663,0.014161608189381758,0.44,0.3788611509012004,0.059180879937428155,0.1650720838044038,greed,2.574039667229802,30,6
2507,2024-02-20,7,52258.82,55991.63474959928,55981.61249619815,56001.65700300041,3.579910979899271,0.00957087893048603,0.44,0.37616185571246263,0.05413530563723262,0.17167300269067237,greed,3.1072014663762806,34,4
2508,2024-02-20,8,52258.82,55993.31665825023,55981.61249619815,56005.02082030232,4.180556805920954,0.017146343104581595,0.44,0.3835262314011822,0.05638667504597722,0.15392094761244937,greed,3.3878555922825413,38,4
2509,2024-02-20,9,52258.82,55995.292726902386,55985.56463350245,56005.02082030232,3.474611141826103,0.015089116890022364,0.44,0.35470242715508116,0.04681753079167873,0.1622546216664682,greed,3.5370261889296186,40,2
2510,2024-02-20,10,52258.82,55995.292726902386,55985.56463350245,56005.02082030232,3.474611141826103,0.01506100956971273,0.44,0.36570666528966744,0.04702434039276976,0.17511719998546377,greed,3.6797005665774947,42,2
2511,2024-02-20,11,52258.82,55996.54284069268,55985.56463350245,56007.52104788291,3.921030346984979,0.01866737981530964,0.44,0.3370910079134378,0.05884687015342715,0.17958950526816037,greed,4.244337753335383,49,7
2512,2024-02-20,12,52258.82,55996.54284069268,55985.56463350245,56007.52104788291,3.921030346984979,0.017532698716580163,0.44,0.3202488163880481,0.05552782737305452,0.167877804363502,greed,4.712102529142236,53,4
2513,2024-02-20,13,52258.82,55995.85576628843,55984.190484693936,56007.52104788291,4.166480334964396,0.016718830118207257,0.44,0.300105875941396,0.05515019645637012,0.15353936998311077,greed,4.8000386490688225,56,3
2514,2024-02-20,14,52258.82,55996.279663265785,55984.833916059855,56007.72541047171,4.088038446394956,0.012960925988216614,0.44,0.302482214939199,0.057794706695661134,0.1710091906165142,greed,5.669776143750148,64,8
2515,2024-02-20,15,52258.82,55996.876411550395,55984.833916059855,56008.918907040934,4.301131156685485,0.019593557212161064,0.44,0.31106613752044693,0.048594907621513334,0.164821286008072,greed,6.344825911474806,71,7
2516,2024-02-20,16,52258.82,55999.95704614812,55990.9951852553,56008.918907040934,3.200667059595207,0.016737869828112543,0.44,0.3097650933095932,0.04051264499768845,0.17774242427593084,greed,7.026783211437725,78,7
2517,2024-02-20,17,52258.82,56006.8197254814,56004.720543921874,56008.918907040934,0.749616410936742,0.01283004398748365,0.44,0.28610638295385904,0.05048515855807671,0.15686827008418336,greed,7.201452019230707,79,1
2518,2024-02-20,18,52258.82,56008.411362073246,56004.720543921874,56012.10218022462,1.3179513796640436,0.013236921469377941,0.44,0.27316159577298776,0.05013382402012598,0.17899227888370287,greed,7.356741026713621,82,3
2519,2024-02-20,19,52258.82,56008.64493246937,56005.18768471412,56012.10218022462,1.234540760419611,0.015602539981464884,0.44,0.2503010364779511,0.05779862111780196,0.16952636512487332,greed,7.541755153890012,84,2
2520,2024-02-20,20,52258.82,56009.34780143212,56005.18768471412,56013.50791815013,1.4855080022548608,0.016462864099713363,0.44,0.2705779804811983,0.05737256341020722,0.15874730308727295,greed,8.441998046314223,91,7
2521,2024-02-20,21,52258.82,56009.654232677945,56005.18768471412,56014.120780641766,1.5949207417953786,0.018367396138142075,0.44,0.26389322789236347,0.05710628928725876,0.16762245491378,greed,9.097870386607877,95,4
2522,2024-02-20,22,52258.82,56013.08527966798,56012.04660239733,56014.12395693863,0.3708695086033975,0.022151739949075232,0.44,0.259533162199403,0.05251716794140234,0.1738077359160697,greed,9.755606625356126,101,6
2523,2024-02-20,23,52258.82,56013.45775202819,56012.04660239733,56014.86890165904,0.5038609246745668,0.02327125110442392,0.44,0.24210670854739882,0.05113596768746344,0.17126185739714697,greed,10.477611284070267,105,4
2524,2024-02-20,24,52258.82,56013.49203605375,56012.04660239733,56014.937469710174,0.5161019618247508,0.020792662901926766,0.44,0.24489378885593555,0.05899074874227304,0.16018586757392078,greed,11.172377256658972,109,4
2525,2024-02-20,25,52258.82,56014.68292815158,56012.04660239733,56017.319253905844,0.9412981084404369,0.02080812237257707,0.44,0.23658710656652848,0.0501300240207385,0.15257432315128316,greed,12.057670997938718,116,7
2526,2024-02-20,26,52258.82,56011.94793920094,56006.19893658866,56017.696941813214,2.0527772462105016,0.023673068378591518,0.44,0.23816518537072767,0.04131684329017309,0.16866500772520823,greed,13.128147726546882,123,7
2527,2024-02-20,27,52258.82,56014.81951695637,56011.437718039044,56018.20131587369,1.207465790833601,0.024917563102662275,0.44,0.2690363308066102,0.04561766546135199,0.17730665104230936,greed,13.767683584346129,127,4
2528,2024-02-20,28,52258.82,56017.8061758875,56017.4110359013,56018.20131587369,0.14107656588825634,0.024900607549320115,0.44,0.25467234438053016,0.042004637563525724,0.17796485157640896,greed,13.8393010497113,128,1
2529,2024-02-20,29,52258.82,56017.90252614937,56017.4110359013,56018.39401639745,0.1754761338465628,0.024003538386000788,0.44,0.2143437736452714,0.04161558427748687,0.16161873521025988,greed,15.151834843726618,134,6
2530,2024-02-20,30,52258.82,56020.6632241997,56017.4110359013,56023.9154124981,1.1610674030703971,0.025993743560879426,0.44,0.22173628146765073,0.041109678841358216,0.15853621830816167,greed,15.494801364765557,138,4
2531,2024-02-20,31,52258.82,56020.73506028338,56017.19055331745,56024.279567249316,1.2654267967453332,0.01828034832112099,0.44,0.27166795823035494,0.04159787375582722,0.17566457864087873,greed,16.657557094643874,147,9
2532,2024-02-20,32,52258.82,56024.715860284,56024.66100795311,56024.77071261489,0.01958147579958679,0.017452956706171308,0.44,0.2919563131400271,0.04132337443450362,0.15647814612060404,greed,17.1243884502191,150,3
2533,2024-02-20,33,52258.82,56024.715860284,56024.66100795311,56024.77071261489,0.01958147579958679,0.019477770063856238,0.44,0.25317987960366584,0.046248117953592634,0.1654314973953306,greed,17.404409162919976,153,3
2534,2024-02-20,34,52258.82,56020.88583248025,56017.00095234561,56024.77071261489,1.386939916036451,0.01816118164278574,0.44,0.27691668953652115,0.05217516650259106,0.16235346082457322,greed,17.87327326650343,160,7
2535,2024-02-20,35,52258.82,56020.96028645136,56017.00095234561,56024.919620557106,1.413518827775449,0.02061499858640501,0.44,0.2795093722818857,0.04829041658780362,0.17526498090184148,greed,18.154485686414205,163,3
2536,2024-02-20,36,52258.82,56021.08784301249,56017.00095234561,56025.174733679356,1.4590543754971694,0.024125387116974647,0.44,0.25089506513625587,0.057180926594133125,0.15230182115784618,greed,18.549004576809946,167,4
2537,2024-02-20,37,52258.82,56024.49741062871,56023.82008757806,56025.174733679356,0.24179531524697973,0.023925686454454514,0.44,0.25933155168344046,0.04990343184493333,0.16827667988308065,greed,18.60016949433177,168,1
2538,2024-02-20,38,52258.82,56024.93317179779,56023.82008757806,56026.04625601752,0.39735316285611216,0.024631172250581018,0.44,0.2744207226611428,0.046496482194971094,0.15076114464126947,greed,19.464195680979184,174,6
2539,2024-02-20,39,52258.82,56023.55597917542,56020.981471707404,56026.13048664343,0.9190803486196311,0.020164624059649198,0.44,0.24922859452563917,0.044295073316501656,0.17503421230387883,greed,20.3864961201821,181,7
2540,2024-02-20,40,52258.82,56022.54579910805,56017.43633882504,56027.65525939106,1.8240728657105425,0.01421398434718059,0.44,0.28043012123358313,0.05727246001839907,0.16114558725730718,greed,21.72562025501283,194,13
2541,2024-02-20,41,52258.82,56022.90803086013,56017.43633882504,56028.379722895224,1.9533766551629332,0.012941078831531429,0.44,0.2390973297170867,0.05550292155457189,0.16299240610806393,greed,22.37929212825628,199,5
2542,2024-02-20,42,52258.82,56022.69033762041,56017.00095234561,56028.379722895224,2.031100341850807,0.0123001064160121,0.44,0.23817155550159327,0.04622083410113968,0.1596003296774119,greed,22.760009219486655,204,5
2543,2024-02-20,43,52258.82,56023.525218754454,56018.670714613676,56028.379722895224,1.7330234474959918,0.010405914623805303,0.44,0.2324953201594386,0.05360317093517757,0.15174401373080484,greed,23.330366363073484,208,4
2544,2024-02-20,44,52258.82,56023.77679800254,56018.670714613676,56028.88288139139,1.822827263955803,0.011039909173827769,0.44,0.2168429361402886,0.057498666487012975,0.17576253777572676,greed,23.61470588754455,211,3
2545,2024-02-20,45,52258.82,56020.16029971522,56011.437718039044,56028.88288139139,3.1140866536289016,0.009172104627543443,0.44,0.23129899258541184,0.05404792285080854,0.1667119779805175,greed,24.220071839021156,218,7
2546,2024-02-20,46,52258.82,56017.55478490596,56012.987387721914,56022.12218209,1.6307020902936427,0.007424534896667205,0.44,0.2213245148093209,0.049707447424091014,0.16061717478770576,greed,24.522832976475147,222,4
2547,2024-02-20,47,52258.82,56016.77995006452,56011.437718039044,56022.12218209,1.907368481459209,0.0063160284222468,0.44,0.23807148381650067,0.04331755849325071,0.15448525918562087,greed,25.192640226793802,227,5
2548,2024-02-20,48,52258.82,56016.63250016701,56011.14281824402,56022.12218209,1.9600185437688868,0.00591122071961731,0.44,0.27306506789688406,0.04781434884509248,0.1783969152893623,greed,25.44035910521837,230,3
2549,2024-02-20,49,52258.82,56016.63250016701,56011.14281824402,56022.12218209,1.9600185437688868,0.006467016641632419,0.44,0.28572955111402,0.053367214042347885,0.1722044818109277,greed,25.63720664006411,232,2
2550,2024-02-21,0,51849.39,55401.27974707926,55372.62413888567,55429.93535527284,10.344745942478264,-0.003142393695844626,0.56,0.546127413945012,0.09373773739582694,0.2784667600888047,extreme_greed,0.6643131241900996,7,7
2551,2024-02-21,1,51849.39,55395.926308623064,55361.91726197328,55429.93535527284,12.278537039099325,-0.02072355189368702,0.56,0.5178397838428728,0.09776570541287655,0.2939348791913038,extreme_greed,1.0731536245351876,12,5
2552,2024-02-21,2,51849.39,55383.756444541184,55361.91726197328,55405.5956271091,7.8864937916512785,-0.0167232656880739,0.56,0.46665609000924746,0.08113348904193786,0.25215069821900277,extreme_greed,1.5891986544688665,16,4
2553,2024-02-21,3,51849.39,55367.4070745478,55353.93671237892,55380.877436716684,4.865809284059665,-0.026919612866638257,0.56,0.4283956258881298,0.10035179439217722,0.2830266207718243,extreme_greed,1.8407133889620195,19,3
2554,2024-02-21,4,51849.39,55357.45702527404,55353.93671237892,55360.97733816915,1.271847763349062,-0.024186801027189727,0.56,0.43463860346550914,0.10611232485674901,0.26797225130911195,extreme_greed,2.016447052477946,21,2
2555,2024-02-21,5,51849.39,55352.698563529484,55350.30602948998,55355.091097568984,0.8644687979421829,-0.026929242250126585,0.56,0.4260957893206989,0.1009597094024372,0.26285885680122134,extreme_greed,2.6350023915812173,29,8
2556,2024-02-21,6,51849.39,55352.40430033236,55350.30602948998,55354.50257117475,0.758149846934305,-0.017659155509693356,0.56,0.43698869848185184,0.09773728717251842,0.2657392811858479,extreme_greed,2.820435240569959,31,2
2557,2024-02-21,7,51849.39,55352.40430033236,55350.30602948998,55354.50257117475,0.758149846934305,-0.008954092094351813,0.56,0.4707690042420009,0.10845968473119695,0.2820745184532144,extreme_greed,3.2746199333546007,35,4
2558,2024-02-21,8,51849.39,55350.252084276595,55345.4130709842,55355.091097568984,1.7485063247858128,-0.01522285681674804,0.56,0.4589514896657342,0.09538064216986435,0.28378733801735884,extreme_greed,3.819144373103902,42,7
2559,2024-02-21,9,51849.39,55349.15574269237,55345.4130709842,55352.89841440054,1.3523861955791672,-0.012098372513929796,0.56,0.4565979858684659,0.0876100837736509,0.2937488529312059,extreme_greed,4.1883852978013705,46,4
2560,2024-02-21,10,51849.39,55347.10744004919,55339.123782529394,55355.091097568984,2.8849411971322314,-0.010613356398050689,0.56,0.44340870177114705,0.09193635762432106,0.29765080880202216,extreme_greed,4.737628738886554,54,8
2561,2024-02-21,11,51849.39,55347.53071854012,55339.123782529394,55355.937654550835,3.0378721151888364,-0.004371427540388274,0.56,0.43819267534461,0.08126017302256436,0.2953436415909526,extreme_greed,5.1458898703046465,58,4
2562,2024-02-21,12,51849.39,55346.04611678382,55336.15457901682,55355.937654550835,3.574433391732208,-0.014384172488752943,0.56,0.3639192318290089,0.08448153640313684,0.27345830242836994,extreme_greed,5.626245393688885,63,5
2563,2024-02-21,13,51849.39,55342.79631086001,55336.15457901682,55349.4380427032,2.4002154881678535,-0.013890994208860969,0.56,0.3326495629495975,0.08046447377412547,0.26364585801621854,extreme_greed,5.877300167903965,66,3
2564,2024-02-21,14,51849.39,55342.59593292458,55336.15457901682,55349.03728683235,2.3278105405723823,-0.014340284027681845,0.56,0.3443505702407351,0.0982551383891236,0.26273134333264475,extreme_greed,6.540557857429132,72,6
2565,2024-02-21,15,51849.39,55342.59593292458,55336.15457901682,55349.03728683235,2.3278105405723823,-0.009673351947138212,0.56,0.350880566343179,0.10325947261641129,0.2787214241501572,extreme_greed,6.739620328066067,75,3
2566,2024-02-21,16,51849.39,55342.59593292458,55336.15457901682,55349.03728683235,2.3278105405723823,-0.009186201622471924,0.56,0.353247489178375,0.09105123522754202,0.28565141011445483,extreme_greed,7.12437072143939,77,2
2567,2024-02-21,17,51849.39,55342.79631086001,55336.15457901682,55349.4380427032,2.4002154881678535,-0.006424947494136827,0.56,0.3502821626613107,0.09159246685491744,0.27031615159227895,extreme_greed,7.487612275151398,81,4
2568,2024-02-21,18,51849.39,55345.73664263911,55335.53563072739,55355.937654550835,3.6862864352457327,-0.010025838346966883,0.56,0.35068316016152984,0.10964610478180922,0.2673181751554247,extreme_greed,7.8590794492203715,87,6
2569,2024-02-21,19,51849.39,55346.23265281836,55336.52765108589,55355.937654550835,3.5070143954878694,-0.012412325870181012,0.56,0.32599964032308243,0.10811434900445366,0.25835208906690765,extreme_greed,8.218129800273664,91,4
2570,2024-02-21,20,51849.39,55346.23265281836,55336.52765108589,55355.937654550835,3.5070143954878694,-0.01333999451084681,0.56,0.3406358057409866,0.10583748155549196,0.2906552523555422,extreme_greed,8.314181557438836,92,1
2571,2024-02-21,21,51849.39,55346.23265281836,55336.52765108589,55355.937654550835,3.5070143954878694,-0.0150311227640681,0.56,0.35099186386164594,0.08273253244640155,0.2524563446945926,extreme_greed,8.489418390409723,95,3
2572,2024-02-21,22,51849.39,55346.224121075255,55335.17937632158,55357.268865828926,3.991146615353647,-0.0165245053369022,0.56,0.3462529967576395,0.08803000279308328,0.2955798443280137,extreme_greed,8.909716578808405,101,6
2573,2024-02-21,23,51849.39,55344.988359563424,55335.17937632158,55354.797342805265,3.5446690052997174,-0.014589363086305651,0.56,0.29763626423026934,0.08136650467896057,0.26501135557706934,extreme_greed,9.032223223512952,103,2
2574,2024-02-21,24,51849.39,55344.988359563424,55335.17937632158,55354.797342805265,3.5446690052997174,-0.014589395506720271,0.56,0.2473462863380677,0.08393969749292952,0.2909582250048115,extreme_greed,9.32807273791079,105,2
2575,2024-02-21,25,51849.39,55344.988359563424,55335.17937632158,55354.797342805265,3.5446690052997174,-0.013607678488437863,0.56,0.2670603039397133,0.08988626400571646,0.2690810522088302,extreme_greed,9.656229787589114,107,2
2576,2024-02-21,26,51849.39,55345.97626153627,55334.68365724361,55357.268865828926,4.080731809407884,-0.011910805391707574,0.56,0.29779703010904435,0.10714788550945445,0.27800019946144594,extreme_greed,10.145222489004276,112,5
2577,2024-02-21,27,51849.39,55346.35784436962,55334.68365724361,55358.03203149563,4.21859272432701,-0.011975114999448694,0.56,0.31192708099723765,0.09940018259479716,0.29764019241245865,extreme_greed,10.75703333644833,119,7
2578,2024-02-21,28,51849.39,55343.18301601107,55334.63484891094,55351.73118311121,3.0891490638198995,-0.014141643939674561,0.56,0.3015517124515723,0.1010056268249137,0.29131345749312904,extreme_greed,11.116969828001531,125,6
2579,2024-02-21,29,51849.39,55334.74098540415,55334.63484891094,55334.847121897365,0.03836161200857491,-0.01521894405119646,0.56,0.25850541614766276,0.10967999860484826,0.26362738239465144,extreme_greed,11.5502030935664,129,4
2580,2024-02-21,30,51849.39,55330.60102657866,55326.35493125995,55334.847121897365,1.5348090351188188,-0.016266351799811746,0.56,0.2673380269703596,0.10202373630970907,0.25520379782091235,extreme_greed,12.622956350366243,138,9
2581,2024-02-21,31,51849.39,55330.1445661975,55326.35493125995,55333.934201135045,1.3698265085911214,-0.01505466629319842,0.56,0.27800369507996137,0.09596991807761308,0.26461450863546265,extreme_greed,12.790096974964447,140,2
2582,2024-02-21,32,51849.39,55329.92324139033,55326.35493125995,55333.49155152071,1.289830139403101,-0.015895896726830033,0.56,0.303228337502459,0.08091192244434578,0.2716811293450837,extreme_greed,12.913808550637814,141,1
2583,2024-02-21,33,51849.39,55329.417342810426,55325.34313410014,55333.49155152071,1.4727097829501528,-0.011196359903103583,0.56,0.328432186925757,0.10629815835111796,0.2964108397823797,extreme_greed,13.411250832109348,149,8
2584,2024-02-21,34,51849.39,55328.23164734076,55325.34313410014,55331.120160581384,1.0441371989014512,-0.014963638938431273,0.56,0.35616152219080605,0.10238246469718679,0.26024007624695833,extreme_greed,13.819559651517356,153,4
2585,2024-02-21,35,51849.39,55326.899952091364,55324.56232520661,55329.23757897613,0.845023627488522,-0.01329472044362094,0.56,0.35224216525893304,0.09902683996440845,0.2509078982803539,extreme_greed,14.354306026389201,159,6
2586,2024-02-21,36,51849.39,55325.70750322475,55322.17742747337,55329.23757897613,1.2761068626818266,-0.015677785682167884,0.56,0.3605375000611629,0.09343827251531493,0.29256411061082654,extreme_greed,14.874871598901409,165,6
2587,2024-02-21,37,51849.39,55324.43063796832,55322.17742747337,55326.68384846327,0.8145444856700449,-0.015495410100722523,0.56,0.3627732714656816,0.08864448467100125,0.26619880532807694,extreme_greed,14.901678993424317,166,1
2588,2024-02-21,38,51849.39,55323.2687063142,55321.58229347107,55324.955119157334,0.609657701928579,-0.021552024873496434,0.56,0.36761330790203844,0.089297897276875,0.2949991638439327,extreme_greed,16.03725132241089,175,9
2589,2024-02-21,39,51849.39,55322.06068429568,55319.16624943403,55324.955119157334,1.046394449465953,-0.019155361267507647,0.56,0.39597985107833233,0.10957922953056559,0.2883506264990385,extreme_greed,16.768104729868625,179,4
2590,2024-02-21,40,51849.39,55321.935354102214,55318.915589047094,55324.955119157334,1.0917062231431902,-0.020090984097328003,0.56,0.37709606405265084,0.10587213056879267,0.29271338463287655,extreme_greed,16.93012917505768,181,2
2591,2024-02-21,41,51849.39,55320.39420231356,55318.915589047094,55321.87281558002,0.5345635322321092,-0.019250828374465637,0.56,0.4078882793172248,0.09828515367348294,0.2683916112160478,extreme_greed,17.129460295239515,184,3
2592,2024-02-21,42,51849.39,55320.39420231356,55318.915589047094,55321.87281558002,0.5345635322321092,-0.017351103749204642,0.56,0.41893807610980377,0.1082914643191286,0.25898169131860704,extreme_greed,17.43986928187883,187,3
2593,2024-02-21,43,51849.39,55321.9509278928,55318.915589047094,55324.9862667385,1.097336154923581,-0.013631017907739865,0.56,0.39898921109958807,0.10016315201041294,0.2626097580713959,extreme_greed,17.91500937705757,194,7
2594,2024-02-21,44,51849.39,55321.9509278928,55318.915589047094,55324.9862667385,1.097336154923581,-0.013550138495675478,0.56,0.4058425868598212,0.08987287640944279,0.2766978273467467,extreme_greed,17.945294384819547,195,1
2595,2024-02-21,45,51849.39,55319.45967137442,55313.93307601033,55324.9862667385,1.9980655620699894,-0.014328171434975393,0.56,0.383442487661407,0.08626237647195888,0.27429102794301996,extreme_greed,18.623941677683145,202,7
2596,2024-02-21,46,51849.39,55314.82832274008,55311.465470737116,55318.19117474304,1.215895305086162,-0.015976309981516983,0.56,0.37694052423683966,0.10821204116786556,0.27772562778454823,extreme_greed,19.034312093173728,206,4
2597,2024-02-21,47,51849.39,55313.33372178997,55311.09090743522,55315.57653614472,0.8109488992408316,-0.01712514899572588,0.56,0.36913461088123894,0.10930913163878783,0.28210645734321305,extreme_greed,19.75825258531402,212,6
2598,2024-02-21,48,51849.39,55312.174535415856,55311.09090743522,55313.258163396495,0.391822592310182,-0.016522598547636286,0.56,0.39549353394813086,0.08271986265528015,0.283362241431662,extreme_greed,19.78917938007014,213,1
2599,2024-02-21,49,51849.39,55311.64266128742,55310.027159178346,55313.258163396495,0.5841454100241829,-0.01695842604509837,0.56,0.4012059362734227,0.0992027118975851,0.28038117879419694,extreme_greed,20.197036298720267,217,4
2600,2024-02-22,0,51288.42,54680.54079227164,54653.45110283221,54707.63048171108,9.90834730122648,0.0063870910442924474,0.48,0.4479701663678502,0.042564598946075484,0.15795542625390968,greed,0.20192037649154534,2,2
2601,2024-02-22,1,51288.42,54668.340684755094,54653.45110283221,54683.23026667798,5.447241213610746,-0.004413807411604864,0.48,0.41768413982168584,0.046541830120032775,0.1646418046880899,greed,0.7071598307171093,8,6
2602,2024-02-22,2,51288.42,54665.18254512525,54653.45110283221,54676.91398741829,4.292107607380736,0.005632298515452534,0.48,0.4301047068475703,0.0580330677342541,0.17746418962720545,greed,0.8767351198802302,9,1
2603,2024-02-22,3,51288.42,54663.29382541186,54653.45110283221,54673.13654799152,3.6012182548279825,0.014720320158289077,0.48,0.3797947087328113,0.04456661673186621,0.15074427990127698,greed,1.0825707376312117,11,2
2604,2024-02-22,4,51288.42,54663.29382541186,54653.45110283221,54673.13654799152,3.6012182548279825,0.016023021549743163,0.48,0.3455796143450735,0.05322261173651434,0.15131914924864365,greed,1.4034228620917732,14,3
2605,2024-02-22,5,51288.42,54662.70055628582,54650.69985653274,54674.7012560389,4.390818467054305,0.0020775275381022585,0.48,0.32846034882667624,0.04497486532582365,0.16296681226473125,greed,2.2171422388134414,23,9
2606,2024-02-22,6,51288.42,54662.70055628582,54650.69985653274,54674.7012560389,4.390818467054305,0.0041816871027347945,0.48,0.30404083691806766,0.041312559906714806,0.1620433064778001,greed,2.6526921709360547,29,6
2607,2024-02-22,7,51288.42,54660.40183381792,54646.10241159695,54674.7012560389,5.232095535795198,-0.008570710991917613,0.48,0.3346906951233185,0.05830352674373196,0.16240491411190114,greed,3.1736386670243477,34,5
2608,2024-02-22,8,51288.42,54658.18684268482,54646.10241159695,54670.27127377269,4.421819231820484,-0.008482374221062731,0.48,0.3594577629615768,0.045341218804787205,0.1632043261961381,greed,3.479226854037199,37,3
2609,2024-02-22,9,51288.42,54650.228010591716,54630.184747410734,54670.27127377269,7.335106882662423,-0.007379522971979158,0.48,0.3346009493715195,0.05219387138748077,0.15331759031891865,greed,4.119172290421411,44,7
2610,2024-02-22,10,51288.42,54644.29751285829,54630.184747410734,54658.41027830584,5.1653204780360635,-0.012956172016775493,0.48,0.30198949327899566,0.05058206535320877,0.17628610086674953,greed,4.389300652696702,47,3
2611,2024-02-22,11,51288.42,54638.7343428146,54625.94346851545,54651.52521711374,4.681980449581148,-0.018223270705824884,0.48,0.30523077258035375,0.04558884844471789,0.15692899044648095,greed,4.9446892609822175,52,5
2612,2024-02-22,12,51288.42,54626.58244796876,54625.65091558409,54627.513980353426,0.3410546085525071,-0.0201765376299859,0.48,0.2971643998180931,0.04374346229853894,0.17319912120343126,greed,5.691149962005022,59,7
2613,2024-02-22,13,51288.42,54633.118103035624,54625.426177175286,54640.810028895954,2.815847283630138,-0.015536412848515504,0.48,0.29320358383328055,0.04702287381113624,0.160832989218794,greed,6.755114044141058,67,8
2614,2024-02-22,14,51288.42,54624.708026714914,54623.44593603649,54625.97011739334,0.46209516682735197,-0.01121416475957783,0.48,0.2913974043020438,0.05794077032501369,0.17705225028121926,greed,7.510246109965916,75,8
2615,2024-02-22,15,51288.42,54624.708026714914,54623.44593603649,54625.97011739334,0.46209516682735197,-0.009665443625168165,0.48,0.3092751959263873,0.059049025262927705,0.15074627646043814,greed,7.581583346871909,77,2
2616,2024-02-22,16,51288.42,54624.708026714914,54623.44593603649,54625.97011739334,0.46209516682735197,-0.0068366961899299465,0.48,0.3188854607300828,0.04546162900642637,0.15907866855245664,greed,7.703110696952074,78,1
2617,2024-02-22,17,51288.42,54624.708026714914,54623.44593603649,54625.97011739334,0.46209516682735197,-0.0033736551557982733,0.48,0.305850697333381,0.04876665551228708,0.17180204509060026,greed,7.876412185074554,81,3
2618,2024-02-22,18,51288.42,54625.097539277485,54622.58059925742,54627.61447929756,0.9215324579557213,-0.004480518319297159,0.48,0.30545626620612765,0.05865363804721005,0.15793478620042434,greed,8.419842259143877,89,8
2619,2024-02-22,19,51288.42,54624.452002840524,54621.28952638349,54627.61447929756,1.157897733005183,-0.00370324628139438,0.48,0.31294484074505674,0.04179934557721922,0.16690151221998495,greed,9.35911841594578,95,6
2620,2024-02-22,20,51288.42,54621.74265375784,54620.19313894637,54623.29216856932,0.5673619098157752,-0.00427063739265497,0.48,0.2842975214038995,0.05633490558945363,0.17284048968608676,greed,10.106749684831714,103,8
2621,2024-02-22,21,51288.42,54621.74265375784,54620.19313894637,54623.29216856932,0.5673619098157752,-0.006382196485850311,0.48,0.26031212436991463,0.0449062099597196,0.17897374590320902,greed,10.583231574045886,106,3
2622,2024-02-22,22,51288.42,54621.1655513574,54618.27990572887,54624.05119698593,1.0566034610942956,-0.008691676129682245,0.48,0.24352580699626555,0.05175338102946521,0.15953817989120467,greed,11.562583499339047,114,8
2623,2024-02-22,23,51288.42,54620.85756702867,54617.663937071404,54624.05119698593,1.1693811117276944,-0.008239567639241357,0.48,0.20416498226349084,0.05461413768725772,0.15127004837707475,greed,12.380767322421228,120,6
2624,2024-02-22,24,51288.42,54618.86592791253,54617.629158026204,54620.10269779886,0.45287278134246167,-0.00309681600127047,0.48,0.20727737603272667,0.05328688582929429,0.15642157368682302,greed,13.22338362969229,126,6
2625,2024-02-22,25,51288.42,54618.45103387177,54616.79936994468,54620.10269779886,0.604800720571236,-0.003710212997312794,0.48,0.20505807843439475,0.04395341873748538,0.16645450757247374,greed,14.28286504002323,135,9
2626,2024-02-22,26,51288.42,54618.23128920202,54612.2244936898,54624.23808471424,2.199556950284777,-0.0052271827907228625,0.48,0.21730076030541395,0.042163207044703645,0.16526628754228004,greed,15.583732011248424,145,10
2627,2024-02-22,27,51288.42,54617.6067361407,54610.97538756715,54624.23808471424,2.4282823689367325,-0.008292018455709722,0.48,0.2045597404948116,0.059031606188797395,0.1783450635906221,greed,16.31877858069274,149,4
2628,2024-02-22,28,51288.42,54615.159474046646,54602.45630672013,54627.86264137316,4.651883267887239,0.00023399486866858607,0.48,0.21798456682957845,0.047123570686568424,0.17841262640926667,greed,17.70837381498786,160,11
2629,2024-02-22,29,51288.42,54614.4459721634,54600.89454095634,54627.99740337046,4.962581224010269,0.005113079612246406,0.48,0.24724495110203457,0.05158145055371989,0.15695703365306743,greed,18.765839797269848,169,9
2630,2024-02-22,30,51288.42,54624.36315558954,54620.310707665274,54628.415603513815,1.4837510920640207,0.005684730426319056,0.48,0.23508491781964333,0.05673848659818584,0.15082895498567792,greed,19.599175616892992,176,7
2631,2024-02-22,31,51288.42,54625.242017395096,54622.068431276384,54628.415603513815,1.1619485796345617,0.003127027024811695,0.48,0.1984748527679442,0.04280570025575934,0.17659692337893457,greed,20.292774154206413,179,3
2632,2024-02-22,32,51288.42,54613.62757740196,54598.839551290104,54628.415603513815,5.415507728687952,0.00012042839836908585,0.48,0.18761374775011666,0.04625312628710439,0.1553469929673475,greed,20.532089325099555,183,4
2633,2024-02-22,33,51288.42,54608.51826444623,54598.839551290104,54618.19697760236,3.544763148217532,0.0014247736925060627,0.48,0.20313991570738213,0.04807045533014459,0.16195631143096148,greed,20.899838929570066,187,4
2634,2024-02-22,34,51288.42,54606.10952902052,54598.839551290104,54613.379506750935,2.6626975600785032,0.003329707843564938,0.48,0.1988562912339968,0.04726257420979272,0.17854810687499365,greed,21.14983994134641,191,4
2635,2024-02-22,35,51288.42,54606.06122516052,54598.74294357011,54613.379506750935,2.6803916730910666,0.0021160115049810723,0.48,0.18047186167289742,0.04289797318614692,0.15531933760567934,greed,21.25032795823851,193,2
2636,2024-02-22,36,51288.42,54606.06122516052,54598.74294357011,54613.379506750935,2.6803916730910666,0.0036517060016333994,0.48,0.3612477258909733,0.05307271045435458,0.15056616763771816,greed,21.42196531161678,195,2
2637,2024-02-22,37,51288.42,54608.08450692281,54598.74294357011,54617.426070275505,3.4213114915291656,0.004122592042900259,0.48,0.36939099192117675,0.05564068539769838,0.17903908336560764,greed,21.8990582126321,201,6
2638,2024-02-22,38,51288.42,54608.08450692281,54598.74294357011,54617.426070275505,3.4213114915291656,0.0034183239275684518,0.48,0.35335874195656497,0.04034936260558005,0.15577119276787407,greed,21.956681043505142,203,2
2639,2024-02-22,39,51288.42,54608.08450692281,54598.74294357011,54617.426070275505,3.4213114915291656,0.003882479350834376,0.48,0.3408202473007474,0.058741767962129925,0.1526234725310666,greed,22.144003014154865,207,4
2640,2024-02-22,40,51288.42,54608.08450692281,54598.74294357011,54617.426070275505,3.4213114915291656,0.005131520573200546,0.48,0.298586081769943,0.04437960459783115,0.1673328920249312,greed,22.285891809582154,209,2
2641,2024-02-22,41,51288.42,54608.84157015025,54599.48616269815,54618.19697760236,3.426334338217877,0.003243395723945644,0.48,0.3002914277325178,0.04868437192336835,0.1540568355286549,greed,22.71712411649338,213,4
2642,2024-02-22,42,51288.42,54608.46996058624,54598.74294357011,54618.19697760236,3.5624572609871996,0.0006363782600576076,0.48,0.2776880253275095,0.05416022661742579,0.1760538773684241,greed,23.050613263123537,217,4
2643,2024-02-22,43,51288.42,54608.46996058624,54598.74294357011,54618.19697760236,3.5624572609871996,0.0021511790009731734,0.48,0.26173567451502977,0.0462682672970734,0.161417615846933,greed,23.223246846878453,218,1
2644,2024-02-22,44,51288.42,54608.98043948606,54598.74294357011,54619.21793540201,3.7493818172614257,0.0033534258842235314,0.48,0.23283560333321063,0.04872499823419633,0.17942530104671695,greed,23.659453301026723,224,6
2645,2024-02-22,45,51288.42,54612.21697058114,54605.21600576026,54619.21793540201,2.563882299320473,0.0054914698596690995,0.48,0.2120439071576127,0.052277916844158265,0.15934953301828955,greed,24.10014552703799,227,3
2646,2024-02-22,46,51288.42,54623.48716366696,54622.61749421593,54624.356833118,0.3184232630298931,0.005365898022800252,0.48,0.21433693945970592,0.04253443341905354,0.17199072644590974,greed,24.65972227031953,234,7
2647,2024-02-22,47,51288.42,54623.48716366696,54622.61749421593,54624.356833118,0.3184232630298931,0.005686838985567246,0.48,0.22139525485209352,0.04897226505659344,0.17649399186982373,greed,24.900351699233386,236,2
2648,2024-02-22,48,51288.42,54623.175147430884,54621.99346174377,54624.356833118,0.4326682525964846,0.004781670266069907,0.48,0.22186844725979857,0.04106697989099722,0.17542722089370788,greed,25.092026728211412,239,3
2649,2024-02-22,49,51288.42,54624.203260257826,54621.99346174377,54626.41305877188,0.8090913485835448,0.005046675902996126,0.48,0.23233608052235535,0.04977412336783204,0.17669891115411743,greed,25.512474107072688,245,6
2650,2024-02-23,0,50744.15,54052.4324859113,54021.59673106142,54083.26824076117,11.409571570312782,0.012404686522058072,0.52,0.4844555103009011,0.08298472800987118,0.2911381967733685,extreme_greed,0.3213652921732786,4,4
2651,2024-02-23,1,50744.15,54057.65579868335,54032.04335660553,54083.26824076117,9.475972163204789,0.02082644848181871,0.52,0.47824235502804047,0.08263598992795829,0.28415400867370677,extreme_greed,0.48716799955929,5,1
2652,2024-02-23,2,50744.15,54060.3226527104,54037.377064659624,54083.26824076117,8.488883130860684,0.027912282375627876,0.52,0.49235832640252536,0.08799491600038536,0.288126755602701,extreme_greed,0.6755675363923425,6,1
2653,2024-02-23,3,50744.15,54066.755369511935,54050.2424982627,54083.26824076117,6.108327062122347,0.016290041378499175,0.52,0.49972932999314107,0.09338786755429695,0.2847394499299392,extreme_greed,1.1110726341015527,9,3
2654,2024-02-23,4,50744.15,54073.052535357674,54055.72834383633,54090.37672687902,6.407698736821201,0.01277208459463578,0.52,0.4791417641521384,0.10052686132664077,0.2684964047652829,extreme_greed,1.407437249758642,13,4
2655,2024-02-23,5,50744.15,54076.81562768708,54059.15191466533,54094.47934070883,6.532822917444804,0.032133915961446255,0.52,0.4421754705316061,0.08989907941834081,0.2904084123594388,extreme_greed,1.9434112748444234,18,5
2656,2024-02-23,6,50744.15,54089.9002955004,54083.563124510445,54096.23746649036,2.3431993608187764,0.03273407604247911,0.52,0.440812566862664,0.0899683721117599,0.2950362905061992,extreme_greed,2.670367437189923,25,7
2657,2024-02-23,7,50744.15,54088.3574640537,54080.47746161703,54096.23746649036,2.9137517965494086,0.014475687912040463,0.52,0.4286051169134059,0.08351321694515834,0.26496733882423384,extreme_greed,3.2605207375097125,31,6
2658,2024-02-23,8,50744.15,54088.3574640537,54080.47746161703,54096.23746649036,2.9137517965494086,0.022434069723944912,0.52,0.414067970919773,0.10116069009066261,0.2708737278039083,extreme_greed,3.717628711300876,35,4
2659,2024-02-23,9,50744.15,54086.653103160425,54068.28430998796,54105.021896332895,6.792357122720091,0.025838501243380232,0.52,0.40668880275082203,0.09179692093918633,0.2913181592428232,extreme_greed,4.319479305167971,42,7
2660,2024-02-23,10,50744.15,54086.653103160425,54068.28430998796,54105.021896332895,6.792357122720091,0.025310032609963656,0.52,0.37367958644622745,0.09292283475085206,0.2824057922142348,extreme_greed,4.599237074148628,44,2
2661,2024-02-23,11,50744.15,54085.190756794706,54065.35961725652,54105.021896332895,7.333297437134296,0.012216737439789764,0.52,0.34312609263738,0.086916519472111,0.27349042814414504,extreme_greed,5.148438451196093,50,6
2662,2024-02-23,12,50744.15,54085.66308991202,54065.35961725652,54105.96656256751,7.507894512355986,0.012896257928399518,0.52,0.31245888011283246,0.0895777011574369,0.2696225942434254,extreme_greed,5.459418115695759,53,3
2663,2024-02-23,13,50744.15,54085.33352017893,54064.70047779035,54105.96656256751,7.629810540368775,0.0185752474817579,0.52,0.31102569094783583,0.1079423098337918,0.2841668140640107,extreme_greed,6.026405747764231,58,5
2664,2024-02-23,14,50744.15,54092.17459851314,54077.7053143575,54106.64388266877,5.349862253839939,0.017389569404541425,0.52,0.321877517778271,0.09204890624998306,0.29149787545780914,extreme_greed,6.642861058134158,64,6
2665,2024-02-23,15,50744.15,54092.17459851314,54077.7053143575,54106.64388266877,5.349862253839939,0.018525347184003768,0.52,0.2895588457301821,0.10468344094598504,0.27701471213361833,extreme_greed,6.937108814001695,67,3
2666,2024-02-23,16,50744.15,54095.10374634823,54077.7053143575,54112.50217833895,6.4325348454108235,0.023792251216542732,0.52,0.2772847772736515,0.10350668049927278,0.27875431806925577,extreme_greed,7.269520102274163,72,5
2667,2024-02-23,17,50744.15,54100.49505575167,54088.48793316439,54112.50217833895,4.438821705756313,0.025365923637661405,0.52,0.24775732097222558,0.092534347487045,0.26315257570059686,extreme_greed,7.426197773725898,74,2
2668,2024-02-23,18,50744.15,54107.608162115386,54102.1551547657,54113.061169465065,2.015615746068271,0.028923954115103453,0.52,0.25048991673448695,0.10026799604522375,0.26248401939902555,extreme_greed,7.961795382890238,80,6
2669,2024-02-23,19,50744.15,54107.88516735533,54102.1551547657,54113.615179944965,2.1179953982343935,0.0248225544767452,0.52,0.2361090829681701,0.10829702850040906,0.2861457526461468,extreme_greed,8.8921110455776,85,5
2670,2024-02-23,20,50744.15,54101.56311142718,54088.48793316439,54114.63828968998,4.833567649742864,0.018784206207196504,0.52,0.2308795723071032,0.10895422102213058,0.2744852697098999,extreme_greed,9.505192448405412,92,7
2671,2024-02-23,21,50744.15,54101.56311142718,54088.48793316439,54114.63828968998,4.833567649742864,0.02219477692786326,0.52,0.24005783533352032,0.09375814639017026,0.28484966170354004,extreme_greed,9.780514317901675,94,2
2672,2024-02-23,22,50744.15,54104.85975271872,54093.88487889212,54115.83462654533,4.056890222714133,0.025321066634349288,0.52,0.26299816096368844,0.08327784669772571,0.2974467937500752,extreme_greed,10.054985759740205,98,4
2673,2024-02-23,23,50744.15,54110.15164985678,54104.46867316823,54115.83462654533,2.100521442010939,0.020503299244093897,0.52,0.263475485278672,0.09508351132315915,0.28106000723020913,extreme_greed,10.328842996515991,102,4
2674,2024-02-23,24,50744.15,54110.15164985678,54104.46867316823,54115.83462654533,2.100521442010939,0.02006401481493266,0.52,0.23851075212497364,0.09134454839877383,0.2901971765388026,extreme_greed,10.492029331422524,105,3
2675,2024-02-23,25,50744.15,54110.44719582935,54104.46867316823,54116.42571849047,2.2097480139033214,0.02685465493280484,0.52,0.20756812888691256,0.10807390522686358,0.2701614736340398,extreme_greed,11.382470154604448,112,7
2676,2024-02-23,26,50744.15,54114.03924839248,54110.057718655684,54118.02077812927,1.4715330040388508,0.02286979163937291,0.52,0.21410650295360534,0.10137626027398991,0.26839514626431377,extreme_greed,11.998875312159807,119,7
2677,2024-02-23,27,50744.15,54114.03924839248,54110.057718655684,54118.02077812927,1.4715330040388508,0.02534355116564833,0.52,0.2560473285656119,0.08757327389083903,0.2788257895244319,extreme_greed,12.262419719504669,122,3
2678,2024-02-23,28,50744.15,54119.05378774158,54118.79929209037,54119.308283392784,0.09405029592892511,0.025237678791348462,0.52,0.24395307885154865,0.09058532355120501,0.2822665406414761,extreme_greed,12.982888998981581,130,8
2679,2024-02-23,29,50744.15,54115.73720906339,54112.166134734,54119.308283392784,1.319791437229067,0.022670171547641487,0.52,0.26914602322816156,0.10230768219563678,0.2669537074240888,extreme_greed,13.229829116425023,136,6
2680,2024-02-23,30,50744.15,54115.73720906339,54112.166134734,54119.308283392784,1.319791437229067,0.019724300668325884,0.52,0.24956792157405464,0.09386765728532301,0.26507983037229615,extreme_greed,13.585183295177483,140,4
2681,2024-02-23,31,50744.15,54115.84673310889,54112.166134734,54119.527331483776,1.3602663903759047,0.022924014121169005,0.52,0.24836177379450888,0.08129006496333716,0.2560883188799783,extreme_greed,14.009331499858794,145,5
2682,2024-02-23,32,50744.15,54119.86518151061,54118.5663709181,54121.16399210312,0.4799755461884068,0.027551806653276844,0.52,0.25342654861823954,0.10525916356121887,0.2731917171475026,extreme_greed,14.501817863199006,149,4
2683,2024-02-23,33,50744.15,54119.98044487645,54118.5663709181,54121.394518834786,0.5225700182142733,0.025132759528473964,0.52,0.27556718532027413,0.09573756737220573,0.2611374385136852,extreme_greed,15.544187612884675,156,7
2684,2024-02-23,34,50744.15,54116.8996531107,54112.166134734,54121.63317148739,1.7493679080055509,0.02232952861204913,0.52,0.27149522057715286,0.09006583074049695,0.2668696415624383,extreme_greed,16.272204755404516,161,5
2685,2024-02-23,35,50744.15,54116.490867785884,54110.057718655684,54122.924016916084,2.377518951078005,0.02357565084057302,0.52,0.22802928709864034,0.08253927821636754,0.2523248019845652,extreme_greed,17.788904561164248,175,14
2686,2024-02-23,36,50744.15,54117.07617033845,54111.228323760806,54122.924016916084,2.1611834901176907,0.024400070747327012,0.52,0.22496887916468847,0.08564440781628227,0.2944004423001319,extreme_greed,18.107564902956366,178,3
2687,2024-02-23,37,50744.15,54118.658168051494,54114.3923191869,54122.924016916084,1.5764799087751715,0.021437655801714587,0.52,0.21289589667615183,0.09561581338427491,0.286210491540668,extreme_greed,18.685296038971106,183,5
2688,2024-02-23,38,50744.15,54121.67850128061,54118.87288171257,54124.48412084864,1.0367821714805483,0.022503907211888753,0.52,0.21027315156292664,0.08383380464773466,0.29739686731898257,extreme_greed,19.040974352466613,187,4
2689,2024-02-23,39,50744.15,54122.42111056438,54120.154711105606,54124.687510023155,0.8375085268801096,0.024797783614639395,0.52,0.21312971655821053,0.0891668918306429,0.27477623116559224,extreme_greed,19.35074303513837,193,6
2690,2024-02-23,40,50744.15,54123.92566754562,54123.163825068084,54124.687510023155,0.28151781975872536,0.023290182217950345,0.52,0.20908178243740494,0.10219597398628752,0.2755034594475354,extreme_greed,19.96873254095867,197,4
2691,2024-02-23,41,50744.15,54124.08413547487,54123.163825068084,54125.004445881656,0.3400742650839131,0.024101419624138334,0.52,0.21420346770093351,0.09005329580110832,0.2931527196557975,extreme_greed,20.737315781177166,204,7
2692,2024-02-23,42,50744.15,54124.35612307307,54121.62462507355,54127.0876210726,1.0093415220730932,0.023559620493783438,0.52,0.266444110671589,0.0896264419710993,0.27397705625531144,extreme_greed,21.60098964688795,211,7
2693,2024-02-23,43,50744.15,54126.57239826557,54125.06726130171,54128.07753522943,0.5561545456030589,0.022626195820024265,0.52,0.30874966092422285,0.10276736746661089,0.26328997109643365,extreme_greed,22.400568732037467,219,8
2694,2024-02-23,44,50744.15,54124.962790858204,54121.62462507355,54128.30095664286,1.2335032164562225,0.018349645977973082,0.52,0.31316295168050645,0.10768027485572723,0.2564623846994613,extreme_greed,23.988108908379587,229,10
2695,2024-02-23,45,50744.15,54126.7930966593,54121.62462507355,54131.961568245046,1.909764569468717,0.018946336488903533,0.52,0.29169976027213956,0.08164361740774742,0.2851652653431689,extreme_greed,24.323747764989772,235,6
2696,2024-02-23,46,50744.15,54131.12567139782,54130.289774550605,54131.961568245046,0.3088414795933055,0.018432004717401734,0.52,0.29422391578010015,0.08385511935503628,0.25438669636313493,extreme_greed,24.616857155238378,238,3
2697,2024-02-23,47,50744.15,54128.061838840185,54124.162109435325,54131.961568245046,1.4409270431560566,0.01414590752064051,0.52,0.3071982766433896,0.10566533526159523,0.2915519763553564,extreme_greed,25.103709396334605,242,4
2698,2024-02-23,48,50744.15,54128.061838840185,54124.162109435325,54131.961568245046,1.4409270431560566,0.013738767642487115,0.52,0.2916549076157011,0.1078641205999337,0.2653500091424167,extreme_greed,25.3964471984219,244,2
2699,2024-02-23,49,50744.15,54126.14907711637,54120.3365859877,54131.961568245046,2.1477571295127245,0.009469592923918657,0.52,0.31197653714442836,0.100986768783549,0.26466780399969936,extreme_greed,26.032500636683803,253,9
2700,2024-02-24,0,51568.22,54127.92049390392,54123.60101328759,54132.23997452025,1.596026810901256,0.007242733857289418,0.44,0.42717795640396544,0.04916754078277322,0.15831136788850267,greed,26.623995963646696,260,7
2701,2024-02-24,1,51568.22,54126.288280253975,54120.3365859877,54132.23997452025,2.1991880305767246,0.004976995247154904,0.44,0.43269901322221,0.04900057024037375,0.1675126256634921,greed,26.90928139624276,263,3
2702,2024-02-24,2,51568.22,54126.288280253975,54120.3365859877,54132.23997452025,2.1991880305767246,0.004543790655756927,0.44,0.4034711976296447,0.05398354862923146,0.1506747698890662,greed,27.059200377029867,266,3
2703,2024-02-24,3,51568.22,54126.288280253975,54120.3365859877,54132.23997452025,2.1991880305767246,0.005656994949084807,0.44,0.3810090330578869,0.05388794654959827,0.1730425962392315,greed,27.311930876667223,269,3
2704,2024-02-24,4,51568.22,54125.66238907118,54118.87288171257,54132.4518964298,2.5087941870568184,0.0025190229495995237,0.44,0.3652894661477075,0.05773173202120687,0.1507253413126251,greed,28.174268823001167,278,9
2705,2024-02-24,5,51568.22,54124.798863720614,54117.14583101144,54132.4518964298,2.8279209788651696,0.0019037426862633369,0.44,0.37724710822216667,0.05052797591730547,0.17035080269348704,greed,29.136382168659704,285,7
2706,2024-02-24,6,51568.22,54124.42672584554,54115.93742818619,54132.916023504884,3.136956148227817,0.0022227365163411334,0.44,0.3418093697440966,0.05001877383499789,0.1785343869421624,greed,29.879075568068593,293,8
2707,2024-02-24,7,51568.22,54124.42672584554,54115.93742818619,54132.916023504884,3.136956148227817,0.002241020816023589,0.44,0.31262304716575073,0.048586423338754105,0.15163098535320552,greed,30.429333660836225,297,4
2708,2024-02-24,8,51568.22,54130.33961779348,54127.32100594233,54133.35822964462,1.1153123636240425,0.0022921768473405614,0.44,0.30001679204282133,0.04761391071354688,0.1661548995223518,greed,30.83890204898269,302,5
2709,2024-02-24,9,51568.22,54125.078763724,54115.93742818619,54134.22009926181,3.3778557912923324,0.0015741731240234895,0.44,0.2668662478836729,0.05827592518853258,0.15647324989328068,greed,32.05876767692346,313,11
2710,2024-02-24,10,51568.22,54125.023712539725,54115.71609062493,54134.331334454524,3.439304512541915,0.0024117642547414413,0.44,0.26080142356748576,0.05902224401952533,0.1523109599995234,greed,32.52777795711897,318,5
2711,2024-02-24,11,51568.22,54125.023712539725,54115.71609062493,54134.331334454524,3.439304512541915,0.0012199261655148229,0.44,0.25348874624149925,0.05768294425971444,0.17244435807309422,greed,32.70915171566138,319,1
2712,2024-02-24,12,51568.22,54125.023712539725,54115.71609062493,54134.331334454524,3.439304512541915,0.0009442436735778257,0.44,0.22591772183360528,0.05157436021180476,0.16092855003884496,greed,33.040824857496,323,4
2713,2024-02-24,13,51568.22,54125.91204648428,54115.23917131035,54136.58492165821,3.9437211385047077,0.002426362158701997,0.44,0.21912057581795075,0.0577397413904664,0.15595069404748,greed,33.65146634274624,331,8
2714,2024-02-24,14,51568.22,54125.91204648428,54115.23917131035,54136.58492165821,3.9437211385047077,0.0007675325382025664,0.44,0.20224790297699657,0.04236793682855308,0.17268214830665285,greed,33.91966133002305,334,3
2715,2024-02-24,15,51568.22,54125.67451782081,54114.7641139834,54136.58492165821,4.031507758415211,-0.0005021819058453757,0.44,0.2233835217771916,0.04893831575713887,0.17202013051798815,greed,34.18901476946154,339,5
2716,2024-02-24,16,51568.22,54125.67451782081,54114.7641139834,54136.58492165821,4.031507758415211,-0.0019997857997629946,0.44,0.2121552425110787,0.05770238641815292,0.15134806357358177,greed,34.71537791999897,343,4
2717,2024-02-24,17,51568.22,54125.48758586122,54114.3923191869,54136.58285253555,4.099830659897758,-0.002625386833655917,0.44,0.19633660716041718,0.04234943880545718,0.15539079283953908,greed,34.82985456127288,345,2
2718,2024-02-24,18,51568.22,54121.97633649658,54112.785470321025,54131.16720267213,3.3963527563769795,-0.002784396890126849,0.44,0.19973180673633908,0.059689347461852324,0.16670868389582205,greed,35.44317544844286,351,6
2719,2024-02-24,19,51568.22,54119.05786256197,54112.785470321025,54125.3302548029,2.317997573744796,-0.002186725247191595,0.44,0.21112374365743147,0.0466554109209836,0.16146344593528555,greed,35.65309089272263,354,3
2720,2024-02-24,20,51568.22,54118.891927977165,54112.453601151436,54125.3302548029,2.3793269212908785,-0.003438534495639439,0.44,0.19809838678099997,0.043936234989206145,0.15047680179420012,greed,36.35647831781923,361,7
2721,2024-02-24,21,51568.22,54115.682967515626,54112.453601151436,54118.912333879816,1.1935047982777442,-0.0029828355530691253,0.44,0.20334171570390253,0.05122105679047758,0.16151817669111776,greed,36.542638329347206,363,2
2722,2024-02-24,22,51568.22,54115.682967515626,54112.453601151436,54118.912333879816,1.1935047982777442,-0.0035074147619099986,0.44,0.2219066819516489,0.05037230063270668,0.1730422195743186,greed,36.649335176655754,364,1
2723,2024-02-24,23,51568.22,54117.67510995727,54112.453601151436,54122.8966187631,1.9296870367116468,-0.0009813407924273258,0.44,0.19601359659022335,0.05506519077191638,0.17282383527460193,greed,37.504258020326745,371,7
2724,2024-02-24,24,51568.22,54117.67510995727,54112.453601151436,54122.8966187631,1.9296870367116468,-0.00010602624324957359,0.44,0.20330902101320006,0.042599408732376255,0.1649003182073318,greed,37.703323355288674,373,2
2725,2024-02-24,25,51568.22,54117.73656101723,54112.31248843291,54123.160633601554,2.0045452485645874,0.0002052038617075996,0.44,0.23048223364052894,0.05397772170234136,0.1771250564864318,greed,37.997635736516635,379,6
2726,2024-02-24,26,51568.22,54117.80404093524,54112.31248843291,54123.29559343758,2.029480907311534,0.0005458822526546028,0.44,0.21695360321160903,0.05666782628209208,0.17787408701165303,greed,38.78687378475189,386,7
2727,2024-02-24,27,51568.22,54117.30840012904,54111.32120682051,54123.29559343758,2.212672243145009,-0.0012587437533568941,0.44,0.23414875501673882,0.05537150344818797,0.1677497419657101,greed,39.14535967724977,390,4
2728,2024-02-24,28,51568.22,54116.03997321608,54109.64899911607,54122.43094731609,2.361951873482571,-0.004205567312174174,0.44,0.239521146766389,0.04858640085708353,0.1726341442500671,greed,39.74319823538706,398,8
2729,2024-02-24,29,51568.22,54115.89530715272,54109.359666989345,54122.43094731609,2.4154234633936653,-0.004364595258260318,0.44,0.2497678855484357,0.058717425839289156,0.17602932098736,greed,40.57829935902606,404,6
2730,2024-02-24,30,51568.22,54115.56760618898,54108.70426506187,54122.43094731609,2.5365496217492374,-0.005278143646980973,0.44,0.23447348403513252,0.05034573535535854,0.15223192873115846,greed,41.27374430803156,409,5
2731,2024-02-24,31,51568.22,54112.403902550825,54108.04058211322,54116.767222988434,1.612687710367972,-0.00468219951086937,0.44,0.2280634090558675,0.057370129413707824,0.1691827392052971,greed,42.034591001180466,413,4
2732,2024-02-24,32,51568.22,54112.400590289224,54108.033957590014,54116.767222988434,1.6139120244439304,-0.0036798770001680602,0.44,0.26673525766310363,0.05786059916171936,0.17867585041124212,greed,42.81432277326348,418,5
2733,2024-02-24,33,51568.22,54113.62314129861,54108.003687464974,54119.24259513224,2.076909106218244,-0.002938829722012218,0.44,0.24928370569706929,0.05596989067053125,0.17893528667974964,greed,43.69479673665595,427,9
2734,2024-02-24,34,51568.22,54113.62314129861,54108.003687464974,54119.24259513224,2.076909106218244,-0.0034512668940269798,0.44,0.2410192747193941,0.043201922753148894,0.16152344733731308,greed,44.01493462754372,431,4
2735,2024-02-24,35,51568.22,54113.613221634194,54107.983848136144,54119.24259513224,2.0805757231512145,-0.004326086495933472,0.44,0.2453782618803944,0.04610507258200886,0.17925882154290138,greed,44.52703564998475,437,6
2736,2024-02-24,36,51568.22,54108.658882176096,54107.983848136144,54109.33391621605,0.24951054189757954,-0.004266707270826181,0.44,0.2637908519745502,0.054641967396453835,0.17218032998865915,greed,44.52703564998475,437,0
2737,2024-02-24,37,51568.22,54108.41045876937,54107.4870013227,54109.33391621605,0.34133601000130337,-0.0038734656032154524,0.44,0.2795934264291836,0.0445687259199575,0.16269108537246554,greed,45.55414048197033,446,9
2738,2024-02-24,38,51568.22,54108.31866175473,54107.30340729342,54109.33391621605,0.3752674215076822,-0.003910952037433843,0.44,0.2826167822953456,0.051747488002516176,0.16348759797335335,greed,46.182710901378336,450,4
2739,2024-02-24,39,51568.22,54107.32012468802,54107.30340729342,54107.33684208262,0.006179346736954604,-0.0043133766942625145,0.44,0.29463046961395983,0.0413585162873261,0.1701948219834079,greed,46.467294253660484,452,2
2740,2024-02-24,40,51568.22,54107.22527179957,54107.11370151653,54107.33684208262,0.04124043784767996,-0.003941267616371387,0.44,0.26672614872041733,0.057917085140170604,0.1673384922254353,greed,47.27426028216194,457,5
2741,2024-02-24,41,51568.22,54107.12671981439,54106.91659754616,54107.33684208262,0.07766898039894539,-0.006480764253053826,0.44,0.2427847477523358,0.04320768267687343,0.1714637086607945,greed,48.35817251693794,465,8
2742,2024-02-24,42,51568.22,54106.93227228007,54106.52770247751,54107.33684208262,0.14954453544653426,-0.006173202249941072,0.44,0.2612088093906014,0.0511694558323227,0.17449361566801674,greed,49.19073750380849,472,7
2743,2024-02-24,43,51568.22,54108.80754326247,54106.253806563866,54111.36127996107,0.9439264380612727,-0.006599224523785,0.44,0.2409576826047191,0.0468573747905483,0.1731992601059279,greed,50.29690387206489,482,10
2744,2024-02-24,44,51568.22,54108.39254230535,54105.42380464963,54111.36127996107,1.09732982860221,-0.007228262621669989,0.44,0.2216967549871807,0.051732666259460325,0.17728551949335158,greed,50.95539413353198,485,3
2745,2024-02-24,45,51568.22,54108.18083460072,54105.00038924036,54111.36127996107,1.175587614034397,-0.007678594559322009,0.44,0.22449442332119016,0.056119059367549656,0.15391873449229773,greed,51.765217409889004,490,5
2746,2024-02-24,46,51568.22,54105.005139238994,54104.87824569708,54105.13203278091,0.04690639676951403,-0.0061975691471357576,0.44,0.20812599372424714,0.043980353840299746,0.17360882180956227,greed,52.601954170047925,494,4
2747,2024-02-24,47,51568.22,54108.110016129525,54104.85875229798,54111.36127996107,1.2017658094420454,-0.0048123696671043496,0.44,0.19332566999762385,0.05998181535594622,0.17517274495956314,greed,53.50046454890033,501,7
2748,2024-02-24,48,51568.22,54107.97251489915,54104.58374983723,54111.36127996107,1.252593621388642,-0.004443563674611905,0.44,0.20784517856589646,0.056873045130569955,0.15783380542084366,greed,54.21813303053394,505,4
2749,2024-02-24,49,51568.22,54108.46505611224,54104.14128616903,54112.78882605544,1.5981861391628993,-0.004337879878063123,0.44,0.21672394117360821,0.052318640141733375,0.1630407117799076,greed,55.37892693960054,514,9
2750,2024-02-25,0,51728.85,54105.60094031218,54104.12598671572,54107.07589390864,0.5452129061778619,-0.00458969712600491,0.48,0.4746144793946812,0.05252119062885659,0.1509170510204289,greed,56.09401308010609,521,7
2751,2024-02-25,1,51728.85,54105.60094031218,54104.12598671572,54107.07589390864,0.5452129061778619,-0.003279826973863931,0.48,0.3999613963922032,0.05849417984091141,0.178058104877458,greed,56.897697651241174,528,7
2752,2024-02-25,2,51728.85,54105.987376555684,54103.526555825185,54108.448197286176,0.9096297285434081,-0.0024908252399682977,0.48,0.39437863631250847,0.05804692112855173,0.17370733427703441,greed,57.28218390312627,534,6
2753,2024-02-25,3,51728.85,54104.894806176715,54103.526555825185,54106.26305652825,0.5057769196060193,-0.0010942327997336715,0.48,0.3348602576110308,0.05128678446364347,0.17378737422649942,greed,57.75758909833239,541,7
2754,2024-02-25,4,51728.85,54104.894806176715,54103.526555825185,54106.26305652825,0.5057769196060193,-0.0020850435646970695,0.48,0.3411235277146848,0.05414909583465803,0.16438441893573003,greed,58.07428273360348,544,3
2755,2024-02-25,5,51728.85,54104.6820524208,54103.10104831336,54106.26305652825,0.584424137606269,-0.0032129715058768224,0.48,0.302739770427048,0.05977351086291588,0.1680596338394163,greed,59.35453406194744,553,9
2756,2024-02-25,6,51728.85,54104.47650031948,54102.689944110694,54106.26305652825,0.660409756951821,-0.0042658167835371765,0.48,0.31043746805986727,0.05432738110228087,0.1636322925384439,greed,60.129565907207116,560,7
2757,2024-02-25,7,51728.85,54104.41052020116,54102.557983874074,54106.26305652825,0.6848004845732474,-0.004213389788534845,0.48,0.32100393501819324,0.04935725474721565,0.15099763821637824,greed,61.0323170017695,566,6
2758,2024-02-25,8,51728.85,54105.59651808368,54102.21060905039,54108.98242711698,1.251592903947986,-0.004065824100594113,0.48,0.3006381863306359,0.045499387329058984,0.1541532790339662,greed,61.95844169849933,575,9
2759,2024-02-25,9,51728.85,54105.5839538124,54101.44691484929,54109.7209927755,1.5292465807730034,-0.0028971217073428196,0.48,0.2853804048375503,0.05399979669104318,0.15018249932744876,greed,63.056042047788466,585,10
2760,2024-02-25,10,51728.85,54105.560853777744,54101.40071477998,54109.7209927755,1.5377861100100922,-0.003745664407208135,0.48,0.26016852325301465,0.05916900712904917,0.1787626384864471,greed,64.0382274954037,593,8
2761,2024-02-25,11,51728.85,54105.5371314516,54100.555982149286,54110.51828075392,1.8412715468338892,-0.0029181095160338475,0.48,0.2565951155284987,0.052890296488695934,0.16799112409532233,greed,65.1180184976582,602,9
2762,2024-02-25,12,51728.85,54105.188086213486,54099.85789167306,54110.51828075392,1.970308108691526,-0.0033611393565288225,0.48,0.24001578836721993,0.05591398065342974,0.15722410536463857,greed,66.20068667718404,610,8
2763,2024-02-25,13,51728.85,54104.59930725768,54099.602719018534,54109.59589549683,1.8470105326065016,-0.00483976701915188,0.48,0.20001471731920809,0.04961241467233288,0.16682135217453953,greed,67.21007657938459,620,10
2764,2024-02-25,14,51728.85,54103.47175849893,54097.34762150103,54109.59589549683,2.2638610051628523,-0.005458702187094146,0.48,0.21528992090034188,0.0505349099160988,0.1528786726483977,greed,68.86829697608881,631,11
2765,2024-02-25,15,51728.85,54101.134839140694,54096.46720593362,54105.80247234777,1.725521366955793,-0.005405989814233047,0.48,0.23644225094379626,0.05914633702581104,0.17986644225864756,greed,69.91432449980444,638,7
2766,2024-02-25,16,51728.85,54101.12060910356,54096.438745859334,54105.80247234777,1.7307823540465874,-0.005328099880455675,0.48,0.21906553360639144,0.04829528718092398,0.17569715707078007,greed,70.81977813582127,645,7
2767,2024-02-25,17,51728.85,54102.65806551557,54095.72023553431,54109.59589549683,2.5646909890668774,-0.006007752303894691,0.48,0.23615909413782593,0.0576778447508221,0.16847328944092957,greed,71.91341427917203,654,9
2768,2024-02-25,18,51728.85,54098.459709496005,54095.51040397891,54101.4090150131,1.0903473159622132,-0.006498044562785698,0.48,0.23830515698104962,0.05468767282709901,0.1705874980757252,greed,72.55842518309525,659,5
2769,2024-02-25,19,51728.85,54095.26085547239,54094.98397623569,54095.53773470909,0.10236728035695312,-0.007290772758268943,0.48,0.22660213453931946,0.043536033329281285,0.15307201049388003,greed,73.45122048694456,666,7
2770,2024-02-25,20,51728.85,54095.06390962232,54094.590084535535,54095.53773470909,0.17518237433614287,-0.007252785344627488,0.48,0.22098496166505566,0.05713306031612624,0.1678083964970815,greed,75.13929275756577,675,9
2771,2024-02-25,21,51728.85,54095.44351191557,54094.27393380462,54096.61309002651,0.4324128004189818,-0.007350272991808306,0.48,0.25620014368744953,0.054867583299512315,0.17446749420705865,greed,76.54117852582895,684,9
2772,2024-02-25,22,51728.85,54094.726886066695,54092.84068210688,54096.61309002651,0.6973707303448465,-0.00845207308405123,0.48,0.24268570784577215,0.055433298765454046,0.16553721481920858,greed,77.70301423561365,691,7
2773,2024-02-25,23,51728.85,54096.79940468253,54092.189794351965,54101.4090150131,1.7042081532716709,-0.00785592226164227,0.48,0.2793082309851695,0.05780797578161104,0.17747671904210108,greed,78.88848259951769,701,10
2774,2024-02-25,24,51728.85,54092.04349419578,54091.75121460113,54092.33577379044,0.10806749968157844,-0.007497107256808983,0.48,0.25856977439325196,0.055027435410710056,0.1611017410813848,greed,79.89979821599974,710,9
2775,2024-02-25,25,51728.85,54091.55685646936,54090.77793914828,54092.33577379044,0.28799959414870285,-0.007323915033967894,0.48,0.244742422817556,0.04196770985013939,0.15981939566489062,greed,81.74577414513702,718,8
2776,2024-02-25,26,51728.85,54091.27373462232,54090.21169545421,54092.33577379044,0.3926841040296024,-0.007312801341899886,0.48,0.23518928265703978,0.054099406676144116,0.16080395063321623,greed,82.69269405946153,725,7
2777,2024-02-25,27,51728.85,54091.55390310277,54090.15509861084,54092.95270759471,0.5171988567534626,-0.005868261950480463,0.48,0.25400897907256365,0.04315653962599597,0.15411644435892072,greed,83.64091644831866,734,9
2778,2024-02-25,28,51728.85,54091.333402465454,54089.7140973362,54092.95270759471,0.5987299729548717,-0.006578485508617259,0.48,0.27021303442630695,0.050930320900344606,0.1626646549478244,greed,84.35328029402578,738,4
2779,2024-02-25,29,51728.85,54091.11735455942,54088.161217633104,54094.073491485746,1.0930212097280234,-0.007012225855883009,0.48,0.27113249906951753,0.04887625481960162,0.15738297367728948,greed,85.55556142837143,748,10
2780,2024-02-25,30,51728.85,54090.94396858228,54087.814445678814,54094.073491485746,1.1571337728117912,-0.006526985168662717,0.48,0.28368182062045877,0.056830769353826735,0.1629324613945047,greed,86.30491374002895,753,5
2781,2024-02-25,31,51728.85,54091.2208761566,54087.80554782574,54094.636204487455,1.2628031963553745,-0.0049468957590182395,0.48,0.28683336655816144,0.04056648715094056,0.1708583670410223,greed,87.36667914088616,761,8
2782,2024-02-25,32,51728.85,54091.211611673156,54087.78701885886,54094.636204487455,1.2662289167728902,-0.004419139610596976,0.48,0.2934447110755173,0.042065869351052866,0.1671857625485562,greed,88.05478429428032,767,6
2783,2024-02-25,33,51728.85,54087.52614005504,54086.64628914487,54088.4059909652,0.32534337321583573,-0.0050070496117992965,0.48,0.3093353120791299,0.048581955669711796,0.17903400740229022,greed,88.73470765176428,771,4
2784,2024-02-25,34,51728.85,54087.364593356775,54086.323195748344,54088.4059909652,0.3850798116184306,-0.0050863721415399625,0.48,0.16977723414180035,0.04311180648770016,0.17880037971758156,greed,89.95974111121383,777,6
2785,2024-02-25,35,51728.85,54087.32632674639,54086.24666252758,54088.4059909652,0.39923002009317315,-0.005075542749868541,0.48,0.20862273226420028,0.05955264673100945,0.15013933449254965,greed,90.50763629636604,781,4
2786,2024-02-25,36,51728.85,54087.01326059658,54085.620530227956,54088.4059909652,0.5149962198545155,-0.0053012022453711935,0.48,0.20412783712951602,0.046338905772711714,0.16962918964602167,greed,91.74743337178559,788,7
2787,2024-02-25,37,51728.85,54086.09553972079,54083.78508847638,54088.4059909652,0.854360523292384,-0.005016265716030362,0.48,0.2225175666986693,0.04484659622907478,0.17321038039437753,greed,93.10963841214897,797,9
2788,2024-02-25,38,51728.85,54089.258021474656,54083.24803628118,54095.268006668135,2.2222472310835264,-0.004605724479234091,0.48,0.23989297242493265,0.05739624731627846,0.16346866312434713,greed,94.19545617961622,806,9
2789,2024-02-25,39,51728.85,54088.666012240195,54082.06401781225,54095.268006668135,2.441174802295645,-0.005768343745068266,0.48,0.24095113055699074,0.059196687627977536,0.1598741011666824,greed,95.05128141394336,812,6
2790,2024-02-25,40,51728.85,54081.1873517973,54080.43892482077,54081.935778773826,0.27677904764105227,-0.005163152561340322,0.48,0.2515921668857897,0.05673421441166923,0.15523637650510488,greed,95.77218208782912,816,4
2791,2024-02-25,41,51728.85,54080.79321622572,54079.65065367761,54081.935778773826,0.4225391234708845,-0.0053002747732593825,0.48,0.22544165195873064,0.048004381910776224,0.1673076641579893,greed,97.49858026265197,825,9
2792,2024-02-25,42,51728.85,54086.21125510132,54079.42445203744,54092.9980581652,2.509624137607976,-0.00413952865892739,0.48,0.21320124456807965,0.05130346512447875,0.1634367403453339,greed,98.84595288973536,833,8
2793,2024-02-25,43,51728.85,54086.088714441,54079.1793707168,54092.9980581652,2.554943013415738,-0.00376495366513239,0.48,0.21399573869597366,0.05004797055687071,0.16016038813371092,greed,99.80346431909894,839,6
2794,2024-02-25,44,51728.85,54087.582209055385,54079.085232182304,54096.07918592847,3.1419325937855582,-0.004754420650925669,0.48,0.2220298365163769,0.05087087829298884,0.1571478724001979,greed,100.82231992526705,849,10
2795,2024-02-25,45,51728.85,54087.55913426313,54079.03908259779,54096.07918592847,3.1504663185826547,-0.005525483948087838,0.48,0.25564276770816424,0.05114438089860088,0.15620523114430684,greed,101.56739949188983,853,4
2796,2024-02-25,46,51728.85,54087.50458332162,54078.92998071477,54096.07918592847,3.1706408616587938,-0.005524812428321717,0.48,0.22423645059444053,0.04906599477293086,0.1717932407432225,greed,102.28989610282963,858,5
2797,2024-02-25,47,51728.85,54087.69396606641,54078.575199751685,54096.812732381135,3.3718451078523413,-0.005186302217473136,0.48,0.25171694698838937,0.047920486926046925,0.17949724309417195,greed,103.60841666120258,867,9
2798,2024-02-25,48,51728.85,54087.6238760444,54078.43501970767,54096.812732381135,3.3977666897664416,-0.005346945457827125,0.48,0.2418920620216186,0.04659631617712722,0.16951096681486336,greed,104.26402375023649,872,5
2799,2024-02-25,49,51728.85,54087.46650793121,54078.120283481294,54096.812732381135,3.455966808336292,-0.007094955703419722,0.48,0.24955197618886713,0.054990532176158194,0.16529622168919209,greed,105.31935333506793,880,8
2800,2024-02-26,0,54476.47,54086.78491162406,54076.75709086699,54096.812732381135,3.7080483794548904,-0.007403726751014521,0.44,0.4126446896255031,0.051288836833076265,0.17856904153803319,greed,106.29618786752134,887,7
2801,2024-02-26,1,54476.47,54086.41011937728,54075.50822426891,54097.31201448566,4.031288112600646,-0.006711955702222294,0.44,0.4198342850627324,0.05157401295384485,0.1694041698104729,greed,107.00191187645311,893,6
2802,2024-02-26,2,54476.47,54085.97353058754,54074.635046689415,54097.31201448566,4.192763172399811,-0.00668716785366686,0.44,0.3974304359362679,0.05954483130000898,0.17590329400531,greed,107.96473904583672,899,6
2803,2024-02-26,3,54476.47,54079.89866343165,54074.339755117464,54085.45757174584,2.05581314003029,-0.007397860432800569,0.44,0.3942308175333201,0.04927561194721845,0.16245234387023397,greed,108.70385698309352,904,5
2804,2024-02-26,4,54476.47,54079.7625485193,54074.06752529275,54085.45757174584,2.106156890551659,-0.006260199717078565,0.44,0.3963929306657273,0.0509574162127444,0.15071884155372808,greed,110.0637749058748,911,7
2805,2024-02-26,5,54476.47,54079.8778727318,54073.91673383105,54085.83901163255,2.204568181451876,-0.005660220303577033,0.44,0.3737605268347762,0.05161827796492557,0.16876768750409257,greed,110.7951579876786,917,6
2806,2024-02-26,6,54476.47,54075.97672759778,54073.83230725805,54078.12114793751,0.7931138629383797,-0.004469908745011943,0.44,0.35437076978379195,0.0513237196863475,0.1683644946484017,greed,111.73782799153722,923,6
2807,2024-02-26,7,54476.47,54074.502865971066,54073.406124816865,54075.599607125274,0.40564077192631437,-0.004008372611376449,0.44,0.33283977566814615,0.04546057591351719,0.15733522492033275,greed,112.52446283302616,929,6
2808,2024-02-26,8,54476.47,54074.380867562926,54073.162128000586,54075.599607125274,0.4507641299967984,-0.0037107954401839126,0.44,0.2977769757402645,0.057460712030522734,0.17228192591289956,greed,113.78556549135612,935,6
2809,2024-02-26,9,54476.47,54079.405673627654,54072.97233562276,54085.83901163255,2.3792191962024134,-0.0028246883888700834,0.44,0.2988344911592276,0.048137282150786,0.15785926692835553,greed,114.77364438040787,945,10
2810,2024-02-26,10,54476.47,54072.40552451077,54072.13363803482,54072.67741098671,0.10056385444928624,-0.004449242196970189,0.44,0.30735391392576605,0.045941610997559966,0.1627965856272492,greed,115.3171336785463,951,6
2811,2024-02-26,11,54476.47,54071.90375120855,54071.13009143038,54072.67741098671,0.2861596224633023,-0.004676205839296725,0.44,0.2892637488560178,0.04222104888756219,0.1716828609851909,greed,116.61542872336797,958,7
2812,2024-02-26,12,54476.47,54071.68706668414,54070.69672238157,54072.67741098671,0.36630789838214395,-0.00411292550094733,0.44,0.2980004870906795,0.041532396278592974,0.164191053752511,greed,118.17075187526112,970,12
2813,2024-02-26,13,54476.47,54074.99062048987,54070.39276724419,54079.58847373555,1.700547034006175,-0.003669625220061128,0.44,0.2788228988776642,0.05577901793082467,0.17279991474992906,greed,119.72939781588347,983,13
2814,2024-02-26,14,54476.47,54075.14637518013,54070.34890970681,54079.94384065345,1.7743698519217923,-0.0030934387189727004,0.44,0.26038980893501634,0.05947881167146514,0.1598264181281548,greed,120.53031875174881,990,7
2815,2024-02-26,15,54476.47,54075.11116866495,54070.27849667645,54079.94384065345,1.7873923452227942,-0.0036670244330692554,0.44,0.21528109706839693,0.045387138363609886,0.17967223396421114,greed,121.22854546529791,995,5
2816,2024-02-26,16,54476.47,54071.46782143569,54070.19785617414,54072.73778669724,0.4697358191726005,-0.0035924326829929873,0.44,0.20714443338554292,0.045450623380804134,0.15822521572534398,greed,121.76822063751266,999,4
2817,2024-02-26,17,54476.47,54070.01252249551,54068.745338722394,54071.27970626863,0.46871961518060223,-0.003583630116734149,0.44,0.2485994502666226,0.04228100595410798,0.16043015224406734,greed,122.29396523684413,1003,4
2818,2024-02-26,18,54476.47,54069.897907693594,54068.51610911856,54071.27970626863,0.5111156589918509,-0.0033761587045055487,0.44,0.25716398944468516,0.05704473049951822,0.16804102880970198,greed,123.6360520947804,1013,10
2819,2024-02-26,19,54476.47,54069.92535532999,54068.21342751819,54071.637283141805,0.633227362737325,-0.0026917331860296274,0.44,0.28126046241921576,0.05340370934822415,0.1552552459111254,greed,124.36465073270638,1019,6
2820,2024-02-26,20,54476.47,54068.67530238381,54065.71332162582,54071.637283141805,1.0956365183448555,-0.0026521229937496804,0.44,0.31826140881188014,0.04029820528309616,0.15388209001795702,greed,125.46483799444972,1026,7
2821,2024-02-26,21,54476.47,54069.11627927289,54065.494771848535,54072.73778669724,1.339584470234873,-0.0014025139819625054,0.44,0.30082137545479026,0.04859098247041351,0.16462321421279363,greed,126.39204601920149,1032,6
2822,2024-02-26,22,54476.47,54069.11627927289,54065.494771848535,54072.73778669724,1.339584470234873,-0.0022736459261422683,0.44,0.30083994562642546,0.0458892819768232,0.15040979650305875,greed,126.95093581726923,1036,4
2823,2024-02-26,23,54476.47,54066.296261792595,54065.295771608195,54067.29675197699,0.37009754822203006,-0.0017812260493610356,0.44,0.27584490753669066,0.04783389551021679,0.1546192305349705,greed,127.31540581301203,1040,4
2824,2024-02-26,24,54476.47,54066.296261792595,54065.295771608195,54067.29675197699,0.37009754822203006,-0.001855137437616999,0.44,0.2995892646067932,0.044623517662747886,0.16031467473776256,greed,127.34680325327705,1041,1
2825,2024-02-26,25,54476.47,54066.296261792595,54065.295771608195,54067.29675197699,0.37009754822203006,-0.0020694108999016335,0.44,0.26344602218562363,0.057217100560868976,0.17259640316216632,greed,127.47552141809217,1043,2
2826,2024-02-26,26,54476.47,54066.12079298287,54065.295771608195,54066.94581435754,0.3051897796889612,-0.0018333679739609967,0.44,0.21791821029321484,0.057588346205287924,0.1511773072812164,greed,127.55422708532674,1044,1
2827,2024-02-26,27,54476.47,54066.12079298287,54065.295771608195,54066.94581435754,0.3051897796889612,-0.0014082957994148524,0.44,0.23409641602203776,0.053287508217031244,0.17043413097217172,greed,128.05072636855795,1050,6
2828,2024-02-26,28,54476.47,54066.296261792595,54065.295771608195,54067.29675197699,0.37009754822203006,-0.0006598433171059775,0.44,0.23474913293417807,0.04211557813788134,0.15833766032308078,greed,128.3195292285613,1055,5
2829,2024-02-26,29,54476.47,54068.49076550125,54065.295771608195,54071.685759394306,1.18183209770458,-2.4813956464195695e-05,0.44,0.22424531183426158,0.05099976831731906,0.16240249725521724,greed,128.5507915009328,1059,4
2830,2024-02-26,30,54476.47,54068.38629781206,54065.08683622982,54071.685759394306,1.2204771801655094,-0.0003690478024506785,0.44,0.2276252450877333,0.052280872139451276,0.16530787938661948,greed,129.0321927019492,1064,5
2831,2024-02-26,31,54476.47,54068.80193584382,54065.069242885176,54072.53462880246,1.380719684919466,-0.0015186961578242837,0.44,0.21927023064542328,0.05186542185975985,0.1570018635518522,greed,130.0267836422502,1074,10
2832,2024-02-26,32,54476.47,54068.80144126802,54065.06825373359,54072.53462880246,1.3809026406810334,-0.0015105655846060597,0.44,0.22190175162837253,0.048993597017703144,0.17417054366630677,greed,130.5267836422502,1076,2
2833,2024-02-26,33,54476.47,54068.617553296404,54064.70047779035,54072.53462880246,1.4489275603149423,-0.0017772538197893975,0.44,0.23442610699434627,0.04585671244920521,0.17038524068209665,greed,130.98424106275232,1081,5
2834,2024-02-26,34,54476.47,54068.617553296404,54064.70047779035,54072.53462880246,1.4489275603149423,-0.001677820848150943,0.44,0.253524704832372,0.05525372340909217,0.152050551445517,greed,131.01666064358972,1082,1
2835,2024-02-26,35,54476.47,54067.93598925661,54064.70047779035,54071.17150072287,1.1968318771788906,-0.0008373018034742242,0.44,-0.049548814805252056,0.057879045211050945,0.1732884499205488,greed,131.33304329929285,1086,4
2836,2024-02-26,36,54476.47,54067.93598925661,54064.70047779035,54071.17150072287,1.1968318771788906,0.00013176723804712826,0.44,-0.04212029647078995,0.050429772434117795,0.17585832274742974,greed,131.70335167396243,1089,3
2837,2024-02-26,37,54476.47,54069.25826328981,54064.70047779035,54073.816048789275,1.6859064266310166,0.0007337888297747585,0.44,0.0022102698344629405,0.042554855270853786,0.15014917455967047,greed,132.23219768666624,1095,6
2838,2024-02-26,38,54476.47,54069.25826328981,54064.70047779035,54073.816048789275,1.6859064266310166,0.001268394658100904,0.44,0.03477175428163437,0.04337944300075781,0.16400145967211704,greed,132.44255966685319,1097,2
2839,2024-02-26,39,54476.47,54069.71635017679,54064.50639596123,54074.92630439234,1.9271246706063374,0.0015050438185663705,0.44,0.09172336938453667,0.04672216978442286,0.16137635718706902,greed,132.80210505247618,1102,5
2840,2024-02-26,40,54476.47,54069.71635017679,54064.50639596123,54074.92630439234,1.9271246706063374,0.0014986745214028404,0.44,0.06188256238170755,0.05700421963203975,0.16066630518770236,greed,133.20988622670077,1107,5
2841,2024-02-26,41,54476.47,54069.81361181848,54064.50639596123,54075.12082767572,1.9630975225270966,0.0018462850762403114,0.44,0.03374491396360243,0.043516197668211805,0.15967735183510007,greed,133.46954556042587,1111,4
2842,2024-02-26,42,54476.47,54069.65151827955,54064.18220888338,54075.12082767572,2.0230607161652046,0.0008136429876307211,0.44,0.08448143245198762,0.055245703904634486,0.15117451632831233,greed,133.8780504986282,1116,5
2843,2024-02-26,43,54476.47,54069.550273251036,54063.979718826355,54075.12082767572,2.0605144287419783,0.00027207729697306394,0.44,0.1263698672630743,0.04190130246514121,0.1702206898318078,greed,134.33257672087282,1120,4
2844,2024-02-26,44,54476.47,54065.814747521836,54063.979718826355,54067.64977621732,0.678812926079182,0.0007469839866096684,0.44,0.11879145841219242,0.040182198877644036,0.17328066535320732,greed,134.89369615560975,1124,4
2845,2024-02-26,45,54476.47,54069.42772574324,54063.73462381077,54075.12082767572,2.105848784399972,0.0006543901380940292,0.44,0.12934682420605728,0.044252494987270144,0.1612425274852828,greed,136.1453077684887,1135,11
2846,2024-02-26,46,54476.47,54071.36683638419,54063.73462381077,54078.999048957616,2.823014478815297,0.0010839434355137633,0.44,0.15309184151677702,0.0459893342589517,0.17970713652261955,greed,136.43659340085802,1139,4
2847,2024-02-26,47,54476.47,54071.36683638419,54063.73462381077,54078.999048957616,2.823014478815297,0.0014700492425304683,0.44,0.12341978633451509,0.0448417733257101,0.16310333649063774,greed,136.59874686854377,1141,2
2848,2024-02-26,48,54476.47,54071.36671827597,54063.734387594326,54078.999048957616,2.8230581710319926,0.00039560269130305305,0.44,0.12576558752063924,0.04337207322765085,0.17373893237351837,greed,137.04041180044769,1146,5
2849,2024-02-26,49,54476.47,54071.37477142321,54063.734387594326,54079.01515525209,2.8260364605785573,0.0005142956803284855,0.44,0.16803987778860766,0.051396509546642676,0.15502865912266203,greed,137.60573951644642,1153,7
2850,2024-02-27,0,57037.34,54517.588372456245,54489.4335937997,54545.74315111278,10.32869556305003,-0.01222368894023465,0.58,0.5527668070339912,0.10834895626958413,0.28232152889960016,extreme_greed,0.42316920763178095,4,4
2851,2024-02-27,1,57037.34,54517.588372456245,54489.4335937997,54545.74315111278,10.32869556305003,-0.01911701878458515,0.58,0.5286442353566546,0.10185926971150701,0.28228551723728185,extreme_greed,0.6884463610900746,7,3
2852,2024-02-27,2,57037.34,54507.13797725372,54478.22966308975,54536.04629141769,10.607166414070358,-0.027282115634956954,0.58,0.5320528686993412,0.09139038749294713,0.29439509191641605,extreme_greed,0.9893794931938417,11,4
2853,2024-02-27,3,57037.34,54495.144518176225,54478.22966308975,54512.05937326271,6.2078393354253265,-0.011749014170410455,0.58,0.5173762431665548,0.09874198555686843,0.2944619068763413,extreme_greed,1.5574365317856835,17,6
2854,2024-02-27,4,57037.34,54495.144518176225,54478.22966308975,54512.05937326271,6.2078393354253265,-0.004330744257149808,0.58,0.493907434074075,0.10863093846654513,0.2602862413764833,extreme_greed,1.957235108557019,22,5
2855,2024-02-27,5,57037.34,54492.00280698194,54471.30215571217,54512.70345825171,7.597684138384266,-0.0009386994432854589,0.58,0.5115913951506611,0.08923378266643775,0.26445031673672315,extreme_greed,2.406432613126879,28,6
2856,2024-02-27,6,57037.34,54490.2917119514,54467.8799656511,54512.70345825171,8.225959375948884,-0.010067855653122845,0.58,0.49505129790077024,0.08983848704964459,0.27114350578650687,extreme_greed,2.9481387240099903,35,7
2857,2024-02-27,7,57037.34,54484.53566998827,54467.8799656511,54501.19137432544,6.1139198975854265,0.003898713687640579,0.58,0.4741847749000757,0.08051455042089843,0.29100768293428236,extreme_greed,3.599231943226682,41,6
2858,2024-02-27,8,57037.34,54485.159012485965,54469.126650646496,54501.19137432544,5.885038102136498,0.00043477565656780873,0.58,0.3046456473351128,0.0802491452336999,0.29850286800190345,extreme_greed,3.7032792301301334,43,2
2859,2024-02-27,9,57037.34,54484.793367281454,54469.664388852485,54499.92234571043,5.5534682225877665,-0.0025749321695290083,0.58,0.25884003476733225,0.10908048843259475,0.2570161759883913,extreme_greed,4.098372862609538,48,5
2860,2024-02-27,10,57037.34,54484.793367281454,54469.664388852485,54499.92234571043,5.5534682225877665,-0.0030739829771261377,0.58,0.23554666867019358,0.10351108966282926,0.2556303574519656,extreme_greed,4.279136756562198,51,3
2861,2024-02-27,11,57037.34,54485.159012485965,54469.126650646496,54501.19137432544,5.885038102136498,-0.006177068645465563,0.58,0.24870805730566817,0.08583888941609674,0.280648867079468,extreme_greed,5.013096128959353,59,8
2862,2024-02-27,12,57037.34,54481.535914483036,54469.126650646496,54493.94517831958,4.555401615702705,0.0028208813381209795,0.58,0.25040777120410046,0.0856504061986835,0.2750247447538307,extreme_greed,5.38929566972346,64,5
2863,2024-02-27,13,57037.34,54486.727792985825,54469.126650646496,54504.32893532515,6.460708158581764,0.008375538833978341,0.58,0.26141403628997145,0.08450460932551626,0.28298657661303783,extreme_greed,5.65444405136597,69,5
2864,2024-02-27,14,57037.34,54486.727792985825,54469.126650646496,54504.32893532515,6.460708158581764,0.00668418455159199,0.58,0.24117475193765686,0.0940099825859966,0.2906016646512997,extreme_greed,5.996752527260106,73,4
2865,2024-02-27,15,57037.34,54487.61775902925,54469.126650646496,54506.108867412,6.787269894795831,0.016611930799440344,0.58,0.22039583694928339,0.10369844809301115,0.253211762402871,extreme_greed,6.524316273444398,79,6
2866,2024-02-27,16,57037.34,54489.81885341335,54472.83208711128,54506.80561971542,6.23484043790554,0.022240302953096588,0.58,0.23849821242577496,0.08758038883218047,0.26635958029144563,extreme_greed,6.873006510668011,83,4
2867,2024-02-27,17,57037.34,54495.15126953696,54483.49691935849,54506.80561971542,4.277206286049977,0.015754801034133098,0.58,0.22181780900247428,0.08634718419467907,0.2905578130793753,extreme_greed,7.1816453715530475,88,5
2868,2024-02-27,18,57037.34,54493.20926452602,54479.61290933662,54506.80561971542,4.990109913843118,0.01428738582148277,0.58,0.21813968417636953,0.10324483299963864,0.26686647655517076,extreme_greed,7.74343211310506,95,7
2869,2024-02-27,19,57037.34,54495.54912804141,54479.61290933662,54511.485346746216,5.848631295504795,0.020177816511780175,0.58,0.23342302961800476,0.08150639364372718,0.2804344380264659,extreme_greed,8.262151658540317,101,6
2870,2024-02-27,20,57037.34,54506.9207007971,54501.137943342495,54512.70345825171,2.121843384383943,0.021498976572846006,0.58,0.2447208663913255,0.08844661588184588,0.29204444883557423,extreme_greed,8.810138006008733,107,6
2871,2024-02-27,21,57037.34,54516.45024312905,54515.50008996871,54517.4003962894,0.34857484524692056,0.01786684142536944,0.58,0.2433226316964909,0.09189826398003034,0.26850017702875156,extreme_greed,9.3821882340764,112,5
2872,2024-02-27,22,57037.34,54516.45024312905,54515.50008996871,54517.4003962894,0.34857484524692056,0.016922498168946584,0.58,0.2575968560243428,0.08191769492575816,0.2857343724717477,extreme_greed,10.009272767216649,116,4
2873,2024-02-27,23,57037.34,54513.08620650271,54506.12384903758,54520.04856396784,2.554380223035812,0.014636210708110083,0.58,0.25581642782476405,0.10702603683204738,0.2656472808674179,extreme_greed,11.071575679890973,128,12
2874,2024-02-27,24,57037.34,54519.19612126821,54518.343678568584,54520.04856396784,0.31271286455886177,0.010757811773016839,0.58,0.25979749528631274,0.09368316198551638,0.26028147377661404,extreme_greed,11.314822093027512,131,3
2875,2024-02-27,25,57037.34,54516.63335852705,54510.6012702859,54522.66544676819,2.212934977651134,0.010640854489061545,0.58,0.3180714364123115,0.09354008098217867,0.2979258137501303,extreme_greed,12.208136859812006,140,9
2876,2024-02-27,26,57037.34,54517.455236084315,54510.6012702859,54524.30920188273,2.514411492148364,0.012452865249446134,0.58,0.3325632695313131,0.09990374969048278,0.29356364538086976,extreme_greed,12.803376198338642,146,6
2877,2024-02-27,27,57037.34,54521.76511948474,54519.22103708675,54524.30920188273,0.9332355225170048,0.00980644006503325,0.58,0.3056644859696286,0.09080353146467011,0.2800061969969748,extreme_greed,13.433705607701764,152,6
2878,2024-02-27,28,57037.34,54518.82865178694,54513.34810169115,54524.30920188273,2.0105164514066307,0.00490600852547657,0.58,0.30659738118849944,0.10231210444857336,0.27640292109460624,extreme_greed,14.078767548420926,158,6
2879,2024-02-27,29,57037.34,54518.95201543008,54513.34810169115,54524.55592916901,2.0557672265397477,0.00338271692159384,0.58,0.2807546804120639,0.08806391288500932,0.29993492409206435,extreme_greed,14.57464305649724,164,6
2880,2024-02-27,30,57037.34,54516.72162220898,54508.88731524894,54524.55592916901,2.874093205502886,0.0027353870595125335,0.58,0.27631178649167815,0.08428354550418694,0.25505625940908294,extreme_greed,14.960498006981258,168,4
2881,2024-02-27,31,57037.34,54516.72162220898,54508.88731524894,54524.55592916901,2.874093205502886,0.003973317645414007,0.58,0.28481320016454237,0.09719383769817694,0.28904872003590265,extreme_greed,15.184181690711803,171,3
2882,2024-02-27,32,57037.34,54515.3398891033,54506.12384903758,54524.55592916901,3.3810813926721135,0.0001341022415925421,0.58,0.28872044182626705,0.08451345652319649,0.2732983374093068,extreme_greed,15.530323696869802,175,4
2883,2024-02-27,33,57037.34,54508.48256246233,54505.483153362504,54511.48197156216,1.1005292970292135,-0.0023207018995109775,0.58,0.28790299005905173,0.10496677341513136,0.27293841449782963,extreme_greed,15.955675147942527,180,5
2884,2024-02-27,34,57037.34,54505.98565987733,54504.296198715405,54507.675121039254,0.6199176627928381,-0.006165874413836182,0.58,0.2572869178351074,0.10957915831851031,0.2524526786293897,extreme_greed,16.56191850360307,187,7
2885,2024-02-27,35,57037.34,54507.837842410125,54504.296198715405,54511.37948610484,1.2994988738887714,-0.0006988052893902545,0.58,0.27296070707073533,0.09686847508302568,0.262604932978115,extreme_greed,17.095281627856,193,6
2886,2024-02-27,36,57037.34,54506.73078853573,54502.08209096662,54511.37948610484,1.7057334027765625,-0.00370419117715933,0.58,0.2742164473956978,0.08544492884812524,0.26222261051283313,extreme_greed,17.534850642493975,199,6
2887,2024-02-27,37,57037.34,54502.60636313171,54493.73075470125,54511.48197156216,3.256948253564232,-0.0036787244497657884,0.58,0.28804280587208825,0.09843230027951498,0.2956622809744158,extreme_greed,18.41309232609338,207,8
2888,2024-02-27,38,57037.34,54502.28946846966,54489.08249804869,54515.49643889063,4.846391059814853,-0.004849550167994685,0.58,0.014069642291350992,0.08127573900557278,0.2709873487459103,extreme_greed,19.5894101189693,216,9
2889,2024-02-27,39,57037.34,54489.565109158095,54489.08249804869,54490.0477202675,0.17713891033676588,-0.005984520320408355,0.58,0.03535559450160239,0.10373216430434337,0.27339578159727723,extreme_greed,19.72723955169309,218,2
2890,2024-02-27,40,57037.34,54488.84418969389,54487.64065912028,54490.0477202675,0.4417530199099118,-0.01145598267072671,0.58,0.08876665132976747,0.09074898240558747,0.2542921138810291,extreme_greed,20.840658279920248,225,7
2891,2024-02-27,41,57037.34,54488.79474085834,54487.541761449174,54490.0477202675,0.4599035141530519,-0.008521234479409778,0.58,0.11537133626600898,0.10613414450486465,0.2985032268510082,extreme_greed,21.731920554815456,231,6
2892,2024-02-27,42,57037.34,54489.72117495947,54484.284159780924,54495.15819013803,1.9956113047794697,-0.010286101874026773,0.58,0.15698152519768127,0.09784328644372506,0.2674349904569593,extreme_greed,22.75783748878627,239,8
2893,2024-02-27,43,57037.34,54489.35413211999,54483.55007410196,54495.15819013803,2.1303456832914303,-0.007735864572448018,0.58,0.1825922664140834,0.10270075319828101,0.2726966391151781,extreme_greed,23.61943930038869,244,5
2894,2024-02-27,44,57037.34,54489.189035951764,54483.2198817655,54495.15819013803,2.1909499083660853,-0.009232378913115584,0.58,0.18086118926559966,0.10033281483088013,0.2773023036679058,extreme_greed,24.308730013204205,248,4
2895,2024-02-27,45,57037.34,54488.498451731975,54481.838713325924,54495.15819013803,2.4444565716748197,-0.008256168804557937,0.58,0.179730986727875,0.09292452172361378,0.2528717597097472,extreme_greed,24.990925855359244,253,5
2896,2024-02-27,46,57037.34,54493.33247449605,54479.51093207307,54507.15401691903,5.072746259167445,-0.009202154686246357,0.58,0.21912317070983822,0.09150743757629774,0.25078582915096437,extreme_greed,26.215596898344582,265,12
2897,2024-02-27,47,57037.34,54486.49908894351,54479.51093207307,54493.48724581394,2.5650966706557385,-0.005841934811988321,0.58,0.2218819816529649,0.080760129588439,0.27851747140043803,extreme_greed,26.714848302445112,269,4
2898,2024-02-27,48,57037.34,54488.504701160375,54479.51093207307,54497.49847024769,3.30116201082572,-0.003965528848609056,0.58,0.25352232049336587,0.08970282065966646,0.2758115504708457,extreme_greed,27.264230830418438,275,6
2899,2024-02-27,49,57037.34,54488.504701160375,54479.51093207307,54497.49847024769,3.30116201082572,-0.004209919003600745,0.58,0.25766543324033064,0.08281891386231148,0.2810537044235217,extreme_greed,27.45432463592764,277,2
2900,2024-02-28,0,62432.1,55660.56337747285,55626.82588752043,55694.30086742526,12.122582994218403,-0.017450347843139452,0.64,0.603150985210858,0.1046398835105073,0.2755903198719312,extreme_greed,0.5188664990165022,3,3
2901,2024-02-28,1,62432.1,55649.624269691965,55625.49137032018,55673.757169063756,8.67315806296661,-0.030355982230689152,0.64,0.5848932868796372,0.08933031015467781,0.2653029226462572,extreme_greed,0.7635827880917327,7,4
2902,2024-02-28,2,62432.1,55644.23559887096,55625.49137032018,55662.97982742174,6.737168135762465,-0.010799167704639429,0.64,0.5830921928292275,0.08674515724153924,0.27341087980439843,extreme_greed,1.0716006980191723,10,3
2903,2024-02-28,3,62432.1,55646.84595022342,55625.49137032018,55668.20053012665,7.675036936445424,0.006977042967667153,0.64,0.5769250130387267,0.08240276482640736,0.2701615263973744,extreme_greed,1.4088776342552973,14,4
2904,2024-02-28,4,62432.1,55646.84595022342,55625.49137032018,55668.20053012665,7.675036936445424,0.02323931684326497,0.64,0.5230250506458832,0.09081235419053835,0.29944188163900465,extreme_greed,1.80426551193734,16,2
2905,2024-02-28,5,62432.1,55646.84595022342,55625.49137032018,55668.20053012665,7.675036936445424,0.01357004713671409,0.64,0.48725046226932933,0.08214203603260721,0.2936206588243351,extreme_greed,1.9903665836491413,17,1
2906,2024-02-28,6,62432.1,55648.56326510439,55625.49137032018,55671.6351598886,8.29200016334593,0.029900416054614326,0.64,0.48710672244571185,0.09393556594435157,0.29481135286540544,extreme_greed,2.4898791086007956,22,5
2907,2024-02-28,7,62432.1,55649.50246849393,55625.685962798685,55673.31897418916,8.559467610235044,0.03154719658634254,0.64,0.4760549816159888,0.10746502628736246,0.29142498560721347,extreme_greed,2.627140401412956,25,3
2908,2024-02-28,8,62432.1,55652.261061278434,55631.20314836771,55673.31897418916,7.567675601729025,0.029461768711874465,0.64,0.44572860387901053,0.08999219888158824,0.27826059099786193,extreme_greed,3.0364485048547647,31,6
2909,2024-02-28,9,62432.1,55658.51547301533,55643.7119718415,55673.31897418916,5.319402088979237,0.02014283489540008,0.64,0.41015642787884726,0.09188660433445343,0.2596689304939528,extreme_greed,3.297788211282429,33,2
2910,2024-02-28,10,62432.1,55661.082413220574,55648.845852251994,55673.31897418916,4.396810280382735,0.013731351235597803,0.64,0.4247662057350115,0.10667679780990265,0.28327364825686496,extreme_greed,3.648600227694222,36,3
2911,2024-02-28,11,62432.1,55658.73457045262,55643.7119718415,55673.757169063756,5.398110009890188,0.009876037561449332,0.64,0.41679676627386814,0.09877700698771977,0.26481349179772345,extreme_greed,4.4620979250000685,45,9
2912,2024-02-28,12,62432.1,55658.73457045262,55643.7119718415,55673.757169063756,5.398110009890188,0.005663516289076386,0.64,0.43362682673017755,0.09410060628718091,0.25098161356938264,extreme_greed,4.697428889837795,48,3
2913,2024-02-28,13,62432.1,55657.44399427742,55641.130819491074,55673.757169063756,5.8619920771130305,0.004630890604838011,0.64,0.4147480331006241,0.09253106530035818,0.2762679384236802,extreme_greed,4.958822795530139,53,5
2914,2024-02-28,14,62432.1,55657.88510872521,55641.130819491074,55674.63939795935,6.020454856093918,0.007469797386849203,0.64,0.42464938607182895,0.10355276611774972,0.264691847781098,extreme_greed,5.1136213905496835,55,2
2915,2024-02-28,15,62432.1,55657.88510872521,55641.130819491074,55674.63939795935,6.020454856093918,0.007814220872470983,0.64,0.38583105943733204,0.09147505192057204,0.27055804829231744,extreme_greed,5.153931104564195,56,1
2916,2024-02-28,16,62432.1,55657.88510872521,55641.130819491074,55674.63939795935,6.020454856093918,0.004081695908570157,0.64,0.4010720137381163,0.10699638561713457,0.26425795147550335,extreme_greed,5.339693513900878,58,2
2917,2024-02-28,17,62432.1,55653.49322442072,55632.3470508821,55674.63939795935,7.599225965333173,0.0032622525011666553,0.64,0.4062236137455823,0.08392590577830136,0.28297651595149903,extreme_greed,6.088563438635152,67,9
2918,2024-02-28,18,62432.1,55643.66537340272,55632.3470508821,55654.98369592335,4.068144125543807,0.006701235519859836,0.64,0.3907465903935703,0.09511198235924703,0.2580886678192352,extreme_greed,6.306364058864862,70,3
2919,2024-02-28,19,62432.1,55639.19005687237,55632.3470508821,55646.03306286265,2.4597791532479745,0.009754807507395229,0.64,0.44453852126420135,0.08296042752451632,0.278592329989316,extreme_greed,6.518887740315258,72,2
2920,2024-02-28,20,62432.1,55642.75921959773,55632.3470508821,55653.171388313356,3.7425062529832798,0.017247022784676623,0.64,0.42784804160665935,0.10720689174901483,0.2535944727300007,extreme_greed,7.037301867496719,78,6
2921,2024-02-28,21,62432.1,55642.75921959773,55632.3470508821,55653.171388313356,3.7425062529832798,0.015656004863151725,0.64,0.40226643712056354,0.1005315627377622,0.2766884971216012,extreme_greed,7.399919645678686,83,5
2922,2024-02-28,22,62432.1,55642.75921959773,55632.3470508821,55653.171388313356,3.7425062529832798,0.015010932274652273,0.64,0.37095154907724764,0.09172627547107486,0.2544853975719816,extreme_greed,7.5618004620061345,86,3
2923,2024-02-28,23,62432.1,55642.75921959773,55632.3470508821,55653.171388313356,3.7425062529832798,0.015187511584677325,0.64,0.38033349844189224,0.09485645578014638,0.26375870134512913,extreme_greed,7.619107158625238,87,1
2924,2024-02-28,24,62432.1,55652.091250464546,55629.10000055956,55675.08250036953,8.262492707240533,0.02002856179692916,0.64,0.4049424565274287,0.09948578386248108,0.2733873916700082,extreme_greed,8.713710075019621,98,11
2925,2024-02-28,25,62432.1,55656.24103064143,55635.56609126474,55676.91597001812,7.429513382085989,0.02000523410780489,0.64,0.39351922374101833,0.09155046114066852,0.2563278171497119,extreme_greed,9.003393522167801,102,4
2926,2024-02-28,26,62432.1,55656.500246791766,55636.08452356541,55676.91597001812,7.3363302168932645,0.020575664376176608,0.64,0.3984760341340028,0.10807402928163863,0.28886667225153084,extreme_greed,9.408820792652278,106,4
2927,2024-02-28,27,62432.1,55656.824185991136,55636.08452356541,55677.56384841685,7.4526934402197025,0.01896893495350773,0.64,0.34421439905128887,0.08522546619958785,0.2550247379619877,extreme_greed,9.754868514360522,111,5
2928,2024-02-28,28,62432.1,55657.2182158972,55636.87258337754,55677.56384841685,7.311049014607557,0.019413012680942043,0.64,0.3595859437934472,0.09566070252993046,0.2913207464424441,extreme_greed,9.99332502049036,113,2
2929,2024-02-28,29,62432.1,55659.95421006685,55642.34457171685,55677.56384841685,6.327579172465726,0.01696261944046898,0.64,0.3761877849318651,0.10622260137582311,0.2860510519651376,extreme_greed,10.396057442606923,116,3
2930,2024-02-28,30,62432.1,55660.29176616538,55642.34457171685,55678.2389606139,6.448832328770783,0.017292685712042326,0.64,0.3884222174279524,0.09258961528013032,0.2548288290352832,extreme_greed,10.839505340082358,121,5
2931,2024-02-28,31,62432.1,55659.995636799824,55641.75231298575,55678.2389606139,6.555273174333952,0.01588306656322879,0.64,0.4207512770242984,0.09437071194827522,0.2799645791110071,extreme_greed,11.294641213299146,127,6
2932,2024-02-28,32,62432.1,55659.995636799824,55641.75231298575,55678.2389606139,6.555273174333952,0.014008258966120738,0.64,0.4063403464435322,0.09688386605624753,0.26392412280213945,extreme_greed,11.482217495255062,129,2
2933,2024-02-28,33,62432.1,55660.12845266361,55641.75231298575,55678.504592341465,6.60298141190434,0.014667698326866084,0.64,0.38913729257739554,0.08494570222839651,0.25869739008020964,extreme_greed,11.834477374273245,134,5
2934,2024-02-28,34,62432.1,55658.31056960626,55638.11654687106,55678.504592341465,7.2564267684509804,0.016885000698983174,0.64,0.3724383717542209,0.09703516239017917,0.2988519376808221,extreme_greed,12.463323661372433,140,6
2935,2024-02-28,35,62432.1,55664.12774059629,55648.64987025916,55679.60561093342,5.561165140054293,0.017990949071200985,0.64,0.38274224790851885,0.08475119061587601,0.25260189188472804,extreme_greed,12.627738794587167,142,2
2936,2024-02-28,36,62432.1,55670.61876567057,55661.63192040772,55679.60561093342,3.2285774658530704,0.017781385378201637,0.64,0.3920666902889854,0.08734105535448976,0.2927654184092006,extreme_greed,13.088967025099778,146,4
2937,2024-02-28,37,62432.1,55675.40582322428,55671.20603551514,55679.60561093342,1.5086689165671598,0.01830451930406921,0.64,0.36290823903798336,0.08208564620759587,0.2523841572124882,extreme_greed,13.198330656632027,148,2
2938,2024-02-28,38,62432.1,55675.52022034794,55671.20603551514,55679.834405180736,1.5497600438122328,0.017687755178992324,0.64,0.3623341163007605,0.0951576617075273,0.2623672335571672,extreme_greed,13.731887180502541,151,3
2939,2024-02-28,39,62432.1,55679.09223788284,55677.2593466034,55680.925129162286,0.658376854138152,0.020993562510810655,0.64,0.3618705411300118,0.10156592218651432,0.29380164357606325,extreme_greed,14.406763581476088,159,8
2940,2024-02-28,40,62432.1,55679.305607381524,55677.2593466034,55681.35186815965,0.735016629895448,0.020133660067428148,0.64,0.38415185251997025,0.08322495911328287,0.2931149608487062,extreme_greed,15.013401589237233,164,5
2941,2024-02-28,41,62432.1,55680.87328123461,55680.39469430958,55681.35186815965,0.17190352694949132,0.020897503786449237,0.64,0.32917842292371613,0.09451584050871861,0.260921156433153,extreme_greed,15.16234111470487,167,3
2942,2024-02-28,42,62432.1,55681.15271159111,55680.39469430958,55681.91072887264,0.2722706857219718,0.020649453099650817,0.64,0.35199903399605326,0.10589910544535373,0.282990666014403,extreme_greed,15.67368006420741,170,3
2943,2024-02-28,43,62432.1,55681.55670567594,55680.39469430958,55682.7187170423,0.41737747114419854,0.021513295962914417,0.64,0.39052142475108986,0.08451979214623005,0.2941582838987809,extreme_greed,16.50723448529415,175,5
2944,2024-02-28,44,62432.1,55682.84257027393,55680.39469430958,55685.29044623828,0.8792209058869398,0.022833776965658872,0.64,0.3737814709131241,0.09321077623906447,0.29438546158761547,extreme_greed,16.77980319921423,179,4
2945,2024-02-28,45,62432.1,55685.03945045381,55684.78845466935,55685.29044623828,0.0901483726832887,0.023006061957311,0.64,0.3567674034358048,0.0912126026126886,0.2923033210037711,extreme_greed,16.96219533449193,181,2
2946,2024-02-28,46,62432.1,55685.319678869404,55684.78845466935,55685.85090306945,0.19079506164669513,0.020416549053426155,0.64,0.38085908046383243,0.10149469589997727,0.26138052893208863,extreme_greed,18.0503359333351,188,7
2947,2024-02-28,47,62432.1,55682.5916974687,55679.08551219539,55686.09788274202,1.259347011850911,0.01863639127132924,0.64,0.3877752817541594,0.09679658468380212,0.28478196290215685,extreme_greed,18.743604761690936,199,11
2948,2024-02-28,48,62432.1,55685.73614272744,55685.374402712856,55686.09788274202,0.12992196552960325,0.0194520724443664,0.64,0.3743444063208166,0.0917051214581517,0.2642067932102699,extreme_greed,18.907068169175805,201,2
2949,2024-02-28,49,62432.1,55685.87657868011,55685.374402712856,55686.378754647354,0.18036026299757377,0.017635951912582624,0.64,0.3587276209338674,0.08326126938884454,0.2876029684225184,extreme_greed,19.8143577363899,207,6
2950,2024-02-29,0,61130.98,56525.795052417714,56505.60967355198,56545.980431283446,7.142006175061627,0.03050972028350743,0.6,0.5834159293783668,0.08149948145232655,0.280494687083465,extreme_greed,0.38488367055526546,4,4
2951,2024-02-29,1,61130.98,56543.60857360744,56528.07241324491,56559.144733969966,5.495284349354248,0.05544467751426271,0.6,0.5712084327657684,0.08949584450593909,0.2820205318413267,extreme_greed,0.9419957012602943,10,6
2952,2024-02-29,2,61130.98,56552.077239838196,56545.009745706426,56559.144733969966,2.499464025626104,0.06833136438934281,0.6,0.526749505382218,0.10335479298360137,0.2528189095645276,extreme_greed,1.3155145296226811,13,3
2953,2024-02-29,3,61130.98,56562.78650416511,56552.57438044553,56572.9986278847,3.61089838416433,0.0681301357175874,0.6,0.5013781884400293,0.08250132688695885,0.29186449295292427,extreme_greed,2.0083890149672046,19,6
2954,2024-02-29,4,61130.98,56566.94668750715,56560.894747129605,56572.9986278847,2.139744402673787,0.044126282437822385,0.6,0.4583418096419209,0.08094743036439261,0.2753682736032415,extreme_greed,2.3719274648825763,22,3
2955,2024-02-29,5,61130.98,56573.55683296122,56561.54176834313,56585.57189757931,4.2475903198264415,0.059460788165132984,0.6,0.45040825489505193,0.08362521354001877,0.26106420329574787,extreme_greed,2.867814314355357,26,4
2956,2024-02-29,6,61130.98,56580.951680242244,56576.33146290518,56585.57189757931,1.6331352513036825,0.045896875280005404,0.6,0.41343295639266986,0.09678845017295229,0.28424683741206547,extreme_greed,3.3940261195566834,32,6
2957,2024-02-29,7,61130.98,56582.95885534791,56580.34581311652,56585.57189757931,0.9236145596692031,0.03840361412018224,0.6,0.38864996572358934,0.10792531009049583,0.27850634874144575,extreme_greed,3.707896691923789,35,3
2958,2024-02-29,8,61130.98,56595.93647378286,56582.88292932436,56608.990018241355,4.612891056072005,0.046262746902128116,0.6,0.38100819442260986,0.09101224852235104,0.27726195873638093,extreme_greed,4.068091015925873,39,4
2959,2024-02-29,9,61130.98,56606.2265284765,56603.46303871165,56608.990018241355,0.9763907380270042,0.037698501975899114,0.6,0.3638281863339285,0.08284312674776059,0.26607941321120243,extreme_greed,4.6609223543619285,45,6
2960,2024-02-29,10,61130.98,56608.93744349114,56603.46303871165,56614.411848270625,1.9341132431440256,0.037201312246430224,0.6,0.36650870562654564,0.1018045592285671,0.2896656423199951,extreme_greed,5.520073027925003,52,7
2961,2024-02-29,11,61130.98,56606.42934910318,56597.21132214451,56615.64737606185,3.256883383976929,0.02567012555573699,0.6,0.36843816490115217,0.10009500016448866,0.2833680898745904,extreme_greed,6.405037299728395,58,6
2962,2024-02-29,12,61130.98,56612.514862045275,56609.3823480287,56615.64737606185,1.1066507199707305,0.019039959940056393,0.6,0.31636758940667303,0.08895938040760225,0.277145106573881,extreme_greed,6.8497540226515845,62,4
2963,2024-02-29,13,61130.98,56606.42934910318,56597.21132214451,56615.64737606185,3.256883383976929,0.014637748371653532,0.6,0.31937844851742453,0.08829866831281104,0.29873449602262314,extreme_greed,7.423671618403979,70,8
2964,2024-02-29,14,61130.98,56605.99216872676,56596.33696139167,56615.64737606185,3.4113728830358623,0.00833537595082454,0.6,0.300146609378329,0.10468941875942872,0.27932947002772446,extreme_greed,7.948104425724663,76,6
2965,2024-02-29,15,61130.98,56605.98528905885,56596.323202055864,56615.64737606185,3.413804018656867,-0.00231796512891021,0.6,0.27825467564086537,0.10461684235397294,0.26714598293149394,extreme_greed,8.499546482427707,82,6
2966,2024-02-29,16,61130.98,56603.35644293355,56591.06550980526,56615.64737606185,4.342828376506271,-0.003530028039771685,0.6,0.2695234700707238,0.09842345463387342,0.2603169439291044,extreme_greed,9.463493126177822,90,8
2967,2024-02-29,17,61130.98,56601.60215360502,56591.06550980526,56612.138797404776,3.7230903009296097,-0.004380075729973546,0.6,0.26149283055533123,0.08362061915485919,0.28138993238515186,extreme_greed,9.77614114902655,93,3
2968,2024-02-29,18,61130.98,56601.60215360502,56591.06550980526,56612.138797404776,3.7230903009296097,-0.0022282721884078474,0.6,0.29665175529632315,0.09290354820823071,0.2845536803302285,extreme_greed,10.038104684709294,96,3
2969,2024-02-29,19,61130.98,56601.45314711452,56590.42196239574,56612.48433183329,3.897845057124348,0.003313869090961515,0.6,0.2789155275954581,0.10930794250391945,0.2581230106918416,extreme_greed,10.732201864290602,103,7
2970,2024-02-29,20,61130.98,56601.45314711452,56590.42196239574,56612.48433183329,3.897845057124348,0.003938584131524034,0.6,0.276638424422223,0.1024997129642511,0.26377540099659974,extreme_greed,10.77991809465301,104,1
2971,2024-02-29,21,61130.98,56601.342785596215,56590.201239359136,56612.48433183329,3.9368487349434416,0.0006923923856017988,0.6,0.32936495837744784,0.0912449170876259,0.26221022365939745,extreme_greed,11.321907459327633,109,5
2972,2024-02-29,22,61130.98,56598.06503458264,56593.50170566985,56602.62836349543,1.6125388420973759,0.004780672682614845,0.6,0.30659649374804065,0.10295205723131112,0.25792779841458313,extreme_greed,11.769573670115584,115,6
2973,2024-02-29,23,61130.98,56598.06503458264,56593.50170566985,56602.62836349543,1.6125388420973759,0.004510445390241997,0.6,0.2543782205277467,0.10688593394838186,0.25543933044422806,extreme_greed,11.79618543930031,117,2
2974,2024-02-29,24,61130.98,56598.06503458264,56593.50170566985,56602.62836349543,1.6125388420973759,0.0016863386420761738,0.6,0.29187624065007833,0.08301756969789872,0.2698303062675486,extreme_greed,12.248938484169303,121,4
2975,2024-02-29,25,61130.98,56601.715532421666,56593.11550275214,56610.31556209119,3.0387876369582125,0.0024282112643187726,0.6,0.28912525477913903,0.10987536805148819,0.25893039546618263,extreme_greed,12.533825315976555,126,5
2976,2024-02-29,26,61130.98,56601.715532421666,56593.11550275214,56610.31556209119,3.0387876369582125,0.004902130361374766,0.6,0.2895938218041473,0.09242327246371988,0.28069975620174087,extreme_greed,12.730553651202605,127,1
2977,2024-02-29,27,61130.98,56601.715532421666,56593.11550275214,56610.31556209119,3.0387876369582125,0.0035353568225398235,0.6,0.29304522013312667,0.08874317249906383,0.29272732508676447,extreme_greed,13.006865727204787,130,3
2978,2024-02-29,28,61130.98,56601.715532421666,56593.11550275214,56610.31556209119,3.0387876369582125,0.003416332778778963,0.6,0.3013870527606691,0.08301203430126804,0.29733857407180103,extreme_greed,13.173284890114903,134,4
2979,2024-02-29,29,61130.98,56602.107480137376,56593.11550275214,56611.099457522614,3.1772588638659514,0.00396254589266972,0.6,0.29208998238272527,0.09876069204900924,0.2711968627946791,extreme_greed,13.428853623958513,139,5
2980,2024-02-29,30,61130.98,56602.04252614742,56592.98559477223,56611.099457522614,3.20021362162234,0.0026129130008002194,0.6,0.2641307098878253,0.1087915906740002,0.27292129370224577,extreme_greed,13.913727289506214,145,6
2981,2024-02-29,31,61130.98,56598.87402278448,56592.98559477223,56604.762450796734,2.08075800585031,0.004401039218638757,0.6,0.27339418618362804,0.08719435011706644,0.29459339918755406,extreme_greed,14.308089845762035,150,5
2982,2024-02-29,32,61130.98,56593.12715563689,56590.201239359136,56596.05307191464,1.0340182367749284,0.0007254977399282824,0.6,0.2877342834755427,0.09435472579685655,0.27688028533632064,extreme_greed,14.637656559264082,155,5
2983,2024-02-29,33,61130.98,56592.96522745189,56589.87738298914,56596.05307191464,1.0912467478381653,-0.0005705533270999269,0.6,0.2900545006443536,0.1040725486153611,0.2835201445508182,extreme_greed,15.259082725118459,158,3
2984,2024-02-29,34,61130.98,56592.87301397152,56589.692956028404,56596.05307191464,1.1238368980960602,-0.0011763573006359053,0.6,0.2840111141074551,0.09696896578378786,0.26457292088289486,extreme_greed,15.708396474551185,163,5
2985,2024-02-29,35,61130.98,56592.87301397152,56589.692956028404,56596.05307191464,1.1238368980960602,0.00017260473124766618,0.6,0.2684978153251784,0.09961047996971406,0.2925518469267511,extreme_greed,16.042222162074783,166,3
2986,2024-02-29,36,61130.98,56592.87301397152,56589.692956028404,56596.05307191464,1.1238368980960602,-0.002080505303793214,0.6,0.2621900392200084,0.09199880220147422,0.2864955656896182,extreme_greed,16.273199001773133,168,2
2987,2024-02-29,37,61130.98,56596.15245345473,56589.692956028404,56602.61195088105,2.2826630950349527,0.0030704049401935967,0.6,0.2733504955400544,0.1048581840094635,0.2712752866419844,extreme_greed,16.80989886228436,173,5
2988,2024-02-29,38,61130.98,56596.15245345473,56589.692956028404,56602.61195088105,2.2826630950349527,0.00485663463535453,0.6,0.27782372585995274,0.10896552897058767,0.2763481532912746,extreme_greed,17.011383909222133,175,2
2989,2024-02-29,39,61130.98,56596.15245345473,56589.692956028404,56602.61195088105,2.2826630950349527,0.0039477569011862924,0.6,0.2660964802561108,0.10721797138444453,0.28122926225755873,extreme_greed,17.098031149467776,176,1
2990,2024-02-29,40,61130.98,56597.0732847425,56589.38411868827,56604.762450796734,2.7171603081123696,0.0026662058477766315,0.6,0.2478464582644399,0.10599824686787476,0.28973646703681394,extreme_greed,17.625758102537226,182,6
2991,2024-02-29,41,61130.98,56599.17984237775,56590.6750503645,56607.684634391,3.0052704074278527,0.006564879254868244,0.6,0.23212558218497414,0.08215658368556611,0.2634163034482169,extreme_greed,18.17489327331869,189,7
2992,2024-02-29,42,61130.98,56603.14470623975,56590.6750503645,56615.614362115,4.405994027350547,0.005913842424959104,0.6,0.24195437267585895,0.08299658953992821,0.27808361035497786,extreme_greed,18.738850230140624,192,3
2993,2024-02-29,43,61130.98,56608.8476472357,56600.05761102453,56617.637683446876,3.1055344090197163,0.00732848200951646,0.6,0.2426739471772472,0.10145304016287401,0.27435076958501364,extreme_greed,18.982261306335243,196,4
2994,2024-02-29,44,61130.98,56611.0240179353,56604.41035242373,56617.637683446876,2.3365291924336247,0.0030558578209113106,0.6,0.2131626269360372,0.09185676952167399,0.2666698563884817,extreme_greed,19.489571004680368,200,4
2995,2024-02-29,45,61130.98,56611.0240179353,56604.41035242373,56617.637683446876,2.3365291924336247,0.005251815147047808,0.6,0.1865239777904933,0.08589802390444672,0.2930344425286995,extreme_greed,20.035008910313113,205,5
2996,2024-02-29,46,61130.98,56611.859612650136,56604.41035242373,56619.30887287655,2.6316960005836934,0.008277097454755623,0.6,0.20875317823334885,0.09745962562851077,0.28347350019593,extreme_greed,20.471905631859922,211,6
2997,2024-02-29,47,61130.98,56611.859612650136,56604.41035242373,56619.30887287655,2.6316960005836934,0.00930797113574114,0.6,0.21197886434506594,0.09722685842982987,0.26462014503633485,extreme_greed,20.8696914403406,214,3
2998,2024-02-29,48,61130.98,56615.41871808517,56611.52856329379,56619.30887287655,1.3742386365636459,0.007643651416026092,0.6,0.24916636129782016,0.10516538047512614,0.2687941426832498,extreme_greed,21.065669069301943,218,4
2999,2024-02-29,49,61130.98,56616.684609518124,56614.060346159706,56619.30887287655,0.9270282696776947,0.008856371366150516,0.6,0.24376836469498353,0.1082588146268862,0.2840627815093437,extreme_greed,21.252402874624995,219,1
